frame,event,wrist_height_phase,wrist_z_world_m,method,status,backend,model_revision,calibration_revision,position_target_frame,orientation_target_frame,branch_id,solve_time_ms,message,arm_1_joint,arm_2_joint,arm_3_joint,arm_4_joint,arm_5_joint,arm_6_joint,arm_7_joint,wrist_center_position_error_mm,ee_orientation_error_deg,sew_angle_error_deg,joint_limit_margin_deg,grasping_frame_position_x_m,grasping_frame_position_y_m,grasping_frame_position_z_m,classification,j5_limit_margin_deg,j7_limit_margin_deg
246,transfer,low,0.5391029055,tiago_sew,NUMERICAL_FAILURE,tiago_semi_analytic,c96a32d,median-body-4344-torso015-J1-root-robot-zminus020-v5,wrist_center,gripper_grasping_frame,,132.34409992583096,no exact or boundary-refined wrist branch met strict wrist-center/orientation/SEW tolerances,,,,,,,,,,,,,,,oracle_inconclusive,,
247,transfer,low,0.5414948964999999,tiago_sew,NUMERICAL_FAILURE,tiago_semi_analytic,c96a32d,median-body-4344-torso015-J1-root-robot-zminus020-v5,wrist_center,gripper_grasping_frame,,129.66299999970943,no exact or boundary-refined wrist branch met strict wrist-center/orientation/SEW tolerances,,,,,,,,,,,,,,,oracle_inconclusive,,
248,transfer,low,0.5440187955,tiago_sew,NUMERICAL_FAILURE,tiago_semi_analytic,c96a32d,median-body-4344-torso015-J1-root-robot-zminus020-v5,wrist_center,gripper_grasping_frame,,129.5533999800682,no exact or boundary-refined wrist branch met strict wrist-center/orientation/SEW tolerances,,,,,,,,,,,,,,,oracle_inconclusive,,
249,transfer,low,0.5467581635,tiago_sew,NUMERICAL_FAILURE,tiago_semi_analytic,c96a32d,median-body-4344-torso015-J1-root-robot-zminus020-v5,wrist_center,gripper_grasping_frame,,129.4626999879256,no exact or boundary-refined wrist branch met strict wrist-center/orientation/SEW tolerances,,,,,,,,,,,,,,,oracle_inconclusive,,
250,transfer,low,0.5497920995,tiago_sew,NUMERICAL_FAILURE,tiago_semi_analytic,c96a32d,median-body-4344-torso015-J1-root-robot-zminus020-v5,wrist_center,gripper_grasping_frame,,128.59239999670535,no exact or boundary-refined wrist branch met strict wrist-center/orientation/SEW tolerances,,,,,,,,,,,,,,,oracle_inconclusive,,
251,transfer,low,0.5527286875,tiago_sew,NUMERICAL_FAILURE,tiago_semi_analytic,c96a32d,median-body-4344-torso015-J1-root-robot-zminus020-v5,wrist_center,gripper_grasping_frame,,125.69349992554635,no exact or boundary-refined wrist branch met strict wrist-center/orientation/SEW tolerances,,,,,,,,,,,,,,,oracle_inconclusive,,
252,transfer,low,0.5561167455,tiago_sew,NUMERICAL_FAILURE,tiago_semi_analytic,c96a32d,median-body-4344-torso015-J1-root-robot-zminus020-v5,wrist_center,gripper_grasping_frame,,125.3780999686569,no exact or boundary-refined wrist branch met strict wrist-center/orientation/SEW tolerances,,,,,,,,,,,,,,,oracle_inconclusive,,
253,transfer,low,0.5594463195,tiago_sew,NUMERICAL_FAILURE,tiago_semi_analytic,c96a32d,median-body-4344-torso015-J1-root-robot-zminus020-v5,wrist_center,gripper_grasping_frame,,126.03729998227209,no exact or boundary-refined wrist branch met strict wrist-center/orientation/SEW tolerances,,,,,,,,,,,,,,,oracle_inconclusive,,
254,transfer,low,0.5634185415,tiago_sew,NUMERICAL_FAILURE,tiago_semi_analytic,c96a32d,median-body-4344-torso015-J1-root-robot-zminus020-v5,wrist_center,gripper_grasping_frame,,124.3852999759838,no exact or boundary-refined wrist branch met strict wrist-center/orientation/SEW tolerances,,,,,,,,,,,,,,,oracle_inconclusive,,
255,transfer,low,0.5671762395,tiago_sew,NUMERICAL_FAILURE,tiago_semi_analytic,c96a32d,median-body-4344-torso015-J1-root-robot-zminus020-v5,wrist_center,gripper_grasping_frame,,121.99000001419336,no exact or boundary-refined wrist branch met strict wrist-center/orientation/SEW tolerances,,,,,,,,,,,,,,,oracle_inconclusive,,
256,transfer,low,0.5715490114999999,tiago_sew,NUMERICAL_FAILURE,tiago_semi_analytic,c96a32d,median-body-4344-torso015-J1-root-robot-zminus020-v5,wrist_center,gripper_grasping_frame,,123.54160007089376,no exact or boundary-refined wrist branch met strict wrist-center/orientation/SEW tolerances,,,,,,,,,,,,,,,oracle_inconclusive,,
257,transfer,low,0.5757935565,tiago_sew,NUMERICAL_FAILURE,tiago_semi_analytic,c96a32d,median-body-4344-torso015-J1-root-robot-zminus020-v5,wrist_center,gripper_grasping_frame,,123.0644000461325,no exact or boundary-refined wrist branch met strict wrist-center/orientation/SEW tolerances,,,,,,,,,,,,,,,oracle_inconclusive,,
258,transfer,low,0.5799008405,tiago_sew,NUMERICAL_FAILURE,tiago_semi_analytic,c96a32d,median-body-4344-torso015-J1-root-robot-zminus020-v5,wrist_center,gripper_grasping_frame,,120.50389999058098,no exact or boundary-refined wrist branch met strict wrist-center/orientation/SEW tolerances,,,,,,,,,,,,,,,oracle_inconclusive,,
259,transfer,low,0.5845581745,tiago_sew,NUMERICAL_FAILURE,tiago_semi_analytic,c96a32d,median-body-4344-torso015-J1-root-robot-zminus020-v5,wrist_center,gripper_grasping_frame,,134.9400000181049,no exact or boundary-refined wrist branch met strict wrist-center/orientation/SEW tolerances,,,,,,,,,,,,,,,oracle_inconclusive,,
260,transfer,low,0.5893740775,tiago_sew,NUMERICAL_FAILURE,tiago_semi_analytic,c96a32d,median-body-4344-torso015-J1-root-robot-zminus020-v5,wrist_center,gripper_grasping_frame,,149.1900000255555,no exact or boundary-refined wrist branch met strict wrist-center/orientation/SEW tolerances,,,,,,,,,,,,,,,oracle_inconclusive,,
261,transfer,low,0.5941267855,tiago_sew,NUMERICAL_FAILURE,tiago_semi_analytic,c96a32d,median-body-4344-torso015-J1-root-robot-zminus020-v5,wrist_center,gripper_grasping_frame,,148.1679999269545,no exact or boundary-refined wrist branch met strict wrist-center/orientation/SEW tolerances,,,,,,,,,,,,,,,oracle_inconclusive,,
262,transfer,low,0.5992256855,tiago_sew,NUMERICAL_FAILURE,tiago_semi_analytic,c96a32d,median-body-4344-torso015-J1-root-robot-zminus020-v5,wrist_center,gripper_grasping_frame,,145.80029994249344,no exact or boundary-refined wrist branch met strict wrist-center/orientation/SEW tolerances,,,,,,,,,,,,,,,oracle_inconclusive,,
263,transfer,low,0.6042907184999999,tiago_sew,NUMERICAL_FAILURE,tiago_semi_analytic,c96a32d,median-body-4344-torso015-J1-root-robot-zminus020-v5,wrist_center,gripper_grasping_frame,,143.21790006943047,no exact or boundary-refined wrist branch met strict wrist-center/orientation/SEW tolerances,,,,,,,,,,,,,,,oracle_inconclusive,,
264,transfer,low,0.6095669555,tiago_sew,NUMERICAL_FAILURE,tiago_semi_analytic,c96a32d,median-body-4344-torso015-J1-root-robot-zminus020-v5,wrist_center,gripper_grasping_frame,,146.66939992457628,no exact or boundary-refined wrist branch met strict wrist-center/orientation/SEW tolerances,,,,,,,,,,,,,,,oracle_inconclusive,,
265,transfer,low,0.6145818785,tiago_sew,NUMERICAL_FAILURE,tiago_semi_analytic,c96a32d,median-body-4344-torso015-J1-root-robot-zminus020-v5,wrist_center,gripper_grasping_frame,,140.14479995239526,no exact or boundary-refined wrist branch met strict wrist-center/orientation/SEW tolerances,,,,,,,,,,,,,,,oracle_inconclusive,,
266,transfer,low,0.6199098515,tiago_sew,NUMERICAL_FAILURE,tiago_semi_analytic,c96a32d,median-body-4344-torso015-J1-root-robot-zminus020-v5,wrist_center,gripper_grasping_frame,,141.63399999961257,no exact or boundary-refined wrist branch met strict wrist-center/orientation/SEW tolerances,,,,,,,,,,,,,,,oracle_inconclusive,,
267,transfer,low,0.6249511114999999,tiago_sew,NUMERICAL_FAILURE,tiago_semi_analytic,c96a32d,median-body-4344-torso015-J1-root-robot-zminus020-v5,wrist_center,gripper_grasping_frame,,143.75679998192936,no exact or boundary-refined wrist branch met strict wrist-center/orientation/SEW tolerances,,,,,,,,,,,,,,,oracle_inconclusive,,
268,transfer,low,0.6300454405,tiago_sew,NUMERICAL_FAILURE,tiago_semi_analytic,c96a32d,median-body-4344-torso015-J1-root-robot-zminus020-v5,wrist_center,gripper_grasping_frame,,155.5172000080347,no exact or boundary-refined wrist branch met strict wrist-center/orientation/SEW tolerances,,,,,,,,,,,,,,,oracle_inconclusive,,
269,transfer,low,0.6349883574999999,tiago_sew,NUMERICAL_FAILURE,tiago_semi_analytic,c96a32d,median-body-4344-torso015-J1-root-robot-zminus020-v5,wrist_center,gripper_grasping_frame,,156.29319997970015,no exact or boundary-refined wrist branch met strict wrist-center/orientation/SEW tolerances,,,,,,,,,,,,,,,oracle_inconclusive,,
270,transfer,low,0.6401263884999999,tiago_sew,NUMERICAL_FAILURE,tiago_semi_analytic,c96a32d,median-body-4344-torso015-J1-root-robot-zminus020-v5,wrist_center,gripper_grasping_frame,,144.4864000659436,no exact or boundary-refined wrist branch met strict wrist-center/orientation/SEW tolerances,,,,,,,,,,,,,,,oracle_inconclusive,,
271,transfer,low,0.6449289855,tiago_sew,NUMERICAL_FAILURE,tiago_semi_analytic,c96a32d,median-body-4344-torso015-J1-root-robot-zminus020-v5,wrist_center,gripper_grasping_frame,,141.5224999655038,no exact or boundary-refined wrist branch met strict wrist-center/orientation/SEW tolerances,,,,,,,,,,,,,,,oracle_inconclusive,,
272,transfer,low,0.6496673585,tiago_sew,NUMERICAL_FAILURE,tiago_semi_analytic,c96a32d,median-body-4344-torso015-J1-root-robot-zminus020-v5,wrist_center,gripper_grasping_frame,,144.62020003702492,no exact or boundary-refined wrist branch met strict wrist-center/orientation/SEW tolerances,,,,,,,,,,,,,,,oracle_inconclusive,,
273,transfer,low,0.6542023925,tiago_sew,NUMERICAL_FAILURE,tiago_semi_analytic,c96a32d,median-body-4344-torso015-J1-root-robot-zminus020-v5,wrist_center,gripper_grasping_frame,,141.63560001179576,no exact or boundary-refined wrist branch met strict wrist-center/orientation/SEW tolerances,,,,,,,,,,,,,,,oracle_inconclusive,,
274,transfer,low,0.6580980985,tiago_sew,NUMERICAL_FAILURE,tiago_semi_analytic,c96a32d,median-body-4344-torso015-J1-root-robot-zminus020-v5,wrist_center,gripper_grasping_frame,,147.31269993353635,no exact or boundary-refined wrist branch met strict wrist-center/orientation/SEW tolerances,,,,,,,,,,,,,,,oracle_inconclusive,,
275,transfer,low,0.6620984195,tiago_sew,NUMERICAL_FAILURE,tiago_semi_analytic,c96a32d,median-body-4344-torso015-J1-root-robot-zminus020-v5,wrist_center,gripper_grasping_frame,,149.54040001612157,no exact or boundary-refined wrist branch met strict wrist-center/orientation/SEW tolerances,,,,,,,,,,,,,,,oracle_inconclusive,,
276,transfer,low,0.6656996005,tiago_sew,NUMERICAL_FAILURE,tiago_semi_analytic,c96a32d,median-body-4344-torso015-J1-root-robot-zminus020-v5,wrist_center,gripper_grasping_frame,,145.6515999743715,no exact or boundary-refined wrist branch met strict wrist-center/orientation/SEW tolerances,,,,,,,,,,,,,,,oracle_inconclusive,,
277,transfer,low,0.6692936094999999,tiago_sew,NUMERICAL_FAILURE,tiago_semi_analytic,c96a32d,median-body-4344-torso015-J1-root-robot-zminus020-v5,wrist_center,gripper_grasping_frame,,143.24370003305376,no exact or boundary-refined wrist branch met strict wrist-center/orientation/SEW tolerances,,,,,,,,,,,,,,,oracle_inconclusive,,
278,transfer,low,0.6724705815,tiago_sew,NUMERICAL_FAILURE,tiago_semi_analytic,c96a32d,median-body-4344-torso015-J1-root-robot-zminus020-v5,wrist_center,gripper_grasping_frame,,139.94639995507896,no exact or boundary-refined wrist branch met strict wrist-center/orientation/SEW tolerances,,,,,,,,,,,,,,,oracle_inconclusive,,
279,transfer,low,0.6756038515,tiago_sew,NUMERICAL_FAILURE,tiago_semi_analytic,c96a32d,median-body-4344-torso015-J1-root-robot-zminus020-v5,wrist_center,gripper_grasping_frame,,147.08500006236136,no exact or boundary-refined wrist branch met strict wrist-center/orientation/SEW tolerances,,,,,,,,,,,,,,,oracle_inconclusive,,
280,transfer,low,0.6786935425,tiago_sew,NUMERICAL_FAILURE,tiago_semi_analytic,c96a32d,median-body-4344-torso015-J1-root-robot-zminus020-v5,wrist_center,gripper_grasping_frame,,143.50479992572218,no exact or boundary-refined wrist branch met strict wrist-center/orientation/SEW tolerances,,,,,,,,,,,,,,,oracle_inconclusive,,
281,transfer,low,0.6813432615,tiago_sew,NUMERICAL_FAILURE,tiago_semi_analytic,c96a32d,median-body-4344-torso015-J1-root-robot-zminus020-v5,wrist_center,gripper_grasping_frame,,156.2942999880761,no exact or boundary-refined wrist branch met strict wrist-center/orientation/SEW tolerances,,,,,,,,,,,,,,,oracle_inconclusive,,
282,transfer,low,0.6840066535,tiago_sew,NUMERICAL_FAILURE,tiago_semi_analytic,c96a32d,median-body-4344-torso015-J1-root-robot-zminus020-v5,wrist_center,gripper_grasping_frame,,159.91230006329715,no exact or boundary-refined wrist branch met strict wrist-center/orientation/SEW tolerances,,,,,,,,,,,,,,,oracle_inconclusive,,
283,transfer,low,0.6863383945,tiago_sew,NUMERICAL_FAILURE,tiago_semi_analytic,c96a32d,median-body-4344-torso015-J1-root-robot-zminus020-v5,wrist_center,gripper_grasping_frame,,149.78469989728183,no exact or boundary-refined wrist branch met strict wrist-center/orientation/SEW tolerances,,,,,,,,,,,,,,,oracle_inconclusive,,
284,transfer,low,0.6886425785,tiago_sew,NUMERICAL_FAILURE,tiago_semi_analytic,c96a32d,median-body-4344-torso015-J1-root-robot-zminus020-v5,wrist_center,gripper_grasping_frame,,144.63530003558844,no exact or boundary-refined wrist branch met strict wrist-center/orientation/SEW tolerances,,,,,,,,,,,,,,,oracle_inconclusive,,
285,transfer,low,0.6909087225,tiago_sew,NUMERICAL_FAILURE,tiago_semi_analytic,c96a32d,median-body-4344-torso015-J1-root-robot-zminus020-v5,wrist_center,gripper_grasping_frame,,148.3266999712214,no exact or boundary-refined wrist branch met strict wrist-center/orientation/SEW tolerances,,,,,,,,,,,,,,,oracle_inconclusive,,
286,transfer,low,0.6929632415,tiago_sew,NUMERICAL_FAILURE,tiago_semi_analytic,c96a32d,median-body-4344-torso015-J1-root-robot-zminus020-v5,wrist_center,gripper_grasping_frame,,141.51059999130666,no exact or boundary-refined wrist branch met strict wrist-center/orientation/SEW tolerances,,,,,,,,,,,,,,,oracle_inconclusive,,
287,transfer,low,0.6949409485,tiago_sew,NUMERICAL_FAILURE,tiago_semi_analytic,c96a32d,median-body-4344-torso015-J1-root-robot-zminus020-v5,wrist_center,gripper_grasping_frame,,138.09870008844882,no exact or boundary-refined wrist branch met strict wrist-center/orientation/SEW tolerances,,,,,,,,,,,,,,,oracle_inconclusive,,
288,transfer,low,0.6967947695,tiago_sew,NUMERICAL_FAILURE,tiago_semi_analytic,c96a32d,median-body-4344-torso015-J1-root-robot-zminus020-v5,wrist_center,gripper_grasping_frame,,140.47830004710704,no exact or boundary-refined wrist branch met strict wrist-center/orientation/SEW tolerances,,,,,,,,,,,,,,,oracle_inconclusive,,
289,transfer,low,0.6984560705,tiago_sew,NUMERICAL_FAILURE,tiago_semi_analytic,c96a32d,median-body-4344-torso015-J1-root-robot-zminus020-v5,wrist_center,gripper_grasping_frame,,129.9749999307096,no exact or boundary-refined wrist branch met strict wrist-center/orientation/SEW tolerances,,,,,,,,,,,,,,,oracle_inconclusive,,
290,transfer,low,0.7002297365,tiago_sew,NUMERICAL_FAILURE,tiago_semi_analytic,c96a32d,median-body-4344-torso015-J1-root-robot-zminus020-v5,wrist_center,gripper_grasping_frame,,132.67950003501028,no exact or boundary-refined wrist branch met strict wrist-center/orientation/SEW tolerances,,,,,,,,,,,,,,,oracle_inconclusive,,
291,transfer,low,0.7019214025,tiago_sew,SUCCESS_EXACT,tiago_semi_analytic,c96a32d,median-body-4344-torso015-J1-root-robot-zminus020-v5,wrist_center,gripper_grasping_frame,seed-16-wrist-0-boundary,133.85720003861934,,1.1957694545314097,-0.27707942102223554,-2.0588007175550143,1.4435554231951448,-2.0943999999999994,1.1539366583140171,0.2893688359489829,0.8893187572346366,0.6971595173762105,0.692128796960085,2.5444437451708134e-14,0.29903817212752015,0.2937745268156232,0.7104973470894757,reachable_success,2.5444437451708134e-14,103.42066758970938
292,transfer,low,0.7035164945,tiago_sew,SUCCESS_EXACT,tiago_semi_analytic,c96a32d,median-body-4344-torso015-J1-root-robot-zminus020-v5,wrist_center,gripper_grasping_frame,seed-16-wrist-0-boundary,136.25590002629906,,1.2028276330405168,-0.272754621573747,-2.060643320935994,1.4365642422646236,-2.0943999999999994,1.1541902697753672,0.2909918038568425,0.6857439541236825,0.5353680718351272,0.5323584313920185,2.5444437451708134e-14,0.2997647051140332,0.2966207878260376,0.7117933797480434,reachable_success,2.5444437451708134e-14,103.32767837830386
293,transfer,low,0.7051006475,tiago_sew,SUCCESS_EXACT,tiago_semi_analytic,c96a32d,median-body-4344-torso015-J1-root-robot-zminus020-v5,wrist_center,gripper_grasping_frame,seed-17-wrist-0-boundary,136.00499997846782,,1.210128226132414,-0.2669415131793266,-2.061378995745139,1.4280618678442236,-2.0943999999999994,1.1559827348803522,0.2912635091280878,0.7167430805516961,0.5566130934371798,0.5545355664964156,2.5444437451708134e-14,0.30060800645352165,0.2995582388983291,0.7127790153955095,reachable_success,2.5444437451708134e-14,103.31211081299006
294,transfer,low,0.7065601045,tiago_sew,SUCCESS_EXACT,tiago_semi_analytic,c96a32d,median-body-4344-torso015-J1-root-robot-zminus020-v5,wrist_center,gripper_grasping_frame,seed-17-wrist-0-boundary,136.84869999997318,,1.2171622937118256,-0.2620579070161218,-2.0621461936456926,1.420723766256801,-2.0943999999999994,1.1563035863661766,0.29020680250306086,0.5910455935984971,0.4567875414157281,0.45595231794427155,2.5444437451708134e-14,0.3013200699502796,0.3025506541250781,0.7137806910476393,reachable_success,2.5444437451708134e-14,103.3726556427876
295,transfer,low,0.7079556585,tiago_sew,SUCCESS_EXACT,tiago_semi_analytic,c96a32d,median-body-4344-torso015-J1-root-robot-zminus020-v5,wrist_center,gripper_grasping_frame,seed-17-wrist-0-boundary,135.2881999919191,,1.2241264284293691,-0.25733557926736916,-2.063068493214077,1.4131811394353315,-2.0943999999999994,1.156207487828007,0.28790135600285444,0.5163749653243831,0.3971081006671127,0.3971744995239968,2.5444437451708134e-14,0.3021971293228297,0.3055073428022261,0.7148468584194633,reachable_success,2.5444437451708134e-14,103.50474799714263
296,transfer,low,0.7093632665,tiago_sew,SUCCESS_EXACT,tiago_semi_analytic,c96a32d,median-body-4344-torso015-J1-root-robot-zminus020-v5,wrist_center,gripper_grasping_frame,seed-17-wrist-0-boundary,138.2869000080973,,1.2316228612411086,-0.2538999785914516,-2.065215120803825,1.4063308257956453,-2.0943999999999994,1.1568705927701848,0.2856815392456393,0.25892306195712894,0.19821029837454923,0.19849693695700302,2.5444437451708134e-14,0.30262804767407425,0.30851848079133165,0.7160835680010221,reachable_success,2.5444437451708134e-14,103.63193412862348
297,transfer,low,0.7106765445000001,tiago_sew,SUCCESS_EXACT,tiago_semi_analytic,c96a32d,median-body-4344-torso015-J1-root-robot-zminus020-v5,wrist_center,gripper_grasping_frame,seed-17-wrist-0-boundary,137.71759998053312,,1.2385229871105314,-0.2496013433518183,-2.066110354311995,1.3992153745609937,-2.0943999999999994,1.1587174637259798,0.28592125599934004,0.13004616258830098,0.09904665536010615,0.09932544894791022,2.5444437451708134e-14,0.30299635330974195,0.31131940582374845,0.7169146602115904,reachable_success,2.5444437451708134e-14,103.61819937035786
298,transfer,low,0.7119821325,tiago_sew,SUCCESS_EXACT,tiago_semi_analytic,c96a32d,median-body-4344-torso015-J1-root-robot-zminus020-v5,wrist_center,gripper_grasping_frame,seed-0-wrist-0,4.201199975796044,,1.2451613380179916,-0.2447009474659845,-2.0662890935731477,1.391465883625968,-2.091360199878948,1.1600324909071915,0.28361185400795197,4.335559509131367e-13,2.7315361917389775e-14,2.5444437451708134e-14,0.17416771749962903,0.30347393365404074,0.31397977750984063,0.7181452592006953,reachable_success,0.17416771749962903,103.7505183576635
299,transfer,low,0.7133957365,tiago_sew,SUCCESS_EXACT,tiago_semi_analytic,c96a32d,median-body-4344-torso015-J1-root-robot-zminus020-v5,wrist_center,gripper_grasping_frame,seed-0-wrist-0,3.829800058156252,,1.2516850481281157,-0.23864179856851192,-2.065457481534475,1.3834707037428604,-2.0868896618073327,1.1611197378768363,0.2811311629381521,1.2609709600486848e-12,4.117865916541757e-14,5.088887490341627e-14,0.4303106811557359,0.3038740254193879,0.3167000246016829,0.7195311748358877,reachable_success,0.4303106811557359,103.89265148623882
300,transfer,low,0.7147060245,tiago_sew,SUCCESS_EXACT,tiago_semi_analytic,c96a32d,median-body-4344-torso015-J1-root-robot-zminus020-v5,wrist_center,gripper_grasping_frame,seed-0-wrist-0,3.7800000282004476,,1.25794578001104,-0.23285522163681366,-2.0644975638225493,1.3757347927442762,-2.0825513773298727,1.160164934476871,0.276904173085871,3.1031676915590914e-13,4.7442457131979544e-14,1.2722218725854067e-13,0.6788760720413108,0.3045831937646447,0.31950145057136325,0.7209911138688812,reachable_success,0.6788760720413108,104.13484016481915
301,transfer,low,0.7161315155,tiago_sew,SUCCESS_EXACT,tiago_semi_analytic,c96a32d,median-body-4344-torso015-J1-root-robot-zminus020-v5,wrist_center,gripper_grasping_frame,seed-0-wrist-0,4.204700002446771,,1.2648193363978801,-0.22778123163700106,-2.064875746451879,1.368257168300394,-2.0807775640342605,1.1593285080819218,0.2760723493140471,2.7755575615628914e-14,3.1916075409387215e-14,2.5444437451708134e-14,0.7805080875240822,0.3052533476193832,0.3225264866055494,0.7224042565087847,reachable_success,0.7805080875240822,104.18250015624332
302,transfer,middle,0.7174412695,tiago_sew,SUCCESS_EXACT,tiago_semi_analytic,c96a32d,median-body-4344-torso015-J1-root-robot-zminus020-v5,wrist_center,gripper_grasping_frame,seed-0-wrist-0,3.5716999555006623,,1.270854987203461,-0.22173756875621442,-2.0633982256374868,1.3605477874104517,-2.0776823319077034,1.1606577740354007,0.2726213216583675,8.163159687020606e-13,4.854330330189254e-14,2.5444437451708134e-14,0.9578518249891099,0.30564188485492266,0.3251616555492907,0.7233449629837069,reachable_success,0.9578518249891099,104.38022947589668
303,transfer,middle,0.7186700595,tiago_sew,SUCCESS_EXACT,tiago_semi_analytic,c96a32d,median-body-4344-torso015-J1-root-robot-zminus020-v5,wrist_center,gripper_grasping_frame,seed-0-wrist-0,5.231700022704899,,1.2774976176187975,-0.21633289479312814,-2.06277783956613,1.352213925623254,-2.0733777468756287,1.1607451917831142,0.26669421730361087,9.61481343191782e-13,3.6793298225184965e-14,2.5444437451708134e-14,1.2044863798821734,0.3062845545653809,0.32798156313720606,0.7247675537958382,reachable_success,1.2044863798821734,104.71982754015785
304,transfer,middle,0.7200642855,tiago_sew,SUCCESS_EXACT,tiago_semi_analytic,c96a32d,median-body-4344-torso015-J1-root-robot-zminus020-v5,wrist_center,gripper_grasping_frame,seed-0-wrist-0,5.194200086407363,,1.2835274140523534,-0.20962167949510258,-2.0605908033516442,1.3441481494122647,-2.073996770181936,1.1625305151063046,0.26492486507835,1.083534445275488e-12,5.0171056068522227e-14,7.63333123551244e-14,1.169018957010521,0.3068825673836101,0.3308250745981448,0.7249416436422215,reachable_success,1.169018957010521,104.82120395513738
305,transfer,middle,0.7211980445,tiago_sew,SUCCESS_EXACT,tiago_semi_analytic,c96a32d,median-body-4344-torso015-J1-root-robot-zminus020-v5,wrist_center,gripper_grasping_frame,seed-0-wrist-0,3.976800013333559,,1.2895650177714257,-0.20395688080932933,-2.0589715343960173,1.3361565281574854,-2.073412510108021,1.162873093319936,0.2616966435491328,2.7894008272968644e-13,3.6397593499322945e-14,2.5444437451708134e-14,1.2024945933838642,0.30768249628232053,0.3336459251971976,0.7254223403374583,reachable_success,1.2024945933838642,105.0061674240948
306,transfer,middle,0.7224806675,tiago_sew,SUCCESS_EXACT,tiago_semi_analytic,c96a32d,median-body-4344-torso015-J1-root-robot-zminus020-v5,wrist_center,gripper_grasping_frame,seed-0-wrist-0,3.4966999664902687,,1.2961121299514808,-0.1982688237303572,-2.058046117271677,1.3274892033537895,-2.0673380942678303,1.16396478526603,0.25787442466405963,7.711855592701269e-13,4.414507814986764e-14,5.088887490341627e-14,1.5505329840342017,0.3081039847964021,0.33628799311605995,0.7270570033501272,reachable_success,1.5505329840342017,105.22516443458468
307,transfer,middle,0.7238728025,tiago_sew,SUCCESS_EXACT,tiago_semi_analytic,c96a32d,median-body-4344-torso015-J1-root-robot-zminus020-v5,wrist_center,gripper_grasping_frame,seed-0-wrist-0,3.3096999395638704,,1.3025206975843113,-0.1919770618208886,-2.0564019063447625,1.3191241181036752,-2.0593478154874454,1.163752486285306,0.2521407470944488,4.611102534756204e-13,6.728345019204151e-14,5.088887490341627e-14,2.0083422352831977,0.30843656756187227,0.3390299950363603,0.7290471814186271,reachable_success,2.0083422352831977,105.55367996041221
308,transfer,middle,0.7250418095,tiago_sew,SUCCESS_EXACT,tiago_semi_analytic,c96a32d,median-body-4344-torso015-J1-root-robot-zminus020-v5,wrist_center,gripper_grasping_frame,seed-0-wrist-0,3.6235000006854534,,1.3089902777041371,-0.18660465364477558,-2.055352351527633,1.310659216386287,-2.0564281077761644,1.1656394501995226,0.2514779882197722,7.791361360319881e-13,3.0921083594955124e-14,2.5444437451708134e-14,2.1756291645514017,0.3088599394200325,0.3417225441516921,0.7299880395794872,reachable_success,2.1756291645514017,105.59165324676603
309,transfer,middle,0.7262054595,tiago_sew,SUCCESS_EXACT,tiago_semi_analytic,c96a32d,median-body-4344-torso015-J1-root-robot-zminus020-v5,wrist_center,gripper_grasping_frame,seed-0-wrist-0,3.1279000686481595,,1.3150830653757821,-0.17950304973280923,-2.0519331481327097,1.3009977041070435,-2.0462542269536517,1.1668048100141606,0.24598887576624584,1.011842062001899e-12,3.441495260131813e-14,5.088887490341627e-14,2.7585495969504654,0.30928315113961924,0.34426190027500125,0.731699296619495,reachable_success,2.7585495969504654,105.90615622362579
310,transfer,middle,0.7274549865,tiago_sew,SUCCESS_EXACT,tiago_semi_analytic,c96a32d,median-body-4344-torso015-J1-root-robot-zminus020-v5,wrist_center,gripper_grasping_frame,seed-0-wrist-0,2.682600053958595,,1.3215860052292505,-0.17331844954011988,-2.050009061554752,1.2918233881346155,-2.042767729567456,1.1681710010394015,0.24504006824897484,9.489809492268386e-13,3.242374474876511e-14,1.2722218725854067e-13,2.9583111824628827,0.309899281475295,0.3470799601792146,0.732660736518079,reachable_success,2.9583111824628827,105.9605188899357
311,transfer,middle,0.7286451414999999,tiago_sew,SUCCESS_EXACT,tiago_semi_analytic,c96a32d,median-body-4344-torso015-J1-root-robot-zminus020-v5,wrist_center,gripper_grasping_frame,seed-0-wrist-0,3.10550001449883,,1.3278433659732467,-0.16682625374043028,-2.047194316037804,1.2829525031513336,-2.0348238928128675,1.1678881469625733,0.24225060598774295,1.0547118733938987e-12,3.947035048947344e-14,5.088887490341627e-14,3.4134595016416944,0.31037379477192983,0.3498826035670014,0.7342915555931603,reachable_success,3.4134595016416944,106.1203433046153
312,transfer,middle,0.7296663365,tiago_sew,SUCCESS_EXACT,tiago_semi_analytic,c96a32d,median-body-4344-torso015-J1-root-robot-zminus020-v5,wrist_center,gripper_grasping_frame,seed-0-wrist-0,3.1002999749034643,,1.334171253983448,-0.1606340637021602,-2.0442595930344853,1.2738072247492276,-2.0356737721423066,1.1675884336883264,0.24124935529838254,1.531343299291801e-12,2.8436331905945447e-14,1.0177774980683254e-13,3.364765002969423,0.31151924336152015,0.35307725507283905,0.7342690612922766,reachable_success,3.364765002969423,106.17771074335022
313,transfer,middle,0.7309205624999999,tiago_sew,SUCCESS_EXACT,tiago_semi_analytic,c96a32d,median-body-4344-torso015-J1-root-robot-zminus020-v5,wrist_center,gripper_grasping_frame,seed-0-wrist-0,3.3585999626666307,,1.3405574042697244,-0.1528772771272567,-2.039828586782667,1.2639415579672013,-2.0331116313955206,1.166432035903993,0.2401622121587237,2.2171476247769298e-12,4.439960344733517e-14,1.0177774980683254e-13,3.5115648542787556,0.3126677086575467,0.3564091656244879,0.7347314501238889,reachable_success,3.5115648542787556,106.23999945697928
314,transfer,middle,0.7320657655,tiago_sew,SUCCESS_EXACT,tiago_semi_analytic,c96a32d,median-body-4344-torso015-J1-root-robot-zminus020-v5,wrist_center,gripper_grasping_frame,seed-0-wrist-0,3.339499933645129,,1.3470364954668321,-0.14635249510504747,-2.037061014219483,1.2535483687384166,-2.0213714434685297,1.1651423363051467,0.23136147792244177,9.391889663583969e-13,4.354673486262762e-14,1.2722218725854067e-13,4.184228073185779,0.313563117007165,0.3591387038214293,0.737137085993507,reachable_success,4.184228073185779,106.74424438533453
315,transfer,middle,0.7333646245,tiago_sew,SUCCESS_EXACT,tiago_semi_analytic,c96a32d,median-body-4344-torso015-J1-root-robot-zminus020-v5,wrist_center,gripper_grasping_frame,seed-0-wrist-0,3.0709999846294522,,1.3542334245067422,-0.13898681286507994,-2.0335042391841975,1.2428191346286515,-2.017020037389708,1.1665353388406912,0.23105360992829604,2.641887605190528e-12,2.2583976402005026e-14,1.526666247102488e-13,4.433545276449845,0.31427137476158135,0.3623895012679232,0.7379736588267233,reachable_success,4.433545276449845,106.76188392204622
316,transfer,middle,0.7347269285,tiago_sew,SUCCESS_EXACT,tiago_semi_analytic,c96a32d,median-body-4344-torso015-J1-root-robot-zminus020-v5,wrist_center,gripper_grasping_frame,seed-0-wrist-0,2.703299978747964,,1.3616034017217031,-0.13255905962973089,-2.031850625051089,1.2313560406840178,-2.010321000629167,1.1652172468740325,0.22847337972598103,2.3843961910368672e-12,3.0972417790493576e-14,1.0177774980683254e-13,4.817371809631814,0.31563425874989753,0.36554994669723684,0.739961611965126,reachable_success,4.817371809631814,106.90972022281106
317,transfer,middle,0.7359221045,tiago_sew,SUCCESS_EXACT,tiago_semi_analytic,c96a32d,median-body-4344-torso015-J1-root-robot-zminus020-v5,wrist_center,gripper_grasping_frame,seed-0-wrist-0,3.1405999325215816,,1.368412180411783,-0.12362319318417977,-2.025561668131098,1.219217466390974,-2.0069353193489796,1.169672301611227,0.2288271325571576,3.4599971870380267e-12,3.287544061366662e-14,4.325554366790383e-13,5.011357057763011,0.3163558673491714,0.36862064008560635,0.7397132081449141,reachable_success,5.011357057763011,106.88945167859384
318,transfer,middle,0.7371822205,tiago_sew,SUCCESS_EXACT,tiago_semi_analytic,c96a32d,median-body-4344-torso015-J1-root-robot-zminus020-v5,wrist_center,gripper_grasping_frame,seed-0-wrist-0,3.4211999736726284,,1.3758927531065224,-0.1163213348910561,-2.0221770035113655,1.2067340962779407,-1.994113625031682,1.17013082945226,0.22171490389045356,4.599141593081924e-12,5.208723591947847e-14,4.579998741307465e-13,5.7459860283510364,0.3172535105781931,0.3715872471282765,0.7421989708297383,reachable_success,5.7459860283510364,107.29695236412795
319,transfer,middle,0.7384448855,tiago_sew,SUCCESS_EXACT,tiago_semi_analytic,c96a32d,median-body-4344-torso015-J1-root-robot-zminus020-v5,wrist_center,gripper_grasping_frame,seed-0-wrist-0,3.027200000360608,,1.3834259605891261,-0.1088765484247382,-2.0184351986347187,1.1942319139060737,-1.9915969531170434,1.1728108083488449,0.21832234489080005,5.2122133298174154e-12,5.435254207618133e-14,4.0711099922733015e-13,5.890180707478934,0.3183657538389825,0.3748186313975972,0.7426369474128728,reachable_success,5.890180707478934,107.49133167655721
320,transfer,middle,0.7398752905,tiago_sew,SUCCESS_EXACT,tiago_semi_analytic,c96a32d,median-body-4344-torso015-J1-root-robot-zminus020-v5,wrist_center,gripper_grasping_frame,seed-0-wrist-0,3.1956000020727515,,1.3911401530972658,-0.09977450904012089,-2.013224716414802,1.1790329197402696,-1.9837929696604775,1.1751854698362214,0.21383218381678049,6.265632927836534e-12,3.3362589533722775e-14,8.396664359063685e-13,6.33731602293008,0.3200460365731925,0.37794984167749446,0.7438679730188915,reachable_success,6.33731602293008,107.74859895543246
321,transfer,middle,0.7410793915,tiago_sew,SUCCESS_EXACT,tiago_semi_analytic,c96a32d,median-body-4344-torso015-J1-root-robot-zminus020-v5,wrist_center,gripper_grasping_frame,seed-0-wrist-0,2.7718000346794724,,1.3989974772541118,-0.09208930598662017,-2.0090391360635635,1.1649549053487704,-1.9750672399137468,1.176353168788446,0.20712928926474827,8.38438928688844e-12,5.167801513504556e-14,6.106664988409952e-13,6.837263510589505,0.3214803754681357,0.38115277328928726,0.7454417917325906,reachable_success,6.837263510589505,108.13264652378514
322,transfer,middle,0.7423973085,tiago_sew,SUCCESS_EXACT,tiago_semi_analytic,c96a32d,median-body-4344-torso015-J1-root-robot-zminus020-v5,wrist_center,gripper_grasping_frame,seed-0-wrist-0,2.849700045771897,,1.4070374679338897,-0.08336272592460159,-2.003433179996959,1.1504664835516019,-1.9677613218522199,1.176678115854327,0.20323121877196293,1.356225585147015e-11,3.4713588420853426e-14,1.7811106216195693e-12,7.255861780983397,0.3231034800736734,0.38472296451348387,0.7466056752240339,reachable_success,7.255861780983397,108.35598951126622
323,transfer,middle,0.7437581175,tiago_sew,SUCCESS_EXACT,tiago_semi_analytic,c96a32d,median-body-4344-torso015-J1-root-robot-zminus020-v5,wrist_center,gripper_grasping_frame,seed-0-wrist-0,3.4248000010848045,,1.4148769046287677,-0.07385857850370851,-1.996683910113557,1.135106729769125,-1.9584944711368415,1.1754999808835613,0.19802122063572103,1.778344154521295e-11,6.713033252199159e-14,2.5444437451708135e-12,7.786813216352365,0.3251904358499133,0.38830267189398127,0.7480316785999979,reachable_success,7.786813216352365,108.65450041574391
324,transfer,middle,0.7451652525,tiago_sew,SUCCESS_EXACT,tiago_semi_analytic,c96a32d,median-body-4344-torso015-J1-root-robot-zminus020-v5,wrist_center,gripper_grasping_frame,seed-0-wrist-0,3.306300030089915,,1.4232872760455704,-0.0657335924557978,-1.9922597100759911,1.1198982125760066,-1.9500735653562984,1.1755272374886445,0.19848687059899106,1.936090172094434e-11,4.763224743635969e-14,2.7734436822361865e-12,8.269295577254804,0.32698245845331325,0.3917948744766351,0.7498168790648477,reachable_success,8.269295577254804,108.62782063811811
325,transfer,middle,0.7467193305,tiago_sew,SUCCESS_EXACT,tiago_semi_analytic,c96a32d,median-body-4344-torso015-J1-root-robot-zminus020-v5,wrist_center,gripper_grasping_frame,seed-0-wrist-0,3.207199973985553,,1.431601437709031,-0.05564813705740419,-1.9850662470320517,1.103360638833883,-1.9411099070268278,1.1778351774302038,0.19878122940822207,3.045574679958088e-11,3.457067721886421e-14,3.791221180304512e-12,8.782875368530751,0.32870147503054653,0.39521742251244274,0.7510436025136347,reachable_success,8.782875368530751,108.61095512068668
326,transfer,middle,0.7481452635,tiago_sew,SUCCESS_EXACT,tiago_semi_analytic,c96a32d,median-body-4344-torso015-J1-root-robot-zminus020-v5,wrist_center,gripper_grasping_frame,seed-0-wrist-0,3.1974000157788396,,1.4406105241458178,-0.04614054666972893,-1.9783601481746278,1.0860680646375096,-1.9270321705373723,1.1773724860758294,0.19494581044650694,4.330624112644097e-11,2.1670230547848898e-14,6.106664988409952e-12,9.58947025447387,0.3306848331474607,0.39891423191107156,0.7534523614481456,reachable_success,9.58947025447387,108.8307084398574
327,transfer,middle,0.7494385375,tiago_sew,SUCCESS_EXACT,tiago_semi_analytic,c96a32d,median-body-4344-torso015-J1-root-robot-zminus020-v5,wrist_center,gripper_grasping_frame,seed-0-wrist-0,3.2670999644324183,,1.4489622098805202,-0.03694694706809768,-1.9710218862257256,1.0702037992390934,-1.915352053145372,1.18178199460721,0.1914273143504177,3.9613381391841834e-11,3.1082486533744834e-14,6.259331613120201e-12,10.258691685252835,0.3316458174431629,0.4020652689073254,0.7548415059762955,reachable_success,10.258691685252835,109.03230341639657
328,transfer,middle,0.7509701845000001,tiago_sew,SUCCESS_EXACT,tiago_semi_analytic,c96a32d,median-body-4344-torso015-J1-root-robot-zminus020-v5,wrist_center,gripper_grasping_frame,seed-0-wrist-0,2.7062000008299947,,1.4576121782356715,-0.026620512287474515,-1.9627794902356253,1.052278194217934,-1.8989521254758133,1.1859626927067337,0.18237486489757604,6.30744463503322e-11,4.086555755444513e-14,9.439886294583717e-12,11.198338325038373,0.33299171093863084,0.40511275840025834,0.7571545316534913,reachable_success,11.198338325038373,109.55097056429992
329,transfer,middle,0.7525186765,tiago_sew,SUCCESS_EXACT,tiago_semi_analytic,c96a32d,median-body-4344-torso015-J1-root-robot-zminus020-v5,wrist_center,gripper_grasping_frame,seed-0-wrist-0,3.289800020866096,,1.4666073582323813,-0.017587035057310203,-1.9566603187635043,1.0344859036042955,-1.8935457179358837,1.1926245775022721,0.17861029220211666,6.539112299337821e-11,4.183875500829187e-14,1.0737552604620832e-11,11.508102659404045,0.3344076506961956,0.4082229860754256,0.7578594930901993,reachable_success,11.508102659404045,109.76666469141992
330,transfer,middle,0.7539061895,tiago_sew,SUCCESS_EXACT,tiago_semi_analytic,c96a32d,median-body-4344-torso015-J1-root-robot-zminus020-v5,wrist_center,gripper_grasping_frame,seed-0-wrist-0,3.3161999890580773,,1.4760163421701669,-0.0074794237993772205,-1.9476963217450642,1.016099573679446,-1.8829286163819186,1.1948762570032558,0.17079521040134704,1.564597430504682e-10,4.911176764414748e-14,2.44012155161881e-11,12.116417769108033,0.336255520268613,0.4119957945557463,0.7590783392752326,reachable_success,12.116417769108033,110.21443589515353
331,transfer,middle,0.7553989875,tiago_sew,SUCCESS_EXACT,tiago_semi_analytic,c96a32d,median-body-4344-torso015-J1-root-robot-zminus020-v5,wrist_center,gripper_grasping_frame,seed-0-wrist-0,3.1567999394610524,,1.4857288405025697,0.0031172752957484614,-1.9379202824883826,0.9972180657610304,-1.8687455498888355,1.1980837504493937,0.1618106807701727,2.933721225268223e-10,6.124996924066694e-14,4.582543185052635e-11,12.355047009279538,0.3377674658993198,0.4157099596465314,0.760829949171907,reachable_success,12.929047619715108,110.72921152393005
332,transfer,middle,0.7570171514999999,tiago_sew,SUCCESS_EXACT,tiago_semi_analytic,c96a32d,median-body-4344-torso015-J1-root-robot-zminus020-v5,wrist_center,gripper_grasping_frame,seed-0-wrist-0,3.494099946692586,,1.4949810405546664,0.013559061901954978,-1.9285232737315874,0.9782707339876546,-1.8596888596220182,1.1985710674578005,0.15901774585137662,2.425006468188519e-10,2.3259537334473412e-14,3.887910042621003e-11,12.327125801412889,0.34021378782520895,0.41948426751752776,0.7620504336326481,reachable_success,13.447957748360945,110.88923490723177
333,transfer,middle,0.7586256714999999,tiago_sew,SUCCESS_EXACT,tiago_semi_analytic,c96a32d,median-body-4344-torso015-J1-root-robot-zminus020-v5,wrist_center,gripper_grasping_frame,seed-0-wrist-0,3.12630005646497,,1.505106047211857,0.02409238432233225,-1.9190495160417456,0.9568915236232947,-1.85085341953042,1.205227779936596,0.1580566253143405,4.0896803048130636e-10,7.511471518107922e-14,6.200809406981272e-11,11.945724270945838,0.34219098597101816,0.42285748428919256,0.7629199282726121,reachable_success,13.954191175750204,110.94430305760729
334,transfer,middle,0.7603572085,tiago_sew,SUCCESS_EXACT,tiago_semi_analytic,c96a32d,median-body-4344-torso015-J1-root-robot-zminus020-v5,wrist_center,gripper_grasping_frame,seed-0-wrist-0,2.784400014206767,,1.5158036117814697,0.035854994909370115,-1.9069958918969137,0.9355279829071548,-1.83561684306739,1.2075571433431502,0.15094095345552327,1.367160510548331e-09,4.2838431605308727e-14,2.079828317302623e-10,11.812261578798065,0.3442388913575667,0.42691839706153784,0.7647980901113653,reachable_success,14.827182701310191,111.35200102351753
335,transfer,middle,0.7617933045,tiago_sew,SUCCESS_EXACT,tiago_semi_analytic,c96a32d,median-body-4344-torso015-J1-root-robot-zminus020-v5,wrist_center,gripper_grasping_frame,seed-0-wrist-0,3.1624999828636646,,1.525943649979389,0.0463969995493721,-1.8954462779635581,0.9151510357311141,-1.8178471414315727,1.2115931387929555,0.14617477256618017,9.448256497473577e-10,5.116531905214653e-14,1.4775584828206913e-10,11.58101607339022,0.3457990197532158,0.4304146544460199,0.7669470618526053,reachable_success,15.845311608249242,111.6250830728728
336,transfer,middle,0.7635580445,tiago_sew,SUCCESS_EXACT,tiago_semi_analytic,c96a32d,median-body-4344-torso015-J1-root-robot-zminus020-v5,wrist_center,gripper_grasping_frame,seed-0-wrist-0,3.478200058452785,,1.5372393429013078,0.05782858614574269,-1.8834862873418294,0.8914243480499002,-1.7997807416378127,1.2163463607516523,0.13858983891931276,2.3764452323941023e-09,4.149998280324514e-14,3.560185688243002e-10,11.308676516067989,0.347975726533802,0.43404672435835734,0.7694408991748259,reachable_success,16.88044006742771,112.05966775872507
337,transfer,middle,0.7653545225,tiago_sew,SUCCESS_EXACT,tiago_semi_analytic,c96a32d,median-body-4344-torso015-J1-root-robot-zminus020-v5,wrist_center,gripper_grasping_frame,seed-0-wrist-0,3.344499971717596,,1.5480988025788287,0.06961779952987855,-1.87014135805261,0.8676067661464477,-1.7803324906567655,1.2233971029888213,0.12648458482218405,2.892230395674181e-09,5.5496098657226026e-14,4.2784821575047226e-10,10.904698743443573,0.3498687386916946,0.437195898248128,0.771848700054015,reachable_success,17.99474276755288,112.75324772842399
338,transfer,middle,0.7669615784999999,tiago_sew,SUCCESS_EXACT,tiago_semi_analytic,c96a32d,median-body-4344-torso015-J1-root-robot-zminus020-v5,wrist_center,gripper_grasping_frame,seed-0-wrist-0,4.191200016066432,,1.5597067191769491,0.08163908988163596,-1.8547031693056688,0.8432788451050421,-1.762889385263927,1.2282472267799678,0.11974018743411419,6.744197793558262e-09,4.593026262164647e-14,1.0337311603505464e-09,10.62680712009489,0.3521355557043785,0.4410206498964954,0.7734776027117664,reachable_success,18.994159088164412,113.13967323411946
339,transfer,middle,0.7687329105,tiago_sew,SUCCESS_EXACT,tiago_semi_analytic,c96a32d,median-body-4344-torso015-J1-root-robot-zminus020-v5,wrist_center,gripper_grasping_frame,seed-0-wrist-0,3.926200093701482,,1.5719220191272665,0.09348246472976729,-1.8396563579074365,0.8177558931752578,-1.7478337904484738,1.2365786848830034,0.11109436608896939,1.1102230246251565e-13,5.79618183883829e-14,2.5444437451708134e-14,10.14944973360088,0.3540704508935743,0.4446286457162545,0.7748056868479363,reachable_success,19.85678112914892,113.63504230762037
340,transfer,middle,0.7704467475000001,tiago_sew,SUCCESS_EXACT,tiago_semi_analytic,c96a32d,median-body-4344-torso015-J1-root-robot-zminus020-v5,wrist_center,gripper_grasping_frame,seed-0-wrist-0,3.8219999987632036,,1.5843794793833852,0.10667703607279162,-1.8203634791296708,0.7900747077883702,-1.7332994789419738,1.245517268477288,0.10370425760951996,4.902612130890298e-13,2.55888467663002e-14,2.5444437451708134e-14,9.637306618823496,0.35662293622008,0.4482176750989724,0.7751725689178449,reachable_success,20.6895358365998,114.05846433363666
341,transfer,middle,0.7722958685,tiago_sew,SUCCESS_EXACT,tiago_semi_analytic,c96a32d,median-body-4344-torso015-J1-root-robot-zminus020-v5,wrist_center,gripper_grasping_frame,seed-0-wrist-0,3.8351999828591943,,1.5971448345341834,0.11952919073599703,-1.801048007325921,0.7629351368183878,-1.7106766057933136,1.2537951204147966,0.09168549597383668,1.6653345369377348e-13,4.465922269005502e-14,5.088887490341627e-14,9.16302063937006,0.3586016267534699,0.45171698393592397,0.7772925816621362,reachable_success,21.985730988477865,114.74708865033506
342,transfer,middle,0.7738430175,tiago_sew,SUCCESS_EXACT,tiago_semi_analytic,c96a32d,median-body-4344-torso015-J1-root-robot-zminus020-v5,wrist_center,gripper_grasping_frame,seed-0-wrist-0,3.9305000100284815,,1.610432420337123,0.13277227211848605,-1.7778755090514429,0.7349937615344027,-1.6887888198504122,1.2651407775118821,0.08324594085397408,2.989366980140908e-13,5.911766735127073e-14,0.0,8.51296237190441,0.360240594424858,0.4552140936708823,0.7781561053195508,reachable_success,23.239808745891885,115.23063953967122
343,transfer,middle,0.7756531675,tiago_sew,SUCCESS_EXACT,tiago_semi_analytic,c96a32d,median-body-4344-torso015-J1-root-robot-zminus020-v5,wrist_center,gripper_grasping_frame,seed-0-wrist-0,3.7550999550148845,,1.6252389032491075,0.14776591631874086,-1.7498223427352482,0.7018482030699943,-1.6593408802287541,1.2757872952466132,0.07106656093836516,4.335559509131367e-13,4.999122870720112e-14,7.63333123551244e-14,7.902961839193139,0.36304319434404486,0.45875612811201977,0.7799907316570099,reachable_success,24.927051401568967,115.92846660592201
344,transfer,middle,0.7772374575000001,tiago_sew,SUCCESS_EXACT,tiago_semi_analytic,c96a32d,median-body-4344-torso015-J1-root-robot-zminus020-v5,wrist_center,gripper_grasping_frame,seed-0-wrist-0,3.840800025500357,,1.639392156375774,0.1609409502546933,-1.722856473895637,0.6726954275371764,-1.6278643789023228,1.2838348048268458,0.05778105254405297,1.6653345369377348e-13,2.2787030138750786e-14,5.088887490341627e-14,7.441873504654715,0.36511989512008547,0.46238532811949673,0.7823684758816777,reachable_success,26.73052208141142,116.68967016560173
345,transfer,middle,0.7786723935,tiago_sew,SUCCESS_EXACT,tiago_semi_analytic,c96a32d,median-body-4344-torso015-J1-root-robot-zminus020-v5,wrist_center,gripper_grasping_frame,seed-0-wrist-0,3.82829993031919,,1.654835269431293,0.17642331585380527,-1.6857301829840792,0.6405413358300294,-1.5890332576143522,1.2987241709934692,0.04488477839723348,7.108895957933346e-13,3.622784491812161e-14,1.0177774980683254e-13,6.588775663682313,0.3665478365817501,0.46573029677631855,0.7838224040159727,reachable_success,28.95538144497274,117.42857224565816
346,transfer,middle,0.7801612554999999,tiago_sew,SUCCESS_EXACT,tiago_semi_analytic,c96a32d,median-body-4344-torso015-J1-root-robot-zminus020-v5,wrist_center,gripper_grasping_frame,seed-0-wrist-0,3.7547999527305365,,1.6720080318537411,0.19283437856564895,-1.6417166545210722,0.6035674678938777,-1.5513898823088468,1.3156988312413498,0.03385713502206045,1.925788967033873e-11,3.849397735258826e-14,4.579998741307464e-12,5.6161992728102605,0.36896130182729414,0.4690490550902118,0.7839460721448555,reachable_success,31.11218797660519,118.06040966903097
347,transfer,middle,0.7816918335,tiago_sew,SUCCESS_EXACT,tiago_semi_analytic,c96a32d,median-body-4344-torso015-J1-root-robot-zminus020-v5,wrist_center,gripper_grasping_frame,seed-0-wrist-0,3.9534999523311853,,1.6898271323006784,0.20953816626392768,-1.5913479155143213,0.5674423293294201,-1.509458465011635,1.3327063373867105,0.023832802993221325,4.0224293355522586e-10,2.4559787777578208e-14,8.60021985867735e-11,4.64174095063828,0.3709624465260066,0.4725222081969753,0.7837931900480292,reachable_success,33.51468121673728,118.63476158672127
348,transfer,middle,0.7830406495,tiago_sew,SUCCESS_EXACT,tiago_semi_analytic,c96a32d,median-body-4344-torso015-J1-root-robot-zminus020-v5,wrist_center,gripper_grasping_frame,seed-0-wrist-0,4.587200004607439,,1.7097998048379446,0.22832394253499985,-1.5241481336128724,0.5276782554442072,-1.4453889645360471,1.3494259907181876,0.008002752160932047,2.5438405243138007e-13,3.2991515087455517e-14,5.088887490341627e-14,3.6837753798227975,0.37356764971687495,0.47609392430360054,0.7847645505067571,reachable_success,37.18559318949988,119.541756688889
349,transfer,middle,0.7844298405000001,tiago_sew,SUCCESS_EXACT,tiago_semi_analytic,c96a32d,median-body-4344-torso015-J1-root-robot-zminus020-v5,wrist_center,gripper_grasping_frame,seed-0-wrist-0,4.196499940007925,,1.7330866781793257,0.2488185934445931,-1.4363039946964085,0.48273800068786954,-1.3624159500533972,1.374383248281811,-0.008206726624812255,1.7037492809038664e-12,6.966956019263437e-14,3.562221243239139e-13,2.253829853206223,0.37575225638204857,0.4792030160714184,0.7855708715799344,reachable_success,41.93959673283358,119.53006981298022
350,transfer,middle,0.7855509645000001,tiago_sew,SUCCESS_EXACT,tiago_semi_analytic,c96a32d,median-body-4344-torso015-J1-root-robot-zminus020-v5,wrist_center,gripper_grasping_frame,seed-0-wrist-0,5.005799932405353,,1.7628611240983176,0.27272093856968055,-1.3042687223414577,0.4303218326596443,-1.2380007644615891,1.407374150905782,-0.02832043455464639,3.5975337699988623e-13,8.21392517605123e-14,5.088887490341627e-14,0.363590370525613,0.3779648111665733,0.4825440611505142,0.7860292182668338,reachable_success,49.06806177458103,118.37763923824191
351,transfer,middle,0.7867948305,tiago_sew,NUMERICAL_FAILURE,tiago_semi_analytic,c96a32d,median-body-4344-torso015-J1-root-robot-zminus020-v5,wrist_center,gripper_grasping_frame,,201.30840002093464,no exact or boundary-refined wrist branch met strict wrist-center/orientation/SEW tolerances,,,,,,,,,,,,,,,oracle_inconclusive,,
352,transfer,middle,0.7879149785,tiago_sew,NUMERICAL_FAILURE,tiago_semi_analytic,c96a32d,median-body-4344-torso015-J1-root-robot-zminus020-v5,wrist_center,gripper_grasping_frame,,461.876199929975,no exact or boundary-refined wrist branch met strict wrist-center/orientation/SEW tolerances,,,,,,,,,,,,,,,oracle_inconclusive,,
353,transfer,middle,0.7889873654999999,tiago_sew,NUMERICAL_FAILURE,tiago_semi_analytic,c96a32d,median-body-4344-torso015-J1-root-robot-zminus020-v5,wrist_center,gripper_grasping_frame,,384.58559999708086,no exact or boundary-refined wrist branch met strict wrist-center/orientation/SEW tolerances,,,,,,,,,,,,,,,oracle_inconclusive,,
354,transfer,middle,0.7900637815,tiago_sew,NUMERICAL_FAILURE,tiago_semi_analytic,c96a32d,median-body-4344-torso015-J1-root-robot-zminus020-v5,wrist_center,gripper_grasping_frame,,332.00070005841553,no exact or boundary-refined wrist branch met strict wrist-center/orientation/SEW tolerances,,,,,,,,,,,,,,,oracle_inconclusive,,
355,transfer,middle,0.7909756164999999,tiago_sew,NUMERICAL_FAILURE,tiago_semi_analytic,c96a32d,median-body-4344-torso015-J1-root-robot-zminus020-v5,wrist_center,gripper_grasping_frame,,295.1904999790713,no exact or boundary-refined wrist branch met strict wrist-center/orientation/SEW tolerances,,,,,,,,,,,,,,,oracle_inconclusive,,
356,transfer,middle,0.7918914795,tiago_sew,NUMERICAL_FAILURE,tiago_semi_analytic,c96a32d,median-body-4344-torso015-J1-root-robot-zminus020-v5,wrist_center,gripper_grasping_frame,,298.645899980329,no exact or boundary-refined wrist branch met strict wrist-center/orientation/SEW tolerances,,,,,,,,,,,,,,,oracle_inconclusive,,
357,transfer,middle,0.7927408444999999,tiago_sew,NUMERICAL_FAILURE,tiago_semi_analytic,c96a32d,median-body-4344-torso015-J1-root-robot-zminus020-v5,wrist_center,gripper_grasping_frame,,282.03359991312027,no exact or boundary-refined wrist branch met strict wrist-center/orientation/SEW tolerances,,,,,,,,,,,,,,,oracle_inconclusive,,
358,transfer,middle,0.7937191775,tiago_sew,NUMERICAL_FAILURE,tiago_semi_analytic,c96a32d,median-body-4344-torso015-J1-root-robot-zminus020-v5,wrist_center,gripper_grasping_frame,,286.63530002813786,no exact or boundary-refined wrist branch met strict wrist-center/orientation/SEW tolerances,,,,,,,,,,,,,,,oracle_inconclusive,,
359,transfer,middle,0.7944225165,tiago_sew,NUMERICAL_FAILURE,tiago_semi_analytic,c96a32d,median-body-4344-torso015-J1-root-robot-zminus020-v5,wrist_center,gripper_grasping_frame,,431.98569992091507,no exact or boundary-refined wrist branch met strict wrist-center/orientation/SEW tolerances,,,,,,,,,,,,,,,oracle_inconclusive,,
360,transfer,middle,0.7950935975,tiago_sew,NUMERICAL_FAILURE,tiago_semi_analytic,c96a32d,median-body-4344-torso015-J1-root-robot-zminus020-v5,wrist_center,gripper_grasping_frame,,266.54880004934967,no exact or boundary-refined wrist branch met strict wrist-center/orientation/SEW tolerances,,,,,,,,,,,,,,,oracle_inconclusive,,
361,transfer,middle,0.7957949835,tiago_sew,NUMERICAL_FAILURE,tiago_semi_analytic,c96a32d,median-body-4344-torso015-J1-root-robot-zminus020-v5,wrist_center,gripper_grasping_frame,,270.92759998049587,no exact or boundary-refined wrist branch met strict wrist-center/orientation/SEW tolerances,,,,,,,,,,,,,,,oracle_inconclusive,,
362,transfer,middle,0.7963494265,tiago_sew,NUMERICAL_FAILURE,tiago_semi_analytic,c96a32d,median-body-4344-torso015-J1-root-robot-zminus020-v5,wrist_center,gripper_grasping_frame,,257.41359998937696,no exact or boundary-refined wrist branch met strict wrist-center/orientation/SEW tolerances,,,,,,,,,,,,,,,oracle_inconclusive,,
363,transfer,middle,0.7970233765,tiago_sew,NUMERICAL_FAILURE,tiago_semi_analytic,c96a32d,median-body-4344-torso015-J1-root-robot-zminus020-v5,wrist_center,gripper_grasping_frame,,263.1576000712812,no exact or boundary-refined wrist branch met strict wrist-center/orientation/SEW tolerances,,,,,,,,,,,,,,,oracle_inconclusive,,
364,transfer,middle,0.7975969855,tiago_sew,NUMERICAL_FAILURE,tiago_semi_analytic,c96a32d,median-body-4344-torso015-J1-root-robot-zminus020-v5,wrist_center,gripper_grasping_frame,,257.82739999704063,no exact or boundary-refined wrist branch met strict wrist-center/orientation/SEW tolerances,,,,,,,,,,,,,,,oracle_inconclusive,,
365,transfer,middle,0.7981401065,tiago_sew,NUMERICAL_FAILURE,tiago_semi_analytic,c96a32d,median-body-4344-torso015-J1-root-robot-zminus020-v5,wrist_center,gripper_grasping_frame,,250.6986999651417,no exact or boundary-refined wrist branch met strict wrist-center/orientation/SEW tolerances,,,,,,,,,,,,,,,oracle_inconclusive,,
366,transfer,middle,0.7985071715,tiago_sew,NUMERICAL_FAILURE,tiago_semi_analytic,c96a32d,median-body-4344-torso015-J1-root-robot-zminus020-v5,wrist_center,gripper_grasping_frame,,268.88529991265386,no exact or boundary-refined wrist branch met strict wrist-center/orientation/SEW tolerances,,,,,,,,,,,,,,,oracle_inconclusive,,
367,transfer,middle,0.7989514775,tiago_sew,NUMERICAL_FAILURE,tiago_semi_analytic,c96a32d,median-body-4344-torso015-J1-root-robot-zminus020-v5,wrist_center,gripper_grasping_frame,,252.39649997092783,no exact or boundary-refined wrist branch met strict wrist-center/orientation/SEW tolerances,,,,,,,,,,,,,,,oracle_inconclusive,,
368,transfer,high,0.7993283695,tiago_sew,NUMERICAL_FAILURE,tiago_semi_analytic,c96a32d,median-body-4344-torso015-J1-root-robot-zminus020-v5,wrist_center,gripper_grasping_frame,,248.36229998618364,no exact or boundary-refined wrist branch met strict wrist-center/orientation/SEW tolerances,,,,,,,,,,,,,,,oracle_inconclusive,,
369,transfer,high,0.7998353885,tiago_sew,NUMERICAL_FAILURE,tiago_semi_analytic,c96a32d,median-body-4344-torso015-J1-root-robot-zminus020-v5,wrist_center,gripper_grasping_frame,,254.9017999554053,no exact or boundary-refined wrist branch met strict wrist-center/orientation/SEW tolerances,,,,,,,,,,,,,,,oracle_inconclusive,,
370,transfer,high,0.7999938665,tiago_sew,NUMERICAL_FAILURE,tiago_semi_analytic,c96a32d,median-body-4344-torso015-J1-root-robot-zminus020-v5,wrist_center,gripper_grasping_frame,,420.13770004268736,no exact or boundary-refined wrist branch met strict wrist-center/orientation/SEW tolerances,,,,,,,,,,,,,,,oracle_inconclusive,,
371,transfer,high,0.8005650335,tiago_sew,NUMERICAL_FAILURE,tiago_semi_analytic,c96a32d,median-body-4344-torso015-J1-root-robot-zminus020-v5,wrist_center,gripper_grasping_frame,,405.7507000397891,no exact or boundary-refined wrist branch met strict wrist-center/orientation/SEW tolerances,,,,,,,,,,,,,,,oracle_inconclusive,,
372,transfer,high,0.8010246585,tiago_sew,NUMERICAL_FAILURE,tiago_semi_analytic,c96a32d,median-body-4344-torso015-J1-root-robot-zminus020-v5,wrist_center,gripper_grasping_frame,,412.2567999875173,no exact or boundary-refined wrist branch met strict wrist-center/orientation/SEW tolerances,,,,,,,,,,,,,,,oracle_inconclusive,,
373,transfer,high,0.8011165775,tiago_sew,NUMERICAL_FAILURE,tiago_semi_analytic,c96a32d,median-body-4344-torso015-J1-root-robot-zminus020-v5,wrist_center,gripper_grasping_frame,,234.6160999732092,no exact or boundary-refined wrist branch met strict wrist-center/orientation/SEW tolerances,,,,,,,,,,,,,,,oracle_inconclusive,,
374,transfer,high,0.8015430914999999,tiago_sew,NUMERICAL_FAILURE,tiago_semi_analytic,c96a32d,median-body-4344-torso015-J1-root-robot-zminus020-v5,wrist_center,gripper_grasping_frame,,240.72110000997782,no exact or boundary-refined wrist branch met strict wrist-center/orientation/SEW tolerances,,,,,,,,,,,,,,,oracle_inconclusive,,
375,transfer,high,0.8018908695,tiago_sew,NUMERICAL_FAILURE,tiago_semi_analytic,c96a32d,median-body-4344-torso015-J1-root-robot-zminus020-v5,wrist_center,gripper_grasping_frame,,242.5960999680683,no exact or boundary-refined wrist branch met strict wrist-center/orientation/SEW tolerances,,,,,,,,,,,,,,,oracle_inconclusive,,
376,transfer,high,0.8020408325,tiago_sew,NUMERICAL_FAILURE,tiago_semi_analytic,c96a32d,median-body-4344-torso015-J1-root-robot-zminus020-v5,wrist_center,gripper_grasping_frame,,233.54489996563643,no exact or boundary-refined wrist branch met strict wrist-center/orientation/SEW tolerances,,,,,,,,,,,,,,,oracle_inconclusive,,
377,transfer,high,0.8024731445,tiago_sew,NUMERICAL_FAILURE,tiago_semi_analytic,c96a32d,median-body-4344-torso015-J1-root-robot-zminus020-v5,wrist_center,gripper_grasping_frame,,235.66320003010333,no exact or boundary-refined wrist branch met strict wrist-center/orientation/SEW tolerances,,,,,,,,,,,,,,,oracle_inconclusive,,
378,transfer,high,0.8027194824999999,tiago_sew,NUMERICAL_FAILURE,tiago_semi_analytic,c96a32d,median-body-4344-torso015-J1-root-robot-zminus020-v5,wrist_center,gripper_grasping_frame,,428.9967999793589,no exact or boundary-refined wrist branch met strict wrist-center/orientation/SEW tolerances,,,,,,,,,,,,,,,oracle_inconclusive,,
379,transfer,high,0.8029448855,tiago_sew,NUMERICAL_FAILURE,tiago_semi_analytic,c96a32d,median-body-4344-torso015-J1-root-robot-zminus020-v5,wrist_center,gripper_grasping_frame,,409.41469999961555,no exact or boundary-refined wrist branch met strict wrist-center/orientation/SEW tolerances,,,,,,,,,,,,,,,oracle_inconclusive,,
380,transfer,high,0.8032651975,tiago_sew,NUMERICAL_FAILURE,tiago_semi_analytic,c96a32d,median-body-4344-torso015-J1-root-robot-zminus020-v5,wrist_center,gripper_grasping_frame,,238.11329994350672,no exact or boundary-refined wrist branch met strict wrist-center/orientation/SEW tolerances,,,,,,,,,,,,,,,oracle_inconclusive,,
381,transfer,high,0.8035154725,tiago_sew,NUMERICAL_FAILURE,tiago_semi_analytic,c96a32d,median-body-4344-torso015-J1-root-robot-zminus020-v5,wrist_center,gripper_grasping_frame,,233.37789997458458,no exact or boundary-refined wrist branch met strict wrist-center/orientation/SEW tolerances,,,,,,,,,,,,,,,oracle_inconclusive,,
382,transfer,high,0.8036639105,tiago_sew,NUMERICAL_FAILURE,tiago_semi_analytic,c96a32d,median-body-4344-torso015-J1-root-robot-zminus020-v5,wrist_center,gripper_grasping_frame,,245.34089991357177,no exact or boundary-refined wrist branch met strict wrist-center/orientation/SEW tolerances,,,,,,,,,,,,,,,oracle_inconclusive,,
383,transfer,high,0.8039724125000001,tiago_sew,NUMERICAL_FAILURE,tiago_semi_analytic,c96a32d,median-body-4344-torso015-J1-root-robot-zminus020-v5,wrist_center,gripper_grasping_frame,,237.36889997962862,no exact or boundary-refined wrist branch met strict wrist-center/orientation/SEW tolerances,,,,,,,,,,,,,,,oracle_inconclusive,,
384,transfer,high,0.8044049375,tiago_sew,NUMERICAL_FAILURE,tiago_semi_analytic,c96a32d,median-body-4344-torso015-J1-root-robot-zminus020-v5,wrist_center,gripper_grasping_frame,,244.31950005237013,no exact or boundary-refined wrist branch met strict wrist-center/orientation/SEW tolerances,,,,,,,,,,,,,,,oracle_inconclusive,,
385,transfer,high,0.8045001835,tiago_sew,NUMERICAL_FAILURE,tiago_semi_analytic,c96a32d,median-body-4344-torso015-J1-root-robot-zminus020-v5,wrist_center,gripper_grasping_frame,,248.80619999021292,no exact or boundary-refined wrist branch met strict wrist-center/orientation/SEW tolerances,,,,,,,,,,,,,,,oracle_inconclusive,,
386,transfer,high,0.8048937995000001,tiago_sew,NUMERICAL_FAILURE,tiago_semi_analytic,c96a32d,median-body-4344-torso015-J1-root-robot-zminus020-v5,wrist_center,gripper_grasping_frame,,242.18339996878058,no exact or boundary-refined wrist branch met strict wrist-center/orientation/SEW tolerances,,,,,,,,,,,,,,,oracle_inconclusive,,
387,transfer,high,0.8054254765,tiago_sew,NUMERICAL_FAILURE,tiago_semi_analytic,c96a32d,median-body-4344-torso015-J1-root-robot-zminus020-v5,wrist_center,gripper_grasping_frame,,394.99249996151775,no exact or boundary-refined wrist branch met strict wrist-center/orientation/SEW tolerances,,,,,,,,,,,,,,,oracle_inconclusive,,
388,transfer,high,0.8055380255,tiago_sew,NUMERICAL_FAILURE,tiago_semi_analytic,c96a32d,median-body-4344-torso015-J1-root-robot-zminus020-v5,wrist_center,gripper_grasping_frame,,393.4177999617532,no exact or boundary-refined wrist branch met strict wrist-center/orientation/SEW tolerances,,,,,,,,,,,,,,,oracle_inconclusive,,
389,transfer,high,0.8060549625,tiago_sew,NUMERICAL_FAILURE,tiago_semi_analytic,c96a32d,median-body-4344-torso015-J1-root-robot-zminus020-v5,wrist_center,gripper_grasping_frame,,231.5972000360489,no exact or boundary-refined wrist branch met strict wrist-center/orientation/SEW tolerances,,,,,,,,,,,,,,,oracle_inconclusive,,
390,transfer,high,0.8067693485,tiago_sew,NUMERICAL_FAILURE,tiago_semi_analytic,c96a32d,median-body-4344-torso015-J1-root-robot-zminus020-v5,wrist_center,gripper_grasping_frame,,244.14840003009886,no exact or boundary-refined wrist branch met strict wrist-center/orientation/SEW tolerances,,,,,,,,,,,,,,,oracle_inconclusive,,
391,transfer,high,0.8069861455,tiago_sew,NUMERICAL_FAILURE,tiago_semi_analytic,c96a32d,median-body-4344-torso015-J1-root-robot-zminus020-v5,wrist_center,gripper_grasping_frame,,226.3620999874547,no exact or boundary-refined wrist branch met strict wrist-center/orientation/SEW tolerances,,,,,,,,,,,,,,,oracle_inconclusive,,
392,transfer,high,0.8075090635,tiago_sew,NUMERICAL_FAILURE,tiago_semi_analytic,c96a32d,median-body-4344-torso015-J1-root-robot-zminus020-v5,wrist_center,gripper_grasping_frame,,236.81439994834363,no exact or boundary-refined wrist branch met strict wrist-center/orientation/SEW tolerances,,,,,,,,,,,,,,,oracle_inconclusive,,
393,transfer,high,0.8081081545,tiago_sew,NUMERICAL_FAILURE,tiago_semi_analytic,c96a32d,median-body-4344-torso015-J1-root-robot-zminus020-v5,wrist_center,gripper_grasping_frame,,409.72060000058264,no exact or boundary-refined wrist branch met strict wrist-center/orientation/SEW tolerances,,,,,,,,,,,,,,,oracle_inconclusive,,
394,transfer,high,0.8085195615,tiago_sew,NUMERICAL_FAILURE,tiago_semi_analytic,c96a32d,median-body-4344-torso015-J1-root-robot-zminus020-v5,wrist_center,gripper_grasping_frame,,230.27990001719445,no exact or boundary-refined wrist branch met strict wrist-center/orientation/SEW tolerances,,,,,,,,,,,,,,,oracle_inconclusive,,
395,transfer,high,0.8091150205,tiago_sew,NUMERICAL_FAILURE,tiago_semi_analytic,c96a32d,median-body-4344-torso015-J1-root-robot-zminus020-v5,wrist_center,gripper_grasping_frame,,236.49040004238486,no exact or boundary-refined wrist branch met strict wrist-center/orientation/SEW tolerances,,,,,,,,,,,,,,,oracle_inconclusive,,
396,transfer,high,0.8096687315,tiago_sew,NUMERICAL_FAILURE,tiago_semi_analytic,c96a32d,median-body-4344-torso015-J1-root-robot-zminus020-v5,wrist_center,gripper_grasping_frame,,392.7276999456808,no exact or boundary-refined wrist branch met strict wrist-center/orientation/SEW tolerances,,,,,,,,,,,,,,,oracle_inconclusive,,
397,transfer,high,0.8101795655,tiago_sew,NUMERICAL_FAILURE,tiago_semi_analytic,c96a32d,median-body-4344-torso015-J1-root-robot-zminus020-v5,wrist_center,gripper_grasping_frame,,238.0211999407038,no exact or boundary-refined wrist branch met strict wrist-center/orientation/SEW tolerances,,,,,,,,,,,,,,,oracle_inconclusive,,
398,transfer,high,0.8108908085,tiago_sew,NUMERICAL_FAILURE,tiago_semi_analytic,c96a32d,median-body-4344-torso015-J1-root-robot-zminus020-v5,wrist_center,gripper_grasping_frame,,231.794000021182,no exact or boundary-refined wrist branch met strict wrist-center/orientation/SEW tolerances,,,,,,,,,,,,,,,oracle_inconclusive,,
399,transfer,high,0.8115256655,tiago_sew,NUMERICAL_FAILURE,tiago_semi_analytic,c96a32d,median-body-4344-torso015-J1-root-robot-zminus020-v5,wrist_center,gripper_grasping_frame,,228.0470000114292,no exact or boundary-refined wrist branch met strict wrist-center/orientation/SEW tolerances,,,,,,,,,,,,,,,oracle_inconclusive,,
400,transfer,high,0.8117388915,tiago_sew,NUMERICAL_FAILURE,tiago_semi_analytic,c96a32d,median-body-4344-torso015-J1-root-robot-zminus020-v5,wrist_center,gripper_grasping_frame,,243.4589999029413,no exact or boundary-refined wrist branch met strict wrist-center/orientation/SEW tolerances,,,,,,,,,,,,,,,oracle_inconclusive,,
401,transfer,high,0.8123942565,tiago_sew,NUMERICAL_FAILURE,tiago_semi_analytic,c96a32d,median-body-4344-torso015-J1-root-robot-zminus020-v5,wrist_center,gripper_grasping_frame,,251.6593000618741,no exact or boundary-refined wrist branch met strict wrist-center/orientation/SEW tolerances,,,,,,,,,,,,,,,oracle_inconclusive,,
402,transfer,high,0.8131295475,tiago_sew,NUMERICAL_FAILURE,tiago_semi_analytic,c96a32d,median-body-4344-torso015-J1-root-robot-zminus020-v5,wrist_center,gripper_grasping_frame,,226.2592000188306,no exact or boundary-refined wrist branch met strict wrist-center/orientation/SEW tolerances,,,,,,,,,,,,,,,oracle_inconclusive,,
403,transfer,high,0.8133850715,tiago_sew,NUMERICAL_FAILURE,tiago_semi_analytic,c96a32d,median-body-4344-torso015-J1-root-robot-zminus020-v5,wrist_center,gripper_grasping_frame,,229.80969992931932,no exact or boundary-refined wrist branch met strict wrist-center/orientation/SEW tolerances,,,,,,,,,,,,,,,oracle_inconclusive,,
404,transfer,high,0.8138011475,tiago_sew,NUMERICAL_FAILURE,tiago_semi_analytic,c96a32d,median-body-4344-torso015-J1-root-robot-zminus020-v5,wrist_center,gripper_grasping_frame,,237.3597000259906,no exact or boundary-refined wrist branch met strict wrist-center/orientation/SEW tolerances,,,,,,,,,,,,,,,oracle_inconclusive,,
405,transfer,high,0.8144683534999999,tiago_sew,NUMERICAL_FAILURE,tiago_semi_analytic,c96a32d,median-body-4344-torso015-J1-root-robot-zminus020-v5,wrist_center,gripper_grasping_frame,,234.09839998930693,no exact or boundary-refined wrist branch met strict wrist-center/orientation/SEW tolerances,,,,,,,,,,,,,,,oracle_inconclusive,,
406,transfer,high,0.8149061285,tiago_sew,NUMERICAL_FAILURE,tiago_semi_analytic,c96a32d,median-body-4344-torso015-J1-root-robot-zminus020-v5,wrist_center,gripper_grasping_frame,,224.7073999606073,no exact or boundary-refined wrist branch met strict wrist-center/orientation/SEW tolerances,,,,,,,,,,,,,,,oracle_inconclusive,,
407,transfer,high,0.8150993955,tiago_sew,NUMERICAL_FAILURE,tiago_semi_analytic,c96a32d,median-body-4344-torso015-J1-root-robot-zminus020-v5,wrist_center,gripper_grasping_frame,,234.30680006276816,no exact or boundary-refined wrist branch met strict wrist-center/orientation/SEW tolerances,,,,,,,,,,,,,,,oracle_inconclusive,,
408,transfer,high,0.8153463445,tiago_sew,NUMERICAL_FAILURE,tiago_semi_analytic,c96a32d,median-body-4344-torso015-J1-root-robot-zminus020-v5,wrist_center,gripper_grasping_frame,,229.4935000827536,no exact or boundary-refined wrist branch met strict wrist-center/orientation/SEW tolerances,,,,,,,,,,,,,,,oracle_inconclusive,,
409,transfer,high,0.8155958555,tiago_sew,NUMERICAL_FAILURE,tiago_semi_analytic,c96a32d,median-body-4344-torso015-J1-root-robot-zminus020-v5,wrist_center,gripper_grasping_frame,,259.7771999426186,no exact or boundary-refined wrist branch met strict wrist-center/orientation/SEW tolerances,,,,,,,,,,,,,,,oracle_inconclusive,,
410,transfer,high,0.8159253545,tiago_sew,NUMERICAL_FAILURE,tiago_semi_analytic,c96a32d,median-body-4344-torso015-J1-root-robot-zminus020-v5,wrist_center,gripper_grasping_frame,,237.42050002329051,no exact or boundary-refined wrist branch met strict wrist-center/orientation/SEW tolerances,,,,,,,,,,,,,,,oracle_inconclusive,,
411,transfer,high,0.8162156675,tiago_sew,NUMERICAL_FAILURE,tiago_semi_analytic,c96a32d,median-body-4344-torso015-J1-root-robot-zminus020-v5,wrist_center,gripper_grasping_frame,,229.09029992297292,no exact or boundary-refined wrist branch met strict wrist-center/orientation/SEW tolerances,,,,,,,,,,,,,,,oracle_inconclusive,,
412,transfer,high,0.8162750244999999,tiago_sew,NUMERICAL_FAILURE,tiago_semi_analytic,c96a32d,median-body-4344-torso015-J1-root-robot-zminus020-v5,wrist_center,gripper_grasping_frame,,227.20640001352876,no exact or boundary-refined wrist branch met strict wrist-center/orientation/SEW tolerances,,,,,,,,,,,,,,,oracle_inconclusive,,
413,transfer,high,0.8164742125,tiago_sew,NUMERICAL_FAILURE,tiago_semi_analytic,c96a32d,median-body-4344-torso015-J1-root-robot-zminus020-v5,wrist_center,gripper_grasping_frame,,238.56110009364784,no exact or boundary-refined wrist branch met strict wrist-center/orientation/SEW tolerances,,,,,,,,,,,,,,,oracle_inconclusive,,
414,transfer,high,0.8165259094999999,tiago_sew,NUMERICAL_FAILURE,tiago_semi_analytic,c96a32d,median-body-4344-torso015-J1-root-robot-zminus020-v5,wrist_center,gripper_grasping_frame,,259.71360004041344,no exact or boundary-refined wrist branch met strict wrist-center/orientation/SEW tolerances,,,,,,,,,,,,,,,oracle_inconclusive,,
415,transfer,high,0.8166980285000001,tiago_sew,NUMERICAL_FAILURE,tiago_semi_analytic,c96a32d,median-body-4344-torso015-J1-root-robot-zminus020-v5,wrist_center,gripper_grasping_frame,,233.98880008608103,no exact or boundary-refined wrist branch met strict wrist-center/orientation/SEW tolerances,,,,,,,,,,,,,,,oracle_inconclusive,,
416,transfer,high,0.8168557745,tiago_sew,NUMERICAL_FAILURE,tiago_semi_analytic,c96a32d,median-body-4344-torso015-J1-root-robot-zminus020-v5,wrist_center,gripper_grasping_frame,,238.10950003098696,no exact or boundary-refined wrist branch met strict wrist-center/orientation/SEW tolerances,,,,,,,,,,,,,,,oracle_inconclusive,,
417,transfer,high,0.8168977055,tiago_sew,NUMERICAL_FAILURE,tiago_semi_analytic,c96a32d,median-body-4344-torso015-J1-root-robot-zminus020-v5,wrist_center,gripper_grasping_frame,,235.54740007966757,no exact or boundary-refined wrist branch met strict wrist-center/orientation/SEW tolerances,,,,,,,,,,,,,,,oracle_inconclusive,,
418,transfer,high,0.8170822455,tiago_sew,NUMERICAL_FAILURE,tiago_semi_analytic,c96a32d,median-body-4344-torso015-J1-root-robot-zminus020-v5,wrist_center,gripper_grasping_frame,,266.16380002815276,no exact or boundary-refined wrist branch met strict wrist-center/orientation/SEW tolerances,,,,,,,,,,,,,,,oracle_inconclusive,,
419,transfer,high,0.8170653685,tiago_sew,NUMERICAL_FAILURE,tiago_semi_analytic,c96a32d,median-body-4344-torso015-J1-root-robot-zminus020-v5,wrist_center,gripper_grasping_frame,,232.43540001567453,no exact or boundary-refined wrist branch met strict wrist-center/orientation/SEW tolerances,,,,,,,,,,,,,,,oracle_inconclusive,,
420,transfer,high,0.8172015994999999,tiago_sew,NUMERICAL_FAILURE,tiago_semi_analytic,c96a32d,median-body-4344-torso015-J1-root-robot-zminus020-v5,wrist_center,gripper_grasping_frame,,242.80209990683943,no exact or boundary-refined wrist branch met strict wrist-center/orientation/SEW tolerances,,,,,,,,,,,,,,,oracle_inconclusive,,
421,transfer,high,0.8173605344999999,tiago_sew,NUMERICAL_FAILURE,tiago_semi_analytic,c96a32d,median-body-4344-torso015-J1-root-robot-zminus020-v5,wrist_center,gripper_grasping_frame,,239.17479999363422,no exact or boundary-refined wrist branch met strict wrist-center/orientation/SEW tolerances,,,,,,,,,,,,,,,oracle_inconclusive,,
422,transfer,high,0.8173518065,tiago_sew,NUMERICAL_FAILURE,tiago_semi_analytic,c96a32d,median-body-4344-torso015-J1-root-robot-zminus020-v5,wrist_center,gripper_grasping_frame,,263.58050003182143,no exact or boundary-refined wrist branch met strict wrist-center/orientation/SEW tolerances,,,,,,,,,,,,,,,oracle_inconclusive,,
423,transfer,high,0.8173263555,tiago_sew,NUMERICAL_FAILURE,tiago_semi_analytic,c96a32d,median-body-4344-torso015-J1-root-robot-zminus020-v5,wrist_center,gripper_grasping_frame,,233.60839998349547,no exact or boundary-refined wrist branch met strict wrist-center/orientation/SEW tolerances,,,,,,,,,,,,,,,oracle_inconclusive,,
424,transfer,high,0.8173349305,tiago_sew,NUMERICAL_FAILURE,tiago_semi_analytic,c96a32d,median-body-4344-torso015-J1-root-robot-zminus020-v5,wrist_center,gripper_grasping_frame,,240.32320000696927,no exact or boundary-refined wrist branch met strict wrist-center/orientation/SEW tolerances,,,,,,,,,,,,,,,oracle_inconclusive,,
425,transfer,high,0.8172401734999999,tiago_sew,NUMERICAL_FAILURE,tiago_semi_analytic,c96a32d,median-body-4344-torso015-J1-root-robot-zminus020-v5,wrist_center,gripper_grasping_frame,,240.9101000521332,no exact or boundary-refined wrist branch met strict wrist-center/orientation/SEW tolerances,,,,,,,,,,,,,,,oracle_inconclusive,,
426,transfer,high,0.8172535405,tiago_sew,NUMERICAL_FAILURE,tiago_semi_analytic,c96a32d,median-body-4344-torso015-J1-root-robot-zminus020-v5,wrist_center,gripper_grasping_frame,,257.0881999563426,no exact or boundary-refined wrist branch met strict wrist-center/orientation/SEW tolerances,,,,,,,,,,,,,,,oracle_inconclusive,,
427,transfer,high,0.8172003784999999,tiago_sew,NUMERICAL_FAILURE,tiago_semi_analytic,c96a32d,median-body-4344-torso015-J1-root-robot-zminus020-v5,wrist_center,gripper_grasping_frame,,250.5126999458298,no exact or boundary-refined wrist branch met strict wrist-center/orientation/SEW tolerances,,,,,,,,,,,,,,,oracle_inconclusive,,
428,transfer,high,0.8170500494999999,tiago_sew,NUMERICAL_FAILURE,tiago_semi_analytic,c96a32d,median-body-4344-torso015-J1-root-robot-zminus020-v5,wrist_center,gripper_grasping_frame,,406.9577999180183,no exact or boundary-refined wrist branch met strict wrist-center/orientation/SEW tolerances,,,,,,,,,,,,,,,oracle_inconclusive,,
429,transfer,high,0.8169959105,tiago_sew,NUMERICAL_FAILURE,tiago_semi_analytic,c96a32d,median-body-4344-torso015-J1-root-robot-zminus020-v5,wrist_center,gripper_grasping_frame,,471.4950000634417,no exact or boundary-refined wrist branch met strict wrist-center/orientation/SEW tolerances,,,,,,,,,,,,,,,oracle_inconclusive,,
430,transfer,high,0.8169910895,tiago_sew,NUMERICAL_FAILURE,tiago_semi_analytic,c96a32d,median-body-4344-torso015-J1-root-robot-zminus020-v5,wrist_center,gripper_grasping_frame,,498.92290006391704,no exact or boundary-refined wrist branch met strict wrist-center/orientation/SEW tolerances,,,,,,,,,,,,,,,oracle_inconclusive,,
431,transfer,high,0.8168885195,tiago_sew,NUMERICAL_FAILURE,tiago_semi_analytic,c96a32d,median-body-4344-torso015-J1-root-robot-zminus020-v5,wrist_center,gripper_grasping_frame,,424.5935999788344,no exact or boundary-refined wrist branch met strict wrist-center/orientation/SEW tolerances,,,,,,,,,,,,,,,oracle_inconclusive,,
432,transfer,high,0.8167609865000001,tiago_sew,NUMERICAL_FAILURE,tiago_semi_analytic,c96a32d,median-body-4344-torso015-J1-root-robot-zminus020-v5,wrist_center,gripper_grasping_frame,,400.5977000342682,no exact or boundary-refined wrist branch met strict wrist-center/orientation/SEW tolerances,,,,,,,,,,,,,,,oracle_inconclusive,,
433,transfer,high,0.8164384764999999,tiago_sew,NUMERICAL_FAILURE,tiago_semi_analytic,c96a32d,median-body-4344-torso015-J1-root-robot-zminus020-v5,wrist_center,gripper_grasping_frame,,244.2600999493152,no exact or boundary-refined wrist branch met strict wrist-center/orientation/SEW tolerances,,,,,,,,,,,,,,,oracle_inconclusive,,
434,withdrawal,high,0.8176042484999999,tiago_sew,NUMERICAL_FAILURE,tiago_semi_analytic,c96a32d,median-body-4344-torso015-J1-root-robot-zminus020-v5,wrist_center,gripper_grasping_frame,,241.9071999611333,no exact or boundary-refined wrist branch met strict wrist-center/orientation/SEW tolerances,,,,,,,,,,,,,,,oracle_inconclusive,,
435,withdrawal,high,0.8175350345,tiago_sew,NUMERICAL_FAILURE,tiago_semi_analytic,c96a32d,median-body-4344-torso015-J1-root-robot-zminus020-v5,wrist_center,gripper_grasping_frame,,234.04050001408905,no exact or boundary-refined wrist branch met strict wrist-center/orientation/SEW tolerances,,,,,,,,,,,,,,,oracle_inconclusive,,
436,withdrawal,high,0.8174158025,tiago_sew,NUMERICAL_FAILURE,tiago_semi_analytic,c96a32d,median-body-4344-torso015-J1-root-robot-zminus020-v5,wrist_center,gripper_grasping_frame,,241.8504001107067,no exact or boundary-refined wrist branch met strict wrist-center/orientation/SEW tolerances,,,,,,,,,,,,,,,oracle_inconclusive,,
437,withdrawal,high,0.8172959595,tiago_sew,NUMERICAL_FAILURE,tiago_semi_analytic,c96a32d,median-body-4344-torso015-J1-root-robot-zminus020-v5,wrist_center,gripper_grasping_frame,,239.65580004733056,no exact or boundary-refined wrist branch met strict wrist-center/orientation/SEW tolerances,,,,,,,,,,,,,,,oracle_inconclusive,,
438,withdrawal,high,0.8172320255000001,tiago_sew,NUMERICAL_FAILURE,tiago_semi_analytic,c96a32d,median-body-4344-torso015-J1-root-robot-zminus020-v5,wrist_center,gripper_grasping_frame,,236.06269992887974,no exact or boundary-refined wrist branch met strict wrist-center/orientation/SEW tolerances,,,,,,,,,,,,,,,oracle_inconclusive,,
439,withdrawal,high,0.8171201175,tiago_sew,NUMERICAL_FAILURE,tiago_semi_analytic,c96a32d,median-body-4344-torso015-J1-root-robot-zminus020-v5,wrist_center,gripper_grasping_frame,,253.22309997864068,no exact or boundary-refined wrist branch met strict wrist-center/orientation/SEW tolerances,,,,,,,,,,,,,,,oracle_inconclusive,,
440,withdrawal,high,0.8171036375,tiago_sew,NUMERICAL_FAILURE,tiago_semi_analytic,c96a32d,median-body-4344-torso015-J1-root-robot-zminus020-v5,wrist_center,gripper_grasping_frame,,244.73869998473674,no exact or boundary-refined wrist branch met strict wrist-center/orientation/SEW tolerances,,,,,,,,,,,,,,,oracle_inconclusive,,
441,withdrawal,high,0.8170548095,tiago_sew,NUMERICAL_FAILURE,tiago_semi_analytic,c96a32d,median-body-4344-torso015-J1-root-robot-zminus020-v5,wrist_center,gripper_grasping_frame,,232.6181000098586,no exact or boundary-refined wrist branch met strict wrist-center/orientation/SEW tolerances,,,,,,,,,,,,,,,oracle_inconclusive,,
442,withdrawal,high,0.8170563665,tiago_sew,NUMERICAL_FAILURE,tiago_semi_analytic,c96a32d,median-body-4344-torso015-J1-root-robot-zminus020-v5,wrist_center,gripper_grasping_frame,,236.15219991188496,no exact or boundary-refined wrist branch met strict wrist-center/orientation/SEW tolerances,,,,,,,,,,,,,,,oracle_inconclusive,,
443,withdrawal,high,0.8169669195,tiago_sew,NUMERICAL_FAILURE,tiago_semi_analytic,c96a32d,median-body-4344-torso015-J1-root-robot-zminus020-v5,wrist_center,gripper_grasping_frame,,237.96800000127405,no exact or boundary-refined wrist branch met strict wrist-center/orientation/SEW tolerances,,,,,,,,,,,,,,,oracle_inconclusive,,
444,withdrawal,high,0.8168153385,tiago_sew,NUMERICAL_FAILURE,tiago_semi_analytic,c96a32d,median-body-4344-torso015-J1-root-robot-zminus020-v5,wrist_center,gripper_grasping_frame,,242.26660002022982,no exact or boundary-refined wrist branch met strict wrist-center/orientation/SEW tolerances,,,,,,,,,,,,,,,oracle_inconclusive,,
445,withdrawal,high,0.8165024415,tiago_sew,NUMERICAL_FAILURE,tiago_semi_analytic,c96a32d,median-body-4344-torso015-J1-root-robot-zminus020-v5,wrist_center,gripper_grasping_frame,,242.037299904041,no exact or boundary-refined wrist branch met strict wrist-center/orientation/SEW tolerances,,,,,,,,,,,,,,,oracle_inconclusive,,
446,withdrawal,high,0.8162549445,tiago_sew,NUMERICAL_FAILURE,tiago_semi_analytic,c96a32d,median-body-4344-torso015-J1-root-robot-zminus020-v5,wrist_center,gripper_grasping_frame,,225.15209997072816,no exact or boundary-refined wrist branch met strict wrist-center/orientation/SEW tolerances,,,,,,,,,,,,,,,oracle_inconclusive,,
447,withdrawal,high,0.8160354925,tiago_sew,NUMERICAL_FAILURE,tiago_semi_analytic,c96a32d,median-body-4344-torso015-J1-root-robot-zminus020-v5,wrist_center,gripper_grasping_frame,,234.0653999708593,no exact or boundary-refined wrist branch met strict wrist-center/orientation/SEW tolerances,,,,,,,,,,,,,,,oracle_inconclusive,,
448,withdrawal,high,0.8159149175,tiago_sew,NUMERICAL_FAILURE,tiago_semi_analytic,c96a32d,median-body-4344-torso015-J1-root-robot-zminus020-v5,wrist_center,gripper_grasping_frame,,238.83010004647076,no exact or boundary-refined wrist branch met strict wrist-center/orientation/SEW tolerances,,,,,,,,,,,,,,,oracle_inconclusive,,
449,withdrawal,high,0.8157933045,tiago_sew,NUMERICAL_FAILURE,tiago_semi_analytic,c96a32d,median-body-4344-torso015-J1-root-robot-zminus020-v5,wrist_center,gripper_grasping_frame,,225.3501999657601,no exact or boundary-refined wrist branch met strict wrist-center/orientation/SEW tolerances,,,,,,,,,,,,,,,oracle_inconclusive,,
450,withdrawal,high,0.8155849915,tiago_sew,NUMERICAL_FAILURE,tiago_semi_analytic,c96a32d,median-body-4344-torso015-J1-root-robot-zminus020-v5,wrist_center,gripper_grasping_frame,,236.62270000204444,no exact or boundary-refined wrist branch met strict wrist-center/orientation/SEW tolerances,,,,,,,,,,,,,,,oracle_inconclusive,,
451,withdrawal,high,0.8150641175,tiago_sew,NUMERICAL_FAILURE,tiago_semi_analytic,c96a32d,median-body-4344-torso015-J1-root-robot-zminus020-v5,wrist_center,gripper_grasping_frame,,249.32480009738356,no exact or boundary-refined wrist branch met strict wrist-center/orientation/SEW tolerances,,,,,,,,,,,,,,,oracle_inconclusive,,
452,withdrawal,high,0.8146621095,tiago_sew,NUMERICAL_FAILURE,tiago_semi_analytic,c96a32d,median-body-4344-torso015-J1-root-robot-zminus020-v5,wrist_center,gripper_grasping_frame,,412.0049000484869,no exact or boundary-refined wrist branch met strict wrist-center/orientation/SEW tolerances,,,,,,,,,,,,,,,oracle_inconclusive,,
453,withdrawal,high,0.8142962345,tiago_sew,NUMERICAL_FAILURE,tiago_semi_analytic,c96a32d,median-body-4344-torso015-J1-root-robot-zminus020-v5,wrist_center,gripper_grasping_frame,,253.03380005061626,no exact or boundary-refined wrist branch met strict wrist-center/orientation/SEW tolerances,,,,,,,,,,,,,,,oracle_inconclusive,,
454,withdrawal,high,0.8137507635,tiago_sew,NUMERICAL_FAILURE,tiago_semi_analytic,c96a32d,median-body-4344-torso015-J1-root-robot-zminus020-v5,wrist_center,gripper_grasping_frame,,252.56080005783588,no exact or boundary-refined wrist branch met strict wrist-center/orientation/SEW tolerances,,,,,,,,,,,,,,,oracle_inconclusive,,
455,withdrawal,high,0.8132080385,tiago_sew,NUMERICAL_FAILURE,tiago_semi_analytic,c96a32d,median-body-4344-torso015-J1-root-robot-zminus020-v5,wrist_center,gripper_grasping_frame,,235.09019997436553,no exact or boundary-refined wrist branch met strict wrist-center/orientation/SEW tolerances,,,,,,,,,,,,,,,oracle_inconclusive,,
456,withdrawal,high,0.8123339235,tiago_sew,NUMERICAL_FAILURE,tiago_semi_analytic,c96a32d,median-body-4344-torso015-J1-root-robot-zminus020-v5,wrist_center,gripper_grasping_frame,,246.58989999443293,no exact or boundary-refined wrist branch met strict wrist-center/orientation/SEW tolerances,,,,,,,,,,,,,,,oracle_inconclusive,,
457,withdrawal,high,0.8117846074999999,tiago_sew,NUMERICAL_FAILURE,tiago_semi_analytic,c96a32d,median-body-4344-torso015-J1-root-robot-zminus020-v5,wrist_center,gripper_grasping_frame,,242.53970000427216,no exact or boundary-refined wrist branch met strict wrist-center/orientation/SEW tolerances,,,,,,,,,,,,,,,oracle_inconclusive,,
458,withdrawal,high,0.8106003415,tiago_sew,NUMERICAL_FAILURE,tiago_semi_analytic,c96a32d,median-body-4344-torso015-J1-root-robot-zminus020-v5,wrist_center,gripper_grasping_frame,,238.36219997610897,no exact or boundary-refined wrist branch met strict wrist-center/orientation/SEW tolerances,,,,,,,,,,,,,,,oracle_inconclusive,,
459,withdrawal,high,0.8098339545,tiago_sew,NUMERICAL_FAILURE,tiago_semi_analytic,c96a32d,median-body-4344-torso015-J1-root-robot-zminus020-v5,wrist_center,gripper_grasping_frame,,233.20100002456456,no exact or boundary-refined wrist branch met strict wrist-center/orientation/SEW tolerances,,,,,,,,,,,,,,,oracle_inconclusive,,
460,withdrawal,high,0.8086800235,tiago_sew,NUMERICAL_FAILURE,tiago_semi_analytic,c96a32d,median-body-4344-torso015-J1-root-robot-zminus020-v5,wrist_center,gripper_grasping_frame,,227.87559998687357,no exact or boundary-refined wrist branch met strict wrist-center/orientation/SEW tolerances,,,,,,,,,,,,,,,oracle_inconclusive,,
461,withdrawal,high,0.8075873105,tiago_sew,NUMERICAL_FAILURE,tiago_semi_analytic,c96a32d,median-body-4344-torso015-J1-root-robot-zminus020-v5,wrist_center,gripper_grasping_frame,,404.44299997761846,no exact or boundary-refined wrist branch met strict wrist-center/orientation/SEW tolerances,,,,,,,,,,,,,,,oracle_inconclusive,,
462,withdrawal,high,0.8063290405000001,tiago_sew,NUMERICAL_FAILURE,tiago_semi_analytic,c96a32d,median-body-4344-torso015-J1-root-robot-zminus020-v5,wrist_center,gripper_grasping_frame,,243.89579996932298,no exact or boundary-refined wrist branch met strict wrist-center/orientation/SEW tolerances,,,,,,,,,,,,,,,oracle_inconclusive,,
463,withdrawal,high,0.8050871584999999,tiago_sew,NUMERICAL_FAILURE,tiago_semi_analytic,c96a32d,median-body-4344-torso015-J1-root-robot-zminus020-v5,wrist_center,gripper_grasping_frame,,239.94949995540082,no exact or boundary-refined wrist branch met strict wrist-center/orientation/SEW tolerances,,,,,,,,,,,,,,,oracle_inconclusive,,
464,withdrawal,high,0.8037972105,tiago_sew,NUMERICAL_FAILURE,tiago_semi_analytic,c96a32d,median-body-4344-torso015-J1-root-robot-zminus020-v5,wrist_center,gripper_grasping_frame,,418.2127999374643,no exact or boundary-refined wrist branch met strict wrist-center/orientation/SEW tolerances,,,,,,,,,,,,,,,oracle_inconclusive,,
465,withdrawal,high,0.8022009585000001,tiago_sew,NUMERICAL_FAILURE,tiago_semi_analytic,c96a32d,median-body-4344-torso015-J1-root-robot-zminus020-v5,wrist_center,gripper_grasping_frame,,236.0034000594169,no exact or boundary-refined wrist branch met strict wrist-center/orientation/SEW tolerances,,,,,,,,,,,,,,,oracle_inconclusive,,
466,withdrawal,high,0.8006700135,tiago_sew,NUMERICAL_FAILURE,tiago_semi_analytic,c96a32d,median-body-4344-torso015-J1-root-robot-zminus020-v5,wrist_center,gripper_grasping_frame,,249.95279998984188,no exact or boundary-refined wrist branch met strict wrist-center/orientation/SEW tolerances,,,,,,,,,,,,,,,oracle_inconclusive,,
467,withdrawal,high,0.7991165465,tiago_sew,NUMERICAL_FAILURE,tiago_semi_analytic,c96a32d,median-body-4344-torso015-J1-root-robot-zminus020-v5,wrist_center,gripper_grasping_frame,,432.60090006515384,no exact or boundary-refined wrist branch met strict wrist-center/orientation/SEW tolerances,,,,,,,,,,,,,,,oracle_inconclusive,,
468,withdrawal,middle,0.7974333495,tiago_sew,NUMERICAL_FAILURE,tiago_semi_analytic,c96a32d,median-body-4344-torso015-J1-root-robot-zminus020-v5,wrist_center,gripper_grasping_frame,,277.30549999978393,no exact or boundary-refined wrist branch met strict wrist-center/orientation/SEW tolerances,,,,,,,,,,,,,,,oracle_inconclusive,,
469,withdrawal,middle,0.7956394655,tiago_sew,NUMERICAL_FAILURE,tiago_semi_analytic,c96a32d,median-body-4344-torso015-J1-root-robot-zminus020-v5,wrist_center,gripper_grasping_frame,,408.9703999925405,no exact or boundary-refined wrist branch met strict wrist-center/orientation/SEW tolerances,,,,,,,,,,,,,,,oracle_inconclusive,,
470,withdrawal,middle,0.7938693545,tiago_sew,NUMERICAL_FAILURE,tiago_semi_analytic,c96a32d,median-body-4344-torso015-J1-root-robot-zminus020-v5,wrist_center,gripper_grasping_frame,,265.1504999957979,no exact or boundary-refined wrist branch met strict wrist-center/orientation/SEW tolerances,,,,,,,,,,,,,,,oracle_inconclusive,,
471,withdrawal,middle,0.7921180725,tiago_sew,NUMERICAL_FAILURE,tiago_semi_analytic,c96a32d,median-body-4344-torso015-J1-root-robot-zminus020-v5,wrist_center,gripper_grasping_frame,,255.4402999812737,no exact or boundary-refined wrist branch met strict wrist-center/orientation/SEW tolerances,,,,,,,,,,,,,,,oracle_inconclusive,,
472,withdrawal,middle,0.7903738714999999,tiago_sew,NUMERICAL_FAILURE,tiago_semi_analytic,c96a32d,median-body-4344-torso015-J1-root-robot-zminus020-v5,wrist_center,gripper_grasping_frame,,264.1487999353558,no exact or boundary-refined wrist branch met strict wrist-center/orientation/SEW tolerances,,,,,,,,,,,,,,,oracle_inconclusive,,
473,withdrawal,middle,0.7885017095,tiago_sew,NUMERICAL_FAILURE,tiago_semi_analytic,c96a32d,median-body-4344-torso015-J1-root-robot-zminus020-v5,wrist_center,gripper_grasping_frame,,269.2833000328392,no exact or boundary-refined wrist branch met strict wrist-center/orientation/SEW tolerances,,,,,,,,,,,,,,,oracle_inconclusive,,
474,withdrawal,middle,0.7865282284999999,tiago_sew,NUMERICAL_FAILURE,tiago_semi_analytic,c96a32d,median-body-4344-torso015-J1-root-robot-zminus020-v5,wrist_center,gripper_grasping_frame,,279.7254000324756,no exact or boundary-refined wrist branch met strict wrist-center/orientation/SEW tolerances,,,,,,,,,,,,,,,oracle_inconclusive,,
475,withdrawal,middle,0.7847647405,tiago_sew,NUMERICAL_FAILURE,tiago_semi_analytic,c96a32d,median-body-4344-torso015-J1-root-robot-zminus020-v5,wrist_center,gripper_grasping_frame,,279.9067000159994,no exact or boundary-refined wrist branch met strict wrist-center/orientation/SEW tolerances,,,,,,,,,,,,,,,oracle_inconclusive,,
476,withdrawal,middle,0.7830656745,tiago_sew,NUMERICAL_FAILURE,tiago_semi_analytic,c96a32d,median-body-4344-torso015-J1-root-robot-zminus020-v5,wrist_center,gripper_grasping_frame,,523.7596000079066,no exact or boundary-refined wrist branch met strict wrist-center/orientation/SEW tolerances,,,,,,,,,,,,,,,oracle_inconclusive,,
477,withdrawal,middle,0.7812500305,tiago_sew,SUCCESS_EXACT,tiago_semi_analytic,c96a32d,median-body-4344-torso015-J1-root-robot-zminus020-v5,wrist_center,gripper_grasping_frame,seed-0-wrist-0,7.00360001064837,,1.7957182342015567,0.2997017952370134,-1.0195643246768098,0.35923630014318986,-1.133776290125363,1.3285831188679342,-0.19658634251053808,6.327711624260048e-10,8.143170601140185e-14,1.5457495751912692e-10,4.877983969774344,0.4201833388242663,0.4854692408584126,0.7513370022156025,reachable_success,55.03968427601635,108.73671287643253
478,withdrawal,middle,0.7792753295,tiago_sew,SUCCESS_EXACT,tiago_semi_analytic,c96a32d,median-body-4344-torso015-J1-root-robot-zminus020-v5,wrist_center,gripper_grasping_frame,seed-0-wrist-0,6.9630000507459044,,1.710223752018275,0.24468442793034148,-1.4212520096373946,0.4912296558863355,-1.5418177747744437,1.232069297344868,-0.152559835664706,1.4853771724010093e-12,1.4604716838624932e-14,7.63333123551244e-13,10.40781860772493,0.4190644573895859,0.47703250202386915,0.7475952008057631,reachable_success,31.66062933937186,111.25924590540254
479,withdrawal,middle,0.7774472965,tiago_sew,SUCCESS_EXACT,tiago_semi_analytic,c96a32d,median-body-4344-torso015-J1-root-robot-zminus020-v5,wrist_center,gripper_grasping_frame,seed-0-wrist-0,4.289699951186776,,1.6562737775318126,0.20211386358513084,-1.5949258753944822,0.5916915799269541,-1.730313411068824,1.1930633737015333,-0.1266653044313104,1.020575195075663e-11,4.555000372990956e-14,2.4172215579122727e-12,12.642693408497557,0.41402711412174736,0.4675612268169943,0.7437688672353062,reachable_success,20.860624923070883,112.7428932575458
480,withdrawal,middle,0.7755496825,tiago_sew,SUCCESS_EXACT,tiago_semi_analytic,c96a32d,median-body-4344-torso015-J1-root-robot-zminus020-v5,wrist_center,gripper_grasping_frame,seed-0-wrist-0,3.957599983550608,,1.6145682941543515,0.16812018100272422,-1.6936223443401175,0.6722191334568751,-1.8460027960051022,1.1631801448919443,-0.10488991985324514,1.100448314260274e-09,4.9184691235277386e-14,3.1103280340968023e-10,14.232111431757785,0.4109005452340144,0.4582614480690674,0.7402355207092882,reachable_success,14.232111431757785,113.9905308911432
481,withdrawal,middle,0.7734488225,tiago_sew,SUCCESS_EXACT,tiago_semi_analytic,c96a32d,median-body-4344-torso015-J1-root-robot-zminus020-v5,wrist_center,gripper_grasping_frame,seed-0-wrist-0,4.705399973317981,,1.5782316996611665,0.1371530680367005,-1.7635640628687854,0.7449945312337187,-1.938232050274027,1.137019967222198,-0.07472883559728682,7.021666937153402e-13,4.3230553655170903e-14,2.0355549961366507e-13,8.94776441450947,0.4082183005640181,0.4492758227175567,0.7360681858201708,reachable_success,8.94776441450947,115.71863372454808
482,withdrawal,middle,0.7716724245,tiago_sew,SUCCESS_EXACT,tiago_semi_analytic,c96a32d,median-body-4344-torso015-J1-root-robot-zminus020-v5,wrist_center,gripper_grasping_frame,seed-0-wrist-0,4.654000047594309,,1.5463725914916202,0.11046145499014114,-1.8140778907461081,0.8078417518345582,-2.017420535621339,1.1188802191529374,-0.03912413674978721,1.3597399555105182e-13,7.781436126196781e-14,0.0,4.410598418074935,0.4060832331409382,0.4400602040237622,0.731103164019226,reachable_success,4.410598418074935,117.75863269934412
483,withdrawal,middle,0.7696868285,tiago_sew,SUCCESS_EXACT,tiago_semi_analytic,c96a32d,median-body-4344-torso015-J1-root-robot-zminus020-v5,wrist_center,gripper_grasping_frame,seed-0-wrist-0,4.686300060711801,,1.5171119590136724,0.08516063165655192,-1.8543180963760368,0.8659119858289798,-2.0904949518265816,1.104551042442309,0.0004903900227124502,2.482534153247273e-13,4.503862053681416e-14,0.0,0.22374277913213353,0.40418650431007613,0.4309031855351081,0.7254067544981466,reachable_success,0.22374277913213353,119.97218333358286
484,withdrawal,middle,0.7676491395,tiago_sew,NUMERICAL_FAILURE,tiago_semi_analytic,c96a32d,median-body-4344-torso015-J1-root-robot-zminus020-v5,wrist_center,gripper_grasping_frame,,181.7859000293538,no exact or boundary-refined wrist branch met strict wrist-center/orientation/SEW tolerances,,,,,,,,,,,,,,,oracle_inconclusive,,
485,withdrawal,middle,0.7657666624999999,tiago_sew,NUMERICAL_FAILURE,tiago_semi_analytic,c96a32d,median-body-4344-torso015-J1-root-robot-zminus020-v5,wrist_center,gripper_grasping_frame,,136.728800018318,no exact or boundary-refined wrist branch met strict wrist-center/orientation/SEW tolerances,,,,,,,,,,,,,,,oracle_inconclusive,,
486,withdrawal,middle,0.7637472535000001,tiago_sew,NUMERICAL_FAILURE,tiago_semi_analytic,c96a32d,median-body-4344-torso015-J1-root-robot-zminus020-v5,wrist_center,gripper_grasping_frame,,139.97829996515065,no exact or boundary-refined wrist branch met strict wrist-center/orientation/SEW tolerances,,,,,,,,,,,,,,,oracle_inconclusive,,
487,withdrawal,middle,0.7616421204999999,tiago_sew,NUMERICAL_FAILURE,tiago_semi_analytic,c96a32d,median-body-4344-torso015-J1-root-robot-zminus020-v5,wrist_center,gripper_grasping_frame,,141.7537999805063,no exact or boundary-refined wrist branch met strict wrist-center/orientation/SEW tolerances,,,,,,,,,,,,,,,oracle_inconclusive,,
488,withdrawal,middle,0.7595594784999999,tiago_sew,NUMERICAL_FAILURE,tiago_semi_analytic,c96a32d,median-body-4344-torso015-J1-root-robot-zminus020-v5,wrist_center,gripper_grasping_frame,,136.02460001129657,no exact or boundary-refined wrist branch met strict wrist-center/orientation/SEW tolerances,,,,,,,,,,,,,,,oracle_inconclusive,,
489,withdrawal,middle,0.7571787114999999,tiago_sew,NUMERICAL_FAILURE,tiago_semi_analytic,c96a32d,median-body-4344-torso015-J1-root-robot-zminus020-v5,wrist_center,gripper_grasping_frame,,139.42479994148016,no exact or boundary-refined wrist branch met strict wrist-center/orientation/SEW tolerances,,,,,,,,,,,,,,,oracle_inconclusive,,
490,withdrawal,middle,0.7545257265,tiago_sew,NUMERICAL_FAILURE,tiago_semi_analytic,c96a32d,median-body-4344-torso015-J1-root-robot-zminus020-v5,wrist_center,gripper_grasping_frame,,134.82200005091727,no exact or boundary-refined wrist branch met strict wrist-center/orientation/SEW tolerances,,,,,,,,,,,,,,,oracle_inconclusive,,
491,withdrawal,middle,0.7519035345,tiago_sew,NUMERICAL_FAILURE,tiago_semi_analytic,c96a32d,median-body-4344-torso015-J1-root-robot-zminus020-v5,wrist_center,gripper_grasping_frame,,138.17799999378622,no exact or boundary-refined wrist branch met strict wrist-center/orientation/SEW tolerances,,,,,,,,,,,,,,,oracle_inconclusive,,
492,withdrawal,middle,0.7492551275,tiago_sew,NUMERICAL_FAILURE,tiago_semi_analytic,c96a32d,median-body-4344-torso015-J1-root-robot-zminus020-v5,wrist_center,gripper_grasping_frame,,137.30699999723583,no exact or boundary-refined wrist branch met strict wrist-center/orientation/SEW tolerances,,,,,,,,,,,,,,,oracle_inconclusive,,
493,withdrawal,middle,0.7462881775,tiago_sew,NUMERICAL_FAILURE,tiago_semi_analytic,c96a32d,median-body-4344-torso015-J1-root-robot-zminus020-v5,wrist_center,gripper_grasping_frame,,142.6103999838233,no exact or boundary-refined wrist branch met strict wrist-center/orientation/SEW tolerances,,,,,,,,,,,,,,,oracle_inconclusive,,
494,withdrawal,middle,0.7431755675,tiago_sew,NUMERICAL_FAILURE,tiago_semi_analytic,c96a32d,median-body-4344-torso015-J1-root-robot-zminus020-v5,wrist_center,gripper_grasping_frame,,147.21570000983775,no exact or boundary-refined wrist branch met strict wrist-center/orientation/SEW tolerances,,,,,,,,,,,,,,,oracle_inconclusive,,
495,withdrawal,middle,0.7400906375,tiago_sew,NUMERICAL_FAILURE,tiago_semi_analytic,c96a32d,median-body-4344-torso015-J1-root-robot-zminus020-v5,wrist_center,gripper_grasping_frame,,153.6674000089988,no exact or boundary-refined wrist branch met strict wrist-center/orientation/SEW tolerances,,,,,,,,,,,,,,,oracle_inconclusive,,
496,withdrawal,middle,0.7367564245,tiago_sew,NUMERICAL_FAILURE,tiago_semi_analytic,c96a32d,median-body-4344-torso015-J1-root-robot-zminus020-v5,wrist_center,gripper_grasping_frame,,148.99959997273982,no exact or boundary-refined wrist branch met strict wrist-center/orientation/SEW tolerances,,,,,,,,,,,,,,,oracle_inconclusive,,
497,withdrawal,middle,0.7334400335,tiago_sew,NUMERICAL_FAILURE,tiago_semi_analytic,c96a32d,median-body-4344-torso015-J1-root-robot-zminus020-v5,wrist_center,gripper_grasping_frame,,148.9527999656275,no exact or boundary-refined wrist branch met strict wrist-center/orientation/SEW tolerances,,,,,,,,,,,,,,,oracle_inconclusive,,
498,withdrawal,middle,0.7300328375,tiago_sew,NUMERICAL_FAILURE,tiago_semi_analytic,c96a32d,median-body-4344-torso015-J1-root-robot-zminus020-v5,wrist_center,gripper_grasping_frame,,179.9365000333637,no exact or boundary-refined wrist branch met strict wrist-center/orientation/SEW tolerances,,,,,,,,,,,,,,,oracle_inconclusive,,
499,withdrawal,middle,0.7266297605,tiago_sew,NUMERICAL_FAILURE,tiago_semi_analytic,c96a32d,median-body-4344-torso015-J1-root-robot-zminus020-v5,wrist_center,gripper_grasping_frame,,175.59279990382493,no exact or boundary-refined wrist branch met strict wrist-center/orientation/SEW tolerances,,,,,,,,,,,,,,,oracle_inconclusive,,
500,withdrawal,middle,0.7230383455,tiago_sew,NUMERICAL_FAILURE,tiago_semi_analytic,c96a32d,median-body-4344-torso015-J1-root-robot-zminus020-v5,wrist_center,gripper_grasping_frame,,172.2037000581622,no exact or boundary-refined wrist branch met strict wrist-center/orientation/SEW tolerances,,,,,,,,,,,,,,,oracle_inconclusive,,
501,withdrawal,middle,0.7194678955,tiago_sew,NUMERICAL_FAILURE,tiago_semi_analytic,c96a32d,median-body-4344-torso015-J1-root-robot-zminus020-v5,wrist_center,gripper_grasping_frame,,176.5023999614641,no exact or boundary-refined wrist branch met strict wrist-center/orientation/SEW tolerances,,,,,,,,,,,,,,,oracle_inconclusive,,
502,withdrawal,low,0.7157329715,tiago_sew,NUMERICAL_FAILURE,tiago_semi_analytic,c96a32d,median-body-4344-torso015-J1-root-robot-zminus020-v5,wrist_center,gripper_grasping_frame,,170.56330002378672,no exact or boundary-refined wrist branch met strict wrist-center/orientation/SEW tolerances,,,,,,,,,,,,,,,oracle_inconclusive,,
503,withdrawal,low,0.7120044255,tiago_sew,NUMERICAL_FAILURE,tiago_semi_analytic,c96a32d,median-body-4344-torso015-J1-root-robot-zminus020-v5,wrist_center,gripper_grasping_frame,,173.83659991901368,no exact or boundary-refined wrist branch met strict wrist-center/orientation/SEW tolerances,,,,,,,,,,,,,,,oracle_inconclusive,,
504,withdrawal,low,0.7081760715000001,tiago_sew,NUMERICAL_FAILURE,tiago_semi_analytic,c96a32d,median-body-4344-torso015-J1-root-robot-zminus020-v5,wrist_center,gripper_grasping_frame,,170.94920005183667,no exact or boundary-refined wrist branch met strict wrist-center/orientation/SEW tolerances,,,,,,,,,,,,,,,oracle_inconclusive,,
505,withdrawal,low,0.7047968145,tiago_sew,NUMERICAL_FAILURE,tiago_semi_analytic,c96a32d,median-body-4344-torso015-J1-root-robot-zminus020-v5,wrist_center,gripper_grasping_frame,,169.7229000274092,no exact or boundary-refined wrist branch met strict wrist-center/orientation/SEW tolerances,,,,,,,,,,,,,,,oracle_inconclusive,,
506,withdrawal,low,0.7009085395,tiago_sew,NUMERICAL_FAILURE,tiago_semi_analytic,c96a32d,median-body-4344-torso015-J1-root-robot-zminus020-v5,wrist_center,gripper_grasping_frame,,168.48669992759824,no exact or boundary-refined wrist branch met strict wrist-center/orientation/SEW tolerances,,,,,,,,,,,,,,,oracle_inconclusive,,
507,withdrawal,low,0.6974098814999999,tiago_sew,NUMERICAL_FAILURE,tiago_semi_analytic,c96a32d,median-body-4344-torso015-J1-root-robot-zminus020-v5,wrist_center,gripper_grasping_frame,,163.04969997145236,no exact or boundary-refined wrist branch met strict wrist-center/orientation/SEW tolerances,,,,,,,,,,,,,,,oracle_inconclusive,,
508,withdrawal,low,0.6936666874999999,tiago_sew,NUMERICAL_FAILURE,tiago_semi_analytic,c96a32d,median-body-4344-torso015-J1-root-robot-zminus020-v5,wrist_center,gripper_grasping_frame,,163.6278999503702,no exact or boundary-refined wrist branch met strict wrist-center/orientation/SEW tolerances,,,,,,,,,,,,,,,oracle_inconclusive,,
509,withdrawal,low,0.6899167024999999,tiago_sew,NUMERICAL_FAILURE,tiago_semi_analytic,c96a32d,median-body-4344-torso015-J1-root-robot-zminus020-v5,wrist_center,gripper_grasping_frame,,165.48059997148812,no exact or boundary-refined wrist branch met strict wrist-center/orientation/SEW tolerances,,,,,,,,,,,,,,,oracle_inconclusive,,
510,withdrawal,low,0.6862464755,tiago_sew,NUMERICAL_FAILURE,tiago_semi_analytic,c96a32d,median-body-4344-torso015-J1-root-robot-zminus020-v5,wrist_center,gripper_grasping_frame,,179.80199994053692,no exact or boundary-refined wrist branch met strict wrist-center/orientation/SEW tolerances,,,,,,,,,,,,,,,oracle_inconclusive,,
511,withdrawal,low,0.6825678255000001,tiago_sew,NUMERICAL_FAILURE,tiago_semi_analytic,c96a32d,median-body-4344-torso015-J1-root-robot-zminus020-v5,wrist_center,gripper_grasping_frame,,167.35400003381073,no exact or boundary-refined wrist branch met strict wrist-center/orientation/SEW tolerances,,,,,,,,,,,,,,,oracle_inconclusive,,
512,withdrawal,low,0.6791035615,tiago_sew,NUMERICAL_FAILURE,tiago_semi_analytic,c96a32d,median-body-4344-torso015-J1-root-robot-zminus020-v5,wrist_center,gripper_grasping_frame,,168.8378999242559,no exact or boundary-refined wrist branch met strict wrist-center/orientation/SEW tolerances,,,,,,,,,,,,,,,oracle_inconclusive,,
513,withdrawal,low,0.6755286255,tiago_sew,NUMERICAL_FAILURE,tiago_semi_analytic,c96a32d,median-body-4344-torso015-J1-root-robot-zminus020-v5,wrist_center,gripper_grasping_frame,,172.52459994051605,no exact or boundary-refined wrist branch met strict wrist-center/orientation/SEW tolerances,,,,,,,,,,,,,,,oracle_inconclusive,,
514,withdrawal,low,0.6720131994999999,tiago_sew,NUMERICAL_FAILURE,tiago_semi_analytic,c96a32d,median-body-4344-torso015-J1-root-robot-zminus020-v5,wrist_center,gripper_grasping_frame,,166.64569999556988,no exact or boundary-refined wrist branch met strict wrist-center/orientation/SEW tolerances,,,,,,,,,,,,,,,oracle_inconclusive,,
515,withdrawal,low,0.6688006445,tiago_sew,NUMERICAL_FAILURE,tiago_semi_analytic,c96a32d,median-body-4344-torso015-J1-root-robot-zminus020-v5,wrist_center,gripper_grasping_frame,,166.09549999702722,no exact or boundary-refined wrist branch met strict wrist-center/orientation/SEW tolerances,,,,,,,,,,,,,,,oracle_inconclusive,,
516,withdrawal,low,0.6655952155,tiago_sew,NUMERICAL_FAILURE,tiago_semi_analytic,c96a32d,median-body-4344-torso015-J1-root-robot-zminus020-v5,wrist_center,gripper_grasping_frame,,171.87930003274232,no exact or boundary-refined wrist branch met strict wrist-center/orientation/SEW tolerances,,,,,,,,,,,,,,,oracle_inconclusive,,
517,withdrawal,low,0.6626894225,tiago_sew,NUMERICAL_FAILURE,tiago_semi_analytic,c96a32d,median-body-4344-torso015-J1-root-robot-zminus020-v5,wrist_center,gripper_grasping_frame,,171.97040002793074,no exact or boundary-refined wrist branch met strict wrist-center/orientation/SEW tolerances,,,,,,,,,,,,,,,oracle_inconclusive,,
518,withdrawal,low,0.6597145545,tiago_sew,NUMERICAL_FAILURE,tiago_semi_analytic,c96a32d,median-body-4344-torso015-J1-root-robot-zminus020-v5,wrist_center,gripper_grasping_frame,,160.698699997738,no exact or boundary-refined wrist branch met strict wrist-center/orientation/SEW tolerances,,,,,,,,,,,,,,,oracle_inconclusive,,
519,withdrawal,low,0.6569936985,tiago_sew,NUMERICAL_FAILURE,tiago_semi_analytic,c96a32d,median-body-4344-torso015-J1-root-robot-zminus020-v5,wrist_center,gripper_grasping_frame,,159.6735999919474,no exact or boundary-refined wrist branch met strict wrist-center/orientation/SEW tolerances,,,,,,,,,,,,,,,oracle_inconclusive,,
520,withdrawal,low,0.6545324555,tiago_sew,NUMERICAL_FAILURE,tiago_semi_analytic,c96a32d,median-body-4344-torso015-J1-root-robot-zminus020-v5,wrist_center,gripper_grasping_frame,,157.9420999623835,no exact or boundary-refined wrist branch met strict wrist-center/orientation/SEW tolerances,,,,,,,,,,,,,,,oracle_inconclusive,,
521,withdrawal,low,0.6521990815,tiago_sew,NUMERICAL_FAILURE,tiago_semi_analytic,c96a32d,median-body-4344-torso015-J1-root-robot-zminus020-v5,wrist_center,gripper_grasping_frame,,155.77199996914715,no exact or boundary-refined wrist branch met strict wrist-center/orientation/SEW tolerances,,,,,,,,,,,,,,,oracle_inconclusive,,
522,withdrawal,low,0.6500365145,tiago_sew,NUMERICAL_FAILURE,tiago_semi_analytic,c96a32d,median-body-4344-torso015-J1-root-robot-zminus020-v5,wrist_center,gripper_grasping_frame,,163.67090004496276,no exact or boundary-refined wrist branch met strict wrist-center/orientation/SEW tolerances,,,,,,,,,,,,,,,oracle_inconclusive,,
523,withdrawal,low,0.6481962434999999,tiago_sew,NUMERICAL_FAILURE,tiago_semi_analytic,c96a32d,median-body-4344-torso015-J1-root-robot-zminus020-v5,wrist_center,gripper_grasping_frame,,167.1012999722734,no exact or boundary-refined wrist branch met strict wrist-center/orientation/SEW tolerances,,,,,,,,,,,,,,,oracle_inconclusive,,
524,withdrawal,low,0.6461966555,tiago_sew,NUMERICAL_FAILURE,tiago_semi_analytic,c96a32d,median-body-4344-torso015-J1-root-robot-zminus020-v5,wrist_center,gripper_grasping_frame,,159.34170002583414,no exact or boundary-refined wrist branch met strict wrist-center/orientation/SEW tolerances,,,,,,,,,,,,,,,oracle_inconclusive,,
525,withdrawal,low,0.6442877505,tiago_sew,NUMERICAL_FAILURE,tiago_semi_analytic,c96a32d,median-body-4344-torso015-J1-root-robot-zminus020-v5,wrist_center,gripper_grasping_frame,,161.34170000441372,no exact or boundary-refined wrist branch met strict wrist-center/orientation/SEW tolerances,,,,,,,,,,,,,,,oracle_inconclusive,,
526,withdrawal,low,0.6422313534999999,tiago_sew,NUMERICAL_FAILURE,tiago_semi_analytic,c96a32d,median-body-4344-torso015-J1-root-robot-zminus020-v5,wrist_center,gripper_grasping_frame,,158.39729993604124,no exact or boundary-refined wrist branch met strict wrist-center/orientation/SEW tolerances,,,,,,,,,,,,,,,oracle_inconclusive,,
527,withdrawal,low,0.6409184725,tiago_sew,NUMERICAL_FAILURE,tiago_semi_analytic,c96a32d,median-body-4344-torso015-J1-root-robot-zminus020-v5,wrist_center,gripper_grasping_frame,,158.84759998880327,no exact or boundary-refined wrist branch met strict wrist-center/orientation/SEW tolerances,,,,,,,,,,,,,,,oracle_inconclusive,,
528,withdrawal,low,0.6391824495,tiago_sew,NUMERICAL_FAILURE,tiago_semi_analytic,c96a32d,median-body-4344-torso015-J1-root-robot-zminus020-v5,wrist_center,gripper_grasping_frame,,163.32350007724017,no exact or boundary-refined wrist branch met strict wrist-center/orientation/SEW tolerances,,,,,,,,,,,,,,,oracle_inconclusive,,
529,withdrawal,low,0.6380029755,tiago_sew,NUMERICAL_FAILURE,tiago_semi_analytic,c96a32d,median-body-4344-torso015-J1-root-robot-zminus020-v5,wrist_center,gripper_grasping_frame,,156.96360007859766,no exact or boundary-refined wrist branch met strict wrist-center/orientation/SEW tolerances,,,,,,,,,,,,,,,oracle_inconclusive,,
530,withdrawal,low,0.6367430725000001,tiago_sew,NUMERICAL_FAILURE,tiago_semi_analytic,c96a32d,median-body-4344-torso015-J1-root-robot-zminus020-v5,wrist_center,gripper_grasping_frame,,165.14259995892644,no exact or boundary-refined wrist branch met strict wrist-center/orientation/SEW tolerances,,,,,,,,,,,,,,,oracle_inconclusive,,
531,withdrawal,low,0.6357197875,tiago_sew,NUMERICAL_FAILURE,tiago_semi_analytic,c96a32d,median-body-4344-torso015-J1-root-robot-zminus020-v5,wrist_center,gripper_grasping_frame,,162.48139995150268,no exact or boundary-refined wrist branch met strict wrist-center/orientation/SEW tolerances,,,,,,,,,,,,,,,oracle_inconclusive,,
532,withdrawal,low,0.6347793735,tiago_sew,NUMERICAL_FAILURE,tiago_semi_analytic,c96a32d,median-body-4344-torso015-J1-root-robot-zminus020-v5,wrist_center,gripper_grasping_frame,,163.6754999635741,no exact or boundary-refined wrist branch met strict wrist-center/orientation/SEW tolerances,,,,,,,,,,,,,,,oracle_inconclusive,,
533,withdrawal,low,0.6340029755,tiago_sew,NUMERICAL_FAILURE,tiago_semi_analytic,c96a32d,median-body-4344-torso015-J1-root-robot-zminus020-v5,wrist_center,gripper_grasping_frame,,167.777800001204,no exact or boundary-refined wrist branch met strict wrist-center/orientation/SEW tolerances,,,,,,,,,,,,,,,oracle_inconclusive,,
534,withdrawal,low,0.6332664944999999,tiago_sew,NUMERICAL_FAILURE,tiago_semi_analytic,c96a32d,median-body-4344-torso015-J1-root-robot-zminus020-v5,wrist_center,gripper_grasping_frame,,169.50790002010763,no exact or boundary-refined wrist branch met strict wrist-center/orientation/SEW tolerances,,,,,,,,,,,,,,,oracle_inconclusive,,
535,withdrawal,low,0.6326483915,tiago_sew,NUMERICAL_FAILURE,tiago_semi_analytic,c96a32d,median-body-4344-torso015-J1-root-robot-zminus020-v5,wrist_center,gripper_grasping_frame,,181.66759994346648,no exact or boundary-refined wrist branch met strict wrist-center/orientation/SEW tolerances,,,,,,,,,,,,,,,oracle_inconclusive,,
536,withdrawal,low,0.6323486485,tiago_sew,NUMERICAL_FAILURE,tiago_semi_analytic,c96a32d,median-body-4344-torso015-J1-root-robot-zminus020-v5,wrist_center,gripper_grasping_frame,,167.54240007139742,no exact or boundary-refined wrist branch met strict wrist-center/orientation/SEW tolerances,,,,,,,,,,,,,,,oracle_inconclusive,,
537,withdrawal,low,0.6318393405,tiago_sew,NUMERICAL_FAILURE,tiago_semi_analytic,c96a32d,median-body-4344-torso015-J1-root-robot-zminus020-v5,wrist_center,gripper_grasping_frame,,163.7555001070723,no exact or boundary-refined wrist branch met strict wrist-center/orientation/SEW tolerances,,,,,,,,,,,,,,,oracle_inconclusive,,
538,withdrawal,low,0.6313863675,tiago_sew,NUMERICAL_FAILURE,tiago_semi_analytic,c96a32d,median-body-4344-torso015-J1-root-robot-zminus020-v5,wrist_center,gripper_grasping_frame,,165.27029999997467,no exact or boundary-refined wrist branch met strict wrist-center/orientation/SEW tolerances,,,,,,,,,,,,,,,oracle_inconclusive,,
539,withdrawal,low,0.6311635895,tiago_sew,NUMERICAL_FAILURE,tiago_semi_analytic,c96a32d,median-body-4344-torso015-J1-root-robot-zminus020-v5,wrist_center,gripper_grasping_frame,,163.9230001019314,no exact or boundary-refined wrist branch met strict wrist-center/orientation/SEW tolerances,,,,,,,,,,,,,,,oracle_inconclusive,,
540,withdrawal,low,0.6310594485,tiago_sew,NUMERICAL_FAILURE,tiago_semi_analytic,c96a32d,median-body-4344-torso015-J1-root-robot-zminus020-v5,wrist_center,gripper_grasping_frame,,167.07680001854897,no exact or boundary-refined wrist branch met strict wrist-center/orientation/SEW tolerances,,,,,,,,,,,,,,,oracle_inconclusive,,
541,withdrawal,low,0.6309295655,tiago_sew,NUMERICAL_FAILURE,tiago_semi_analytic,c96a32d,median-body-4344-torso015-J1-root-robot-zminus020-v5,wrist_center,gripper_grasping_frame,,165.9561999840662,no exact or boundary-refined wrist branch met strict wrist-center/orientation/SEW tolerances,,,,,,,,,,,,,,,oracle_inconclusive,,
542,withdrawal,low,0.6309302215,tiago_sew,NUMERICAL_FAILURE,tiago_semi_analytic,c96a32d,median-body-4344-torso015-J1-root-robot-zminus020-v5,wrist_center,gripper_grasping_frame,,165.30740004964173,no exact or boundary-refined wrist branch met strict wrist-center/orientation/SEW tolerances,,,,,,,,,,,,,,,oracle_inconclusive,,
543,withdrawal,low,0.6310173795,tiago_sew,NUMERICAL_FAILURE,tiago_semi_analytic,c96a32d,median-body-4344-torso015-J1-root-robot-zminus020-v5,wrist_center,gripper_grasping_frame,,161.12269996665418,no exact or boundary-refined wrist branch met strict wrist-center/orientation/SEW tolerances,,,,,,,,,,,,,,,oracle_inconclusive,,
544,withdrawal,low,0.6311520995,tiago_sew,NUMERICAL_FAILURE,tiago_semi_analytic,c96a32d,median-body-4344-torso015-J1-root-robot-zminus020-v5,wrist_center,gripper_grasping_frame,,172.0668999478221,no exact or boundary-refined wrist branch met strict wrist-center/orientation/SEW tolerances,,,,,,,,,,,,,,,oracle_inconclusive,,
545,withdrawal,low,0.6315720524999999,tiago_sew,NUMERICAL_FAILURE,tiago_semi_analytic,c96a32d,median-body-4344-torso015-J1-root-robot-zminus020-v5,wrist_center,gripper_grasping_frame,,163.69279997888952,no exact or boundary-refined wrist branch met strict wrist-center/orientation/SEW tolerances,,,,,,,,,,,,,,,oracle_inconclusive,,
546,withdrawal,low,0.6317978515,tiago_sew,NUMERICAL_FAILURE,tiago_semi_analytic,c96a32d,median-body-4344-torso015-J1-root-robot-zminus020-v5,wrist_center,gripper_grasping_frame,,163.0599000491202,no exact or boundary-refined wrist branch met strict wrist-center/orientation/SEW tolerances,,,,,,,,,,,,,,,oracle_inconclusive,,
