frame,event,wrist_height_phase,wrist_z_world_m,base_yaw_deg,joint_limit_aware,method,status,backend,model_revision,calibration_revision,position_target_frame,orientation_target_frame,branch_id,solve_time_ms,message,arm_1_joint,arm_2_joint,arm_3_joint,arm_4_joint,arm_5_joint,arm_6_joint,arm_7_joint,wrist_center_position_error_mm,ee_orientation_error_deg,sew_angle_error_deg,joint_limit_margin_deg,grasping_frame_position_x_m,grasping_frame_position_y_m,grasping_frame_position_z_m,classification,j5_limit_margin_deg,j7_limit_margin_deg
246,transfer,low,0.5391029055,10.0,False,tiago_sew,NUMERICAL_FAILURE,tiago_semi_analytic,c96a32d,median-body-4344-torso015-J1-root-robot-zminus020-v5,wrist_center,gripper_grasping_frame,,190.62949996441603,no exact or boundary-refined wrist branch met strict wrist-center/orientation/SEW tolerances,,,,,,,,,,,,,,,oracle_inconclusive,,
247,transfer,low,0.5414948964999999,10.0,False,tiago_sew,NUMERICAL_FAILURE,tiago_semi_analytic,c96a32d,median-body-4344-torso015-J1-root-robot-zminus020-v5,wrist_center,gripper_grasping_frame,,190.62020001001656,no exact or boundary-refined wrist branch met strict wrist-center/orientation/SEW tolerances,,,,,,,,,,,,,,,oracle_inconclusive,,
248,transfer,low,0.5440187955,10.0,False,tiago_sew,NUMERICAL_FAILURE,tiago_semi_analytic,c96a32d,median-body-4344-torso015-J1-root-robot-zminus020-v5,wrist_center,gripper_grasping_frame,,191.49570004083216,no exact or boundary-refined wrist branch met strict wrist-center/orientation/SEW tolerances,,,,,,,,,,,,,,,oracle_inconclusive,,
249,transfer,low,0.5467581635,10.0,False,tiago_sew,NUMERICAL_FAILURE,tiago_semi_analytic,c96a32d,median-body-4344-torso015-J1-root-robot-zminus020-v5,wrist_center,gripper_grasping_frame,,191.41990004573017,no exact or boundary-refined wrist branch met strict wrist-center/orientation/SEW tolerances,,,,,,,,,,,,,,,oracle_inconclusive,,
250,transfer,low,0.5497920995,10.0,False,tiago_sew,NUMERICAL_FAILURE,tiago_semi_analytic,c96a32d,median-body-4344-torso015-J1-root-robot-zminus020-v5,wrist_center,gripper_grasping_frame,,193.01809999160469,no exact or boundary-refined wrist branch met strict wrist-center/orientation/SEW tolerances,,,,,,,,,,,,,,,oracle_inconclusive,,
251,transfer,low,0.5527286875,10.0,False,tiago_sew,NUMERICAL_FAILURE,tiago_semi_analytic,c96a32d,median-body-4344-torso015-J1-root-robot-zminus020-v5,wrist_center,gripper_grasping_frame,,194.04349999967963,no exact or boundary-refined wrist branch met strict wrist-center/orientation/SEW tolerances,,,,,,,,,,,,,,,oracle_inconclusive,,
252,transfer,low,0.5561167455,10.0,False,tiago_sew,NUMERICAL_FAILURE,tiago_semi_analytic,c96a32d,median-body-4344-torso015-J1-root-robot-zminus020-v5,wrist_center,gripper_grasping_frame,,196.58650003839284,no exact or boundary-refined wrist branch met strict wrist-center/orientation/SEW tolerances,,,,,,,,,,,,,,,oracle_inconclusive,,
253,transfer,low,0.5594463195,10.0,False,tiago_sew,NUMERICAL_FAILURE,tiago_semi_analytic,c96a32d,median-body-4344-torso015-J1-root-robot-zminus020-v5,wrist_center,gripper_grasping_frame,,202.79660006053746,no exact or boundary-refined wrist branch met strict wrist-center/orientation/SEW tolerances,,,,,,,,,,,,,,,oracle_inconclusive,,
254,transfer,low,0.5634185415,10.0,False,tiago_sew,NUMERICAL_FAILURE,tiago_semi_analytic,c96a32d,median-body-4344-torso015-J1-root-robot-zminus020-v5,wrist_center,gripper_grasping_frame,,213.80459994543344,no exact or boundary-refined wrist branch met strict wrist-center/orientation/SEW tolerances,,,,,,,,,,,,,,,oracle_inconclusive,,
255,transfer,low,0.5671762395,10.0,False,tiago_sew,NUMERICAL_FAILURE,tiago_semi_analytic,c96a32d,median-body-4344-torso015-J1-root-robot-zminus020-v5,wrist_center,gripper_grasping_frame,,249.4056000141427,no exact or boundary-refined wrist branch met strict wrist-center/orientation/SEW tolerances,,,,,,,,,,,,,,,oracle_inconclusive,,
256,transfer,low,0.5715490114999999,10.0,False,tiago_sew,NUMERICAL_FAILURE,tiago_semi_analytic,c96a32d,median-body-4344-torso015-J1-root-robot-zminus020-v5,wrist_center,gripper_grasping_frame,,257.93270010035485,no exact or boundary-refined wrist branch met strict wrist-center/orientation/SEW tolerances,,,,,,,,,,,,,,,oracle_inconclusive,,
257,transfer,low,0.5757935565,10.0,False,tiago_sew,NUMERICAL_FAILURE,tiago_semi_analytic,c96a32d,median-body-4344-torso015-J1-root-robot-zminus020-v5,wrist_center,gripper_grasping_frame,,258.2650000695139,no exact or boundary-refined wrist branch met strict wrist-center/orientation/SEW tolerances,,,,,,,,,,,,,,,oracle_inconclusive,,
258,transfer,low,0.5799008405,10.0,False,tiago_sew,NUMERICAL_FAILURE,tiago_semi_analytic,c96a32d,median-body-4344-torso015-J1-root-robot-zminus020-v5,wrist_center,gripper_grasping_frame,,264.5738000283018,no exact or boundary-refined wrist branch met strict wrist-center/orientation/SEW tolerances,,,,,,,,,,,,,,,oracle_inconclusive,,
259,transfer,low,0.5845581745,10.0,False,tiago_sew,NUMERICAL_FAILURE,tiago_semi_analytic,c96a32d,median-body-4344-torso015-J1-root-robot-zminus020-v5,wrist_center,gripper_grasping_frame,,301.3578000245616,no exact or boundary-refined wrist branch met strict wrist-center/orientation/SEW tolerances,,,,,,,,,,,,,,,oracle_inconclusive,,
260,transfer,low,0.5893740775,10.0,False,tiago_sew,NUMERICAL_FAILURE,tiago_semi_analytic,c96a32d,median-body-4344-torso015-J1-root-robot-zminus020-v5,wrist_center,gripper_grasping_frame,,315.59219991322607,no exact or boundary-refined wrist branch met strict wrist-center/orientation/SEW tolerances,,,,,,,,,,,,,,,oracle_inconclusive,,
261,transfer,low,0.5941267855,10.0,False,tiago_sew,NUMERICAL_FAILURE,tiago_semi_analytic,c96a32d,median-body-4344-torso015-J1-root-robot-zminus020-v5,wrist_center,gripper_grasping_frame,,321.73169997986406,no exact or boundary-refined wrist branch met strict wrist-center/orientation/SEW tolerances,,,,,,,,,,,,,,,oracle_inconclusive,,
262,transfer,low,0.5992256855,10.0,False,tiago_sew,NUMERICAL_FAILURE,tiago_semi_analytic,c96a32d,median-body-4344-torso015-J1-root-robot-zminus020-v5,wrist_center,gripper_grasping_frame,,321.2526000570506,no exact or boundary-refined wrist branch met strict wrist-center/orientation/SEW tolerances,,,,,,,,,,,,,,,oracle_inconclusive,,
263,transfer,low,0.6042907184999999,10.0,False,tiago_sew,NUMERICAL_FAILURE,tiago_semi_analytic,c96a32d,median-body-4344-torso015-J1-root-robot-zminus020-v5,wrist_center,gripper_grasping_frame,,322.5235999561846,no exact or boundary-refined wrist branch met strict wrist-center/orientation/SEW tolerances,,,,,,,,,,,,,,,oracle_inconclusive,,
264,transfer,low,0.6095669555,10.0,False,tiago_sew,NUMERICAL_FAILURE,tiago_semi_analytic,c96a32d,median-body-4344-torso015-J1-root-robot-zminus020-v5,wrist_center,gripper_grasping_frame,,330.66279999911785,no exact or boundary-refined wrist branch met strict wrist-center/orientation/SEW tolerances,,,,,,,,,,,,,,,oracle_inconclusive,,
265,transfer,low,0.6145818785,10.0,False,tiago_sew,NUMERICAL_FAILURE,tiago_semi_analytic,c96a32d,median-body-4344-torso015-J1-root-robot-zminus020-v5,wrist_center,gripper_grasping_frame,,360.34110002219677,no exact or boundary-refined wrist branch met strict wrist-center/orientation/SEW tolerances,,,,,,,,,,,,,,,oracle_inconclusive,,
266,transfer,low,0.6199098515,10.0,False,tiago_sew,NUMERICAL_FAILURE,tiago_semi_analytic,c96a32d,median-body-4344-torso015-J1-root-robot-zminus020-v5,wrist_center,gripper_grasping_frame,,331.5855999244377,no exact or boundary-refined wrist branch met strict wrist-center/orientation/SEW tolerances,,,,,,,,,,,,,,,oracle_inconclusive,,
267,transfer,low,0.6249511114999999,10.0,False,tiago_sew,NUMERICAL_FAILURE,tiago_semi_analytic,c96a32d,median-body-4344-torso015-J1-root-robot-zminus020-v5,wrist_center,gripper_grasping_frame,,339.55609996337444,no exact or boundary-refined wrist branch met strict wrist-center/orientation/SEW tolerances,,,,,,,,,,,,,,,oracle_inconclusive,,
268,transfer,low,0.6300454405,10.0,False,tiago_sew,NUMERICAL_FAILURE,tiago_semi_analytic,c96a32d,median-body-4344-torso015-J1-root-robot-zminus020-v5,wrist_center,gripper_grasping_frame,,336.3925999728963,no exact or boundary-refined wrist branch met strict wrist-center/orientation/SEW tolerances,,,,,,,,,,,,,,,oracle_inconclusive,,
269,transfer,low,0.6349883574999999,10.0,False,tiago_sew,NUMERICAL_FAILURE,tiago_semi_analytic,c96a32d,median-body-4344-torso015-J1-root-robot-zminus020-v5,wrist_center,gripper_grasping_frame,,313.10580007266253,no exact or boundary-refined wrist branch met strict wrist-center/orientation/SEW tolerances,,,,,,,,,,,,,,,oracle_inconclusive,,
270,transfer,low,0.6401263884999999,10.0,False,tiago_sew,NUMERICAL_FAILURE,tiago_semi_analytic,c96a32d,median-body-4344-torso015-J1-root-robot-zminus020-v5,wrist_center,gripper_grasping_frame,,301.10929999500513,no exact or boundary-refined wrist branch met strict wrist-center/orientation/SEW tolerances,,,,,,,,,,,,,,,oracle_inconclusive,,
271,transfer,low,0.6449289855,10.0,False,tiago_sew,NUMERICAL_FAILURE,tiago_semi_analytic,c96a32d,median-body-4344-torso015-J1-root-robot-zminus020-v5,wrist_center,gripper_grasping_frame,,281.9269000319764,no exact or boundary-refined wrist branch met strict wrist-center/orientation/SEW tolerances,,,,,,,,,,,,,,,oracle_inconclusive,,
272,transfer,low,0.6496673585,10.0,False,tiago_sew,NUMERICAL_FAILURE,tiago_semi_analytic,c96a32d,median-body-4344-torso015-J1-root-robot-zminus020-v5,wrist_center,gripper_grasping_frame,,284.88649998325855,no exact or boundary-refined wrist branch met strict wrist-center/orientation/SEW tolerances,,,,,,,,,,,,,,,oracle_inconclusive,,
273,transfer,low,0.6542023925,10.0,False,tiago_sew,NUMERICAL_FAILURE,tiago_semi_analytic,c96a32d,median-body-4344-torso015-J1-root-robot-zminus020-v5,wrist_center,gripper_grasping_frame,,262.72960007190704,no exact or boundary-refined wrist branch met strict wrist-center/orientation/SEW tolerances,,,,,,,,,,,,,,,oracle_inconclusive,,
274,transfer,low,0.6580980985,10.0,False,tiago_sew,NUMERICAL_FAILURE,tiago_semi_analytic,c96a32d,median-body-4344-torso015-J1-root-robot-zminus020-v5,wrist_center,gripper_grasping_frame,,259.5151000423357,no exact or boundary-refined wrist branch met strict wrist-center/orientation/SEW tolerances,,,,,,,,,,,,,,,oracle_inconclusive,,
275,transfer,low,0.6620984195,10.0,False,tiago_sew,NUMERICAL_FAILURE,tiago_semi_analytic,c96a32d,median-body-4344-torso015-J1-root-robot-zminus020-v5,wrist_center,gripper_grasping_frame,,287.90370002388954,no exact or boundary-refined wrist branch met strict wrist-center/orientation/SEW tolerances,,,,,,,,,,,,,,,oracle_inconclusive,,
276,transfer,low,0.6656996005,10.0,False,tiago_sew,NUMERICAL_FAILURE,tiago_semi_analytic,c96a32d,median-body-4344-torso015-J1-root-robot-zminus020-v5,wrist_center,gripper_grasping_frame,,253.5408999538049,no exact or boundary-refined wrist branch met strict wrist-center/orientation/SEW tolerances,,,,,,,,,,,,,,,oracle_inconclusive,,
277,transfer,low,0.6692936094999999,10.0,False,tiago_sew,NUMERICAL_FAILURE,tiago_semi_analytic,c96a32d,median-body-4344-torso015-J1-root-robot-zminus020-v5,wrist_center,gripper_grasping_frame,,243.08669997844845,no exact or boundary-refined wrist branch met strict wrist-center/orientation/SEW tolerances,,,,,,,,,,,,,,,oracle_inconclusive,,
278,transfer,low,0.6724705815,10.0,False,tiago_sew,NUMERICAL_FAILURE,tiago_semi_analytic,c96a32d,median-body-4344-torso015-J1-root-robot-zminus020-v5,wrist_center,gripper_grasping_frame,,233.2763000158593,no exact or boundary-refined wrist branch met strict wrist-center/orientation/SEW tolerances,,,,,,,,,,,,,,,oracle_inconclusive,,
279,transfer,low,0.6756038515,10.0,False,tiago_sew,NUMERICAL_FAILURE,tiago_semi_analytic,c96a32d,median-body-4344-torso015-J1-root-robot-zminus020-v5,wrist_center,gripper_grasping_frame,,231.06030002236366,no exact or boundary-refined wrist branch met strict wrist-center/orientation/SEW tolerances,,,,,,,,,,,,,,,oracle_inconclusive,,
280,transfer,low,0.6786935425,10.0,False,tiago_sew,NUMERICAL_FAILURE,tiago_semi_analytic,c96a32d,median-body-4344-torso015-J1-root-robot-zminus020-v5,wrist_center,gripper_grasping_frame,,248.0776000302285,no exact or boundary-refined wrist branch met strict wrist-center/orientation/SEW tolerances,,,,,,,,,,,,,,,oracle_inconclusive,,
281,transfer,low,0.6813432615,10.0,False,tiago_sew,NUMERICAL_FAILURE,tiago_semi_analytic,c96a32d,median-body-4344-torso015-J1-root-robot-zminus020-v5,wrist_center,gripper_grasping_frame,,234.2501999810338,no exact or boundary-refined wrist branch met strict wrist-center/orientation/SEW tolerances,,,,,,,,,,,,,,,oracle_inconclusive,,
282,transfer,low,0.6840066535,10.0,False,tiago_sew,NUMERICAL_FAILURE,tiago_semi_analytic,c96a32d,median-body-4344-torso015-J1-root-robot-zminus020-v5,wrist_center,gripper_grasping_frame,,226.2964000692591,no exact or boundary-refined wrist branch met strict wrist-center/orientation/SEW tolerances,,,,,,,,,,,,,,,oracle_inconclusive,,
283,transfer,low,0.6863383945,10.0,False,tiago_sew,NUMERICAL_FAILURE,tiago_semi_analytic,c96a32d,median-body-4344-torso015-J1-root-robot-zminus020-v5,wrist_center,gripper_grasping_frame,,374.8327000066638,no exact or boundary-refined wrist branch met strict wrist-center/orientation/SEW tolerances,,,,,,,,,,,,,,,oracle_inconclusive,,
284,transfer,low,0.6886425785,10.0,False,tiago_sew,NUMERICAL_FAILURE,tiago_semi_analytic,c96a32d,median-body-4344-torso015-J1-root-robot-zminus020-v5,wrist_center,gripper_grasping_frame,,369.75880002137274,no exact or boundary-refined wrist branch met strict wrist-center/orientation/SEW tolerances,,,,,,,,,,,,,,,oracle_inconclusive,,
285,transfer,low,0.6909087225,10.0,False,tiago_sew,NUMERICAL_FAILURE,tiago_semi_analytic,c96a32d,median-body-4344-torso015-J1-root-robot-zminus020-v5,wrist_center,gripper_grasping_frame,,371.9031000509858,no exact or boundary-refined wrist branch met strict wrist-center/orientation/SEW tolerances,,,,,,,,,,,,,,,oracle_inconclusive,,
286,transfer,low,0.6929632415,10.0,False,tiago_sew,NUMERICAL_FAILURE,tiago_semi_analytic,c96a32d,median-body-4344-torso015-J1-root-robot-zminus020-v5,wrist_center,gripper_grasping_frame,,367.27380007505417,no exact or boundary-refined wrist branch met strict wrist-center/orientation/SEW tolerances,,,,,,,,,,,,,,,oracle_inconclusive,,
287,transfer,low,0.6949409485,10.0,False,tiago_sew,NUMERICAL_FAILURE,tiago_semi_analytic,c96a32d,median-body-4344-torso015-J1-root-robot-zminus020-v5,wrist_center,gripper_grasping_frame,,359.7677000798285,no exact or boundary-refined wrist branch met strict wrist-center/orientation/SEW tolerances,,,,,,,,,,,,,,,oracle_inconclusive,,
288,transfer,low,0.6967947695,10.0,False,tiago_sew,NUMERICAL_FAILURE,tiago_semi_analytic,c96a32d,median-body-4344-torso015-J1-root-robot-zminus020-v5,wrist_center,gripper_grasping_frame,,367.01419996097684,no exact or boundary-refined wrist branch met strict wrist-center/orientation/SEW tolerances,,,,,,,,,,,,,,,oracle_inconclusive,,
289,transfer,low,0.6984560705,10.0,False,tiago_sew,NUMERICAL_FAILURE,tiago_semi_analytic,c96a32d,median-body-4344-torso015-J1-root-robot-zminus020-v5,wrist_center,gripper_grasping_frame,,389.08180000726134,no exact or boundary-refined wrist branch met strict wrist-center/orientation/SEW tolerances,,,,,,,,,,,,,,,oracle_inconclusive,,
290,transfer,low,0.7002297365,10.0,False,tiago_sew,NUMERICAL_FAILURE,tiago_semi_analytic,c96a32d,median-body-4344-torso015-J1-root-robot-zminus020-v5,wrist_center,gripper_grasping_frame,,352.1548999706283,no exact or boundary-refined wrist branch met strict wrist-center/orientation/SEW tolerances,,,,,,,,,,,,,,,oracle_inconclusive,,
291,transfer,low,0.7019214025,10.0,False,tiago_sew,NUMERICAL_FAILURE,tiago_semi_analytic,c96a32d,median-body-4344-torso015-J1-root-robot-zminus020-v5,wrist_center,gripper_grasping_frame,,351.75939998589456,no exact or boundary-refined wrist branch met strict wrist-center/orientation/SEW tolerances,,,,,,,,,,,,,,,oracle_inconclusive,,
292,transfer,low,0.7035164945,10.0,False,tiago_sew,NUMERICAL_FAILURE,tiago_semi_analytic,c96a32d,median-body-4344-torso015-J1-root-robot-zminus020-v5,wrist_center,gripper_grasping_frame,,360.3755000513047,no exact or boundary-refined wrist branch met strict wrist-center/orientation/SEW tolerances,,,,,,,,,,,,,,,oracle_inconclusive,,
293,transfer,low,0.7051006475,10.0,False,tiago_sew,NUMERICAL_FAILURE,tiago_semi_analytic,c96a32d,median-body-4344-torso015-J1-root-robot-zminus020-v5,wrist_center,gripper_grasping_frame,,327.4403000250459,no exact or boundary-refined wrist branch met strict wrist-center/orientation/SEW tolerances,,,,,,,,,,,,,,,oracle_inconclusive,,
294,transfer,low,0.7065601045,10.0,False,tiago_sew,NUMERICAL_FAILURE,tiago_semi_analytic,c96a32d,median-body-4344-torso015-J1-root-robot-zminus020-v5,wrist_center,gripper_grasping_frame,,341.6493999538943,no exact or boundary-refined wrist branch met strict wrist-center/orientation/SEW tolerances,,,,,,,,,,,,,,,oracle_inconclusive,,
295,transfer,low,0.7079556585,10.0,False,tiago_sew,NUMERICAL_FAILURE,tiago_semi_analytic,c96a32d,median-body-4344-torso015-J1-root-robot-zminus020-v5,wrist_center,gripper_grasping_frame,,370.7981000188738,no exact or boundary-refined wrist branch met strict wrist-center/orientation/SEW tolerances,,,,,,,,,,,,,,,oracle_inconclusive,,
296,transfer,low,0.7093632665,10.0,False,tiago_sew,NUMERICAL_FAILURE,tiago_semi_analytic,c96a32d,median-body-4344-torso015-J1-root-robot-zminus020-v5,wrist_center,gripper_grasping_frame,,341.54659998603165,no exact or boundary-refined wrist branch met strict wrist-center/orientation/SEW tolerances,,,,,,,,,,,,,,,oracle_inconclusive,,
297,transfer,low,0.7106765445000001,10.0,False,tiago_sew,NUMERICAL_FAILURE,tiago_semi_analytic,c96a32d,median-body-4344-torso015-J1-root-robot-zminus020-v5,wrist_center,gripper_grasping_frame,,341.7052000295371,no exact or boundary-refined wrist branch met strict wrist-center/orientation/SEW tolerances,,,,,,,,,,,,,,,oracle_inconclusive,,
298,transfer,low,0.7119821325,10.0,False,tiago_sew,NUMERICAL_FAILURE,tiago_semi_analytic,c96a32d,median-body-4344-torso015-J1-root-robot-zminus020-v5,wrist_center,gripper_grasping_frame,,422.78620006982237,no exact or boundary-refined wrist branch met strict wrist-center/orientation/SEW tolerances,,,,,,,,,,,,,,,oracle_inconclusive,,
299,transfer,low,0.7133957365,10.0,False,tiago_sew,NUMERICAL_FAILURE,tiago_semi_analytic,c96a32d,median-body-4344-torso015-J1-root-robot-zminus020-v5,wrist_center,gripper_grasping_frame,,354.1686999378726,no exact or boundary-refined wrist branch met strict wrist-center/orientation/SEW tolerances,,,,,,,,,,,,,,,oracle_inconclusive,,
300,transfer,low,0.7147060245,10.0,False,tiago_sew,NUMERICAL_FAILURE,tiago_semi_analytic,c96a32d,median-body-4344-torso015-J1-root-robot-zminus020-v5,wrist_center,gripper_grasping_frame,,353.2433999935165,no exact or boundary-refined wrist branch met strict wrist-center/orientation/SEW tolerances,,,,,,,,,,,,,,,oracle_inconclusive,,
301,transfer,low,0.7161315155,10.0,False,tiago_sew,NUMERICAL_FAILURE,tiago_semi_analytic,c96a32d,median-body-4344-torso015-J1-root-robot-zminus020-v5,wrist_center,gripper_grasping_frame,,345.7551000174135,no exact or boundary-refined wrist branch met strict wrist-center/orientation/SEW tolerances,,,,,,,,,,,,,,,oracle_inconclusive,,
302,transfer,middle,0.7174412695,10.0,False,tiago_sew,NUMERICAL_FAILURE,tiago_semi_analytic,c96a32d,median-body-4344-torso015-J1-root-robot-zminus020-v5,wrist_center,gripper_grasping_frame,,332.86630001384765,no exact or boundary-refined wrist branch met strict wrist-center/orientation/SEW tolerances,,,,,,,,,,,,,,,oracle_inconclusive,,
303,transfer,middle,0.7186700595,10.0,False,tiago_sew,NUMERICAL_FAILURE,tiago_semi_analytic,c96a32d,median-body-4344-torso015-J1-root-robot-zminus020-v5,wrist_center,gripper_grasping_frame,,324.48670000303537,no exact or boundary-refined wrist branch met strict wrist-center/orientation/SEW tolerances,,,,,,,,,,,,,,,oracle_inconclusive,,
304,transfer,middle,0.7200642855,10.0,False,tiago_sew,NUMERICAL_FAILURE,tiago_semi_analytic,c96a32d,median-body-4344-torso015-J1-root-robot-zminus020-v5,wrist_center,gripper_grasping_frame,,328.4569000825286,no exact or boundary-refined wrist branch met strict wrist-center/orientation/SEW tolerances,,,,,,,,,,,,,,,oracle_inconclusive,,
305,transfer,middle,0.7211980445,10.0,False,tiago_sew,NUMERICAL_FAILURE,tiago_semi_analytic,c96a32d,median-body-4344-torso015-J1-root-robot-zminus020-v5,wrist_center,gripper_grasping_frame,,326.08219992835075,no exact or boundary-refined wrist branch met strict wrist-center/orientation/SEW tolerances,,,,,,,,,,,,,,,oracle_inconclusive,,
306,transfer,middle,0.7224806675,10.0,False,tiago_sew,NUMERICAL_FAILURE,tiago_semi_analytic,c96a32d,median-body-4344-torso015-J1-root-robot-zminus020-v5,wrist_center,gripper_grasping_frame,,324.40879999194294,no exact or boundary-refined wrist branch met strict wrist-center/orientation/SEW tolerances,,,,,,,,,,,,,,,oracle_inconclusive,,
307,transfer,middle,0.7238728025,10.0,False,tiago_sew,NUMERICAL_FAILURE,tiago_semi_analytic,c96a32d,median-body-4344-torso015-J1-root-robot-zminus020-v5,wrist_center,gripper_grasping_frame,,335.17129998654127,no exact or boundary-refined wrist branch met strict wrist-center/orientation/SEW tolerances,,,,,,,,,,,,,,,oracle_inconclusive,,
308,transfer,middle,0.7250418095,10.0,False,tiago_sew,NUMERICAL_FAILURE,tiago_semi_analytic,c96a32d,median-body-4344-torso015-J1-root-robot-zminus020-v5,wrist_center,gripper_grasping_frame,,314.8592000361532,no exact or boundary-refined wrist branch met strict wrist-center/orientation/SEW tolerances,,,,,,,,,,,,,,,oracle_inconclusive,,
309,transfer,middle,0.7262054595,10.0,False,tiago_sew,NUMERICAL_FAILURE,tiago_semi_analytic,c96a32d,median-body-4344-torso015-J1-root-robot-zminus020-v5,wrist_center,gripper_grasping_frame,,322.5889999885112,no exact or boundary-refined wrist branch met strict wrist-center/orientation/SEW tolerances,,,,,,,,,,,,,,,oracle_inconclusive,,
310,transfer,middle,0.7274549865,10.0,False,tiago_sew,NUMERICAL_FAILURE,tiago_semi_analytic,c96a32d,median-body-4344-torso015-J1-root-robot-zminus020-v5,wrist_center,gripper_grasping_frame,,326.4382000779733,no exact or boundary-refined wrist branch met strict wrist-center/orientation/SEW tolerances,,,,,,,,,,,,,,,oracle_inconclusive,,
311,transfer,middle,0.7286451414999999,10.0,False,tiago_sew,NUMERICAL_FAILURE,tiago_semi_analytic,c96a32d,median-body-4344-torso015-J1-root-robot-zminus020-v5,wrist_center,gripper_grasping_frame,,317.03210005071014,no exact or boundary-refined wrist branch met strict wrist-center/orientation/SEW tolerances,,,,,,,,,,,,,,,oracle_inconclusive,,
312,transfer,middle,0.7296663365,10.0,False,tiago_sew,NUMERICAL_FAILURE,tiago_semi_analytic,c96a32d,median-body-4344-torso015-J1-root-robot-zminus020-v5,wrist_center,gripper_grasping_frame,,320.6330999964848,no exact or boundary-refined wrist branch met strict wrist-center/orientation/SEW tolerances,,,,,,,,,,,,,,,oracle_inconclusive,,
313,transfer,middle,0.7309205624999999,10.0,False,tiago_sew,NUMERICAL_FAILURE,tiago_semi_analytic,c96a32d,median-body-4344-torso015-J1-root-robot-zminus020-v5,wrist_center,gripper_grasping_frame,,342.28409989736974,no exact or boundary-refined wrist branch met strict wrist-center/orientation/SEW tolerances,,,,,,,,,,,,,,,oracle_inconclusive,,
314,transfer,middle,0.7320657655,10.0,False,tiago_sew,NUMERICAL_FAILURE,tiago_semi_analytic,c96a32d,median-body-4344-torso015-J1-root-robot-zminus020-v5,wrist_center,gripper_grasping_frame,,364.56639994867146,no exact or boundary-refined wrist branch met strict wrist-center/orientation/SEW tolerances,,,,,,,,,,,,,,,oracle_inconclusive,,
315,transfer,middle,0.7333646245,10.0,False,tiago_sew,SUCCESS_EXACT,tiago_semi_analytic,c96a32d,median-body-4344-torso015-J1-root-robot-zminus020-v5,wrist_center,gripper_grasping_frame,seed-0-wrist-1,9.597700089216232,,1.0723323920850103,-0.3156967021319367,-2.0409165582564737,2.3561899999999993,0.28303227814402465,-0.5365403085465821,-1.9039909134838204,0.8896278785265275,3.0959201000216344e-14,0.0427231258012948,2.5444437451708134e-14,0.3150480428064771,0.3627582466278087,0.7382022444121314,reachable_success,103.78372560857419,10.90963703831843
316,transfer,middle,0.7347269285,10.0,False,tiago_sew,SUCCESS_EXACT,tiago_semi_analytic,c96a32d,median-body-4344-torso015-J1-root-robot-zminus020-v5,wrist_center,gripper_grasping_frame,seed-0-wrist-0,3.0709999846294522,,1.0795402006613068,-0.3117424610285382,-2.043245948071255,2.3506136485297375,0.27796378128129273,-0.5324863626425067,-1.8972078134727353,2.5589376332604514e-13,6.692844789911053e-14,2.5444437451708134e-14,0.3195014043275985,0.31563425874989937,0.36554994669723806,0.7399616119651263,reachable_success,104.07412908728402,11.298280040968752
317,transfer,middle,0.7359221045,10.0,False,tiago_sew,SUCCESS_EXACT,tiago_semi_analytic,c96a32d,median-body-4344-torso015-J1-root-robot-zminus020-v5,wrist_center,gripper_grasping_frame,seed-0-wrist-0,3.06710007134825,,1.0857648587998614,-0.30282589181579134,-2.0423747047464613,2.3412622260620513,0.28441596129108726,-0.5342994733417523,-1.898103391038024,1.6653345369377348e-13,6.131661247549298e-14,5.088887490341627e-14,0.8552984441698356,0.31635586734917387,0.3686206400856086,0.7397132081449137,reachable_success,103.70444640406411,11.246967226251103
318,transfer,middle,0.7371822205,10.0,False,tiago_sew,SUCCESS_EXACT,tiago_semi_analytic,c96a32d,median-body-4344-torso015-J1-root-robot-zminus020-v5,wrist_center,gripper_grasping_frame,seed-0-wrist-0,3.228000015951693,,1.0927297284701036,-0.29663795766643125,-2.0434559560173122,2.3320350175571662,0.2926823550411175,-0.526521205142283,-1.9053774795641294,3.152427400121712e-13,5.086305429077226e-14,2.5444437451708134e-14,1.383978548186965,0.31725351057819623,0.3715872471282793,0.742198970829736,reachable_success,103.23081693039406,10.83019265390073
319,transfer,middle,0.7384448855,10.0,False,tiago_sew,SUCCESS_EXACT,tiago_semi_analytic,c96a32d,median-body-4344-torso015-J1-root-robot-zminus020-v5,wrist_center,gripper_grasping_frame,seed-0-wrist-0,3.237399971112609,,1.0997645535166056,-0.29022196961972285,-2.0443265113608677,2.322772619372612,0.29459448381578834,-0.5280297931356817,-1.9074264471981364,1.594436429147036e-13,4.609091622065581e-14,0.0,1.9146748723315634,0.31836575383898574,0.3748186313976013,0.742636947412872,reachable_success,103.1212600217199,10.712795456113223
320,transfer,middle,0.7398752905,10.0,False,tiago_sew,SUCCESS_EXACT,tiago_semi_analytic,c96a32d,median-body-4344-torso015-J1-root-robot-zminus020-v5,wrist_center,gripper_grasping_frame,seed-0-wrist-0,3.7468000082299113,,1.105720009969034,-0.2824441008621512,-2.044881357155825,2.3120938545574683,0.30095588514633764,-0.5259080010459125,-1.9117173785517068,2.288783399261119e-13,2.061822315292432e-14,2.5444437451708134e-14,2.526523026652094,0.320046036573195,0.3779498416774997,0.7438679730188891,reachable_success,102.75677857369051,10.466943199373283
321,transfer,middle,0.7410793915,10.0,False,tiago_sew,SUCCESS_EXACT,tiago_semi_analytic,c96a32d,median-body-4344-torso015-J1-root-robot-zminus020-v5,wrist_center,gripper_grasping_frame,seed-0-wrist-0,4.046499961987138,,1.1123475033661017,-0.27642301473979564,-2.0455386916360956,2.3021831015234446,0.3056459182401925,-0.5221337979739769,-1.9173127209650271,1.2719202621569003e-13,1.0564399035766271e-13,2.5444437451708134e-14,3.094367347298126,0.3214803754681409,0.3811527732892932,0.7454417917325905,reachable_success,102.48805947163595,10.14635369415948
322,transfer,middle,0.7423973085,10.0,False,tiago_sew,SUCCESS_EXACT,tiago_semi_analytic,c96a32d,median-body-4344-torso015-J1-root-robot-zminus020-v5,wrist_center,gripper_grasping_frame,seed-0-wrist-0,3.203699947334826,,1.1191378382798172,-0.26887226366896394,-2.045600147442334,2.291829825915564,0.30723787082883014,-0.519268301557823,-1.9173961851893528,2.3551386880256624e-13,2.5918240612730315e-14,2.5444437451708134e-14,3.6875663437654373,0.32310348007368145,0.3847229645134944,0.7466056752240324,reachable_success,102.39684730712209,10.141571546365284
323,transfer,middle,0.7437581175,10.0,False,tiago_sew,SUCCESS_EXACT,tiago_semi_analytic,c96a32d,median-body-4344-torso015-J1-root-robot-zminus020-v5,wrist_center,gripper_grasping_frame,seed-0-wrist-0,3.747300012037158,,1.125093243632778,-0.26048566692924063,-2.045190795463264,2.281117358150933,0.30802252809253305,-0.5144395124487309,-1.9169418212938734,3.295791996826257e-13,9.427654672458576e-14,2.5444437451708134e-14,4.301345534848729,0.32519043584991997,0.3883026718939967,0.7480316785999925,reachable_success,102.35188975754762,10.167604679939382
324,transfer,middle,0.7451652525,10.0,False,tiago_sew,SUCCESS_EXACT,tiago_semi_analytic,c96a32d,median-body-4344-torso015-J1-root-robot-zminus020-v5,wrist_center,gripper_grasping_frame,seed-0-wrist-0,3.217900055460632,,1.1320398738375161,-0.25426339177128665,-2.0463297930730455,2.2707081583456676,0.30927681571448984,-0.5107410284886909,-1.9124259955680643,2.5438405243138007e-13,3.5175992023923107e-14,2.5444437451708134e-14,4.897748751798831,0.32698245845332347,0.3917948744766511,0.7498168790648432,reachable_success,102.280024370514,10.426342435044846
325,transfer,middle,0.7467193305,10.0,False,tiago_sew,SUCCESS_EXACT,tiago_semi_analytic,c96a32d,median-body-4344-torso015-J1-root-robot-zminus020-v5,wrist_center,gripper_grasping_frame,seed-0-wrist-0,2.737000002525747,,1.1381557683917274,-0.24547059510577385,-2.0462513974125778,2.2594444936652387,0.31484131722157915,-0.5084094652664235,-1.9105775501533548,2.0955000055363632e-13,4.112225867952653e-14,2.5444437451708134e-14,5.54310919983798,0.3287014750305582,0.3952174225124706,0.7510436025136299,reachable_success,101.9612019190636,10.532250555968004
326,transfer,middle,0.7481452635,10.0,False,tiago_sew,SUCCESS_EXACT,tiago_semi_analytic,c96a32d,median-body-4344-torso015-J1-root-robot-zminus020-v5,wrist_center,gripper_grasping_frame,seed-0-wrist-0,2.904499997384846,,1.1449383402334574,-0.23799252016180028,-2.0463760858554245,2.2479244269033707,0.3193416454341911,-0.5007077455905966,-1.9106791430717136,3.14018491736755e-13,3.7749319472440503e-14,2.5444437451708134e-14,6.203160405001958,0.33068483314748265,0.3989142319111069,0.7534523614481337,reachable_success,101.70335210605728,10.526429710517629
327,transfer,middle,0.7494385375,10.0,False,tiago_sew,SUCCESS_EXACT,tiago_semi_analytic,c96a32d,median-body-4344-torso015-J1-root-robot-zminus020-v5,wrist_center,gripper_grasping_frame,seed-0-wrist-0,3.450299962423742,,1.151246273969549,-0.230322835337182,-2.0458062884351556,2.2372642239936096,0.3305695689041026,-0.4972647308529967,-1.9172675496124807,1.9229626863835638e-13,7.230837382970151e-14,2.5444437451708134e-14,6.81394504048435,0.3316458174431779,0.40206526890735816,0.7548415059762801,reachable_success,101.06003947853547,10.148941822015288
328,transfer,middle,0.7509701845000001,10.0,False,tiago_sew,SUCCESS_EXACT,tiago_semi_analytic,c96a32d,median-body-4344-torso015-J1-root-robot-zminus020-v5,wrist_center,gripper_grasping_frame,seed-0-wrist-0,3.53670003823936,,1.1569880528036902,-0.22182178584450132,-2.0455109617994407,2.2256963472273,0.34531660429655453,-0.49064261440549783,-1.9303063102461842,2.7336071744532854e-13,3.4504500265165933e-14,2.5444437451708134e-14,7.476735557121335,0.3329917109386573,0.4051127584003119,0.7571545316534702,reachable_success,100.21509659021793,9.401875867622758
329,transfer,middle,0.7525186765,10.0,False,tiago_sew,SUCCESS_EXACT,tiago_semi_analytic,c96a32d,median-body-4344-torso015-J1-root-robot-zminus020-v5,wrist_center,gripper_grasping_frame,seed-0-wrist-0,3.2664999598637223,,1.1634040430316246,-0.2154643882536364,-2.0466602304815456,2.214535389438901,0.3526862874285195,-0.49390958676817265,-1.936592238678645,3.2368285245694687e-13,3.6261679616594695e-14,0.0,8.116211333720269,0.3344076506962243,0.40822298607547963,0.7578594930901754,reachable_success,99.79284485040758,9.04171869812147
330,transfer,middle,0.7539061895,10.0,False,tiago_sew,SUCCESS_EXACT,tiago_semi_analytic,c96a32d,median-body-4344-torso015-J1-root-robot-zminus020-v5,wrist_center,gripper_grasping_frame,seed-0-wrist-0,3.3014999935403466,,1.170012264878744,-0.2075307820954942,-2.04596035209748,2.2028214123464074,0.35643902466413513,-0.49118479517334634,-1.9414258934728306,2.989366980140908e-13,5.6144507478045105e-14,2.5444437451708134e-14,8.764770678791457,0.3362555202686751,0.411995794555879,0.7590783392751788,reachable_success,99.57782884518521,8.764770678791457
331,transfer,middle,0.7553989875,10.0,False,tiago_sew,SUCCESS_EXACT,tiago_semi_analytic,c96a32d,median-body-4344-torso015-J1-root-robot-zminus020-v5,wrist_center,gripper_grasping_frame,seed-0-wrist-0,3.8296999409794807,,1.17681828992773,-0.19901745358222317,-2.0451832018973444,2.190846514764619,0.36474164731864,-0.48646644283680374,-1.9499682965067402,3.4219371797089427e-13,3.9907335511772355e-14,2.5444437451708134e-14,8.275327038048685,0.337767465899451,0.41570995964677493,0.7608299491718087,reachable_success,99.10212360819237,8.275327038048685
332,transfer,middle,0.7570171514999999,10.0,False,tiago_sew,SUCCESS_EXACT,tiago_semi_analytic,c96a32d,median-body-4344-torso015-J1-root-robot-zminus020-v5,wrist_center,gripper_grasping_frame,seed-0-wrist-0,3.2192000653594732,,1.182812825473817,-0.19089864308558832,-2.0451151347185803,2.179271640109125,0.36247736277426856,-0.48471046096601444,-1.9448674584539525,3.040470972244059e-13,8.687807462886429e-14,0.0,8.56758353045315,0.34021378782531925,0.4194842675177285,0.7620504336325696,reachable_success,99.23185755620156,8.56758353045315
333,transfer,middle,0.7586256714999999,10.0,False,tiago_sew,SUCCESS_EXACT,tiago_semi_analytic,c96a32d,median-body-4344-torso015-J1-root-robot-zminus020-v5,wrist_center,gripper_grasping_frame,seed-0-wrist-0,2.737900009378791,,1.188980666073004,-0.18396749988535643,-2.0456608386401247,2.166923097014251,0.36891570103899074,-0.4870160594949069,-1.946257961526534,3.188872858294072e-13,7.586871836010497e-14,2.5444437451708134e-14,8.487913572994252,0.3421909859712246,0.4228574842895291,0.7629199282725048,reachable_success,98.8629679465554,8.487913572994252
334,transfer,middle,0.7603572085,10.0,False,tiago_sew,SUCCESS_EXACT,tiago_semi_analytic,c96a32d,median-body-4344-torso015-J1-root-robot-zminus020-v5,wrist_center,gripper_grasping_frame,seed-0-wrist-0,3.182700020261109,,1.1959370527343947,-0.17485924945458695,-2.0450520058661508,2.154134365003512,0.3729083779057998,-0.482498543068854,-1.9487011666802907,5.353301558149145e-13,4.3983161347852726e-14,5.088887490341627e-14,8.347928229199386,0.34423889135828806,0.4269183970626445,0.7647980901110141,reachable_success,98.63420441312772,8.347928229199386
335,transfer,middle,0.7617933045,10.0,False,tiago_sew,SUCCESS_EXACT,tiago_semi_analytic,c96a32d,median-body-4344-torso015-J1-root-robot-zminus020-v5,wrist_center,gripper_grasping_frame,seed-0-wrist-0,3.6146000493317842,,1.2023155710122397,-0.16735830656086614,-2.0443934400911794,2.1423623303641888,0.3824148582608786,-0.4766621027663027,-1.953520754723728,7.850462293418876e-14,6.660787256381267e-14,0.0,8.071786175318708,0.3457990197537133,0.43041465444677895,0.7669470618523432,reachable_success,98.08952321075768,8.071786175318708
336,transfer,middle,0.7635580445,10.0,False,tiago_sew,SUCCESS_EXACT,tiago_semi_analytic,c96a32d,median-body-4344-torso015-J1-root-robot-zminus020-v5,wrist_center,gripper_grasping_frame,seed-0-wrist-0,3.1660000095143914,,1.2090131923437728,-0.16034985184449066,-2.0451658702112008,2.1294250959753542,0.3899528588563186,-0.47225647869379994,-1.9595890609605942,1.6653345369377348e-13,7.582443765291888e-14,2.5444437451708134e-14,7.724097839153369,0.34797572653514214,0.4340467243602286,0.7694408991742353,reachable_success,97.65762759067186,7.724097839153369
337,transfer,middle,0.7653545225,10.0,False,tiago_sew,SUCCESS_EXACT,tiago_semi_analytic,c96a32d,median-body-4344-torso015-J1-root-robot-zminus020-v5,wrist_center,gripper_grasping_frame,seed-0-wrist-0,3.1736999517306685,,1.214781717741257,-0.15290880545149685,-2.0456928398277485,2.1168574134253815,0.4022512590931622,-0.4685269055146626,-1.9738203152268383,2.7755575615628914e-13,8.964029864211303e-14,2.5444437451708134e-14,6.908707032520031,0.34986873869339513,0.4371958982503717,0.7718487000533532,reachable_success,96.95298116233803,6.908707032520031
338,transfer,middle,0.7669615784999999,10.0,False,tiago_sew,SUCCESS_EXACT,tiago_semi_analytic,c96a32d,median-body-4344-torso015-J1-root-robot-zminus020-v5,wrist_center,gripper_grasping_frame,seed-0-wrist-0,3.0607000226154923,,1.2212195327708641,-0.14528746219399863,-2.0452530030159597,2.1040728126232455,0.406011451116262,-0.46599558646104855,-1.9760692786012442,1.3597399555105182e-13,3.1014790844025495e-14,2.5444437451708134e-14,6.779850922887077,0.35213555570830957,0.4410206499016947,0.7734776027100355,reachable_success,96.73753802925566,6.779850922887077
339,transfer,middle,0.7687329105,10.0,False,tiago_sew,SUCCESS_EXACT,tiago_semi_analytic,c96a32d,median-body-4344-torso015-J1-root-robot-zminus020-v5,wrist_center,gripper_grasping_frame,seed-0-wrist-0,3.118599997833371,,1.2282029537981667,-0.1389884614079506,-2.0462934321967885,2.0912346112968834,0.41091370937087923,-0.46804143112987306,-1.9827301939071802,2.989366980140908e-13,6.594473360700491e-14,0.0,6.39820858816285,0.35407045089357386,0.44462864571625454,0.7748056868479358,reachable_success,96.45665932118293,6.39820858816285
340,transfer,middle,0.7704467475000001,10.0,False,tiago_sew,SUCCESS_EXACT,tiago_semi_analytic,c96a32d,median-body-4344-torso015-J1-root-robot-zminus020-v5,wrist_center,gripper_grasping_frame,seed-0-wrist-0,2.9316000873222947,,1.23398093714575,-0.13161749594092592,-2.0462222764114437,2.0780059037571843,0.41250438030895165,-0.47279217812604735,-1.9850129452512935,1.9229626863835638e-13,4.790546444410098e-14,2.5444437451708134e-14,6.267416570467344,0.35662293622007957,0.44821767509897203,0.7751725689178448,reachable_success,96.36552058983726,6.267416570467344
341,transfer,middle,0.7722958685,10.0,False,tiago_sew,SUCCESS_EXACT,tiago_semi_analytic,c96a32d,median-body-4344-torso015-J1-root-robot-zminus020-v5,wrist_center,gripper_grasping_frame,seed-0-wrist-0,3.185400040820241,,1.2405925606036694,-0.12489508278235634,-2.047081684405338,2.065227895221934,0.41919477312862075,-0.4712176417982934,-1.9944171539464248,1.9229626863835638e-13,8.068427098580309e-14,2.5444437451708134e-14,5.728595102576086,0.3586016267534699,0.45171698393592374,0.7772925816621357,reachable_success,95.98218931798559,5.728595102576086
342,transfer,middle,0.7738430175,10.0,False,tiago_sew,SUCCESS_EXACT,tiago_semi_analytic,c96a32d,median-body-4344-torso015-J1-root-robot-zminus020-v5,wrist_center,gripper_grasping_frame,seed-0-wrist-0,3.2160000409930944,,1.247018126912881,-0.11788938132899908,-2.0465261077021975,2.0524640715180666,0.42731737508686507,-0.47334694846793113,-2.0020363902842098,2.7755575615628914e-13,5.591690578674486e-14,2.5444437451708134e-14,5.292045017308295,0.360240594424858,0.4552140936708823,0.7781561053195504,reachable_success,95.51679850711349,5.292045017308295
343,transfer,middle,0.7756531675,10.0,False,tiago_sew,SUCCESS_EXACT,tiago_semi_analytic,c96a32d,median-body-4344-torso015-J1-root-robot-zminus020-v5,wrist_center,gripper_grasping_frame,seed-0-wrist-0,3.2384999794885516,,1.2530415812797613,-0.11155297876129217,-2.047274542636805,2.0387060909393315,0.4315473055711454,-0.47319146500316656,-2.0082991264932977,3.37661150723213e-13,3.35753729687056e-14,5.088887490341627e-14,4.933216664323798,0.36304319434404436,0.4587561281120198,0.7799907316570096,reachable_success,95.2744413427305,4.933216664323798
344,transfer,middle,0.7772374575000001,10.0,False,tiago_sew,SUCCESS_EXACT,tiago_semi_analytic,c96a32d,median-body-4344-torso015-J1-root-robot-zminus020-v5,wrist_center,gripper_grasping_frame,seed-0-wrist-0,3.162599983625114,,1.2599434794285012,-0.10635427175709433,-2.048126103465356,2.0266428660302673,0.43404114595099763,-0.46944669399176764,-2.01454177257383,3.2368285245694687e-13,4.126088895253947e-14,2.5444437451708134e-14,4.5755393909154005,0.3651198951200854,0.462385328119497,0.7823684758816778,reachable_success,95.13155481418566,4.5755393909154005
345,transfer,middle,0.7786723935,10.0,False,tiago_sew,SUCCESS_EXACT,tiago_semi_analytic,c96a32d,median-body-4344-torso015-J1-root-robot-zminus020-v5,wrist_center,gripper_grasping_frame,seed-0-wrist-0,2.7915999526157975,,1.2658481489254367,-0.09865492090179977,-2.046411551118785,2.0138475158270217,0.44802308851783135,-0.46765789804181557,-2.0282997134072422,3.554447978966673e-13,8.557516141060523e-14,0.0,3.7872674463701896,0.3665478365817495,0.465730296776319,0.7838224040159721,reachable_success,94.33044851571178,3.7872674463701896
346,transfer,middle,0.7801612554999999,10.0,False,tiago_sew,SUCCESS_EXACT,tiago_semi_analytic,c96a32d,median-body-4344-torso015-J1-root-robot-zminus020-v5,wrist_center,gripper_grasping_frame,seed-0-wrist-0,2.891700016334653,,1.271676618120044,-0.0934782260924923,-2.046734471226205,2.0008863772874736,0.44947471475270806,-0.47452114629852815,-2.0312697446733523,2.220446049250313e-13,9.673333931609425e-14,2.5444437451708134e-14,3.6170971898001865,0.3689613018273051,0.46904905509022554,0.7839460721448476,reachable_success,94.24727645902287,3.6170971898001865
347,transfer,middle,0.7816918335,10.0,False,tiago_sew,SUCCESS_EXACT,tiago_semi_analytic,c96a32d,median-body-4344-torso015-J1-root-robot-zminus020-v5,wrist_center,gripper_grasping_frame,seed-0-wrist-0,2.904699998907745,,1.277975418041021,-0.0877808752439263,-2.046812136547452,1.9885758667518927,0.4481261549641573,-0.48201786384983114,-2.030385722558181,2.5438405243138007e-13,3.997993370600061e-14,5.088887490341627e-14,3.667747925995721,0.3709624465262723,0.4725222081972278,0.783793190047864,reachable_success,94.3245432433279,3.667747925995721
348,transfer,middle,0.7830406495,10.0,False,tiago_sew,SUCCESS_EXACT,tiago_semi_analytic,c96a32d,median-body-4344-torso015-J1-root-robot-zminus020-v5,wrist_center,gripper_grasping_frame,seed-0-wrist-0,3.8488999707624316,,1.2832980402551275,-0.08092868733402403,-2.045267830272458,1.9761455668084613,0.4485032202253434,-0.48115067128563727,-2.032639692977254,2.482534153247273e-13,7.675718341902185e-14,2.5444437451708134e-14,3.5386049338355208,0.3735676497168747,0.47609392430360026,0.7847645505067566,reachable_success,94.30293899526093,3.5386049338355208
349,transfer,middle,0.7844298405000001,10.0,False,tiago_sew,SUCCESS_EXACT,tiago_semi_analytic,c96a32d,median-body-4344-torso015-J1-root-robot-zminus020-v5,wrist_center,gripper_grasping_frame,seed-0-wrist-0,3.1612999737262726,,1.28888486925152,-0.07609289621774773,-2.045408436659604,1.9639333896612354,0.45194971702187914,-0.48437141999436184,-2.0373274639064736,1.570092458683775e-13,8.318466374514762e-14,2.5444437451708134e-14,3.2700154442671128,0.37575225638204957,0.4792030160714185,0.7855708715799333,reachable_success,94.10546927471407,3.2700154442671128
350,transfer,middle,0.7855509645000001,10.0,False,tiago_sew,SUCCESS_EXACT,tiago_semi_analytic,c96a32d,median-body-4344-torso015-J1-root-robot-zminus020-v5,wrist_center,gripper_grasping_frame,seed-0-wrist-0,2.6897999923676252,,1.2943742730022676,-0.07047598309529512,-2.043910889549693,1.9514304561505493,0.45624752153918724,-0.4863425358823532,-2.0429876450881386,2.288783399261119e-13,3.3530775540608375e-14,7.63333123551244e-14,2.945710951278337,0.37796481116657366,0.4825440611505142,0.7860292182668338,reachable_success,93.85922321470005,2.945710951278337
351,transfer,middle,0.7867948305,10.0,False,tiago_sew,SUCCESS_EXACT,tiago_semi_analytic,c96a32d,median-body-4344-torso015-J1-root-robot-zminus020-v5,wrist_center,gripper_grasping_frame,seed-0-wrist-0,2.81929993070662,,1.3005124025223402,-0.06494667702689003,-2.0429329047941684,1.9396305939539806,0.45084977756524225,-0.48666319782133316,-2.0377935400498197,2.482534153247273e-13,2.5654357948501198e-14,0.0,3.243311248321644,0.3804544161956339,0.48631448888169815,0.7867399396688598,reachable_success,94.16849116329928,3.243311248321644
352,transfer,middle,0.7879149785,10.0,False,tiago_sew,SUCCESS_EXACT,tiago_semi_analytic,c96a32d,median-body-4344-torso015-J1-root-robot-zminus020-v5,wrist_center,gripper_grasping_frame,seed-0-wrist-0,3.1057000160217285,,1.3054298431681188,-0.05878674571757529,-2.0409383101624243,1.9275207042482505,0.4591637082344544,-0.4873301299027304,-2.045345016641787,3.040470972244059e-13,4.8057340431051854e-14,0.0,2.8106435105100953,0.38237118434479606,0.48935624867708183,0.7874256535437348,reachable_success,93.69213802478905,2.8106435105100953
353,transfer,middle,0.7889873654999999,10.0,False,tiago_sew,SUCCESS_EXACT,tiago_semi_analytic,c96a32d,median-body-4344-torso015-J1-root-robot-zminus020-v5,wrist_center,gripper_grasping_frame,seed-0-wrist-0,3.0888000037521124,,1.3113659898907337,-0.054049559819957696,-2.039829480528522,1.9147334041067188,0.46748329950214984,-0.4871870557708866,-2.0499736414630014,2.603703785810335e-13,6.184010867474504e-14,2.5444437451708134e-14,2.5454428433050023,0.38437205866518154,0.4926519759353438,0.788568474840227,reachable_success,93.2154605578762,2.5454428433050023
354,transfer,middle,0.7900637815,10.0,False,tiago_sew,SUCCESS_EXACT,tiago_semi_analytic,c96a32d,median-body-4344-torso015-J1-root-robot-zminus020-v5,wrist_center,gripper_grasping_frame,seed-0-wrist-0,2.959999954327941,,1.3166105296945536,-0.04940733270088793,-2.0389201287789054,1.9036820088752526,0.46084325143085714,-0.49083620129818195,-2.045071622475951,1.3597399555105182e-13,4.8450315556645894e-14,0.0,2.826307842355994,0.386903881711154,0.4959501585805021,0.7885095602408567,reachable_success,93.59590728812526,2.826307842355994
355,transfer,middle,0.7909756164999999,10.0,False,tiago_sew,SUCCESS_EXACT,tiago_semi_analytic,c96a32d,median-body-4344-torso015-J1-root-robot-zminus020-v5,wrist_center,gripper_grasping_frame,seed-0-wrist-0,2.673999988473952,,1.3217733580650277,-0.04233061196737505,-2.035276902632935,1.8911621462770272,0.4715481510158641,-0.48816173803332674,-2.0548447946468373,3.188872858294072e-13,8.58486881532744e-14,2.5444437451708134e-14,2.2663463245094913,0.38871637512797536,0.49931124857410647,0.7893746703300287,reachable_success,92.982561721793,2.2663463245094913
356,transfer,middle,0.7918914795,10.0,False,tiago_sew,SUCCESS_EXACT,tiago_semi_analytic,c96a32d,median-body-4344-torso015-J1-root-robot-zminus020-v5,wrist_center,gripper_grasping_frame,seed-0-wrist-0,3.230100031942129,,1.3271014025788292,-0.03763804148703854,-2.0335678205511982,1.8785091895892292,0.48102044742609973,-0.48781991046618955,-2.0636969957502895,2.5438405243138007e-13,5.0825817325324866e-14,7.63333123551244e-14,1.75915256188063,0.39081441528265837,0.5024124715791851,0.7903552109009034,reachable_success,92.43983911518959,1.75915256188063
357,transfer,middle,0.7927408444999999,10.0,False,tiago_sew,SUCCESS_EXACT,tiago_semi_analytic,c96a32d,median-body-4344-torso015-J1-root-robot-zminus020-v5,wrist_center,gripper_grasping_frame,seed-0-wrist-0,3.4353999653831124,,1.3315814920035014,-0.032623893817323564,-2.0314425040652626,1.8673034362531156,0.4874576481081716,-0.4901647103109723,-2.0728510124044064,5.551115123125783e-14,6.90583819506213e-14,2.5444437451708134e-14,1.234666042007267,0.3926592238773105,0.505162006757867,0.790499562887755,reachable_success,92.07101468422813,1.234666042007267
358,transfer,middle,0.7937191775,10.0,False,tiago_sew,SUCCESS_EXACT,tiago_semi_analytic,c96a32d,median-body-4344-torso015-J1-root-robot-zminus020-v5,wrist_center,gripper_grasping_frame,seed-0-wrist-0,3.1661000102758408,,1.3373774325272942,-0.02669723460168041,-2.0288545719483215,1.8547864656958797,0.48876845359919496,-0.4894667731981355,-2.0743860691151514,2.482534153247273e-13,5.356825289286914e-14,2.5444437451708134e-14,1.146713771168341,0.39498427097931726,0.5088061474288518,0.7910860658487128,reachable_success,91.99591106182993,1.146713771168341
359,transfer,middle,0.7944225165,10.0,False,tiago_sew,SUCCESS_EXACT,tiago_semi_analytic,c96a32d,median-body-4344-torso015-J1-root-robot-zminus020-v5,wrist_center,gripper_grasping_frame,seed-0-wrist-0,2.9178999830037355,,1.342976553949914,-0.02268237449288381,-2.026936478189146,1.8425816257149068,0.48902939928200917,-0.4966921801520954,-2.075124078940622,2.5438405243138007e-13,8.080220024071479e-14,2.5444437451708134e-14,1.104428922929704,0.39709846632323786,0.5120185294275763,0.7901191097262953,reachable_success,91.98095997552251,1.104428922929704
360,transfer,middle,0.7950935975,10.0,False,tiago_sew,SUCCESS_EXACT,tiago_semi_analytic,c96a32d,median-body-4344-torso015-J1-root-robot-zminus020-v5,wrist_center,gripper_grasping_frame,seed-0-wrist-0,2.9737000586465,,1.3475831625784858,-0.01720360866249492,-2.0236650472980204,1.8308392704501306,0.4999722572699721,-0.4935705522602829,-2.0840488377425697,5.551115123125783e-14,3.438387800445424e-14,0.0,0.5930779104058578,0.39900245871312223,0.5149841634930103,0.7910907952430815,reachable_success,91.35398039700122,0.5930779104058578
361,transfer,middle,0.7957949835,10.0,False,tiago_sew,SUCCESS_EXACT,tiago_semi_analytic,c96a32d,median-body-4344-torso015-J1-root-robot-zminus020-v5,wrist_center,gripper_grasping_frame,seed-0-wrist-0,2.7795000933110714,,1.3533320396014197,-0.012726887844630998,-2.0212982375642503,1.8186515858365542,0.5017008821351805,-0.4920016762489743,-2.0872475619296456,2.5438405243138007e-13,6.718204308810101e-14,2.5444437451708134e-14,0.40980451465999373,0.40137985242996815,0.5184947989787867,0.7917627267882996,reachable_success,91.2549374878634,0.40980451465999373
362,transfer,middle,0.7963494265,10.0,False,tiago_sew,SUCCESS_EXACT,tiago_semi_analytic,c96a32d,median-body-4344-torso015-J1-root-robot-zminus020-v5,wrist_center,gripper_grasping_frame,seed-0-wrist-0,2.797100110910833,,1.3590209568716007,-0.007638155688743953,-2.0178465064361104,1.806063119679625,0.5089624635845746,-0.49076664317504237,-2.0920119412409033,2.5438405243138007e-13,5.950755422315305e-14,0.0,0.13682568812548,0.403401893875283,0.5219598031530968,0.7921755632552249,reachable_success,90.83887951822263,0.13682568812548
363,transfer,middle,0.7970233765,10.0,False,tiago_sew,SUCCESS_EXACT,tiago_semi_analytic,c96a32d,median-body-4344-torso015-J1-root-robot-zminus020-v5,wrist_center,gripper_grasping_frame,seed-9-wrist-0-boundary,296.2947000050917,,1.364033010510024,-0.0027840307548120625,-2.015025812246906,1.7942011128280166,0.5131670745100404,-0.4961444744235158,-2.0943999999999994,0.07071912182003454,0.034340148125178015,0.014795704221830516,2.5444437451708134e-14,0.40524854513764114,0.5249133706343995,0.791447290444445,reachable_success,90.59797305769884,2.5444437451708134e-14
364,transfer,middle,0.7975969855,10.0,False,tiago_sew,SUCCESS_EXACT,tiago_semi_analytic,c96a32d,median-body-4344-torso015-J1-root-robot-zminus020-v5,wrist_center,gripper_grasping_frame,seed-0-wrist-0,2.9488999862223864,,1.3699474592575234,0.0012378562782175142,-2.0125326486484183,1.7816770916056486,0.5111456627491506,-0.4967116508927245,-2.09168125801156,2.8305244335018377e-13,6.736513584415983e-14,5.088887490341627e-14,0.15577244152260572,0.4079135058116859,0.5285341445756333,0.7914860966623691,reachable_success,90.71379142025593,0.15577244152260572
365,transfer,middle,0.7981401065,10.0,False,tiago_sew,SUCCESS_EXACT,tiago_semi_analytic,c96a32d,median-body-4344-torso015-J1-root-robot-zminus020-v5,wrist_center,gripper_grasping_frame,seed-15-wrist-0-boundary,426.379399956204,,1.3760390372816957,0.004783411384333688,-2.010398456394196,1.7698956690897658,0.5159340985656815,-0.49793963263001617,-2.0943999999999994,0.24853990695641057,0.12075609401890439,0.05186577667750188,2.5444437451708134e-14,0.4095606617182642,0.5318067989446961,0.7916943960731866,reachable_success,90.43943425749944,2.5444437451708134e-14
366,transfer,middle,0.7985071715,10.0,False,tiago_sew,SUCCESS_EXACT,tiago_semi_analytic,c96a32d,median-body-4344-torso015-J1-root-robot-zminus020-v5,wrist_center,gripper_grasping_frame,seed-15-wrist-0-boundary,298.0740999337286,,1.3814999051298205,0.010900675876703172,-2.0052863544246473,1.7574709640887394,0.5186222990024267,-0.49916166497929426,-2.0943999999999994,0.29940161669001303,0.1454911322882139,0.06254057652198644,2.5444437451708134e-14,0.4116713005675188,0.5354017386379744,0.7909031688435001,reachable_success,90.28541171798871,2.5444437451708134e-14
367,transfer,middle,0.7989514775,10.0,False,tiago_sew,SUCCESS_EXACT,tiago_semi_analytic,c96a32d,median-body-4344-torso015-J1-root-robot-zminus020-v5,wrist_center,gripper_grasping_frame,seed-15-wrist-0-boundary,300.79220002517104,,1.387414063369305,0.013211070824083742,-2.003897438989305,1.7454456092643955,0.5173058888289745,-0.5004869017171415,-2.0943999999999994,0.3004003091325994,0.14582477218868117,0.06226340015801454,2.5444437451708134e-14,0.41417346706496616,0.538710393958159,0.7910274752297661,reachable_success,90.3608364650356,2.5444437451708134e-14
368,transfer,high,0.7993283695,10.0,False,tiago_sew,SUCCESS_EXACT,tiago_semi_analytic,c96a32d,median-body-4344-torso015-J1-root-robot-zminus020-v5,wrist_center,gripper_grasping_frame,seed-15-wrist-0-boundary,318.45449993852526,,1.3939036703986984,0.01616750013812358,-2.001658858819949,1.7328069603147784,0.5164576335305949,-0.503520987890206,-2.0943999999999994,0.40890652765897556,0.19827579309041307,0.08414154692903048,2.5444437451708134e-14,0.4164245254695037,0.5422844909020863,0.7905799340605068,reachable_success,90.40943791358237,2.5444437451708134e-14
369,transfer,high,0.7998353885,10.0,False,tiago_sew,SUCCESS_EXACT,tiago_semi_analytic,c96a32d,median-body-4344-torso015-J1-root-robot-zminus020-v5,wrist_center,gripper_grasping_frame,seed-15-wrist-0-boundary,268.8721000449732,,1.3997442110329517,0.019325429629861276,-1.9997087583578756,1.7209228479643954,0.5162264838524624,-0.5087701766248736,-2.0943999999999994,0.4870980607258655,0.23594328843636692,0.0996481789112148,2.5444437451708134e-14,0.418393335047582,0.5454124678379436,0.7898749981861054,reachable_success,90.42268181457517,2.5444437451708134e-14
370,transfer,high,0.7999938665,10.0,False,tiago_sew,SUCCESS_EXACT,tiago_semi_analytic,c96a32d,median-body-4344-torso015-J1-root-robot-zminus020-v5,wrist_center,gripper_grasping_frame,seed-15-wrist-0-boundary,293.9574000192806,,1.4051330320967834,0.024388048731139682,-1.994824492351611,1.7095669477607889,0.5164872186421672,-0.5050631599087306,-2.0943999999999994,0.640934928700293,0.31005458259164775,0.13048595595308868,2.5444437451708134e-14,0.4206835764581867,0.549017012325526,0.7898251011507275,reachable_success,90.40774281155285,2.5444437451708134e-14
371,transfer,high,0.8005650335,10.0,False,tiago_sew,SUCCESS_EXACT,tiago_semi_analytic,c96a32d,median-body-4344-torso015-J1-root-robot-zminus020-v5,wrist_center,gripper_grasping_frame,seed-15-wrist-0-boundary,249.76839998271316,,1.4123505646288097,0.025966508768196336,-1.994517916881453,1.696906210938326,0.5149109507652129,-0.5082334240890264,-2.0943999999999994,0.7016997994123552,0.3388858122044702,0.1415063727684559,2.5444437451708134e-14,0.4227378507593773,0.5525485369176185,0.7899910003436518,reachable_success,90.49805630828439,2.5444437451708134e-14
372,transfer,high,0.8010246585,10.0,False,tiago_sew,SUCCESS_EXACT,tiago_semi_analytic,c96a32d,median-body-4344-torso015-J1-root-robot-zminus020-v5,wrist_center,gripper_grasping_frame,seed-15-wrist-0-boundary,258.1879999488592,,1.417974077024933,0.03015232516208841,-1.991363474166934,1.6844948769530703,0.515453909813674,-0.5119470881949685,-2.0943999999999994,0.827959499911592,0.3992900447185271,0.16611290030163461,2.5444437451708134e-14,0.42494813154505484,0.5557761349719911,0.789274667146766,reachable_success,90.46694704635911,2.5444437451708134e-14
373,transfer,high,0.8011165775,10.0,False,tiago_sew,SUCCESS_EXACT,tiago_semi_analytic,c96a32d,median-body-4344-torso015-J1-root-robot-zminus020-v5,wrist_center,gripper_grasping_frame,seed-15-wrist-0-boundary,246.01959995925426,,1.4237833929801422,0.032377251042383134,-1.9889273208470597,1.6730324417429698,0.5124089317626555,-0.5190474822329363,-2.0943999999999994,0.9358793960048354,0.4501464165742387,0.18539240956993602,2.5444437451708134e-14,0.426922932210801,0.5588513258788534,0.7876520395731474,reachable_success,90.64141143739245,2.5444437451708134e-14
374,transfer,high,0.8015430914999999,10.0,False,tiago_sew,NUMERICAL_FAILURE,tiago_semi_analytic,c96a32d,median-body-4344-torso015-J1-root-robot-zminus020-v5,wrist_center,gripper_grasping_frame,,307.9846000764519,no exact or boundary-refined wrist branch met strict wrist-center/orientation/SEW tolerances,,,,,,,,,,,,,,,oracle_inconclusive,,
375,transfer,high,0.8018908695,10.0,False,tiago_sew,NUMERICAL_FAILURE,tiago_semi_analytic,c96a32d,median-body-4344-torso015-J1-root-robot-zminus020-v5,wrist_center,gripper_grasping_frame,,326.5986000187695,no exact or boundary-refined wrist branch met strict wrist-center/orientation/SEW tolerances,,,,,,,,,,,,,,,oracle_inconclusive,,
376,transfer,high,0.8020408325,10.0,False,tiago_sew,NUMERICAL_FAILURE,tiago_semi_analytic,c96a32d,median-body-4344-torso015-J1-root-robot-zminus020-v5,wrist_center,gripper_grasping_frame,,267.97330006957054,no exact or boundary-refined wrist branch met strict wrist-center/orientation/SEW tolerances,,,,,,,,,,,,,,,oracle_inconclusive,,
377,transfer,high,0.8024731445,10.0,False,tiago_sew,NUMERICAL_FAILURE,tiago_semi_analytic,c96a32d,median-body-4344-torso015-J1-root-robot-zminus020-v5,wrist_center,gripper_grasping_frame,,271.2048999965191,no exact or boundary-refined wrist branch met strict wrist-center/orientation/SEW tolerances,,,,,,,,,,,,,,,oracle_inconclusive,,
378,transfer,high,0.8027194824999999,10.0,False,tiago_sew,NUMERICAL_FAILURE,tiago_semi_analytic,c96a32d,median-body-4344-torso015-J1-root-robot-zminus020-v5,wrist_center,gripper_grasping_frame,,276.1140000075102,no exact or boundary-refined wrist branch met strict wrist-center/orientation/SEW tolerances,,,,,,,,,,,,,,,oracle_inconclusive,,
379,transfer,high,0.8029448855,10.0,False,tiago_sew,NUMERICAL_FAILURE,tiago_semi_analytic,c96a32d,median-body-4344-torso015-J1-root-robot-zminus020-v5,wrist_center,gripper_grasping_frame,,266.1766998935491,no exact or boundary-refined wrist branch met strict wrist-center/orientation/SEW tolerances,,,,,,,,,,,,,,,oracle_inconclusive,,
380,transfer,high,0.8032651975,10.0,False,tiago_sew,NUMERICAL_FAILURE,tiago_semi_analytic,c96a32d,median-body-4344-torso015-J1-root-robot-zminus020-v5,wrist_center,gripper_grasping_frame,,279.09170009661466,no exact or boundary-refined wrist branch met strict wrist-center/orientation/SEW tolerances,,,,,,,,,,,,,,,oracle_inconclusive,,
381,transfer,high,0.8035154725,10.0,False,tiago_sew,NUMERICAL_FAILURE,tiago_semi_analytic,c96a32d,median-body-4344-torso015-J1-root-robot-zminus020-v5,wrist_center,gripper_grasping_frame,,255.8326000580564,no exact or boundary-refined wrist branch met strict wrist-center/orientation/SEW tolerances,,,,,,,,,,,,,,,oracle_inconclusive,,
382,transfer,high,0.8036639105,10.0,False,tiago_sew,NUMERICAL_FAILURE,tiago_semi_analytic,c96a32d,median-body-4344-torso015-J1-root-robot-zminus020-v5,wrist_center,gripper_grasping_frame,,260.8996999915689,no exact or boundary-refined wrist branch met strict wrist-center/orientation/SEW tolerances,,,,,,,,,,,,,,,oracle_inconclusive,,
383,transfer,high,0.8039724125000001,10.0,False,tiago_sew,NUMERICAL_FAILURE,tiago_semi_analytic,c96a32d,median-body-4344-torso015-J1-root-robot-zminus020-v5,wrist_center,gripper_grasping_frame,,240.0164999999106,no exact or boundary-refined wrist branch met strict wrist-center/orientation/SEW tolerances,,,,,,,,,,,,,,,oracle_inconclusive,,
384,transfer,high,0.8044049375,10.0,False,tiago_sew,NUMERICAL_FAILURE,tiago_semi_analytic,c96a32d,median-body-4344-torso015-J1-root-robot-zminus020-v5,wrist_center,gripper_grasping_frame,,251.82730006054044,no exact or boundary-refined wrist branch met strict wrist-center/orientation/SEW tolerances,,,,,,,,,,,,,,,oracle_inconclusive,,
385,transfer,high,0.8045001835,10.0,False,tiago_sew,NUMERICAL_FAILURE,tiago_semi_analytic,c96a32d,median-body-4344-torso015-J1-root-robot-zminus020-v5,wrist_center,gripper_grasping_frame,,194.86829999368638,no exact or boundary-refined wrist branch met strict wrist-center/orientation/SEW tolerances,,,,,,,,,,,,,,,oracle_inconclusive,,
386,transfer,high,0.8048937995000001,10.0,False,tiago_sew,NUMERICAL_FAILURE,tiago_semi_analytic,c96a32d,median-body-4344-torso015-J1-root-robot-zminus020-v5,wrist_center,gripper_grasping_frame,,177.21859994344413,no exact or boundary-refined wrist branch met strict wrist-center/orientation/SEW tolerances,,,,,,,,,,,,,,,oracle_inconclusive,,
387,transfer,high,0.8054254765,10.0,False,tiago_sew,NUMERICAL_FAILURE,tiago_semi_analytic,c96a32d,median-body-4344-torso015-J1-root-robot-zminus020-v5,wrist_center,gripper_grasping_frame,,241.23689997941256,no exact or boundary-refined wrist branch met strict wrist-center/orientation/SEW tolerances,,,,,,,,,,,,,,,oracle_inconclusive,,
388,transfer,high,0.8055380255,10.0,False,tiago_sew,NUMERICAL_FAILURE,tiago_semi_analytic,c96a32d,median-body-4344-torso015-J1-root-robot-zminus020-v5,wrist_center,gripper_grasping_frame,,286.76150005776435,no exact or boundary-refined wrist branch met strict wrist-center/orientation/SEW tolerances,,,,,,,,,,,,,,,oracle_inconclusive,,
389,transfer,high,0.8060549625,10.0,False,tiago_sew,NUMERICAL_FAILURE,tiago_semi_analytic,c96a32d,median-body-4344-torso015-J1-root-robot-zminus020-v5,wrist_center,gripper_grasping_frame,,264.13280004635453,no exact or boundary-refined wrist branch met strict wrist-center/orientation/SEW tolerances,,,,,,,,,,,,,,,oracle_inconclusive,,
390,transfer,high,0.8067693485,10.0,False,tiago_sew,NUMERICAL_FAILURE,tiago_semi_analytic,c96a32d,median-body-4344-torso015-J1-root-robot-zminus020-v5,wrist_center,gripper_grasping_frame,,267.2867000801489,no exact or boundary-refined wrist branch met strict wrist-center/orientation/SEW tolerances,,,,,,,,,,,,,,,oracle_inconclusive,,
391,transfer,high,0.8069861455,10.0,False,tiago_sew,NUMERICAL_FAILURE,tiago_semi_analytic,c96a32d,median-body-4344-torso015-J1-root-robot-zminus020-v5,wrist_center,gripper_grasping_frame,,292.17209992930293,no exact or boundary-refined wrist branch met strict wrist-center/orientation/SEW tolerances,,,,,,,,,,,,,,,oracle_inconclusive,,
392,transfer,high,0.8075090635,10.0,False,tiago_sew,NUMERICAL_FAILURE,tiago_semi_analytic,c96a32d,median-body-4344-torso015-J1-root-robot-zminus020-v5,wrist_center,gripper_grasping_frame,,295.45400000642985,no exact or boundary-refined wrist branch met strict wrist-center/orientation/SEW tolerances,,,,,,,,,,,,,,,oracle_inconclusive,,
393,transfer,high,0.8081081545,10.0,False,tiago_sew,NUMERICAL_FAILURE,tiago_semi_analytic,c96a32d,median-body-4344-torso015-J1-root-robot-zminus020-v5,wrist_center,gripper_grasping_frame,,301.4467000029981,no exact or boundary-refined wrist branch met strict wrist-center/orientation/SEW tolerances,,,,,,,,,,,,,,,oracle_inconclusive,,
394,transfer,high,0.8085195615,10.0,False,tiago_sew,NUMERICAL_FAILURE,tiago_semi_analytic,c96a32d,median-body-4344-torso015-J1-root-robot-zminus020-v5,wrist_center,gripper_grasping_frame,,266.54959993902594,no exact or boundary-refined wrist branch met strict wrist-center/orientation/SEW tolerances,,,,,,,,,,,,,,,oracle_inconclusive,,
395,transfer,high,0.8091150205,10.0,False,tiago_sew,NUMERICAL_FAILURE,tiago_semi_analytic,c96a32d,median-body-4344-torso015-J1-root-robot-zminus020-v5,wrist_center,gripper_grasping_frame,,257.8836000757292,no exact or boundary-refined wrist branch met strict wrist-center/orientation/SEW tolerances,,,,,,,,,,,,,,,oracle_inconclusive,,
396,transfer,high,0.8096687315,10.0,False,tiago_sew,NUMERICAL_FAILURE,tiago_semi_analytic,c96a32d,median-body-4344-torso015-J1-root-robot-zminus020-v5,wrist_center,gripper_grasping_frame,,258.80579999648035,no exact or boundary-refined wrist branch met strict wrist-center/orientation/SEW tolerances,,,,,,,,,,,,,,,oracle_inconclusive,,
397,transfer,high,0.8101795655,10.0,False,tiago_sew,NUMERICAL_FAILURE,tiago_semi_analytic,c96a32d,median-body-4344-torso015-J1-root-robot-zminus020-v5,wrist_center,gripper_grasping_frame,,289.6260000998154,no exact or boundary-refined wrist branch met strict wrist-center/orientation/SEW tolerances,,,,,,,,,,,,,,,oracle_inconclusive,,
398,transfer,high,0.8108908085,10.0,False,tiago_sew,NUMERICAL_FAILURE,tiago_semi_analytic,c96a32d,median-body-4344-torso015-J1-root-robot-zminus020-v5,wrist_center,gripper_grasping_frame,,288.30639994703233,no exact or boundary-refined wrist branch met strict wrist-center/orientation/SEW tolerances,,,,,,,,,,,,,,,oracle_inconclusive,,
399,transfer,high,0.8115256655,10.0,False,tiago_sew,NUMERICAL_FAILURE,tiago_semi_analytic,c96a32d,median-body-4344-torso015-J1-root-robot-zminus020-v5,wrist_center,gripper_grasping_frame,,277.7398999314755,no exact or boundary-refined wrist branch met strict wrist-center/orientation/SEW tolerances,,,,,,,,,,,,,,,oracle_inconclusive,,
400,transfer,high,0.8117388915,10.0,False,tiago_sew,NUMERICAL_FAILURE,tiago_semi_analytic,c96a32d,median-body-4344-torso015-J1-root-robot-zminus020-v5,wrist_center,gripper_grasping_frame,,294.69599993899465,no exact or boundary-refined wrist branch met strict wrist-center/orientation/SEW tolerances,,,,,,,,,,,,,,,oracle_inconclusive,,
401,transfer,high,0.8123942565,10.0,False,tiago_sew,NUMERICAL_FAILURE,tiago_semi_analytic,c96a32d,median-body-4344-torso015-J1-root-robot-zminus020-v5,wrist_center,gripper_grasping_frame,,291.0476999823004,no exact or boundary-refined wrist branch met strict wrist-center/orientation/SEW tolerances,,,,,,,,,,,,,,,oracle_inconclusive,,
402,transfer,high,0.8131295475,10.0,False,tiago_sew,NUMERICAL_FAILURE,tiago_semi_analytic,c96a32d,median-body-4344-torso015-J1-root-robot-zminus020-v5,wrist_center,gripper_grasping_frame,,284.3368999892846,no exact or boundary-refined wrist branch met strict wrist-center/orientation/SEW tolerances,,,,,,,,,,,,,,,oracle_inconclusive,,
403,transfer,high,0.8133850715,10.0,False,tiago_sew,NUMERICAL_FAILURE,tiago_semi_analytic,c96a32d,median-body-4344-torso015-J1-root-robot-zminus020-v5,wrist_center,gripper_grasping_frame,,287.39409998524934,no exact or boundary-refined wrist branch met strict wrist-center/orientation/SEW tolerances,,,,,,,,,,,,,,,oracle_inconclusive,,
404,transfer,high,0.8138011475,10.0,False,tiago_sew,NUMERICAL_FAILURE,tiago_semi_analytic,c96a32d,median-body-4344-torso015-J1-root-robot-zminus020-v5,wrist_center,gripper_grasping_frame,,306.51409993879497,no exact or boundary-refined wrist branch met strict wrist-center/orientation/SEW tolerances,,,,,,,,,,,,,,,oracle_inconclusive,,
405,transfer,high,0.8144683534999999,10.0,False,tiago_sew,NUMERICAL_FAILURE,tiago_semi_analytic,c96a32d,median-body-4344-torso015-J1-root-robot-zminus020-v5,wrist_center,gripper_grasping_frame,,308.5894000250846,no exact or boundary-refined wrist branch met strict wrist-center/orientation/SEW tolerances,,,,,,,,,,,,,,,oracle_inconclusive,,
406,transfer,high,0.8149061285,10.0,False,tiago_sew,NUMERICAL_FAILURE,tiago_semi_analytic,c96a32d,median-body-4344-torso015-J1-root-robot-zminus020-v5,wrist_center,gripper_grasping_frame,,307.75159993208945,no exact or boundary-refined wrist branch met strict wrist-center/orientation/SEW tolerances,,,,,,,,,,,,,,,oracle_inconclusive,,
407,transfer,high,0.8150993955,10.0,False,tiago_sew,NUMERICAL_FAILURE,tiago_semi_analytic,c96a32d,median-body-4344-torso015-J1-root-robot-zminus020-v5,wrist_center,gripper_grasping_frame,,300.55889999493957,no exact or boundary-refined wrist branch met strict wrist-center/orientation/SEW tolerances,,,,,,,,,,,,,,,oracle_inconclusive,,
408,transfer,high,0.8153463445,10.0,False,tiago_sew,NUMERICAL_FAILURE,tiago_semi_analytic,c96a32d,median-body-4344-torso015-J1-root-robot-zminus020-v5,wrist_center,gripper_grasping_frame,,288.6268999427557,no exact or boundary-refined wrist branch met strict wrist-center/orientation/SEW tolerances,,,,,,,,,,,,,,,oracle_inconclusive,,
409,transfer,high,0.8155958555,10.0,False,tiago_sew,NUMERICAL_FAILURE,tiago_semi_analytic,c96a32d,median-body-4344-torso015-J1-root-robot-zminus020-v5,wrist_center,gripper_grasping_frame,,288.5691000847146,no exact or boundary-refined wrist branch met strict wrist-center/orientation/SEW tolerances,,,,,,,,,,,,,,,oracle_inconclusive,,
410,transfer,high,0.8159253545,10.0,False,tiago_sew,NUMERICAL_FAILURE,tiago_semi_analytic,c96a32d,median-body-4344-torso015-J1-root-robot-zminus020-v5,wrist_center,gripper_grasping_frame,,287.01680002268404,no exact or boundary-refined wrist branch met strict wrist-center/orientation/SEW tolerances,,,,,,,,,,,,,,,oracle_inconclusive,,
411,transfer,high,0.8162156675,10.0,False,tiago_sew,NUMERICAL_FAILURE,tiago_semi_analytic,c96a32d,median-body-4344-torso015-J1-root-robot-zminus020-v5,wrist_center,gripper_grasping_frame,,287.10259997751564,no exact or boundary-refined wrist branch met strict wrist-center/orientation/SEW tolerances,,,,,,,,,,,,,,,oracle_inconclusive,,
412,transfer,high,0.8162750244999999,10.0,False,tiago_sew,NUMERICAL_FAILURE,tiago_semi_analytic,c96a32d,median-body-4344-torso015-J1-root-robot-zminus020-v5,wrist_center,gripper_grasping_frame,,293.7476000515744,no exact or boundary-refined wrist branch met strict wrist-center/orientation/SEW tolerances,,,,,,,,,,,,,,,oracle_inconclusive,,
413,transfer,high,0.8164742125,10.0,False,tiago_sew,NUMERICAL_FAILURE,tiago_semi_analytic,c96a32d,median-body-4344-torso015-J1-root-robot-zminus020-v5,wrist_center,gripper_grasping_frame,,303.33359993528575,no exact or boundary-refined wrist branch met strict wrist-center/orientation/SEW tolerances,,,,,,,,,,,,,,,oracle_inconclusive,,
414,transfer,high,0.8165259094999999,10.0,False,tiago_sew,NUMERICAL_FAILURE,tiago_semi_analytic,c96a32d,median-body-4344-torso015-J1-root-robot-zminus020-v5,wrist_center,gripper_grasping_frame,,251.5552999684587,no exact or boundary-refined wrist branch met strict wrist-center/orientation/SEW tolerances,,,,,,,,,,,,,,,oracle_inconclusive,,
415,transfer,high,0.8166980285000001,10.0,False,tiago_sew,NUMERICAL_FAILURE,tiago_semi_analytic,c96a32d,median-body-4344-torso015-J1-root-robot-zminus020-v5,wrist_center,gripper_grasping_frame,,141.85310003813356,no exact or boundary-refined wrist branch met strict wrist-center/orientation/SEW tolerances,,,,,,,,,,,,,,,oracle_inconclusive,,
416,transfer,high,0.8168557745,10.0,False,tiago_sew,NUMERICAL_FAILURE,tiago_semi_analytic,c96a32d,median-body-4344-torso015-J1-root-robot-zminus020-v5,wrist_center,gripper_grasping_frame,,285.42620001826435,no exact or boundary-refined wrist branch met strict wrist-center/orientation/SEW tolerances,,,,,,,,,,,,,,,oracle_inconclusive,,
417,transfer,high,0.8168977055,10.0,False,tiago_sew,NUMERICAL_FAILURE,tiago_semi_analytic,c96a32d,median-body-4344-torso015-J1-root-robot-zminus020-v5,wrist_center,gripper_grasping_frame,,285.25850002188236,no exact or boundary-refined wrist branch met strict wrist-center/orientation/SEW tolerances,,,,,,,,,,,,,,,oracle_inconclusive,,
418,transfer,high,0.8170822455,10.0,False,tiago_sew,NUMERICAL_FAILURE,tiago_semi_analytic,c96a32d,median-body-4344-torso015-J1-root-robot-zminus020-v5,wrist_center,gripper_grasping_frame,,258.5155999986455,no exact or boundary-refined wrist branch met strict wrist-center/orientation/SEW tolerances,,,,,,,,,,,,,,,oracle_inconclusive,,
419,transfer,high,0.8170653685,10.0,False,tiago_sew,NUMERICAL_FAILURE,tiago_semi_analytic,c96a32d,median-body-4344-torso015-J1-root-robot-zminus020-v5,wrist_center,gripper_grasping_frame,,286.3505999557674,no exact or boundary-refined wrist branch met strict wrist-center/orientation/SEW tolerances,,,,,,,,,,,,,,,oracle_inconclusive,,
420,transfer,high,0.8172015994999999,10.0,False,tiago_sew,NUMERICAL_FAILURE,tiago_semi_analytic,c96a32d,median-body-4344-torso015-J1-root-robot-zminus020-v5,wrist_center,gripper_grasping_frame,,163.6020999867469,no exact or boundary-refined wrist branch met strict wrist-center/orientation/SEW tolerances,,,,,,,,,,,,,,,oracle_inconclusive,,
421,transfer,high,0.8173605344999999,10.0,False,tiago_sew,NUMERICAL_FAILURE,tiago_semi_analytic,c96a32d,median-body-4344-torso015-J1-root-robot-zminus020-v5,wrist_center,gripper_grasping_frame,,253.70130001101643,no exact or boundary-refined wrist branch met strict wrist-center/orientation/SEW tolerances,,,,,,,,,,,,,,,oracle_inconclusive,,
422,transfer,high,0.8173518065,10.0,False,tiago_sew,NUMERICAL_FAILURE,tiago_semi_analytic,c96a32d,median-body-4344-torso015-J1-root-robot-zminus020-v5,wrist_center,gripper_grasping_frame,,309.2752000084147,no exact or boundary-refined wrist branch met strict wrist-center/orientation/SEW tolerances,,,,,,,,,,,,,,,oracle_inconclusive,,
423,transfer,high,0.8173263555,10.0,False,tiago_sew,NUMERICAL_FAILURE,tiago_semi_analytic,c96a32d,median-body-4344-torso015-J1-root-robot-zminus020-v5,wrist_center,gripper_grasping_frame,,292.6275000208989,no exact or boundary-refined wrist branch met strict wrist-center/orientation/SEW tolerances,,,,,,,,,,,,,,,oracle_inconclusive,,
424,transfer,high,0.8173349305,10.0,False,tiago_sew,NUMERICAL_FAILURE,tiago_semi_analytic,c96a32d,median-body-4344-torso015-J1-root-robot-zminus020-v5,wrist_center,gripper_grasping_frame,,289.04449997935444,no exact or boundary-refined wrist branch met strict wrist-center/orientation/SEW tolerances,,,,,,,,,,,,,,,oracle_inconclusive,,
425,transfer,high,0.8172401734999999,10.0,False,tiago_sew,NUMERICAL_FAILURE,tiago_semi_analytic,c96a32d,median-body-4344-torso015-J1-root-robot-zminus020-v5,wrist_center,gripper_grasping_frame,,291.11810005269945,no exact or boundary-refined wrist branch met strict wrist-center/orientation/SEW tolerances,,,,,,,,,,,,,,,oracle_inconclusive,,
426,transfer,high,0.8172535405,10.0,False,tiago_sew,NUMERICAL_FAILURE,tiago_semi_analytic,c96a32d,median-body-4344-torso015-J1-root-robot-zminus020-v5,wrist_center,gripper_grasping_frame,,288.7175999348983,no exact or boundary-refined wrist branch met strict wrist-center/orientation/SEW tolerances,,,,,,,,,,,,,,,oracle_inconclusive,,
427,transfer,high,0.8172003784999999,10.0,False,tiago_sew,NUMERICAL_FAILURE,tiago_semi_analytic,c96a32d,median-body-4344-torso015-J1-root-robot-zminus020-v5,wrist_center,gripper_grasping_frame,,290.8316000830382,no exact or boundary-refined wrist branch met strict wrist-center/orientation/SEW tolerances,,,,,,,,,,,,,,,oracle_inconclusive,,
428,transfer,high,0.8170500494999999,10.0,False,tiago_sew,NUMERICAL_FAILURE,tiago_semi_analytic,c96a32d,median-body-4344-torso015-J1-root-robot-zminus020-v5,wrist_center,gripper_grasping_frame,,285.87600006721914,no exact or boundary-refined wrist branch met strict wrist-center/orientation/SEW tolerances,,,,,,,,,,,,,,,oracle_inconclusive,,
429,transfer,high,0.8169959105,10.0,False,tiago_sew,NUMERICAL_FAILURE,tiago_semi_analytic,c96a32d,median-body-4344-torso015-J1-root-robot-zminus020-v5,wrist_center,gripper_grasping_frame,,308.89969994314015,no exact or boundary-refined wrist branch met strict wrist-center/orientation/SEW tolerances,,,,,,,,,,,,,,,oracle_inconclusive,,
430,transfer,high,0.8169910895,10.0,False,tiago_sew,NUMERICAL_FAILURE,tiago_semi_analytic,c96a32d,median-body-4344-torso015-J1-root-robot-zminus020-v5,wrist_center,gripper_grasping_frame,,290.18240002915263,no exact or boundary-refined wrist branch met strict wrist-center/orientation/SEW tolerances,,,,,,,,,,,,,,,oracle_inconclusive,,
431,transfer,high,0.8168885195,10.0,False,tiago_sew,NUMERICAL_FAILURE,tiago_semi_analytic,c96a32d,median-body-4344-torso015-J1-root-robot-zminus020-v5,wrist_center,gripper_grasping_frame,,288.46249997150153,no exact or boundary-refined wrist branch met strict wrist-center/orientation/SEW tolerances,,,,,,,,,,,,,,,oracle_inconclusive,,
432,transfer,high,0.8167609865000001,10.0,False,tiago_sew,NUMERICAL_FAILURE,tiago_semi_analytic,c96a32d,median-body-4344-torso015-J1-root-robot-zminus020-v5,wrist_center,gripper_grasping_frame,,288.26049994677305,no exact or boundary-refined wrist branch met strict wrist-center/orientation/SEW tolerances,,,,,,,,,,,,,,,oracle_inconclusive,,
433,transfer,high,0.8164384764999999,10.0,False,tiago_sew,NUMERICAL_FAILURE,tiago_semi_analytic,c96a32d,median-body-4344-torso015-J1-root-robot-zminus020-v5,wrist_center,gripper_grasping_frame,,292.795900022611,no exact or boundary-refined wrist branch met strict wrist-center/orientation/SEW tolerances,,,,,,,,,,,,,,,oracle_inconclusive,,
434,withdrawal,high,0.8176042484999999,10.0,False,tiago_sew,SUCCESS_EXACT,tiago_semi_analytic,c96a32d,median-body-4344-torso015-J1-root-robot-zminus020-v5,wrist_center,gripper_grasping_frame,seed-0-wrist-0,3.957499982789159,,1.6141594661481027,0.12092022526194633,-1.9339860004140774,1.3351457457450262,0.41271853944198567,-0.5316032970685267,-2.090952244941681,2.482534153247273e-13,7.670033297577143e-14,0.0,0.1975418136365573,0.47961725772911556,0.6530905459359405,0.7932015635013836,reachable_success,96.35325017537022,0.1975418136365573
435,withdrawal,high,0.8175350345,10.0,False,tiago_sew,SUCCESS_EXACT,tiago_semi_analytic,c96a32d,median-body-4344-torso015-J1-root-robot-zminus020-v5,wrist_center,gripper_grasping_frame,seed-0-wrist-0,2.315700054168701,,1.6127591696045,0.12047248077957015,-1.9343592770915217,1.336965422155825,0.41181998384181906,-0.5304927997115527,-2.0891096001511666,6.46830066658729e-10,2.95711995717156e-14,1.3961362829752254e-10,0.30311758327478944,0.4798026619240619,0.652538741352915,0.7933492019745998,reachable_success,96.40473361891762,0.30311758327478944
436,withdrawal,high,0.8174158025,10.0,False,tiago_sew,SUCCESS_EXACT,tiago_semi_analytic,c96a32d,median-body-4344-torso015-J1-root-robot-zminus020-v5,wrist_center,gripper_grasping_frame,seed-0-wrist-0,2.122600097209215,,1.610886125465964,0.11876595119865951,-1.9362143712011104,1.339580817786695,0.40850541233490567,-0.531261131736315,-2.0874691566755432,7.983236953869941e-09,5.367308415474703e-14,4.247948832562673e-10,0.3971080709577834,0.48011487500057415,0.6516435421684823,0.7932799075986781,reachable_success,96.59464457715808,0.3971080709577834
437,withdrawal,high,0.8172959595,10.0,False,tiago_sew,SUCCESS_EXACT,tiago_semi_analytic,c96a32d,median-body-4344-torso015-J1-root-robot-zminus020-v5,wrist_center,gripper_grasping_frame,seed-0-wrist-0,3.107600030489266,,1.6089488692271132,0.1185553510933485,-1.9361124012777158,1.3421409244521527,0.40862032801584025,-0.5295352068091086,-2.087464798448024,1.4813462894490434e-09,3.156167379550455e-14,2.529685971448823e-10,0.39735777900079816,0.4801968530004989,0.6509129641249571,0.7934205401612903,reachable_success,96.58806039364065,0.39735777900079816
438,withdrawal,high,0.8172320255000001,10.0,False,tiago_sew,SUCCESS_EXACT,tiago_semi_analytic,c96a32d,median-body-4344-torso015-J1-root-robot-zminus020-v5,wrist_center,gripper_grasping_frame,seed-0-wrist-0,2.879000036045909,,1.606553820455987,0.11808443545197196,-1.936547581875725,1.3454469469939045,0.4072551165606484,-0.5311808637019886,-2.083252366874672,2.6831481727484227e-09,9.348434894079734e-14,9.458206289548948e-10,0.6387123296415236,0.48013745853542644,0.6498430339539674,0.7930066573115416,reachable_success,96.66628124816606,0.6387123296415236
439,withdrawal,high,0.8171201175,10.0,False,tiago_sew,SUCCESS_EXACT,tiago_semi_analytic,c96a32d,median-body-4344-torso015-J1-root-robot-zminus020-v5,wrist_center,gripper_grasping_frame,seed-0-wrist-0,2.160700038075447,,1.604206867971638,0.11690463559953629,-1.9377317515988104,1.348214057178193,0.4051345726365514,-0.5358303582656943,-2.075466034602842,6.767348660671746e-09,6.298034360650486e-14,1.153727127372802e-09,1.0848363067038869,0.48025993129014816,0.6486478535279985,0.792101005386367,reachable_success,96.78777946528892,1.0848363067038869
440,withdrawal,high,0.8171036375,10.0,False,tiago_sew,SUCCESS_EXACT,tiago_semi_analytic,c96a32d,median-body-4344-torso015-J1-root-robot-zminus020-v5,wrist_center,gripper_grasping_frame,seed-0-wrist-0,2.3668999783694744,,1.6012890116757426,0.11670190888144338,-1.9379848287264787,1.351997818871025,0.40978526163451745,-0.5383078317904246,-2.0735942632288342,9.047343086158942e-09,7.452598963889559e-14,1.573738456388148e-09,1.1920809066479332,0.4796157304117815,0.6472450349335466,0.7917389783498707,reachable_success,96.52131461387754,1.1920809066479332
441,withdrawal,high,0.8170548095,10.0,False,tiago_sew,SUCCESS_EXACT,tiago_semi_analytic,c96a32d,median-body-4344-torso015-J1-root-robot-zminus020-v5,wrist_center,gripper_grasping_frame,seed-0-wrist-0,2.5887000374495983,,1.598567618437063,0.11634942939180795,-1.938321510431309,1.3555359482744305,0.40187131844871526,-0.5435543230013091,-2.060010514330343,7.283506855962043e-09,3.248987887550716e-14,1.368783512714639e-09,1.9703723884969682,0.4800536029435966,0.6460099221435853,0.7903874065015523,reachable_success,96.97475015773033,1.9703723884969682
442,withdrawal,high,0.8170563665,10.0,False,tiago_sew,SUCCESS_EXACT,tiago_semi_analytic,c96a32d,median-body-4344-torso015-J1-root-robot-zminus020-v5,wrist_center,gripper_grasping_frame,seed-0-wrist-0,2.1207999670878053,,1.596203861809702,0.1156103033120777,-1.9393194356995136,1.358719857519398,0.3988810900210287,-0.5469221912337043,-2.0552908006448654,4.209205460020937e-09,1.2742167912642372e-13,8.438393236484486e-10,2.2407920631849656,0.48010387394552234,0.6448575231456176,0.7897655634835014,reachable_success,97.14607762641681,2.2407920631849656
443,withdrawal,high,0.8169669195,10.0,False,tiago_sew,SUCCESS_EXACT,tiago_semi_analytic,c96a32d,median-body-4344-torso015-J1-root-robot-zminus020-v5,wrist_center,gripper_grasping_frame,seed-0-wrist-0,2.338699996471405,,1.5932396147057097,0.1140686666745813,-1.9410533280888187,1.3632777691866578,0.3930756166283209,-0.546288614445757,-2.0499097757446236,1.0230456016286243e-09,3.4820908891993845e-14,2.2766919298664885e-09,2.549102079423621,0.4804564933008617,0.6435873210396766,0.7898504536828425,reachable_success,97.47870674989446,2.549102079423621
444,withdrawal,high,0.8168153385,10.0,False,tiago_sew,SUCCESS_EXACT,tiago_semi_analytic,c96a32d,median-body-4344-torso015-J1-root-robot-zminus020-v5,wrist_center,gripper_grasping_frame,seed-0-wrist-0,2.8617000207304955,,1.5896435080471267,0.11209245456752227,-1.9431365883251153,1.3688855264747435,0.3872015409313887,-0.5437657050314679,-2.047758346908177,5.551115123125783e-14,8.282533100758882e-14,2.5444437451708134e-14,2.672369871674765,0.4808436153615911,0.6420924400793135,0.7902916376597938,reachable_success,97.81526649586904,2.672369871674765
445,withdrawal,high,0.8165024415,10.0,False,tiago_sew,SUCCESS_EXACT,tiago_semi_analytic,c96a32d,median-body-4344-torso015-J1-root-robot-zminus020-v5,wrist_center,gripper_grasping_frame,seed-0-wrist-0,3.005499951541424,,1.586212241425018,0.11132719983250679,-1.9431268264441646,1.3739040347303417,0.385173466512406,-0.5392409819298107,-2.0471888309332282,2.482534153247273e-13,6.627928721135207e-14,2.5444437451708134e-14,2.705000733404597,0.4810628920454082,0.6408609005139431,0.7906803500998144,reachable_success,97.9314666006152,2.705000733404597
446,withdrawal,high,0.8162549445,10.0,False,tiago_sew,SUCCESS_EXACT,tiago_semi_analytic,c96a32d,median-body-4344-torso015-J1-root-robot-zminus020-v5,wrist_center,gripper_grasping_frame,seed-0-wrist-0,3.3307999838143587,,1.5820057715324165,0.11040304010612571,-1.9435573346605248,1.3801094533726201,0.386846443012252,-0.538808073748513,-2.0474994278228174,1.1102230246251565e-13,9.193671736601811e-14,2.5444437451708134e-14,2.68720484250125,0.4805622892368485,0.6390460974868399,0.790526203030134,reachable_success,97.83561210794944,2.68720484250125
447,withdrawal,high,0.8160354925,10.0,False,tiago_sew,SUCCESS_EXACT,tiago_semi_analytic,c96a32d,median-body-4344-torso015-J1-root-robot-zminus020-v5,wrist_center,gripper_grasping_frame,seed-0-wrist-0,2.837599953636527,,1.5775177714314772,0.11023131845870943,-1.943141087299573,1.3860809998505106,0.38858635178062784,-0.538109182988213,-2.047695976623902,4.577566798522238e-13,4.894712845137253e-14,2.5444437451708134e-14,2.6759434257307553,0.4802816018341974,0.6371983472900685,0.7902831249953738,reachable_success,97.73592267878371,2.6759434257307553
448,withdrawal,high,0.8159149175,10.0,False,tiago_sew,SUCCESS_EXACT,tiago_semi_analytic,c96a32d,median-body-4344-torso015-J1-root-robot-zminus020-v5,wrist_center,gripper_grasping_frame,seed-0-wrist-0,3.035500063560903,,1.5731043624228525,0.10776565891484546,-1.9459332886767369,1.3930739710469526,0.3867108797506318,-0.5383453206305568,-2.0467856827780793,1.6653345369377348e-13,5.501169379393561e-14,2.5444437451708134e-14,2.7280994212131184,0.47993393631427345,0.6351053306136258,0.7904780307414564,reachable_success,97.84337931069732,2.7280994212131184
449,withdrawal,high,0.8157933045,10.0,False,tiago_sew,SUCCESS_EXACT,tiago_semi_analytic,c96a32d,median-body-4344-torso015-J1-root-robot-zminus020-v5,wrist_center,gripper_grasping_frame,seed-0-wrist-0,2.9693000251427293,,1.5685109084149185,0.10652922267779572,-1.9471889413695977,1.400204318195879,0.38650466794410887,-0.5404227312346035,-2.0468450836667316,3.510833468576701e-13,4.578059046787266e-14,5.088887490341627e-14,2.724696000994015,0.4792436002453332,0.6329639895318615,0.7900472855214613,reachable_success,97.85519437689685,2.724696000994015
450,withdrawal,high,0.8155849915,10.0,False,tiago_sew,SUCCESS_EXACT,tiago_semi_analytic,c96a32d,median-body-4344-torso015-J1-root-robot-zminus020-v5,wrist_center,gripper_grasping_frame,seed-0-wrist-0,2.8620000230148435,,1.5631922877654743,0.1047025752286014,-1.9488929146253762,1.4081027129665737,0.3831685714447506,-0.5443160223414818,-2.041134323941799,2.7194799110210365e-13,6.407958679652967e-14,2.5444437451708134e-14,3.0518984310459323,0.4788783179110934,0.6304651420795234,0.7891515657615158,reachable_success,98.04633862635845,3.0518984310459323
451,withdrawal,high,0.8150641175,10.0,False,tiago_sew,SUCCESS_EXACT,tiago_semi_analytic,c96a32d,median-body-4344-torso015-J1-root-robot-zminus020-v5,wrist_center,gripper_grasping_frame,seed-0-wrist-0,2.646300010383129,,1.5579753758824515,0.10236768023876662,-1.9501830942604728,1.4168299642464481,0.381157632130003,-0.5436109287383397,-2.0400096888304695,2.7194799110210365e-13,7.854500104039384e-14,2.5444437451708134e-14,3.116335276417347,0.4782506420536813,0.6281797080446406,0.7887861752107186,reachable_success,98.16155696195041,3.116335276417347
452,withdrawal,high,0.8146621095,10.0,False,tiago_sew,SUCCESS_EXACT,tiago_semi_analytic,c96a32d,median-body-4344-torso015-J1-root-robot-zminus020-v5,wrist_center,gripper_grasping_frame,seed-0-wrist-0,3.877399954944849,,1.5515291380809546,0.10220440451777674,-1.9492484520013875,1.4258356902504918,0.38152220878173804,-0.5404516029852324,-2.039003571564858,3.682193206295148e-13,3.6626432695057634e-14,0.0,3.173981549432142,0.4779031692328003,0.6256342177734775,0.7886151115408099,reachable_success,98.14066825849699,3.173981549432142
453,withdrawal,high,0.8142962345,10.0,False,tiago_sew,SUCCESS_EXACT,tiago_semi_analytic,c96a32d,median-body-4344-torso015-J1-root-robot-zminus020-v5,wrist_center,gripper_grasping_frame,seed-0-wrist-0,2.9987000161781907,,1.545499233773751,0.10097034836729672,-1.949716041318058,1.4338683990937635,0.3844013662951995,-0.5407630499699336,-2.041414568888957,2.5438405243138007e-13,1.0311920243874944e-13,0.0,3.035841578343928,0.4774084787958841,0.6229778453872773,0.7882000141592809,reachable_success,97.97570468442225,3.035841578343928
454,withdrawal,high,0.8137507635,10.0,False,tiago_sew,SUCCESS_EXACT,tiago_semi_analytic,c96a32d,median-body-4344-torso015-J1-root-robot-zminus020-v5,wrist_center,gripper_grasping_frame,seed-0-wrist-0,3.31880000885576,,1.538595134136336,0.09865952278421193,-1.9509505696837566,1.444900233252079,0.38314161354234955,-0.537308523528623,-2.03583129667308,1.1102230246251565e-13,5.284508924468147e-14,0.0,3.355739512186339,0.4766871127664292,0.6200390795335351,0.7883078288399911,reachable_success,98.04788320039054,3.355739512186339
455,withdrawal,high,0.8132080385,10.0,False,tiago_sew,SUCCESS_EXACT,tiago_semi_analytic,c96a32d,median-body-4344-torso015-J1-root-robot-zminus020-v5,wrist_center,gripper_grasping_frame,seed-0-wrist-0,3.176300087943673,,1.5319836638673312,0.09654346667754668,-1.9519496746403315,1.4555657960831905,0.3866094412893668,-0.5313071433788794,-2.038227286980092,1.2412670766236365e-13,9.819560181954977e-14,5.088887490341627e-14,3.2184593798402785,0.4756065550101714,0.6172393263593491,0.7890252300819974,reachable_success,97.8491913064081,3.2184593798402785
456,withdrawal,high,0.8123339235,10.0,False,tiago_sew,SUCCESS_EXACT,tiago_semi_analytic,c96a32d,median-body-4344-torso015-J1-root-robot-zminus020-v5,wrist_center,gripper_grasping_frame,seed-0-wrist-0,3.016199916601181,,1.524636364592048,0.09220233709874608,-1.9545014980299313,1.4686731092237406,0.3796517620727746,-0.5149684776206866,-2.034174065345475,2.5438405243138007e-13,2.2205901096254713e-14,2.5444437451708134e-14,3.4506918729349603,0.47557010329927607,0.6144595019284952,0.7914178010086873,reachable_success,98.24783696072473,3.4506918729349603
457,withdrawal,high,0.8117846074999999,10.0,False,tiago_sew,SUCCESS_EXACT,tiago_semi_analytic,c96a32d,median-body-4344-torso015-J1-root-robot-zminus020-v5,wrist_center,gripper_grasping_frame,seed-0-wrist-0,2.671399968676269,,1.5165529404264952,0.09028562543770421,-1.9552752236472564,1.4808368820041808,0.3787408010106441,-0.5104060523542517,-2.0305714321182116,1.2412670766236365e-13,3.473102168125725e-14,0.0,3.657107551990748,0.474888734294127,0.6110417457653762,0.7916376142449584,reachable_success,98.30003118488555,3.657107551990748
458,withdrawal,high,0.8106003415,10.0,False,tiago_sew,SUCCESS_EXACT,tiago_semi_analytic,c96a32d,median-body-4344-torso015-J1-root-robot-zminus020-v5,wrist_center,gripper_grasping_frame,seed-0-wrist-0,3.1354998936876655,,1.5082200507003645,0.08607469740837095,-1.956656738922616,1.4958059004304227,0.37031766295518853,-0.5113602231281043,-2.019646870837275,1.6653345369377348e-13,4.87868382451858e-14,2.5444437451708134e-14,4.2830388064204445,0.47364785305803925,0.6073419124394583,0.7900261221441058,reachable_success,98.7826414457192,4.2830388064204445
459,withdrawal,high,0.8098339545,10.0,False,tiago_sew,SUCCESS_EXACT,tiago_semi_analytic,c96a32d,median-body-4344-torso015-J1-root-robot-zminus020-v5,wrist_center,gripper_grasping_frame,seed-0-wrist-0,3.157899947836995,,1.4995048321167157,0.08206462629783103,-1.9591421599564403,1.51056456173074,0.37141852195783187,-0.5053167205926892,-2.0176703920450203,3.188872858294072e-13,1.8324046781369732e-14,0.0,4.396282699513754,0.47210016611604844,0.6033995594024665,0.7907195611292644,reachable_success,98.71956687102875,4.396282699513754
460,withdrawal,high,0.8086800235,10.0,False,tiago_sew,SUCCESS_EXACT,tiago_semi_analytic,c96a32d,median-body-4344-torso015-J1-root-robot-zminus020-v5,wrist_center,gripper_grasping_frame,seed-0-wrist-0,3.0661000637337565,,1.4896179840431816,0.07850724351282914,-1.9599178900792813,1.527743714293837,0.36386868325585997,-0.5024142879352924,-2.0088298279637566,2.288783399261119e-13,5.0645804050912624e-14,2.5444437451708134e-14,4.902809709885112,0.4706369116890379,0.5991314712732698,0.7897560279745623,reachable_success,99.15214076465627,4.902809709885112
461,withdrawal,high,0.8075873105,10.0,False,tiago_sew,SUCCESS_EXACT,tiago_semi_analytic,c96a32d,median-body-4344-torso015-J1-root-robot-zminus020-v5,wrist_center,gripper_grasping_frame,seed-0-wrist-0,2.932900097221136,,1.4799263742561009,0.07380317518593571,-1.962143094780379,1.5453802040979028,0.3584382447970098,-0.5000591728009072,-2.0023628346773483,1.6653345369377348e-13,3.4801169565432694e-14,0.0,5.273341131335746,0.46867126926341535,0.5946839166144696,0.7891304534535103,reachable_success,99.4632819692539,5.273341131335746
462,withdrawal,high,0.8063290405000001,10.0,False,tiago_sew,SUCCESS_EXACT,tiago_semi_analytic,c96a32d,median-body-4344-torso015-J1-root-robot-zminus020-v5,wrist_center,gripper_grasping_frame,seed-0-wrist-0,2.6733000995591283,,1.4685035089053393,0.07144455788985472,-1.9613725836805624,1.5646255275584142,0.35680426468560844,-0.49742253833345407,-1.999638711013807,3.3306690738754696e-13,7.240759770896414e-14,0.0,5.429421920128382,0.46627468326098925,0.5897251960417722,0.7877831344114661,reachable_success,99.55690213344552,5.429421920128382
463,withdrawal,high,0.8050871584999999,10.0,False,tiago_sew,SUCCESS_EXACT,tiago_semi_analytic,c96a32d,median-body-4344-torso015-J1-root-robot-zminus020-v5,wrist_center,gripper_grasping_frame,seed-0-wrist-0,2.829300006851554,,1.4576046611203497,0.06627380083433197,-1.9636456865897525,1.5841407255058322,0.3423302125029215,-0.49844846370237894,-1.9872547733304575,3.3306690738754696e-13,6.899053169462139e-14,2.5444437451708134e-14,6.138969283137323,0.46470616841730955,0.5847447938632085,0.7861128054028765,reachable_success,100.3862042359656,6.138969283137323
464,withdrawal,high,0.8037972105,10.0,False,tiago_sew,SUCCESS_EXACT,tiago_semi_analytic,c96a32d,median-body-4344-torso015-J1-root-robot-zminus020-v5,wrist_center,gripper_grasping_frame,seed-0-wrist-0,2.8504999354481697,,1.446308758381477,0.06196238621048769,-1.9648651443814429,1.6041881488822267,0.3403562540032361,-0.4987266263262944,-1.9872111254306475,2.989366980140908e-13,6.075838191010386e-14,0.0,6.1414701235810485,0.46182852750035575,0.5794414886929754,0.7846047750163162,reachable_success,100.49930372693154,6.1414701235810485
465,withdrawal,high,0.8022009585000001,10.0,False,tiago_sew,SUCCESS_EXACT,tiago_semi_analytic,c96a32d,median-body-4344-torso015-J1-root-robot-zminus020-v5,wrist_center,gripper_grasping_frame,seed-0-wrist-0,3.8747000508010387,,1.4340830470801682,0.056428832949471715,-1.96644626269286,1.6269735241251688,0.32750046548907985,-0.5023554400921633,-1.9771928353926187,1.137640067256873e-12,5.406876173888788e-14,2.5444437451708134e-14,6.715475860698055,0.4590981092019657,0.5736951304711626,0.7819293402549843,reachable_success,101.23588615110546,6.715475860698055
466,withdrawal,high,0.8006700135,10.0,False,tiago_sew,SUCCESS_EXACT,tiago_semi_analytic,c96a32d,median-body-4344-torso015-J1-root-robot-zminus020-v5,wrist_center,gripper_grasping_frame,seed-0-wrist-0,2.9612999642267823,,1.4218237036608858,0.04900212457177522,-1.9700764339083683,1.650109990082763,0.3227901622527227,-0.4983485848889302,-1.9798928669286182,1.1762602059271538e-12,8.595926196585529e-14,1.0177774980683254e-13,6.560775449133057,0.45588145736844227,0.5677015458437615,0.781536977712366,reachable_success,101.50576664677554,6.560775449133057
467,withdrawal,high,0.7991165465,10.0,False,tiago_sew,SUCCESS_EXACT,tiago_semi_analytic,c96a32d,median-body-4344-torso015-J1-root-robot-zminus020-v5,wrist_center,gripper_grasping_frame,seed-0-wrist-0,2.651900053024292,,1.4083706022297409,0.04384908737921201,-1.9713683783084661,1.6736992918225952,0.32480081235287095,-0.49681130700969245,-1.9846604166046324,1.383330760426861e-12,4.9588985480393654e-14,0.0,6.28761497407848,0.45204882737773006,0.561222414802985,0.7802022614334125,reachable_success,101.39056488195949,6.28761497407848
468,withdrawal,middle,0.7974333495,10.0,False,tiago_sew,SUCCESS_EXACT,tiago_semi_analytic,c96a32d,median-body-4344-torso015-J1-root-robot-zminus020-v5,wrist_center,gripper_grasping_frame,seed-0-wrist-0,3.1069000251591206,,1.3954133065999579,0.03670542922597567,-1.9741202163918348,1.6977187556697548,0.3236842479412809,-0.4940784097547528,-1.9870844944574166,4.348688458596125e-12,6.237021526726916e-14,1.7811106216195694e-13,6.14872554390281,0.4482192392841251,0.5547764331548862,0.7793001782938014,reachable_success,101.4545393102981,6.14872554390281
469,withdrawal,middle,0.7956394655,10.0,False,tiago_sew,SUCCESS_EXACT,tiago_semi_analytic,c96a32d,median-body-4344-torso015-J1-root-robot-zminus020-v5,wrist_center,gripper_grasping_frame,seed-0-wrist-0,3.047199919819832,,1.3816366195763634,0.028513746864422342,-1.977501717344257,1.7235131262988115,0.3201313266673993,-0.4977485058718507,-1.9849735855510282,1.526647492586467e-11,8.132112545719471e-14,7.63333123551244e-14,6.269671715175443,0.4439835690264131,0.547649896431025,0.7771019985704396,reachable_success,101.65810670423376,6.269671715175443
470,withdrawal,middle,0.7938693545,10.0,False,tiago_sew,SUCCESS_EXACT,tiago_semi_analytic,c96a32d,median-body-4344-torso015-J1-root-robot-zminus020-v5,wrist_center,gripper_grasping_frame,seed-0-wrist-0,3.153999918140471,,1.3677880407647864,0.020098672795001955,-1.9810652504431345,1.7495814147304571,0.3148655491670347,-0.4967640822411208,-1.9845358073892445,3.064301025901007e-11,5.6215461860795165e-14,2.7988881196878945e-13,6.294754556208645,0.43992682911916614,0.5405620775387291,0.7758964206944198,reachable_success,101.9598135308596,6.294754556208645
471,withdrawal,middle,0.7921180725,10.0,False,tiago_sew,SUCCESS_EXACT,tiago_semi_analytic,c96a32d,median-body-4344-torso015-J1-root-robot-zminus020-v5,wrist_center,gripper_grasping_frame,seed-0-wrist-0,2.747800084762275,,1.3532721356062127,0.012748133902532391,-1.9836661946693002,1.7760725597233689,0.3098956524734673,-0.49891354998342496,-1.9821416533903342,6.579699078187106e-11,7.21735198911433e-14,9.66888623164909e-13,6.431929475850573,0.43567149403798344,0.5331623452274865,0.7738386553067171,reachable_success,102.24456763601704,6.431929475850573
472,withdrawal,middle,0.7903738714999999,10.0,False,tiago_sew,SUCCESS_EXACT,tiago_semi_analytic,c96a32d,median-body-4344-torso015-J1-root-robot-zminus020-v5,wrist_center,gripper_grasping_frame,seed-0-wrist-0,2.7065000031143427,,1.3389245006949655,0.002408941454666661,-1.9888745735602138,1.8035726247747645,0.29260674906874495,-0.5048658185011416,-1.974149934970007,1.3324162292406387e-10,5.070519143451426e-14,1.831999496522986e-12,6.8898212123922855,0.4321329142736792,0.5255799069626219,0.7715023412226941,reachable_success,103.23514883351699,6.8898212123922855
473,withdrawal,middle,0.7885017095,10.0,False,tiago_sew,SUCCESS_EXACT,tiago_semi_analytic,c96a32d,median-body-4344-torso015-J1-root-robot-zminus020-v5,wrist_center,gripper_grasping_frame,seed-0-wrist-0,2.839399967342615,,1.3243042427214893,-0.007748584421816708,-1.9933796731212392,1.8316588301016203,0.2707369270199109,-0.512775894981178,-1.9660022568243933,3.2693727852436184e-10,4.360791392023095e-14,5.750442864086038e-12,7.35664878296692,0.42878465347534905,0.5179572359415499,0.7684610087363694,reachable_success,104.48819733561733,7.35664878296692
474,withdrawal,middle,0.7865282284999999,10.0,False,tiago_sew,SUCCESS_EXACT,tiago_semi_analytic,c96a32d,median-body-4344-torso015-J1-root-robot-zminus020-v5,wrist_center,gripper_grasping_frame,seed-0-wrist-0,2.8591000009328127,,1.3088624287555457,-0.01901761033727735,-1.9983755508914256,1.8605961253195267,0.24903712564937486,-0.5211099664242971,-1.963298537024369,5.782081296168545e-10,8.240319714806382e-15,1.010144166832813e-11,7.511560516494271,0.4255057631693953,0.5098614599778342,0.7654604418300566,reachable_success,105.73150437042125,7.511560516494271
475,withdrawal,middle,0.7847647405,10.0,False,tiago_sew,SUCCESS_EXACT,tiago_semi_analytic,c96a32d,median-body-4344-torso015-J1-root-robot-zminus020-v5,wrist_center,gripper_grasping_frame,seed-0-wrist-0,3.1154999742284417,,1.2935246336344257,-0.030213064063587355,-2.00383235176405,1.889347005749524,0.21691691879764896,-0.5434588459351786,-1.9504377508560937,1.0867953524648667e-09,3.025320266491294e-14,2.4095882266767603e-11,8.248429285156668,0.4231059035376537,0.5016377674054799,0.7598633186841433,reachable_success,107.57185666011233,8.248429285156668
476,withdrawal,middle,0.7830656745,10.0,False,tiago_sew,SUCCESS_EXACT,tiago_semi_analytic,c96a32d,median-body-4344-torso015-J1-root-robot-zminus020-v5,wrist_center,gripper_grasping_frame,seed-0-wrist-0,3.19580000359565,,1.2786158447286131,-0.04262432335588971,-2.0102966359772325,1.9178094103433838,0.18056830925103817,-0.5639356131960329,-1.9400402717112257,1.7486521121409577e-09,6.684550049359325e-14,4.3026543730838454e-11,8.844160957732896,0.4214408358392599,0.4936205242115412,0.7551070742057461,reachable_success,109.65447857830206,8.844160957732896
477,withdrawal,middle,0.7812500305,10.0,False,tiago_sew,SUCCESS_EXACT,tiago_semi_analytic,c96a32d,median-body-4344-torso015-J1-root-robot-zminus020-v5,wrist_center,gripper_grasping_frame,seed-0-wrist-0,2.7820999966934323,,1.262521617887856,-0.05437387180373768,-2.015765973713373,1.9474566011686887,0.1414208950581628,-0.5785092535987912,-1.9293865461531299,4.6908092481187126e-09,4.282306523918718e-14,1.2142085551955123e-10,9.454574468302447,0.4201833388284216,0.4854692408606018,0.7513370022176263,reachable_success,111.89746019040436,9.454574468302447
478,withdrawal,middle,0.7792753295,10.0,False,tiago_sew,SUCCESS_EXACT,tiago_semi_analytic,c96a32d,median-body-4344-torso015-J1-root-robot-zminus020-v5,wrist_center,gripper_grasping_frame,seed-0-wrist-0,3.1979000195860863,,1.2460629236281773,-0.06747386158889895,-2.0215056086886807,1.9765146934540416,0.1072787381757303,-0.5940193999186141,-1.9227033304299193,5.596281792160296e-09,3.868641623675446e-14,1.5218318039866635e-10,9.837494522817886,0.4190644573939402,0.47703250202618375,0.7475952008084079,reachable_success,113.85366168324127,9.837494522817886
479,withdrawal,middle,0.7774472965,10.0,False,tiago_sew,SUCCESS_EXACT,tiago_semi_analytic,c96a32d,median-body-4344-torso015-J1-root-robot-zminus020-v5,wrist_center,gripper_grasping_frame,seed-0-wrist-0,3.1719000544399023,,1.229362959878913,-0.07919761054562631,-2.026697795141373,2.007066019578267,0.10191070655859313,-0.6097581192872648,-1.9397573500802068,2.544716259907143e-08,5.4140260996561615e-14,7.411710185308063e-10,8.860371173123239,0.4140271141419915,0.4675612268274356,0.7437688672466336,reachable_success,114.16122723919602,8.860371173123239
480,withdrawal,middle,0.7755496825,10.0,False,tiago_sew,SUCCESS_EXACT,tiago_semi_analytic,c96a32d,median-body-4344-torso015-J1-root-robot-zminus020-v5,wrist_center,gripper_grasping_frame,seed-0-wrist-0,2.924600034020841,,1.2118227854099626,-0.09129179840889329,-2.031754690637638,2.037116393451591,0.0848837336492414,-0.6242366559065462,-1.9410147534257947,3.739642776155812e-08,3.300818178631585e-14,1.1688665676565683e-09,8.788327268275424,0.4109005452632676,0.45826144808418595,0.7402355207247503,reachable_success,115.13680092478546,8.788327268275424
481,withdrawal,middle,0.7734488225,10.0,False,tiago_sew,SUCCESS_EXACT,tiago_semi_analytic,c96a32d,median-body-4344-torso015-J1-root-robot-zminus020-v5,wrist_center,gripper_grasping_frame,seed-0-wrist-0,3.1815998954698443,,1.195001098782292,-0.10438511356093617,-2.0367247068886223,2.067711921614209,0.06049840584760657,-0.6418220625918067,-1.9259449096261125,2.7755575615628914e-13,5.948126796232138e-14,5.088887490341627e-14,9.651765715918602,0.4082183005640179,0.44927582271755684,0.7360681858201703,reachable_success,116.53397728986216,9.651765715918602
482,withdrawal,middle,0.7716724245,10.0,False,tiago_sew,SUCCESS_EXACT,tiago_semi_analytic,c96a32d,median-body-4344-torso015-J1-root-robot-zminus020-v5,wrist_center,gripper_grasping_frame,seed-0-wrist-0,3.390400088392198,,1.1780522870590324,-0.11685787057517903,-2.0421962385514343,2.0970310782761024,0.0385652759514703,-0.6658061566694324,-1.9059973340354794,1.9229626863835638e-13,8.080660815661593e-14,0.0,10.79467760878006,0.4060832331409379,0.4400602040237621,0.7311031640192255,reachable_success,117.79065306442298,10.79467760878006
483,withdrawal,middle,0.7696868285,10.0,False,tiago_sew,SUCCESS_EXACT,tiago_semi_analytic,c96a32d,median-body-4344-torso015-J1-root-robot-zminus020-v5,wrist_center,gripper_grasping_frame,seed-0-wrist-0,3.7950000260025263,,1.161444431041889,-0.1299845998191453,-2.0472243027258417,2.126232440066571,0.01602256576197192,-0.6930207191294038,-1.8818242802488072,4.344434768182728e-13,2.601870894600685e-14,2.5444437451708134e-14,12.179691568699111,0.4041865043100767,0.43090318553510865,0.7254067544981468,reachable_success,119.0822552170678,12.179691568699111
484,withdrawal,middle,0.7676491395,10.0,False,tiago_sew,SUCCESS_EXACT,tiago_semi_analytic,c96a32d,median-body-4344-torso015-J1-root-robot-zminus020-v5,wrist_center,gripper_grasping_frame,seed-0-wrist-0,3.3711999421939254,,1.144992755475972,-0.14320562129379064,-2.051957132450139,2.155057940132949,-0.0072748068929211485,-0.7143801102085265,-1.8592543671584112,1.7554167342883506e-13,6.010931769113872e-14,2.5444437451708134e-14,11.524018155154613,0.40239782411708847,0.4221076825151045,0.7209576851839554,reachable_success,119.58346488046254,13.472852332755872
485,withdrawal,middle,0.7657666624999999,10.0,False,tiago_sew,SUCCESS_EXACT,tiago_semi_analytic,c96a32d,median-body-4344-torso015-J1-root-robot-zminus020-v5,wrist_center,gripper_grasping_frame,seed-0-wrist-0,3.3867999445647,,1.128589431951056,-0.15789723172060544,-2.05808891306206,2.183141558526573,-0.025134843021824338,-0.7414168201267199,-1.8488170926195675,2.2377260456559047e-13,7.911101863492404e-14,0.0,9.914945347743993,0.4006791024406908,0.4128638405860981,0.7159686216176578,reachable_success,118.56016018832523,14.070864113450968
486,withdrawal,middle,0.7637472535000001,10.0,False,tiago_sew,SUCCESS_EXACT,tiago_semi_analytic,c96a32d,median-body-4344-torso015-J1-root-robot-zminus020-v5,wrist_center,gripper_grasping_frame,seed-0-wrist-0,3.7896999856457114,,1.1119627761646653,-0.17233294713719843,-2.063532146078759,2.2122350083466435,-0.04299451913979624,-0.770907584573223,-1.8426332584134286,2.1791220413003877e-12,1.381567025413439e-13,7.63333123551244e-14,8.248013461578305,0.39875024126993736,0.40341060241369975,0.7103310135565961,reachable_success,117.53687612329485,14.425171714671357
487,withdrawal,middle,0.7616421204999999,10.0,False,tiago_sew,SUCCESS_EXACT,tiago_semi_analytic,c96a32d,median-body-4344-torso015-J1-root-robot-zminus020-v5,wrist_center,gripper_grasping_frame,seed-0-wrist-0,3.2847000984475017,,1.0948685499723878,-0.18820484622386865,-2.0695369901651506,2.2418000594491705,-0.06081064786172341,-0.8007268898855764,-1.841989745715459,5.311474501725757e-11,1.1466504211731094e-13,2.31544380810544e-12,6.55406081231491,0.39700030931908414,0.3936831128031699,0.7049166760199185,reachable_success,116.5160871402666,14.462042276328091
488,withdrawal,middle,0.7595594784999999,10.0,False,tiago_sew,SUCCESS_EXACT,tiago_semi_analytic,c96a32d,median-body-4344-torso015-J1-root-robot-zminus020-v5,wrist_center,gripper_grasping_frame,seed-0-wrist-0,3.2320000464096665,,1.0778849392165466,-0.20487619015873304,-2.0759955195630964,2.270984887625261,-0.07612358457542712,-0.8325446661451386,-1.8471100983223643,1.6294736562308185e-09,9.469542999127273e-14,7.462853504585996e-11,4.881893332010425,0.39528368722564916,0.38380448130890144,0.6993730216457277,reachable_success,115.63872049462046,14.168667682333613
489,withdrawal,middle,0.7571787114999999,10.0,False,tiago_sew,SUCCESS_EXACT,tiago_semi_analytic,c96a32d,median-body-4344-torso015-J1-root-robot-zminus020-v5,wrist_center,gripper_grasping_frame,seed-0-wrist-0,3.248700057156384,,1.0601703020259252,-0.22164668709041774,-2.081162690660975,2.300456769546408,-0.08736098147476312,-0.8628272869918545,-1.8552362677938259,1.9815144271809124e-07,1.922174946289344e-14,9.34027132196028e-09,3.193278883620801,0.39299914686144694,0.37370486820933696,0.693614834681336,reachable_success,114.9948650795751,13.703072468010808
490,withdrawal,middle,0.7545257265,10.0,False,tiago_sew,SUCCESS_EXACT,tiago_semi_analytic,c96a32d,median-body-4344-torso015-J1-root-robot-zminus020-v5,wrist_center,gripper_grasping_frame,seed-0-wrist-0,4.866300034336746,,1.0425298841755952,-0.23803235596912256,-2.084675406572584,2.3296682288114727,-0.09991525705302173,-0.8955138376208511,-1.8548795630895754,1.8158474036917229e-09,8.520022489832724e-14,8.752886483387598e-11,1.5195855543142653,0.3910364724620466,0.3637070814461628,0.6869997508002313,reachable_success,114.27555807409674,13.723510142096824
491,withdrawal,middle,0.7519035345,10.0,False,tiago_sew,SUCCESS_EXACT,tiago_semi_analytic,c96a32d,median-body-4344-torso015-J1-root-robot-zminus020-v5,wrist_center,gripper_grasping_frame,seed-0-wrist-0,6.815199973061681,,1.0259890525317057,-0.255530701572889,-2.0891048350560353,2.3561899999999993,-0.11152647095587653,-0.9240773447084418,-1.85271971411699,0.48347064471046447,5.373578730354484e-14,0.024288751984326753,2.5444437451708134e-14,0.389570076334146,0.3544372667117478,0.6817464577273308,reachable_success,113.61028452243953,13.847260372611633
492,withdrawal,middle,0.7492551275,10.0,False,tiago_sew,NUMERICAL_FAILURE,tiago_semi_analytic,c96a32d,median-body-4344-torso015-J1-root-robot-zminus020-v5,wrist_center,gripper_grasping_frame,,170.9454000229016,no exact or boundary-refined wrist branch met strict wrist-center/orientation/SEW tolerances,,,,,,,,,,,,,,,oracle_inconclusive,,
493,withdrawal,middle,0.7462881775,10.0,False,tiago_sew,NUMERICAL_FAILURE,tiago_semi_analytic,c96a32d,median-body-4344-torso015-J1-root-robot-zminus020-v5,wrist_center,gripper_grasping_frame,,164.2501000314951,no exact or boundary-refined wrist branch met strict wrist-center/orientation/SEW tolerances,,,,,,,,,,,,,,,oracle_inconclusive,,
494,withdrawal,middle,0.7431755675,10.0,False,tiago_sew,NUMERICAL_FAILURE,tiago_semi_analytic,c96a32d,median-body-4344-torso015-J1-root-robot-zminus020-v5,wrist_center,gripper_grasping_frame,,175.9022999322042,no exact or boundary-refined wrist branch met strict wrist-center/orientation/SEW tolerances,,,,,,,,,,,,,,,oracle_inconclusive,,
495,withdrawal,middle,0.7400906375,10.0,False,tiago_sew,NUMERICAL_FAILURE,tiago_semi_analytic,c96a32d,median-body-4344-torso015-J1-root-robot-zminus020-v5,wrist_center,gripper_grasping_frame,,187.78899998869747,no exact or boundary-refined wrist branch met strict wrist-center/orientation/SEW tolerances,,,,,,,,,,,,,,,oracle_inconclusive,,
496,withdrawal,middle,0.7367564245,10.0,False,tiago_sew,NUMERICAL_FAILURE,tiago_semi_analytic,c96a32d,median-body-4344-torso015-J1-root-robot-zminus020-v5,wrist_center,gripper_grasping_frame,,346.8364999862388,no exact or boundary-refined wrist branch met strict wrist-center/orientation/SEW tolerances,,,,,,,,,,,,,,,oracle_inconclusive,,
497,withdrawal,middle,0.7334400335,10.0,False,tiago_sew,NUMERICAL_FAILURE,tiago_semi_analytic,c96a32d,median-body-4344-torso015-J1-root-robot-zminus020-v5,wrist_center,gripper_grasping_frame,,354.9273000098765,no exact or boundary-refined wrist branch met strict wrist-center/orientation/SEW tolerances,,,,,,,,,,,,,,,oracle_inconclusive,,
498,withdrawal,middle,0.7300328375,10.0,False,tiago_sew,NUMERICAL_FAILURE,tiago_semi_analytic,c96a32d,median-body-4344-torso015-J1-root-robot-zminus020-v5,wrist_center,gripper_grasping_frame,,376.5315000200644,no exact or boundary-refined wrist branch met strict wrist-center/orientation/SEW tolerances,,,,,,,,,,,,,,,oracle_inconclusive,,
499,withdrawal,middle,0.7266297605,10.0,False,tiago_sew,NUMERICAL_FAILURE,tiago_semi_analytic,c96a32d,median-body-4344-torso015-J1-root-robot-zminus020-v5,wrist_center,gripper_grasping_frame,,366.98089994024485,no exact or boundary-refined wrist branch met strict wrist-center/orientation/SEW tolerances,,,,,,,,,,,,,,,oracle_inconclusive,,
500,withdrawal,middle,0.7230383455,10.0,False,tiago_sew,NUMERICAL_FAILURE,tiago_semi_analytic,c96a32d,median-body-4344-torso015-J1-root-robot-zminus020-v5,wrist_center,gripper_grasping_frame,,238.96430002059788,no exact or boundary-refined wrist branch met strict wrist-center/orientation/SEW tolerances,,,,,,,,,,,,,,,oracle_inconclusive,,
501,withdrawal,middle,0.7194678955,10.0,False,tiago_sew,NUMERICAL_FAILURE,tiago_semi_analytic,c96a32d,median-body-4344-torso015-J1-root-robot-zminus020-v5,wrist_center,gripper_grasping_frame,,235.71349994745106,no exact or boundary-refined wrist branch met strict wrist-center/orientation/SEW tolerances,,,,,,,,,,,,,,,oracle_inconclusive,,
502,withdrawal,low,0.7157329715,10.0,False,tiago_sew,NUMERICAL_FAILURE,tiago_semi_analytic,c96a32d,median-body-4344-torso015-J1-root-robot-zminus020-v5,wrist_center,gripper_grasping_frame,,241.78229994140565,no exact or boundary-refined wrist branch met strict wrist-center/orientation/SEW tolerances,,,,,,,,,,,,,,,oracle_inconclusive,,
503,withdrawal,low,0.7120044255,10.0,False,tiago_sew,NUMERICAL_FAILURE,tiago_semi_analytic,c96a32d,median-body-4344-torso015-J1-root-robot-zminus020-v5,wrist_center,gripper_grasping_frame,,248.43549996148795,no exact or boundary-refined wrist branch met strict wrist-center/orientation/SEW tolerances,,,,,,,,,,,,,,,oracle_inconclusive,,
504,withdrawal,low,0.7081760715000001,10.0,False,tiago_sew,NUMERICAL_FAILURE,tiago_semi_analytic,c96a32d,median-body-4344-torso015-J1-root-robot-zminus020-v5,wrist_center,gripper_grasping_frame,,257.2931000031531,no exact or boundary-refined wrist branch met strict wrist-center/orientation/SEW tolerances,,,,,,,,,,,,,,,oracle_inconclusive,,
505,withdrawal,low,0.7047968145,10.0,False,tiago_sew,NUMERICAL_FAILURE,tiago_semi_analytic,c96a32d,median-body-4344-torso015-J1-root-robot-zminus020-v5,wrist_center,gripper_grasping_frame,,271.7597000300884,no exact or boundary-refined wrist branch met strict wrist-center/orientation/SEW tolerances,,,,,,,,,,,,,,,oracle_inconclusive,,
506,withdrawal,low,0.7009085395,10.0,False,tiago_sew,NUMERICAL_FAILURE,tiago_semi_analytic,c96a32d,median-body-4344-torso015-J1-root-robot-zminus020-v5,wrist_center,gripper_grasping_frame,,282.18579990789294,no exact or boundary-refined wrist branch met strict wrist-center/orientation/SEW tolerances,,,,,,,,,,,,,,,oracle_inconclusive,,
507,withdrawal,low,0.6974098814999999,10.0,False,tiago_sew,NUMERICAL_FAILURE,tiago_semi_analytic,c96a32d,median-body-4344-torso015-J1-root-robot-zminus020-v5,wrist_center,gripper_grasping_frame,,295.54850002750754,no exact or boundary-refined wrist branch met strict wrist-center/orientation/SEW tolerances,,,,,,,,,,,,,,,oracle_inconclusive,,
508,withdrawal,low,0.6936666874999999,10.0,False,tiago_sew,NUMERICAL_FAILURE,tiago_semi_analytic,c96a32d,median-body-4344-torso015-J1-root-robot-zminus020-v5,wrist_center,gripper_grasping_frame,,320.4979000147432,no exact or boundary-refined wrist branch met strict wrist-center/orientation/SEW tolerances,,,,,,,,,,,,,,,oracle_inconclusive,,
509,withdrawal,low,0.6899167024999999,10.0,False,tiago_sew,NUMERICAL_FAILURE,tiago_semi_analytic,c96a32d,median-body-4344-torso015-J1-root-robot-zminus020-v5,wrist_center,gripper_grasping_frame,,346.6574000194669,no exact or boundary-refined wrist branch met strict wrist-center/orientation/SEW tolerances,,,,,,,,,,,,,,,oracle_inconclusive,,
510,withdrawal,low,0.6862464755,10.0,False,tiago_sew,NUMERICAL_FAILURE,tiago_semi_analytic,c96a32d,median-body-4344-torso015-J1-root-robot-zminus020-v5,wrist_center,gripper_grasping_frame,,337.7729000058025,no exact or boundary-refined wrist branch met strict wrist-center/orientation/SEW tolerances,,,,,,,,,,,,,,,oracle_inconclusive,,
511,withdrawal,low,0.6825678255000001,10.0,False,tiago_sew,NUMERICAL_FAILURE,tiago_semi_analytic,c96a32d,median-body-4344-torso015-J1-root-robot-zminus020-v5,wrist_center,gripper_grasping_frame,,366.3122000871226,no exact or boundary-refined wrist branch met strict wrist-center/orientation/SEW tolerances,,,,,,,,,,,,,,,oracle_inconclusive,,
512,withdrawal,low,0.6791035615,10.0,False,tiago_sew,NUMERICAL_FAILURE,tiago_semi_analytic,c96a32d,median-body-4344-torso015-J1-root-robot-zminus020-v5,wrist_center,gripper_grasping_frame,,372.4036000203341,no exact or boundary-refined wrist branch met strict wrist-center/orientation/SEW tolerances,,,,,,,,,,,,,,,oracle_inconclusive,,
513,withdrawal,low,0.6755286255,10.0,False,tiago_sew,NUMERICAL_FAILURE,tiago_semi_analytic,c96a32d,median-body-4344-torso015-J1-root-robot-zminus020-v5,wrist_center,gripper_grasping_frame,,403.35529996082187,no exact or boundary-refined wrist branch met strict wrist-center/orientation/SEW tolerances,,,,,,,,,,,,,,,oracle_inconclusive,,
514,withdrawal,low,0.6720131994999999,10.0,False,tiago_sew,NUMERICAL_FAILURE,tiago_semi_analytic,c96a32d,median-body-4344-torso015-J1-root-robot-zminus020-v5,wrist_center,gripper_grasping_frame,,427.28079995140433,no exact or boundary-refined wrist branch met strict wrist-center/orientation/SEW tolerances,,,,,,,,,,,,,,,oracle_inconclusive,,
515,withdrawal,low,0.6688006445,10.0,False,tiago_sew,NUMERICAL_FAILURE,tiago_semi_analytic,c96a32d,median-body-4344-torso015-J1-root-robot-zminus020-v5,wrist_center,gripper_grasping_frame,,458.5742000490427,no exact or boundary-refined wrist branch met strict wrist-center/orientation/SEW tolerances,,,,,,,,,,,,,,,oracle_inconclusive,,
516,withdrawal,low,0.6655952155,10.0,False,tiago_sew,NUMERICAL_FAILURE,tiago_semi_analytic,c96a32d,median-body-4344-torso015-J1-root-robot-zminus020-v5,wrist_center,gripper_grasping_frame,,499.9864000128582,no exact or boundary-refined wrist branch met strict wrist-center/orientation/SEW tolerances,,,,,,,,,,,,,,,oracle_inconclusive,,
517,withdrawal,low,0.6626894225,10.0,False,tiago_sew,NUMERICAL_FAILURE,tiago_semi_analytic,c96a32d,median-body-4344-torso015-J1-root-robot-zminus020-v5,wrist_center,gripper_grasping_frame,,531.2964000040665,no exact or boundary-refined wrist branch met strict wrist-center/orientation/SEW tolerances,,,,,,,,,,,,,,,oracle_inconclusive,,
518,withdrawal,low,0.6597145545,10.0,False,tiago_sew,NUMERICAL_FAILURE,tiago_semi_analytic,c96a32d,median-body-4344-torso015-J1-root-robot-zminus020-v5,wrist_center,gripper_grasping_frame,,654.7226998955011,no exact or boundary-refined wrist branch met strict wrist-center/orientation/SEW tolerances,,,,,,,,,,,,,,,oracle_inconclusive,,
519,withdrawal,low,0.6569936985,10.0,False,tiago_sew,NUMERICAL_FAILURE,tiago_semi_analytic,c96a32d,median-body-4344-torso015-J1-root-robot-zminus020-v5,wrist_center,gripper_grasping_frame,,1131.9461000384763,no exact or boundary-refined wrist branch met strict wrist-center/orientation/SEW tolerances,,,,,,,,,,,,,,,oracle_inconclusive,,
520,withdrawal,low,0.6545324555,10.0,False,tiago_sew,NUMERICAL_FAILURE,tiago_semi_analytic,c96a32d,median-body-4344-torso015-J1-root-robot-zminus020-v5,wrist_center,gripper_grasping_frame,,699.2919999174774,no exact or boundary-refined wrist branch met strict wrist-center/orientation/SEW tolerances,,,,,,,,,,,,,,,oracle_inconclusive,,
521,withdrawal,low,0.6521990815,10.0,False,tiago_sew,NUMERICAL_FAILURE,tiago_semi_analytic,c96a32d,median-body-4344-torso015-J1-root-robot-zminus020-v5,wrist_center,gripper_grasping_frame,,587.8551000496373,no exact or boundary-refined wrist branch met strict wrist-center/orientation/SEW tolerances,,,,,,,,,,,,,,,oracle_inconclusive,,
522,withdrawal,low,0.6500365145,10.0,False,tiago_sew,NUMERICAL_FAILURE,tiago_semi_analytic,c96a32d,median-body-4344-torso015-J1-root-robot-zminus020-v5,wrist_center,gripper_grasping_frame,,516.3547999691218,no exact or boundary-refined wrist branch met strict wrist-center/orientation/SEW tolerances,,,,,,,,,,,,,,,oracle_inconclusive,,
523,withdrawal,low,0.6481962434999999,10.0,False,tiago_sew,NUMERICAL_FAILURE,tiago_semi_analytic,c96a32d,median-body-4344-torso015-J1-root-robot-zminus020-v5,wrist_center,gripper_grasping_frame,,487.95860004611313,no exact or boundary-refined wrist branch met strict wrist-center/orientation/SEW tolerances,,,,,,,,,,,,,,,oracle_inconclusive,,
524,withdrawal,low,0.6461966555,10.0,False,tiago_sew,NUMERICAL_FAILURE,tiago_semi_analytic,c96a32d,median-body-4344-torso015-J1-root-robot-zminus020-v5,wrist_center,gripper_grasping_frame,,473.43640006147325,no exact or boundary-refined wrist branch met strict wrist-center/orientation/SEW tolerances,,,,,,,,,,,,,,,oracle_inconclusive,,
525,withdrawal,low,0.6442877505,10.0,False,tiago_sew,NUMERICAL_FAILURE,tiago_semi_analytic,c96a32d,median-body-4344-torso015-J1-root-robot-zminus020-v5,wrist_center,gripper_grasping_frame,,474.39550003036857,no exact or boundary-refined wrist branch met strict wrist-center/orientation/SEW tolerances,,,,,,,,,,,,,,,oracle_inconclusive,,
526,withdrawal,low,0.6422313534999999,10.0,False,tiago_sew,NUMERICAL_FAILURE,tiago_semi_analytic,c96a32d,median-body-4344-torso015-J1-root-robot-zminus020-v5,wrist_center,gripper_grasping_frame,,443.0193000007421,no exact or boundary-refined wrist branch met strict wrist-center/orientation/SEW tolerances,,,,,,,,,,,,,,,oracle_inconclusive,,
527,withdrawal,low,0.6409184725,10.0,False,tiago_sew,NUMERICAL_FAILURE,tiago_semi_analytic,c96a32d,median-body-4344-torso015-J1-root-robot-zminus020-v5,wrist_center,gripper_grasping_frame,,435.53099990822375,no exact or boundary-refined wrist branch met strict wrist-center/orientation/SEW tolerances,,,,,,,,,,,,,,,oracle_inconclusive,,
528,withdrawal,low,0.6391824495,10.0,False,tiago_sew,NUMERICAL_FAILURE,tiago_semi_analytic,c96a32d,median-body-4344-torso015-J1-root-robot-zminus020-v5,wrist_center,gripper_grasping_frame,,446.81689993012697,no exact or boundary-refined wrist branch met strict wrist-center/orientation/SEW tolerances,,,,,,,,,,,,,,,oracle_inconclusive,,
529,withdrawal,low,0.6380029755,10.0,False,tiago_sew,NUMERICAL_FAILURE,tiago_semi_analytic,c96a32d,median-body-4344-torso015-J1-root-robot-zminus020-v5,wrist_center,gripper_grasping_frame,,418.1119999848306,no exact or boundary-refined wrist branch met strict wrist-center/orientation/SEW tolerances,,,,,,,,,,,,,,,oracle_inconclusive,,
530,withdrawal,low,0.6367430725000001,10.0,False,tiago_sew,NUMERICAL_FAILURE,tiago_semi_analytic,c96a32d,median-body-4344-torso015-J1-root-robot-zminus020-v5,wrist_center,gripper_grasping_frame,,432.69649997819215,no exact or boundary-refined wrist branch met strict wrist-center/orientation/SEW tolerances,,,,,,,,,,,,,,,oracle_inconclusive,,
531,withdrawal,low,0.6357197875,10.0,False,tiago_sew,NUMERICAL_FAILURE,tiago_semi_analytic,c96a32d,median-body-4344-torso015-J1-root-robot-zminus020-v5,wrist_center,gripper_grasping_frame,,416.02380003314465,no exact or boundary-refined wrist branch met strict wrist-center/orientation/SEW tolerances,,,,,,,,,,,,,,,oracle_inconclusive,,
532,withdrawal,low,0.6347793735,10.0,False,tiago_sew,NUMERICAL_FAILURE,tiago_semi_analytic,c96a32d,median-body-4344-torso015-J1-root-robot-zminus020-v5,wrist_center,gripper_grasping_frame,,428.723500110209,no exact or boundary-refined wrist branch met strict wrist-center/orientation/SEW tolerances,,,,,,,,,,,,,,,oracle_inconclusive,,
533,withdrawal,low,0.6340029755,10.0,False,tiago_sew,NUMERICAL_FAILURE,tiago_semi_analytic,c96a32d,median-body-4344-torso015-J1-root-robot-zminus020-v5,wrist_center,gripper_grasping_frame,,413.29420008696616,no exact or boundary-refined wrist branch met strict wrist-center/orientation/SEW tolerances,,,,,,,,,,,,,,,oracle_inconclusive,,
534,withdrawal,low,0.6332664944999999,10.0,False,tiago_sew,NUMERICAL_FAILURE,tiago_semi_analytic,c96a32d,median-body-4344-torso015-J1-root-robot-zminus020-v5,wrist_center,gripper_grasping_frame,,417.61500004213303,no exact or boundary-refined wrist branch met strict wrist-center/orientation/SEW tolerances,,,,,,,,,,,,,,,oracle_inconclusive,,
535,withdrawal,low,0.6326483915,10.0,False,tiago_sew,NUMERICAL_FAILURE,tiago_semi_analytic,c96a32d,median-body-4344-torso015-J1-root-robot-zminus020-v5,wrist_center,gripper_grasping_frame,,422.35799995251,no exact or boundary-refined wrist branch met strict wrist-center/orientation/SEW tolerances,,,,,,,,,,,,,,,oracle_inconclusive,,
536,withdrawal,low,0.6323486485,10.0,False,tiago_sew,NUMERICAL_FAILURE,tiago_semi_analytic,c96a32d,median-body-4344-torso015-J1-root-robot-zminus020-v5,wrist_center,gripper_grasping_frame,,412.58849995210767,no exact or boundary-refined wrist branch met strict wrist-center/orientation/SEW tolerances,,,,,,,,,,,,,,,oracle_inconclusive,,
537,withdrawal,low,0.6318393405,10.0,False,tiago_sew,NUMERICAL_FAILURE,tiago_semi_analytic,c96a32d,median-body-4344-torso015-J1-root-robot-zminus020-v5,wrist_center,gripper_grasping_frame,,413.8505000155419,no exact or boundary-refined wrist branch met strict wrist-center/orientation/SEW tolerances,,,,,,,,,,,,,,,oracle_inconclusive,,
538,withdrawal,low,0.6313863675,10.0,False,tiago_sew,NUMERICAL_FAILURE,tiago_semi_analytic,c96a32d,median-body-4344-torso015-J1-root-robot-zminus020-v5,wrist_center,gripper_grasping_frame,,405.7539999485016,no exact or boundary-refined wrist branch met strict wrist-center/orientation/SEW tolerances,,,,,,,,,,,,,,,oracle_inconclusive,,
539,withdrawal,low,0.6311635895,10.0,False,tiago_sew,NUMERICAL_FAILURE,tiago_semi_analytic,c96a32d,median-body-4344-torso015-J1-root-robot-zminus020-v5,wrist_center,gripper_grasping_frame,,410.98279994912446,no exact or boundary-refined wrist branch met strict wrist-center/orientation/SEW tolerances,,,,,,,,,,,,,,,oracle_inconclusive,,
540,withdrawal,low,0.6310594485,10.0,False,tiago_sew,NUMERICAL_FAILURE,tiago_semi_analytic,c96a32d,median-body-4344-torso015-J1-root-robot-zminus020-v5,wrist_center,gripper_grasping_frame,,424.9466999899596,no exact or boundary-refined wrist branch met strict wrist-center/orientation/SEW tolerances,,,,,,,,,,,,,,,oracle_inconclusive,,
541,withdrawal,low,0.6309295655,10.0,False,tiago_sew,NUMERICAL_FAILURE,tiago_semi_analytic,c96a32d,median-body-4344-torso015-J1-root-robot-zminus020-v5,wrist_center,gripper_grasping_frame,,402.5480999844149,no exact or boundary-refined wrist branch met strict wrist-center/orientation/SEW tolerances,,,,,,,,,,,,,,,oracle_inconclusive,,
542,withdrawal,low,0.6309302215,10.0,False,tiago_sew,NUMERICAL_FAILURE,tiago_semi_analytic,c96a32d,median-body-4344-torso015-J1-root-robot-zminus020-v5,wrist_center,gripper_grasping_frame,,408.3931000204757,no exact or boundary-refined wrist branch met strict wrist-center/orientation/SEW tolerances,,,,,,,,,,,,,,,oracle_inconclusive,,
543,withdrawal,low,0.6310173795,10.0,False,tiago_sew,NUMERICAL_FAILURE,tiago_semi_analytic,c96a32d,median-body-4344-torso015-J1-root-robot-zminus020-v5,wrist_center,gripper_grasping_frame,,435.63179997727275,no exact or boundary-refined wrist branch met strict wrist-center/orientation/SEW tolerances,,,,,,,,,,,,,,,oracle_inconclusive,,
544,withdrawal,low,0.6311520995,10.0,False,tiago_sew,NUMERICAL_FAILURE,tiago_semi_analytic,c96a32d,median-body-4344-torso015-J1-root-robot-zminus020-v5,wrist_center,gripper_grasping_frame,,409.03640002943575,no exact or boundary-refined wrist branch met strict wrist-center/orientation/SEW tolerances,,,,,,,,,,,,,,,oracle_inconclusive,,
545,withdrawal,low,0.6315720524999999,10.0,False,tiago_sew,NUMERICAL_FAILURE,tiago_semi_analytic,c96a32d,median-body-4344-torso015-J1-root-robot-zminus020-v5,wrist_center,gripper_grasping_frame,,420.2699000015855,no exact or boundary-refined wrist branch met strict wrist-center/orientation/SEW tolerances,,,,,,,,,,,,,,,oracle_inconclusive,,
546,withdrawal,low,0.6317978515,10.0,False,tiago_sew,NUMERICAL_FAILURE,tiago_semi_analytic,c96a32d,median-body-4344-torso015-J1-root-robot-zminus020-v5,wrist_center,gripper_grasping_frame,,404.80259992182255,no exact or boundary-refined wrist branch met strict wrist-center/orientation/SEW tolerances,,,,,,,,,,,,,,,oracle_inconclusive,,
