frame,event,wrist_height_phase,wrist_z_world_m,base_yaw_deg,joint_limit_aware,method,status,backend,model_revision,calibration_revision,position_target_frame,orientation_target_frame,branch_id,solve_time_ms,message,arm_1_joint,arm_2_joint,arm_3_joint,arm_4_joint,arm_5_joint,arm_6_joint,arm_7_joint,wrist_center_position_error_mm,ee_orientation_error_deg,sew_angle_error_deg,joint_limit_margin_deg,grasping_frame_position_x_m,grasping_frame_position_y_m,grasping_frame_position_z_m,classification,j5_limit_margin_deg,j7_limit_margin_deg
246,transfer,low,0.5391029055,0.0,True,tiago_sew,NUMERICAL_FAILURE,tiago_semi_analytic,c96a32d,median-body-4344-torso015-J1-root-robot-zminus020-v5,wrist_center,gripper_grasping_frame,,196.9689999241382,no exact or boundary-refined wrist branch met strict wrist-center/orientation/SEW tolerances,,,,,,,,,,,,,,,oracle_inconclusive,,
247,transfer,low,0.5414948964999999,0.0,True,tiago_sew,NUMERICAL_FAILURE,tiago_semi_analytic,c96a32d,median-body-4344-torso015-J1-root-robot-zminus020-v5,wrist_center,gripper_grasping_frame,,228.23390003759414,no exact or boundary-refined wrist branch met strict wrist-center/orientation/SEW tolerances,,,,,,,,,,,,,,,oracle_inconclusive,,
248,transfer,low,0.5440187955,0.0,True,tiago_sew,NUMERICAL_FAILURE,tiago_semi_analytic,c96a32d,median-body-4344-torso015-J1-root-robot-zminus020-v5,wrist_center,gripper_grasping_frame,,227.16499993111938,no exact or boundary-refined wrist branch met strict wrist-center/orientation/SEW tolerances,,,,,,,,,,,,,,,oracle_inconclusive,,
249,transfer,low,0.5467581635,0.0,True,tiago_sew,NUMERICAL_FAILURE,tiago_semi_analytic,c96a32d,median-body-4344-torso015-J1-root-robot-zminus020-v5,wrist_center,gripper_grasping_frame,,218.87069998774678,no exact or boundary-refined wrist branch met strict wrist-center/orientation/SEW tolerances,,,,,,,,,,,,,,,oracle_inconclusive,,
250,transfer,low,0.5497920995,0.0,True,tiago_sew,NUMERICAL_FAILURE,tiago_semi_analytic,c96a32d,median-body-4344-torso015-J1-root-robot-zminus020-v5,wrist_center,gripper_grasping_frame,,232.96679998748004,no exact or boundary-refined wrist branch met strict wrist-center/orientation/SEW tolerances,,,,,,,,,,,,,,,oracle_inconclusive,,
251,transfer,low,0.5527286875,0.0,True,tiago_sew,NUMERICAL_FAILURE,tiago_semi_analytic,c96a32d,median-body-4344-torso015-J1-root-robot-zminus020-v5,wrist_center,gripper_grasping_frame,,244.83829992823303,no exact or boundary-refined wrist branch met strict wrist-center/orientation/SEW tolerances,,,,,,,,,,,,,,,oracle_inconclusive,,
252,transfer,low,0.5561167455,0.0,True,tiago_sew,NUMERICAL_FAILURE,tiago_semi_analytic,c96a32d,median-body-4344-torso015-J1-root-robot-zminus020-v5,wrist_center,gripper_grasping_frame,,210.88779997080564,no exact or boundary-refined wrist branch met strict wrist-center/orientation/SEW tolerances,,,,,,,,,,,,,,,oracle_inconclusive,,
253,transfer,low,0.5594463195,0.0,True,tiago_sew,NUMERICAL_FAILURE,tiago_semi_analytic,c96a32d,median-body-4344-torso015-J1-root-robot-zminus020-v5,wrist_center,gripper_grasping_frame,,217.1107999747619,no exact or boundary-refined wrist branch met strict wrist-center/orientation/SEW tolerances,,,,,,,,,,,,,,,oracle_inconclusive,,
254,transfer,low,0.5634185415,0.0,True,tiago_sew,NUMERICAL_FAILURE,tiago_semi_analytic,c96a32d,median-body-4344-torso015-J1-root-robot-zminus020-v5,wrist_center,gripper_grasping_frame,,250.63369993586093,no exact or boundary-refined wrist branch met strict wrist-center/orientation/SEW tolerances,,,,,,,,,,,,,,,oracle_inconclusive,,
255,transfer,low,0.5671762395,0.0,True,tiago_sew,NUMERICAL_FAILURE,tiago_semi_analytic,c96a32d,median-body-4344-torso015-J1-root-robot-zminus020-v5,wrist_center,gripper_grasping_frame,,257.4278999818489,no exact or boundary-refined wrist branch met strict wrist-center/orientation/SEW tolerances,,,,,,,,,,,,,,,oracle_inconclusive,,
256,transfer,low,0.5715490114999999,0.0,True,tiago_sew,NUMERICAL_FAILURE,tiago_semi_analytic,c96a32d,median-body-4344-torso015-J1-root-robot-zminus020-v5,wrist_center,gripper_grasping_frame,,302.2034000605345,no exact or boundary-refined wrist branch met strict wrist-center/orientation/SEW tolerances,,,,,,,,,,,,,,,oracle_inconclusive,,
257,transfer,low,0.5757935565,0.0,True,tiago_sew,NUMERICAL_FAILURE,tiago_semi_analytic,c96a32d,median-body-4344-torso015-J1-root-robot-zminus020-v5,wrist_center,gripper_grasping_frame,,300.1798000186682,no exact or boundary-refined wrist branch met strict wrist-center/orientation/SEW tolerances,,,,,,,,,,,,,,,oracle_inconclusive,,
258,transfer,low,0.5799008405,0.0,True,tiago_sew,NUMERICAL_FAILURE,tiago_semi_analytic,c96a32d,median-body-4344-torso015-J1-root-robot-zminus020-v5,wrist_center,gripper_grasping_frame,,273.7168000312522,no exact or boundary-refined wrist branch met strict wrist-center/orientation/SEW tolerances,,,,,,,,,,,,,,,oracle_inconclusive,,
259,transfer,low,0.5845581745,0.0,True,tiago_sew,NUMERICAL_FAILURE,tiago_semi_analytic,c96a32d,median-body-4344-torso015-J1-root-robot-zminus020-v5,wrist_center,gripper_grasping_frame,,291.81309998966753,no exact or boundary-refined wrist branch met strict wrist-center/orientation/SEW tolerances,,,,,,,,,,,,,,,oracle_inconclusive,,
260,transfer,low,0.5893740775,0.0,True,tiago_sew,NUMERICAL_FAILURE,tiago_semi_analytic,c96a32d,median-body-4344-torso015-J1-root-robot-zminus020-v5,wrist_center,gripper_grasping_frame,,303.66980005055666,no exact or boundary-refined wrist branch met strict wrist-center/orientation/SEW tolerances,,,,,,,,,,,,,,,oracle_inconclusive,,
261,transfer,low,0.5941267855,0.0,True,tiago_sew,NUMERICAL_FAILURE,tiago_semi_analytic,c96a32d,median-body-4344-torso015-J1-root-robot-zminus020-v5,wrist_center,gripper_grasping_frame,,333.4452999988571,no exact or boundary-refined wrist branch met strict wrist-center/orientation/SEW tolerances,,,,,,,,,,,,,,,oracle_inconclusive,,
262,transfer,low,0.5992256855,0.0,True,tiago_sew,NUMERICAL_FAILURE,tiago_semi_analytic,c96a32d,median-body-4344-torso015-J1-root-robot-zminus020-v5,wrist_center,gripper_grasping_frame,,381.71919994056225,no exact or boundary-refined wrist branch met strict wrist-center/orientation/SEW tolerances,,,,,,,,,,,,,,,oracle_inconclusive,,
263,transfer,low,0.6042907184999999,0.0,True,tiago_sew,NUMERICAL_FAILURE,tiago_semi_analytic,c96a32d,median-body-4344-torso015-J1-root-robot-zminus020-v5,wrist_center,gripper_grasping_frame,,386.8308999808505,no exact or boundary-refined wrist branch met strict wrist-center/orientation/SEW tolerances,,,,,,,,,,,,,,,oracle_inconclusive,,
264,transfer,low,0.6095669555,0.0,True,tiago_sew,NUMERICAL_FAILURE,tiago_semi_analytic,c96a32d,median-body-4344-torso015-J1-root-robot-zminus020-v5,wrist_center,gripper_grasping_frame,,365.058199968189,no exact or boundary-refined wrist branch met strict wrist-center/orientation/SEW tolerances,,,,,,,,,,,,,,,oracle_inconclusive,,
265,transfer,low,0.6145818785,0.0,True,tiago_sew,NUMERICAL_FAILURE,tiago_semi_analytic,c96a32d,median-body-4344-torso015-J1-root-robot-zminus020-v5,wrist_center,gripper_grasping_frame,,370.49290002323687,no exact or boundary-refined wrist branch met strict wrist-center/orientation/SEW tolerances,,,,,,,,,,,,,,,oracle_inconclusive,,
266,transfer,low,0.6199098515,0.0,True,tiago_sew,NUMERICAL_FAILURE,tiago_semi_analytic,c96a32d,median-body-4344-torso015-J1-root-robot-zminus020-v5,wrist_center,gripper_grasping_frame,,356.2281000195071,no exact or boundary-refined wrist branch met strict wrist-center/orientation/SEW tolerances,,,,,,,,,,,,,,,oracle_inconclusive,,
267,transfer,low,0.6249511114999999,0.0,True,tiago_sew,NUMERICAL_FAILURE,tiago_semi_analytic,c96a32d,median-body-4344-torso015-J1-root-robot-zminus020-v5,wrist_center,gripper_grasping_frame,,343.20290002506226,no exact or boundary-refined wrist branch met strict wrist-center/orientation/SEW tolerances,,,,,,,,,,,,,,,oracle_inconclusive,,
268,transfer,low,0.6300454405,0.0,True,tiago_sew,NUMERICAL_FAILURE,tiago_semi_analytic,c96a32d,median-body-4344-torso015-J1-root-robot-zminus020-v5,wrist_center,gripper_grasping_frame,,319.5013999938965,no exact or boundary-refined wrist branch met strict wrist-center/orientation/SEW tolerances,,,,,,,,,,,,,,,oracle_inconclusive,,
269,transfer,low,0.6349883574999999,0.0,True,tiago_sew,NUMERICAL_FAILURE,tiago_semi_analytic,c96a32d,median-body-4344-torso015-J1-root-robot-zminus020-v5,wrist_center,gripper_grasping_frame,,321.56070007476956,no exact or boundary-refined wrist branch met strict wrist-center/orientation/SEW tolerances,,,,,,,,,,,,,,,oracle_inconclusive,,
270,transfer,low,0.6401263884999999,0.0,True,tiago_sew,NUMERICAL_FAILURE,tiago_semi_analytic,c96a32d,median-body-4344-torso015-J1-root-robot-zminus020-v5,wrist_center,gripper_grasping_frame,,291.5104000130668,no exact or boundary-refined wrist branch met strict wrist-center/orientation/SEW tolerances,,,,,,,,,,,,,,,oracle_inconclusive,,
271,transfer,low,0.6449289855,0.0,True,tiago_sew,NUMERICAL_FAILURE,tiago_semi_analytic,c96a32d,median-body-4344-torso015-J1-root-robot-zminus020-v5,wrist_center,gripper_grasping_frame,,290.6392998993397,no exact or boundary-refined wrist branch met strict wrist-center/orientation/SEW tolerances,,,,,,,,,,,,,,,oracle_inconclusive,,
272,transfer,low,0.6496673585,0.0,True,tiago_sew,NUMERICAL_FAILURE,tiago_semi_analytic,c96a32d,median-body-4344-torso015-J1-root-robot-zminus020-v5,wrist_center,gripper_grasping_frame,,282.787200063467,no exact or boundary-refined wrist branch met strict wrist-center/orientation/SEW tolerances,,,,,,,,,,,,,,,oracle_inconclusive,,
273,transfer,low,0.6542023925,0.0,True,tiago_sew,NUMERICAL_FAILURE,tiago_semi_analytic,c96a32d,median-body-4344-torso015-J1-root-robot-zminus020-v5,wrist_center,gripper_grasping_frame,,263.59860005322844,no exact or boundary-refined wrist branch met strict wrist-center/orientation/SEW tolerances,,,,,,,,,,,,,,,oracle_inconclusive,,
274,transfer,low,0.6580980985,0.0,True,tiago_sew,NUMERICAL_FAILURE,tiago_semi_analytic,c96a32d,median-body-4344-torso015-J1-root-robot-zminus020-v5,wrist_center,gripper_grasping_frame,,262.5469999620691,no exact or boundary-refined wrist branch met strict wrist-center/orientation/SEW tolerances,,,,,,,,,,,,,,,oracle_inconclusive,,
275,transfer,low,0.6620984195,0.0,True,tiago_sew,NUMERICAL_FAILURE,tiago_semi_analytic,c96a32d,median-body-4344-torso015-J1-root-robot-zminus020-v5,wrist_center,gripper_grasping_frame,,254.34009998571128,no exact or boundary-refined wrist branch met strict wrist-center/orientation/SEW tolerances,,,,,,,,,,,,,,,oracle_inconclusive,,
276,transfer,low,0.6656996005,0.0,True,tiago_sew,NUMERICAL_FAILURE,tiago_semi_analytic,c96a32d,median-body-4344-torso015-J1-root-robot-zminus020-v5,wrist_center,gripper_grasping_frame,,240.11200002860278,no exact or boundary-refined wrist branch met strict wrist-center/orientation/SEW tolerances,,,,,,,,,,,,,,,oracle_inconclusive,,
277,transfer,low,0.6692936094999999,0.0,True,tiago_sew,NUMERICAL_FAILURE,tiago_semi_analytic,c96a32d,median-body-4344-torso015-J1-root-robot-zminus020-v5,wrist_center,gripper_grasping_frame,,264.0638001030311,no exact or boundary-refined wrist branch met strict wrist-center/orientation/SEW tolerances,,,,,,,,,,,,,,,oracle_inconclusive,,
278,transfer,low,0.6724705815,0.0,True,tiago_sew,NUMERICAL_FAILURE,tiago_semi_analytic,c96a32d,median-body-4344-torso015-J1-root-robot-zminus020-v5,wrist_center,gripper_grasping_frame,,239.51850004959852,no exact or boundary-refined wrist branch met strict wrist-center/orientation/SEW tolerances,,,,,,,,,,,,,,,oracle_inconclusive,,
279,transfer,low,0.6756038515,0.0,True,tiago_sew,NUMERICAL_FAILURE,tiago_semi_analytic,c96a32d,median-body-4344-torso015-J1-root-robot-zminus020-v5,wrist_center,gripper_grasping_frame,,227.0294000627473,no exact or boundary-refined wrist branch met strict wrist-center/orientation/SEW tolerances,,,,,,,,,,,,,,,oracle_inconclusive,,
280,transfer,low,0.6786935425,0.0,True,tiago_sew,NUMERICAL_FAILURE,tiago_semi_analytic,c96a32d,median-body-4344-torso015-J1-root-robot-zminus020-v5,wrist_center,gripper_grasping_frame,,227.47569996863604,no exact or boundary-refined wrist branch met strict wrist-center/orientation/SEW tolerances,,,,,,,,,,,,,,,oracle_inconclusive,,
281,transfer,low,0.6813432615,0.0,True,tiago_sew,NUMERICAL_FAILURE,tiago_semi_analytic,c96a32d,median-body-4344-torso015-J1-root-robot-zminus020-v5,wrist_center,gripper_grasping_frame,,216.07119997497648,no exact or boundary-refined wrist branch met strict wrist-center/orientation/SEW tolerances,,,,,,,,,,,,,,,oracle_inconclusive,,
282,transfer,low,0.6840066535,0.0,True,tiago_sew,NUMERICAL_FAILURE,tiago_semi_analytic,c96a32d,median-body-4344-torso015-J1-root-robot-zminus020-v5,wrist_center,gripper_grasping_frame,,218.14730006735772,no exact or boundary-refined wrist branch met strict wrist-center/orientation/SEW tolerances,,,,,,,,,,,,,,,oracle_inconclusive,,
283,transfer,low,0.6863383945,0.0,True,tiago_sew,NUMERICAL_FAILURE,tiago_semi_analytic,c96a32d,median-body-4344-torso015-J1-root-robot-zminus020-v5,wrist_center,gripper_grasping_frame,,205.6594000896439,no exact or boundary-refined wrist branch met strict wrist-center/orientation/SEW tolerances,,,,,,,,,,,,,,,oracle_inconclusive,,
284,transfer,low,0.6886425785,0.0,True,tiago_sew,NUMERICAL_FAILURE,tiago_semi_analytic,c96a32d,median-body-4344-torso015-J1-root-robot-zminus020-v5,wrist_center,gripper_grasping_frame,,204.13660001941025,no exact or boundary-refined wrist branch met strict wrist-center/orientation/SEW tolerances,,,,,,,,,,,,,,,oracle_inconclusive,,
285,transfer,low,0.6909087225,0.0,True,tiago_sew,NUMERICAL_FAILURE,tiago_semi_analytic,c96a32d,median-body-4344-torso015-J1-root-robot-zminus020-v5,wrist_center,gripper_grasping_frame,,202.33230001758784,no exact or boundary-refined wrist branch met strict wrist-center/orientation/SEW tolerances,,,,,,,,,,,,,,,oracle_inconclusive,,
286,transfer,low,0.6929632415,0.0,True,tiago_sew,NUMERICAL_FAILURE,tiago_semi_analytic,c96a32d,median-body-4344-torso015-J1-root-robot-zminus020-v5,wrist_center,gripper_grasping_frame,,217.54770004190505,no exact or boundary-refined wrist branch met strict wrist-center/orientation/SEW tolerances,,,,,,,,,,,,,,,oracle_inconclusive,,
287,transfer,low,0.6949409485,0.0,True,tiago_sew,NUMERICAL_FAILURE,tiago_semi_analytic,c96a32d,median-body-4344-torso015-J1-root-robot-zminus020-v5,wrist_center,gripper_grasping_frame,,198.75440001487732,no exact or boundary-refined wrist branch met strict wrist-center/orientation/SEW tolerances,,,,,,,,,,,,,,,oracle_inconclusive,,
288,transfer,low,0.6967947695,0.0,True,tiago_sew,NUMERICAL_FAILURE,tiago_semi_analytic,c96a32d,median-body-4344-torso015-J1-root-robot-zminus020-v5,wrist_center,gripper_grasping_frame,,199.2583000101149,no exact or boundary-refined wrist branch met strict wrist-center/orientation/SEW tolerances,,,,,,,,,,,,,,,oracle_inconclusive,,
289,transfer,low,0.6984560705,0.0,True,tiago_sew,NUMERICAL_FAILURE,tiago_semi_analytic,c96a32d,median-body-4344-torso015-J1-root-robot-zminus020-v5,wrist_center,gripper_grasping_frame,,189.98659995850176,no exact or boundary-refined wrist branch met strict wrist-center/orientation/SEW tolerances,,,,,,,,,,,,,,,oracle_inconclusive,,
290,transfer,low,0.7002297365,0.0,True,tiago_sew,NUMERICAL_FAILURE,tiago_semi_analytic,c96a32d,median-body-4344-torso015-J1-root-robot-zminus020-v5,wrist_center,gripper_grasping_frame,,183.38930001482368,no exact or boundary-refined wrist branch met strict wrist-center/orientation/SEW tolerances,,,,,,,,,,,,,,,oracle_inconclusive,,
291,transfer,low,0.7019214025,0.0,True,tiago_sew,NUMERICAL_FAILURE,tiago_semi_analytic,c96a32d,median-body-4344-torso015-J1-root-robot-zminus020-v5,wrist_center,gripper_grasping_frame,,182.36169998999685,no exact or boundary-refined wrist branch met strict wrist-center/orientation/SEW tolerances,,,,,,,,,,,,,,,oracle_inconclusive,,
292,transfer,low,0.7035164945,0.0,True,tiago_sew,NUMERICAL_FAILURE,tiago_semi_analytic,c96a32d,median-body-4344-torso015-J1-root-robot-zminus020-v5,wrist_center,gripper_grasping_frame,,188.04370006546378,no exact or boundary-refined wrist branch met strict wrist-center/orientation/SEW tolerances,,,,,,,,,,,,,,,oracle_inconclusive,,
293,transfer,low,0.7051006475,0.0,True,tiago_sew,NUMERICAL_FAILURE,tiago_semi_analytic,c96a32d,median-body-4344-torso015-J1-root-robot-zminus020-v5,wrist_center,gripper_grasping_frame,,186.87760003376752,no exact or boundary-refined wrist branch met strict wrist-center/orientation/SEW tolerances,,,,,,,,,,,,,,,oracle_inconclusive,,
294,transfer,low,0.7065601045,0.0,True,tiago_sew,NUMERICAL_FAILURE,tiago_semi_analytic,c96a32d,median-body-4344-torso015-J1-root-robot-zminus020-v5,wrist_center,gripper_grasping_frame,,175.629899953492,no exact or boundary-refined wrist branch met strict wrist-center/orientation/SEW tolerances,,,,,,,,,,,,,,,oracle_inconclusive,,
295,transfer,low,0.7079556585,0.0,True,tiago_sew,NUMERICAL_FAILURE,tiago_semi_analytic,c96a32d,median-body-4344-torso015-J1-root-robot-zminus020-v5,wrist_center,gripper_grasping_frame,,180.25730003137141,no exact or boundary-refined wrist branch met strict wrist-center/orientation/SEW tolerances,,,,,,,,,,,,,,,oracle_inconclusive,,
296,transfer,low,0.7093632665,0.0,True,tiago_sew,NUMERICAL_FAILURE,tiago_semi_analytic,c96a32d,median-body-4344-torso015-J1-root-robot-zminus020-v5,wrist_center,gripper_grasping_frame,,170.43400008697063,no exact or boundary-refined wrist branch met strict wrist-center/orientation/SEW tolerances,,,,,,,,,,,,,,,oracle_inconclusive,,
297,transfer,low,0.7106765445000001,0.0,True,tiago_sew,NUMERICAL_FAILURE,tiago_semi_analytic,c96a32d,median-body-4344-torso015-J1-root-robot-zminus020-v5,wrist_center,gripper_grasping_frame,,194.81560005806386,no exact or boundary-refined wrist branch met strict wrist-center/orientation/SEW tolerances,,,,,,,,,,,,,,,oracle_inconclusive,,
298,transfer,low,0.7119821325,0.0,True,tiago_sew,NUMERICAL_FAILURE,tiago_semi_analytic,c96a32d,median-body-4344-torso015-J1-root-robot-zminus020-v5,wrist_center,gripper_grasping_frame,,167.20780008472502,no exact or boundary-refined wrist branch met strict wrist-center/orientation/SEW tolerances,,,,,,,,,,,,,,,oracle_inconclusive,,
299,transfer,low,0.7133957365,0.0,True,tiago_sew,NUMERICAL_FAILURE,tiago_semi_analytic,c96a32d,median-body-4344-torso015-J1-root-robot-zminus020-v5,wrist_center,gripper_grasping_frame,,168.28400001395494,no exact or boundary-refined wrist branch met strict wrist-center/orientation/SEW tolerances,,,,,,,,,,,,,,,oracle_inconclusive,,
300,transfer,low,0.7147060245,0.0,True,tiago_sew,NUMERICAL_FAILURE,tiago_semi_analytic,c96a32d,median-body-4344-torso015-J1-root-robot-zminus020-v5,wrist_center,gripper_grasping_frame,,160.71810002904385,no exact or boundary-refined wrist branch met strict wrist-center/orientation/SEW tolerances,,,,,,,,,,,,,,,oracle_inconclusive,,
301,transfer,low,0.7161315155,0.0,True,tiago_sew,NUMERICAL_FAILURE,tiago_semi_analytic,c96a32d,median-body-4344-torso015-J1-root-robot-zminus020-v5,wrist_center,gripper_grasping_frame,,163.10090001206845,no exact or boundary-refined wrist branch met strict wrist-center/orientation/SEW tolerances,,,,,,,,,,,,,,,oracle_inconclusive,,
302,transfer,middle,0.7174412695,0.0,True,tiago_sew,NUMERICAL_FAILURE,tiago_semi_analytic,c96a32d,median-body-4344-torso015-J1-root-robot-zminus020-v5,wrist_center,gripper_grasping_frame,,160.4558000108227,no exact or boundary-refined wrist branch met strict wrist-center/orientation/SEW tolerances,,,,,,,,,,,,,,,oracle_inconclusive,,
303,transfer,middle,0.7186700595,0.0,True,tiago_sew,NUMERICAL_FAILURE,tiago_semi_analytic,c96a32d,median-body-4344-torso015-J1-root-robot-zminus020-v5,wrist_center,gripper_grasping_frame,,162.8698999993503,no exact or boundary-refined wrist branch met strict wrist-center/orientation/SEW tolerances,,,,,,,,,,,,,,,oracle_inconclusive,,
304,transfer,middle,0.7200642855,0.0,True,tiago_sew,NUMERICAL_FAILURE,tiago_semi_analytic,c96a32d,median-body-4344-torso015-J1-root-robot-zminus020-v5,wrist_center,gripper_grasping_frame,,172.1599999582395,no exact or boundary-refined wrist branch met strict wrist-center/orientation/SEW tolerances,,,,,,,,,,,,,,,oracle_inconclusive,,
305,transfer,middle,0.7211980445,0.0,True,tiago_sew,NUMERICAL_FAILURE,tiago_semi_analytic,c96a32d,median-body-4344-torso015-J1-root-robot-zminus020-v5,wrist_center,gripper_grasping_frame,,183.6853000568226,no exact or boundary-refined wrist branch met strict wrist-center/orientation/SEW tolerances,,,,,,,,,,,,,,,oracle_inconclusive,,
306,transfer,middle,0.7224806675,0.0,True,tiago_sew,NUMERICAL_FAILURE,tiago_semi_analytic,c96a32d,median-body-4344-torso015-J1-root-robot-zminus020-v5,wrist_center,gripper_grasping_frame,,163.52499998174608,no exact or boundary-refined wrist branch met strict wrist-center/orientation/SEW tolerances,,,,,,,,,,,,,,,oracle_inconclusive,,
307,transfer,middle,0.7238728025,0.0,True,tiago_sew,NUMERICAL_FAILURE,tiago_semi_analytic,c96a32d,median-body-4344-torso015-J1-root-robot-zminus020-v5,wrist_center,gripper_grasping_frame,,158.1124000949785,no exact or boundary-refined wrist branch met strict wrist-center/orientation/SEW tolerances,,,,,,,,,,,,,,,oracle_inconclusive,,
308,transfer,middle,0.7250418095,0.0,True,tiago_sew,NUMERICAL_FAILURE,tiago_semi_analytic,c96a32d,median-body-4344-torso015-J1-root-robot-zminus020-v5,wrist_center,gripper_grasping_frame,,156.83410002384335,no exact or boundary-refined wrist branch met strict wrist-center/orientation/SEW tolerances,,,,,,,,,,,,,,,oracle_inconclusive,,
309,transfer,middle,0.7262054595,0.0,True,tiago_sew,NUMERICAL_FAILURE,tiago_semi_analytic,c96a32d,median-body-4344-torso015-J1-root-robot-zminus020-v5,wrist_center,gripper_grasping_frame,,168.4113999363035,no exact or boundary-refined wrist branch met strict wrist-center/orientation/SEW tolerances,,,,,,,,,,,,,,,oracle_inconclusive,,
310,transfer,middle,0.7274549865,0.0,True,tiago_sew,NUMERICAL_FAILURE,tiago_semi_analytic,c96a32d,median-body-4344-torso015-J1-root-robot-zminus020-v5,wrist_center,gripper_grasping_frame,,164.00650003924966,no exact or boundary-refined wrist branch met strict wrist-center/orientation/SEW tolerances,,,,,,,,,,,,,,,oracle_inconclusive,,
311,transfer,middle,0.7286451414999999,0.0,True,tiago_sew,NUMERICAL_FAILURE,tiago_semi_analytic,c96a32d,median-body-4344-torso015-J1-root-robot-zminus020-v5,wrist_center,gripper_grasping_frame,,160.64049990382046,no exact or boundary-refined wrist branch met strict wrist-center/orientation/SEW tolerances,,,,,,,,,,,,,,,oracle_inconclusive,,
312,transfer,middle,0.7296663365,0.0,True,tiago_sew,NUMERICAL_FAILURE,tiago_semi_analytic,c96a32d,median-body-4344-torso015-J1-root-robot-zminus020-v5,wrist_center,gripper_grasping_frame,,163.4549000300467,no exact or boundary-refined wrist branch met strict wrist-center/orientation/SEW tolerances,,,,,,,,,,,,,,,oracle_inconclusive,,
313,transfer,middle,0.7309205624999999,0.0,True,tiago_sew,NUMERICAL_FAILURE,tiago_semi_analytic,c96a32d,median-body-4344-torso015-J1-root-robot-zminus020-v5,wrist_center,gripper_grasping_frame,,201.84240001253784,no exact or boundary-refined wrist branch met strict wrist-center/orientation/SEW tolerances,,,,,,,,,,,,,,,oracle_inconclusive,,
314,transfer,middle,0.7320657655,0.0,True,tiago_sew,SUCCESS_EXACT,tiago_semi_analytic,c96a32d,median-body-4344-torso015-J1-root-robot-zminus020-v5,wrist_center,gripper_grasping_frame,seed-0-wrist-1,11.760400026105344,,1.2839052778066182,-0.3220074323661761,-2.0378296890818937,2.356189827741408,0.20716803056743416,-0.5319381401518899,-1.8487450712584517,0.016622928071417686,4.783471691180785e-14,0.0007959737379232717,9.869690297018915e-06,0.3135773849310679,0.3591461376720786,0.7371412676139724,reachable_success,108.1304268106484,14.074990633477693
315,transfer,middle,0.7333646245,0.0,True,tiago_sew,SUCCESS_EXACT,tiago_semi_analytic,c96a32d,median-body-4344-torso015-J1-root-robot-zminus020-v5,wrist_center,gripper_grasping_frame,seed-0-wrist-0,3.180300001986325,,1.2912762730893945,-0.31484705892098264,-2.038705240223572,2.347326992489883,0.21022458723929915,-0.5309172485767779,-1.8476137157292642,1.594436429147036e-13,3.224017463161343e-14,5.088887490341627e-14,0.5078129241224458,0.3142713747615834,0.36238950126792446,0.7379736588267225,reachable_success,107.95529901350798,14.139812530428921
316,transfer,middle,0.7347269285,0.0,True,tiago_sew,SUCCESS_EXACT,tiago_semi_analytic,c96a32d,median-body-4344-torso015-J1-root-robot-zminus020-v5,wrist_center,gripper_grasping_frame,seed-0-wrist-0,2.8949000407010317,,1.2983504567182869,-0.3094927817617055,-2.0409472490909417,2.3384024686437304,0.21065314103339716,-0.526737306898267,-1.846240019706566,1.8619006149354548e-13,2.865588465944632e-14,2.5444437451708134e-14,1.0191504746708513,0.3156342587498992,0.3655499466972382,0.7399616119651266,reachable_success,107.93074468981185,14.218519514863436
317,transfer,middle,0.7359221045,0.0,True,tiago_sew,SUCCESS_EXACT,tiago_semi_analytic,c96a32d,median-body-4344-torso015-J1-root-robot-zminus020-v5,wrist_center,gripper_grasping_frame,seed-0-wrist-0,2.755100023932755,,1.30430219207544,-0.30053940831771603,-2.0400038624015284,2.328701275541389,0.21845643070308096,-0.528443872620386,-1.8482354883400642,3.6506759942727967e-13,4.8933277836909227e-14,0.0,1.5749878956764396,0.31635586734917404,0.3686206400856086,0.7397132081449133,reachable_success,107.48364912542094,14.104187584013252
318,transfer,middle,0.7371822205,0.0,True,tiago_sew,SUCCESS_EXACT,tiago_semi_analytic,c96a32d,median-body-4344-torso015-J1-root-robot-zminus020-v5,wrist_center,gripper_grasping_frame,seed-0-wrist-0,2.9360000044107437,,1.3109899692486595,-0.29431103909347156,-2.041021396826144,2.3191422448320926,0.22713110769513456,-0.5205138097708222,-1.8559270728207053,1.3877787807814457e-13,2.3194921895516475e-14,2.5444437451708134e-14,2.122680011555064,0.31725351057819606,0.3715872471282793,0.7421989708297362,reachable_success,106.98662674513702,13.663492255504194
319,transfer,middle,0.7384448855,0.0,True,tiago_sew,SUCCESS_EXACT,tiago_semi_analytic,c96a32d,median-body-4344-torso015-J1-root-robot-zminus020-v5,wrist_center,gripper_grasping_frame,seed-0-wrist-0,3.3180000027641654,,1.317754097672412,-0.2878553537209398,-2.041826503290292,2.309540573823676,0.2303208824097931,-0.5220249689080045,-1.8591218580966862,1.594436429147036e-13,4.386238080846018e-14,2.5444437451708134e-14,2.672815236610468,0.3183657538389858,0.3748186313976013,0.742636947412872,reachable_success,106.80386611638954,13.480444542739953
320,transfer,middle,0.7398752905,0.0,True,tiago_sew,SUCCESS_EXACT,tiago_semi_analytic,c96a32d,median-body-4344-torso015-J1-root-robot-zminus020-v5,wrist_center,gripper_grasping_frame,seed-0-wrist-0,3.50860005710274,,1.323418010298178,-0.28002847442790796,-2.0423089793727702,2.2985706939475197,0.23761448748592162,-0.5197902677277639,-1.864203043072262,1.6653345369377348e-13,3.391388147735026e-14,5.088887490341627e-14,3.3013430552797103,0.3200460365731951,0.3779498416774997,0.7438679730188894,reachable_success,106.38597332809218,13.189314088714172
321,transfer,middle,0.7410793915,0.0,True,tiago_sew,SUCCESS_EXACT,tiago_semi_analytic,c96a32d,median-body-4344-torso015-J1-root-robot-zminus020-v5,wrist_center,gripper_grasping_frame,seed-0-wrist-0,3.3020999981090426,,1.3297740275277468,-0.2739657243646071,-2.04291180647687,2.2883461251070414,0.24308524050174896,-0.5159403310985997,-1.870512691768801,2.1677797545656836e-13,4.4069083213564334e-14,2.5444437451708134e-14,3.887167697180086,0.32148037546814134,0.3811527732892936,0.7454417917325905,reachable_success,106.07252226952681,12.827797848192263
322,transfer,middle,0.7423973085,0.0,True,tiago_sew,SUCCESS_EXACT,tiago_semi_analytic,c96a32d,median-body-4344-torso015-J1-root-robot-zminus020-v5,wrist_center,gripper_grasping_frame,seed-0-wrist-0,3.200800041668117,,1.336293147906735,-0.2663724052355256,-2.042904153680433,2.277653343766017,0.24556075260711463,-0.5130916670370649,-1.8713518167568681,2.0206364052201327e-13,7.233955065833596e-14,0.0,4.4998189392770245,0.3231034800736815,0.3847229645134941,0.746605675224032,reachable_success,105.9306858737558,12.779719527892057
323,transfer,middle,0.7437581175,0.0,True,tiago_sew,SUCCESS_EXACT,tiago_semi_analytic,c96a32d,median-body-4344-torso015-J1-root-robot-zminus020-v5,wrist_center,gripper_grasping_frame,seed-0-wrist-0,2.9457000782713294,,1.3419830739789995,-0.25794120525878117,-2.0424210840174233,2.2666330137691366,0.2469820432033738,-0.5082966880858537,-1.8713870765431135,1.1102230246251565e-13,5.840857674043114e-14,2.5444437451708134e-14,5.1312373369396855,0.3251904358499198,0.38830267189399725,0.7480316785999928,reachable_success,105.84925192112853,12.777699290953661
324,transfer,middle,0.7451652525,0.0,True,tiago_sew,SUCCESS_EXACT,tiago_semi_analytic,c96a32d,median-body-4344-torso015-J1-root-robot-zminus020-v5,wrist_center,gripper_grasping_frame,seed-0-wrist-0,2.819000044837594,,1.3486655163246704,-0.251672679326302,-2.0434931874820585,2.255907651945204,0.24900968553326353,-0.5046138829061051,-1.8675890098475563,1.494683490070454e-13,2.974901097318711e-14,2.5444437451708134e-14,5.745755303201751,0.32698245845332335,0.39179487447665096,0.749816879064843,reachable_success,105.73307657326377,12.995312482918292
325,transfer,middle,0.7467193305,0.0,True,tiago_sew,SUCCESS_EXACT,tiago_semi_analytic,c96a32d,median-body-4344-torso015-J1-root-robot-zminus020-v5,wrist_center,gripper_grasping_frame,seed-0-wrist-0,3.26710008084774,,1.354517681938634,-0.24283131880807343,-2.0433287141875804,2.2443370808674885,0.25550390499919473,-0.5022180970186989,-1.8665097343074244,3.554447978966673e-13,8.655320710875462e-14,2.5444437451708134e-14,6.408700192510993,0.328701475030558,0.3952174225124706,0.7510436025136297,reachable_success,105.36098520663421,13.05715041629955
326,transfer,middle,0.7481452635,0.0,True,tiago_sew,SUCCESS_EXACT,tiago_semi_analytic,c96a32d,median-body-4344-torso015-J1-root-robot-zminus020-v5,wrist_center,gripper_grasping_frame,seed-0-wrist-0,3.1908999662846327,,1.36103241929887,-0.23530532549125308,-2.0433837292819415,2.2324914771274877,0.26050346740536945,-0.4944671093260311,-1.8670437156445336,1.494683490070454e-13,3.426670613069419e-14,5.088887490341627e-14,7.08740329259742,0.33068483314748287,0.39891423191110675,0.7534523614481337,reachable_success,105.07453138134814,13.026555539344438
327,transfer,middle,0.7494385375,0.0,True,tiago_sew,SUCCESS_EXACT,tiago_semi_analytic,c96a32d,median-body-4344-torso015-J1-root-robot-zminus020-v5,wrist_center,gripper_grasping_frame,seed-0-wrist-0,3.0474000377580523,,1.3671032463195563,-0.22759392243380802,-2.0427444412501212,2.2215126202309676,0.27263020612699673,-0.49084362025269535,-1.874411306873042,3.510833468576701e-13,7.383115499654462e-14,0.0,7.71644545664612,0.3316458174431779,0.40206526890735783,0.75484150597628,reachable_success,104.37972043334102,12.604423656773308
328,transfer,middle,0.7509701845000001,0.0,True,tiago_sew,SUCCESS_EXACT,tiago_semi_analytic,c96a32d,median-body-4344-torso015-J1-root-robot-zminus020-v5,wrist_center,gripper_grasping_frame,seed-0-wrist-0,2.812999999150634,,1.372599276882315,-0.21904418182383076,-2.0423666598555728,2.2096607248368394,0.28799705064713077,-0.4839805767868177,-1.8879712526485708,1.2412670766236365e-13,6.401717147682813e-14,2.5444437451708134e-14,8.395509041960208,0.3329917109386571,0.40511275840031147,0.7571545316534701,reachable_success,103.4992650979036,11.827495993409254
329,transfer,middle,0.7525186765,0.0,True,tiago_sew,SUCCESS_EXACT,tiago_semi_analytic,c96a32d,median-body-4344-torso015-J1-root-robot-zminus020-v5,wrist_center,gripper_grasping_frame,seed-0-wrist-0,3.024600096978247,,1.3787735422024163,-0.21263613848456636,-2.0434435897465537,2.1982194220453652,0.2967930692495866,-0.4871439336757106,-1.895561463396695,1.6653345369377348e-13,3.855565461629291e-14,2.5444437451708134e-14,9.051047404042924,0.3344076506962241,0.4082229860754793,0.7578594930901753,reachable_success,102.99529035546432,11.392608951926897
330,transfer,middle,0.7539061895,0.0,True,tiago_sew,SUCCESS_EXACT,tiago_semi_analytic,c96a32d,median-body-4344-torso015-J1-root-robot-zminus020-v5,wrist_center,gripper_grasping_frame,seed-0-wrist-0,3.1898999586701393,,1.3851444044937502,-0.20465694966084383,-2.042670549091813,2.18617714238756,0.30148991997646135,-0.4844054422456443,-1.9011935373446418,1.1443916996305594e-13,4.6509680816115623e-14,2.5444437451708134e-14,9.741019204151423,0.33625552026867533,0.4119957945558793,0.7590783392751789,reachable_success,102.72618063181145,11.069914884803966
331,transfer,middle,0.7553989875,0.0,True,tiago_sew,SUCCESS_EXACT,tiago_semi_analytic,c96a32d,median-body-4344-torso015-J1-root-robot-zminus020-v5,wrist_center,gripper_grasping_frame,seed-0-wrist-0,3.723300062119961,,1.3917167263780237,-0.19609724677051368,-2.041809637110873,2.1738616353413023,0.31064381688435905,-0.47960417679695944,-1.9104631818875495,2.7194799110210365e-13,3.712576567819596e-14,5.088887490341627e-14,10.446645780465603,0.33776746589945106,0.4157099596467743,0.7608299491718087,reachable_success,102.20170097289105,10.53880337490888
332,transfer,middle,0.7570171514999999,0.0,True,tiago_sew,SUCCESS_EXACT,tiago_semi_analytic,c96a32d,median-body-4344-torso015-J1-root-robot-zminus020-v5,wrist_center,gripper_grasping_frame,seed-0-wrist-0,3.503899904899299,,1.3974925195585755,-0.18793006299931705,-2.041652395043667,2.162000710782381,0.3092249366801689,-0.47795364151074393,-1.9060614241793896,2.220446049250313e-13,5.0740406535792455e-14,2.5444437451708134e-14,10.791005514025619,0.34021378782531964,0.41948426751772844,0.7620504336325696,reachable_success,102.2829968202258,10.791005514025619
333,transfer,middle,0.7586256714999999,0.0,True,tiago_sew,SUCCESS_EXACT,tiago_semi_analytic,c96a32d,median-body-4344-torso015-J1-root-robot-zminus020-v5,wrist_center,gripper_grasping_frame,seed-0-wrist-0,3.4634999465197325,,1.403428641340115,-0.18094475108080318,-2.042123502093427,2.1493807676395784,0.3169760303882656,-0.48018101308856886,-1.9086255201561393,2.9504581591051766e-13,4.151706409628389e-14,2.5444437451708134e-14,10.64409363629139,0.34219098597122466,0.4228574842895295,0.7629199282725047,reachable_success,101.83889186414146,10.64409363629139
334,transfer,middle,0.7603572085,0.0,True,tiago_sew,SUCCESS_EXACT,tiago_semi_analytic,c96a32d,median-body-4344-torso015-J1-root-robot-zminus020-v5,wrist_center,gripper_grasping_frame,seed-0-wrist-0,3.2269000075757504,,1.4101601791890364,-0.17178603304929085,-2.0414142880731383,2.1362508754364407,0.32180231125389325,-0.4756750186220371,-1.9117720286675919,1.2412670766236365e-13,1.0128398776755668e-13,0.0,10.463811978383164,0.34423889135828833,0.42691839706264434,0.7647980901110136,reachable_success,101.56236633979624,10.463811978383164
335,transfer,middle,0.7617933045,0.0,True,tiago_sew,SUCCESS_EXACT,tiago_semi_analytic,c96a32d,median-body-4344-torso015-J1-root-robot-zminus020-v5,wrist_center,gripper_grasping_frame,seed-0-wrist-0,3.3231000415980816,,1.4163366786392602,-0.16423893485309835,-2.040677738059578,2.124170555409265,0.3320233155129957,-0.46974033265275006,-1.9172194344999482,1.3877787807814457e-13,2.991244478840167e-14,0.0,10.151698614894196,0.34579901975371324,0.43041465444677907,0.7669470618523434,reachable_success,100.97674593336444,10.151698614894196
336,transfer,middle,0.7635580445,0.0,True,tiago_sew,SUCCESS_EXACT,tiago_semi_analytic,c96a32d,median-body-4344-torso015-J1-root-robot-zminus020-v5,wrist_center,gripper_grasping_frame,seed-0-wrist-0,2.8423999901860952,,1.4228127132789699,-0.15717309343832364,-2.0413658092543927,2.110943815995462,0.34039236656778327,-0.4652642982730053,-1.924058255515087,4.710277376051325e-13,5.202849098662053e-14,2.5444437451708134e-14,9.759863033881377,0.3479757265351425,0.4340467243602293,0.7694408991742355,reachable_success,100.4972346293956,9.759863033881377
337,transfer,middle,0.7653545225,0.0,True,tiago_sew,SUCCESS_EXACT,tiago_semi_analytic,c96a32d,median-body-4344-torso015-J1-root-robot-zminus020-v5,wrist_center,gripper_grasping_frame,seed-0-wrist-0,2.849400043487549,,1.4283775880687373,-0.14967661127186374,-2.0418022820514468,2.098125316159671,0.3535360167270216,-0.4613922724808641,-1.9390594618325778,3.3306690738754696e-13,2.216436681662947e-14,0.0,8.900357224284159,0.34986873869339563,0.437195898250372,0.7718487000533536,reachable_success,99.7441589478748,8.900357224284159
338,transfer,middle,0.7669615784999999,0.0,True,tiago_sew,SUCCESS_EXACT,tiago_semi_analytic,c96a32d,median-body-4344-torso015-J1-root-robot-zminus020-v5,wrist_center,gripper_grasping_frame,seed-0-wrist-0,2.864200039766729,,1.4346170081140603,-0.1420031652252251,-2.0412773785092044,2.085040115662356,0.3582282123704008,-0.4588648757459808,-1.9421170786322541,2.077037090527612e-13,4.33786086585209e-14,2.5444437451708134e-14,8.72516868629441,0.35213555570830973,0.4410206499016947,0.7734776027100356,reachable_success,99.47531594085949,8.72516868629441
339,transfer,middle,0.7687329105,0.0,True,tiago_sew,SUCCESS_EXACT,tiago_semi_analytic,c96a32d,median-body-4344-torso015-J1-root-robot-zminus020-v5,wrist_center,gripper_grasping_frame,seed-0-wrist-0,2.8800000436604023,,1.4413983724986805,-0.13564567362431754,-2.042234573853209,2.071906562489171,0.36442703935314835,-0.4608907964388078,-1.9499853872572013,1.3597399555105182e-13,5.5717257172098807e-14,2.5444437451708134e-14,8.274347810178554,0.35407045089357425,0.44462864571625466,0.7748056868479358,reachable_success,99.12014931681624,8.274347810178554
340,transfer,middle,0.7704467475000001,0.0,True,tiago_sew,SUCCESS_EXACT,tiago_semi_analytic,c96a32d,median-body-4344-torso015-J1-root-robot-zminus020-v5,wrist_center,gripper_grasping_frame,seed-0-wrist-0,3.479899954982102,,1.446984430663847,-0.1282179350317312,-2.0420779174571084,2.0584218167214656,0.36735950261078454,-0.4656607596861928,-1.9534345900934458,2.220446049250313e-13,7.001240627602247e-14,5.088887490341627e-14,8.076723044977191,0.3566229362200795,0.44821767509897203,0.7751725689178448,reachable_success,98.9521315485765,8.076723044977191
341,transfer,middle,0.7722958685,0.0,True,tiago_sew,SUCCESS_EXACT,tiago_semi_analytic,c96a32d,median-body-4344-torso015-J1-root-robot-zminus020-v5,wrist_center,gripper_grasping_frame,seed-0-wrist-0,3.122599911876023,,1.4534112477897878,-0.12143750671285936,-2.0428446385179426,2.045361517510363,0.3750320924056161,-0.46405084213524495,-1.9637573435526487,2.5438405243138007e-13,6.147320420013631e-14,5.088887490341627e-14,7.48527283881079,0.35860162675346985,0.4517169839359241,0.7772925816621361,reachable_success,98.51252453539752,7.48527283881079
342,transfer,middle,0.7738430175,0.0,True,tiago_sew,SUCCESS_EXACT,tiago_semi_analytic,c96a32d,median-body-4344-torso015-J1-root-robot-zminus020-v5,wrist_center,gripper_grasping_frame,seed-0-wrist-0,2.683800063095987,,1.459664471578266,-0.1143787875096572,-2.0422062386157616,2.032299461004151,0.38442788875126865,-0.46612634667837405,-1.9725160730730753,4.0412728104402654e-13,9.112108048629495e-14,0.0,6.983434603393705,0.36024059442485773,0.4552140936708817,0.7781561053195499,reachable_success,97.97418505962717,6.983434603393705
343,transfer,middle,0.7756531675,0.0,True,tiago_sew,SUCCESS_EXACT,tiago_semi_analytic,c96a32d,median-body-4344-torso015-J1-root-robot-zminus020-v5,wrist_center,gripper_grasping_frame,seed-0-wrist-0,2.9468999709933996,,1.465501680749357,-0.10797831528479407,-2.042873039213038,2.0182954418651162,0.38966142007344073,-0.4659494416526466,-1.9796898639537517,1.7554167342883506e-13,6.868589898787072e-14,0.0,6.57240666282151,0.36304319434404475,0.4587561281120197,0.7799907316570094,reachable_success,97.6743258029172,6.57240666282151
344,transfer,middle,0.7772374575000001,0.0,True,tiago_sew,SUCCESS_EXACT,tiago_semi_analytic,c96a32d,median-body-4344-torso015-J1-root-robot-zminus020-v5,wrist_center,gripper_grasping_frame,seed-0-wrist-0,3.8373999996110797,,1.4722420363934214,-0.10272239348613699,-2.043649412261657,2.005937640362523,0.3929407296406753,-0.46222741713700044,-1.986690164448465,3.510833468576701e-13,3.670135841953632e-14,5.088887490341627e-14,6.1713189891511,0.3651198951200854,0.4623853281194969,0.7823684758816773,reachable_success,97.48643520499779,6.1713189891511
345,transfer,middle,0.7786723935,0.0,True,tiago_sew,SUCCESS_EXACT,tiago_semi_analytic,c96a32d,median-body-4344-torso015-J1-root-robot-zminus020-v5,wrist_center,gripper_grasping_frame,seed-0-wrist-0,3.2212999649345875,,1.477999761103815,-0.0949734177679548,-2.041846035450901,1.992847273732007,0.4079836667359604,-0.46033054240102,-2.0013731192329605,1.3597399555105182e-13,5.177678368006821e-14,2.5444437451708134e-14,5.330047649218085,0.3665478365817499,0.46573029677631905,0.7838224040159724,reachable_success,96.62453839795715,5.330047649218085
346,transfer,middle,0.7801612554999999,0.0,True,tiago_sew,SUCCESS_EXACT,tiago_semi_analytic,c96a32d,median-body-4344-torso015-J1-root-robot-zminus020-v5,wrist_center,gripper_grasping_frame,seed-0-wrist-0,3.104300005361438,,1.483668532426953,-0.0897351936501093,-2.0421041746735664,1.9796428710377003,0.41076860341388244,-0.46720228684439213,-2.005542138310502,2.5438405243138007e-13,7.561417137599258e-14,0.0,5.091180451365439,0.3689613018273049,0.4690490550902253,0.7839460721448475,reachable_success,96.46497328010105,5.091180451365439
347,transfer,middle,0.7816918335,0.0,True,tiago_sew,SUCCESS_EXACT,tiago_semi_analytic,c96a32d,median-body-4344-torso015-J1-root-robot-zminus020-v5,wrist_center,gripper_grasping_frame,seed-0-wrist-0,2.7281000511720777,,1.4898242376755342,-0.08398074600288069,-2.0421022091673673,1.9670531104078652,0.41073073736040744,-0.47476414504487074,-2.0058336426738714,1.7554167342883506e-13,3.478590000354022e-14,0.0,5.074478481634715,0.3709624465262724,0.4725222081972278,0.7837931900478637,reachable_success,96.46714284515198,5.074478481634715
348,transfer,middle,0.7830406495,0.0,True,tiago_sew,SUCCESS_EXACT,tiago_semi_analytic,c96a32d,median-body-4344-torso015-J1-root-robot-zminus020-v5,wrist_center,gripper_grasping_frame,seed-0-wrist-0,3.0059999553486705,,1.4950183203017318,-0.07707785927619358,-2.040475404517219,1.9543619216149106,0.41192160843117565,-0.4739420087290669,-2.008752245810154,1.2412670766236365e-13,2.6989897512234346e-14,2.5444437451708134e-14,4.907254839852086,0.37356764971687484,0.47609392430360065,0.784764550506757,reachable_success,96.39891095885274,4.907254839852086
349,transfer,middle,0.7844298405000001,0.0,True,tiago_sew,SUCCESS_EXACT,tiago_semi_analytic,c96a32d,median-body-4344-torso015-J1-root-robot-zminus020-v5,wrist_center,gripper_grasping_frame,seed-0-wrist-0,2.9875999316573143,,1.500470200583757,-0.0721828081254253,-2.0405502368579422,1.9419109979577127,0.4164062819356862,-0.47715222866093265,-2.0143810020960355,3.3306690738754696e-13,5.3376443714792904e-14,0.0,4.584750860763333,0.37575225638204945,0.4792030160714188,0.7855708715799338,reachable_success,96.14195809455013,4.584750860763333
350,transfer,middle,0.7855509645000001,0.0,True,tiago_sew,SUCCESS_EXACT,tiago_semi_analytic,c96a32d,median-body-4344-torso015-J1-root-robot-zminus020-v5,wrist_center,gripper_grasping_frame,seed-0-wrist-0,2.900900086387992,,1.5058351832053598,-0.06651146844373483,-2.038988417052657,1.9291447323476043,0.4217208898704352,-0.4791125824519673,-2.0209130102565958,2.482534153247273e-13,4.0457239000734723e-14,2.5444437451708134e-14,4.210494361418221,0.3779648111665738,0.4825440611505145,0.7860292182668338,reachable_success,95.83745349012227,4.210494361418221
351,transfer,middle,0.7867948305,0.0,True,tiago_sew,SUCCESS_EXACT,tiago_semi_analytic,c96a32d,median-body-4344-torso015-J1-root-robot-zminus020-v5,wrist_center,gripper_grasping_frame,seed-0-wrist-0,3.836599993519485,,1.5118599925156715,-0.06092863683880495,-2.03793352749905,1.9170512680281568,0.41714117350208113,-0.47954138290369475,-2.0164187768546897,1.1102230246251565e-13,6.176049664824171e-14,0.0,4.467994967494159,0.3804544161956336,0.486314488881698,0.7867399396688597,reachable_success,96.09985190939595,4.467994967494159
352,transfer,middle,0.7879149785,0.0,True,tiago_sew,SUCCESS_EXACT,tiago_semi_analytic,c96a32d,median-body-4344-torso015-J1-root-robot-zminus020-v5,wrist_center,gripper_grasping_frame,seed-0-wrist-0,2.913599950261414,,1.5166714579607177,-0.05471844291487674,-2.035863735753632,1.9046936870740574,0.4263869339581907,-0.4801650688476773,-2.024755710046958,3.554447978966673e-13,4.9271317457321736e-14,0.0,3.9903238814946596,0.38237118434479556,0.4893562486770819,0.7874256535437347,reachable_success,95.57010885687191,3.9903238814946596
353,transfer,middle,0.7889873654999999,0.0,True,tiago_sew,SUCCESS_EXACT,tiago_semi_analytic,c96a32d,median-body-4344-torso015-J1-root-robot-zminus020-v5,wrist_center,gripper_grasping_frame,seed-0-wrist-0,2.716299961321056,,1.5224896755857185,-0.049919896703869926,-2.0346947708809653,1.8916291195839754,0.43569472458338687,-0.47997439605091774,-2.030269285384958,1.9229626863835638e-13,6.185570035650204e-14,0.0,3.6744192845998427,0.3843720586651812,0.4926519759353438,0.7885684748402269,reachable_success,95.03681173745674,3.6744192845998427
354,transfer,middle,0.7900637815,0.0,True,tiago_sew,SUCCESS_EXACT,tiago_semi_analytic,c96a32d,median-body-4344-torso015-J1-root-robot-zminus020-v5,wrist_center,gripper_grasping_frame,seed-0-wrist-0,3.1141999643296003,,1.5276385604835327,-0.04522479777679977,-2.0337186114831955,1.8803292189251402,0.4298735663498139,-0.4837203561958394,-2.0260566607328876,1.2412670766236365e-13,4.742278786042884e-14,2.5444437451708134e-14,3.915784897836243,0.3869038817111538,0.495950158580502,0.7885095602408569,reachable_success,95.37033953611831,3.915784897836243
355,transfer,middle,0.7909756164999999,0.0,True,tiago_sew,SUCCESS_EXACT,tiago_semi_analytic,c96a32d,median-body-4344-torso015-J1-root-robot-zminus020-v5,wrist_center,gripper_grasping_frame,seed-0-wrist-0,3.2993999775499105,,1.5327155269932395,-0.0381017402501662,-2.0299889619849507,1.867518520742963,0.44145619815200243,-0.48100977827245606,-2.036532872430156,7.850462293418876e-14,2.4759779022406652e-14,0.0,3.3155421822971842,0.3887163751279758,0.49931124857410636,0.7893746703300288,reachable_success,94.7067036181989,3.3155421822971842
356,transfer,middle,0.7918914795,0.0,True,tiago_sew,SUCCESS_EXACT,tiago_semi_analytic,c96a32d,median-body-4344-torso015-J1-root-robot-zminus020-v5,wrist_center,gripper_grasping_frame,seed-0-wrist-0,3.341800067573786,,1.5379430473552336,-0.033348999913521124,-2.028219687378068,1.8546071894159488,0.45186337936521737,-0.48061545396356253,-2.0461991533895674,1.6653345369377348e-13,5.229084835234993e-14,0.0,2.761705079735239,0.3908144152826584,0.5024124715791851,0.7903552109009035,reachable_success,94.11041605805384,2.761705079735239
357,transfer,middle,0.7927408444999999,0.0,True,tiago_sew,SUCCESS_EXACT,tiago_semi_analytic,c96a32d,median-body-4344-torso015-J1-root-robot-zminus020-v5,wrist_center,gripper_grasping_frame,seed-0-wrist-0,3.081499948166311,,1.5423440532038926,-0.02828559330602124,-2.026027383513718,1.8431711165471836,0.45918075872536246,-0.4829431007473426,-2.0560895453312282,1.3597399555105182e-13,2.9824381798327785e-14,0.0,2.1950273637478723,0.39265922387731067,0.5051620067578673,0.790499562887755,reachable_success,93.69116110362138,2.1950273637478723
358,transfer,middle,0.7937191775,0.0,True,tiago_sew,SUCCESS_EXACT,tiago_semi_analytic,c96a32d,median-body-4344-torso015-J1-root-robot-zminus020-v5,wrist_center,gripper_grasping_frame,seed-0-wrist-0,2.6647000340744853,,1.548059506328672,-0.02230379438233231,-2.0233523648402985,1.830348645524487,0.461341625182329,-0.4822954255987466,-2.058321802479326,5.551115123125783e-14,3.286345482774978e-14,2.5444437451708134e-14,2.0671284503739633,0.3949842709793174,0.5088061474288519,0.7910860658487125,reachable_success,93.56735257554581,2.0671284503739633
359,transfer,middle,0.7944225165,0.0,True,tiago_sew,SUCCESS_EXACT,tiago_semi_analytic,c96a32d,median-body-4344-torso015-J1-root-robot-zminus020-v5,wrist_center,gripper_grasping_frame,seed-0-wrist-0,2.812799997627735,,1.5535741794787932,-0.01822763922679879,-2.021377842108129,1.817864041681884,0.4626707571544104,-0.48955135471128663,-2.0599683717458293,1.1102230246251565e-13,6.188103549219567e-14,0.0,1.9727869807273724,0.3970984663232378,0.5120185294275765,0.7901191097262954,reachable_success,93.49119892312964,1.9727869807273724
360,transfer,middle,0.7950935975,0.0,True,tiago_sew,SUCCESS_EXACT,tiago_semi_analytic,c96a32d,median-body-4344-torso015-J1-root-robot-zminus020-v5,wrist_center,gripper_grasping_frame,seed-0-wrist-0,2.850400051102042,,1.5581159225630474,-0.012700272217145998,-2.0180316464554227,1.805865075897387,0.4743978137558571,-0.48639744084047143,-2.0695280772830333,5.551115123125783e-14,5.193333728438915e-14,2.5444437451708134e-14,1.4250562000577347,0.3990024587131223,0.5149841634930103,0.7910907952430815,reachable_success,92.81928807375573,1.4250562000577347
361,transfer,middle,0.7957949835,0.0,True,tiago_sew,SUCCESS_EXACT,tiago_semi_analytic,c96a32d,median-body-4344-torso015-J1-root-robot-zminus020-v5,wrist_center,gripper_grasping_frame,seed-0-wrist-0,2.875200007110834,,1.5637934614071496,-0.0081633888021465,-2.0155949018924506,1.7933777698182767,0.47693635871790185,-0.48486570180264366,-2.073402731790985,2.8305244335018377e-13,5.062251646212494e-14,2.5444437451708134e-14,1.2030548496807725,0.4013798524299681,0.5184947989787867,0.7917627267883,reachable_success,92.67384016132637,1.2030548496807725
362,transfer,middle,0.7963494265,0.0,True,tiago_sew,SUCCESS_EXACT,tiago_semi_analytic,c96a32d,median-body-4344-torso015-J1-root-robot-zminus020-v5,wrist_center,gripper_grasping_frame,seed-0-wrist-0,3.66089993622154,,1.5694196134592788,-0.003017372588371141,-2.0120674717725793,1.7804746879372917,0.48512026979862544,-0.48364084655743733,-2.078926260301894,1.2412670766236365e-13,5.231445751748654e-14,0.0,0.8865799779855075,0.40340189387528297,0.5219598031530968,0.792175563255225,reachable_success,92.20493659649055,0.8865799779855075
363,transfer,middle,0.7970233765,0.0,True,tiago_sew,SUCCESS_EXACT,tiago_semi_analytic,c96a32d,median-body-4344-torso015-J1-root-robot-zminus020-v5,wrist_center,gripper_grasping_frame,seed-0-wrist-0,2.760699950158596,,1.57429304963217,0.002109920568474953,-2.0089561879136695,1.7680984591589084,0.492185802821826,-0.4889169249828744,-2.084053031150794,1.570092458683775e-13,5.048816682982944e-14,2.5444437451708134e-14,0.5928376458128347,0.40522523185547493,0.5248813618716001,0.7914866066149872,reachable_success,91.80011137425085,0.5928376458128347
364,transfer,middle,0.7975969855,0.0,True,tiago_sew,SUCCESS_EXACT,tiago_semi_analytic,c96a32d,median-body-4344-torso015-J1-root-robot-zminus020-v5,wrist_center,gripper_grasping_frame,seed-0-wrist-0,3.0182000482454896,,1.5802266098470044,0.00598025298037347,-2.0066043905089326,1.7555036930826058,0.4890984746310929,-0.48966809730159166,-2.080070276764106,5.551115123125783e-14,5.1624676031632984e-14,0.0,0.8210326630072681,0.40791350581168595,0.5285341445756336,0.7914860966623692,reachable_success,91.97700224955162,0.8210326630072681
365,transfer,middle,0.7981401065,0.0,True,tiago_sew,SUCCESS_EXACT,tiago_semi_analytic,c96a32d,median-body-4344-torso015-J1-root-robot-zminus020-v5,wrist_center,gripper_grasping_frame,seed-0-wrist-0,3.232099930755794,,1.5859965951125399,0.010359317766553933,-2.0036459571525502,1.7425377897853547,0.501490919692658,-0.49050668377687634,-2.0904284278678915,2.7194799110210365e-13,5.5305275203173517e-14,2.5444437451708134e-14,0.2275543212015796,0.4094781054842025,0.531701235211476,0.7918357265947616,reachable_success,91.2669674496762,0.2275543212015796
366,transfer,middle,0.7985071715,0.0,True,tiago_sew,SUCCESS_EXACT,tiago_semi_analytic,c96a32d,median-body-4344-torso015-J1-root-robot-zminus020-v5,wrist_center,gripper_grasping_frame,seed-0-wrist-0,3.210199996829033,,1.5913842613231577,0.016687120501875565,-1.9982705723331293,1.7295908945360872,0.5064434612395958,-0.4917177076063193,-2.0924914879453462,7.850462293418876e-14,5.624020487066218e-14,2.5444437451708134e-14,0.10934968588149171,0.4115713667641091,0.5352792913959468,0.7910758987750661,reachable_success,90.98320772117347,0.10934968588149171
367,transfer,middle,0.7989514775,0.0,True,tiago_sew,SUCCESS_EXACT,tiago_semi_analytic,c96a32d,median-body-4344-torso015-J1-root-robot-zminus020-v5,wrist_center,gripper_grasping_frame,seed-0-wrist-0,3.270499990321696,,1.5972513112710232,0.019072147234756025,-1.9968230451975213,1.7172541429911206,0.505942624978136,-0.49308916551468807,-2.0931923487455073,4.577566798522238e-13,5.5635749581354545e-14,2.5444437451708134e-14,0.06919332000610037,0.41407304689669944,0.5385922502022568,0.7912014455979924,reachable_success,91.01190352518223,0.06919332000610037
368,transfer,high,0.7993283695,0.0,True,tiago_sew,SUCCESS_EXACT,tiago_semi_analytic,c96a32d,median-body-4344-torso015-J1-root-robot-zminus020-v5,wrist_center,gripper_grasping_frame,seed-5-wrist-0-boundary,263.8236000202596,,1.6036782963214038,0.02216062962294043,-1.9944553183400673,1.7042070015654063,0.5064344246242902,-0.4961521427210797,-2.0943999999999994,0.0917195334508753,0.044217946452750095,0.018227225528029103,2.5444437451708134e-14,0.41631907015209135,0.5421617431021554,0.7907640362556192,reachable_success,90.98372548109157,2.5444437451708134e-14
369,transfer,high,0.7998353885,0.0,True,tiago_sew,SUCCESS_EXACT,tiago_semi_analytic,c96a32d,median-body-4344-torso015-J1-root-robot-zminus020-v5,wrist_center,gripper_grasping_frame,seed-5-wrist-0-boundary,276.35599998757243,,1.6095002374225806,0.025319271251912745,-1.9924950447061547,1.6920983625706338,0.5063496793534693,-0.5014856180975878,-2.0943999999999994,0.19511330800445623,0.09393476124210152,0.038536391653259214,2.5444437451708134e-14,0.418297345595538,0.5453002207028979,0.7900446519518864,reachable_success,90.9885810274433,2.5444437451708134e-14
370,transfer,high,0.7999938665,0.0,True,tiago_sew,SUCCESS_EXACT,tiago_semi_analytic,c96a32d,median-body-4344-torso015-J1-root-robot-zminus020-v5,wrist_center,gripper_grasping_frame,seed-5-wrist-0-boundary,220.23460001219064,,1.614890369639347,0.030372504551883655,-1.987566227226529,1.6804914662804091,0.5068380425530074,-0.49788189040123837,-2.0943999999999994,0.37215561056347585,0.17888377673653963,0.07313970084455254,2.5444437451708134e-14,0.4205945031019768,0.54891056475708,0.7899820700939844,reachable_success,90.96059987724026,2.5444437451708134e-14
371,transfer,high,0.8005650335,0.0,True,tiago_sew,SUCCESS_EXACT,tiago_semi_analytic,c96a32d,median-body-4344-torso015-J1-root-robot-zminus020-v5,wrist_center,gripper_grasping_frame,seed-5-wrist-0-boundary,310.6629999820143,,1.622083402557603,0.03195836703855508,-1.9872768286661089,1.667573328838413,0.5053597690057411,-0.501143095818519,-2.0943999999999994,0.4635769997378332,0.22237252824908973,0.09019545159650366,2.5444437451708134e-14,0.42265970491819443,0.5524531670248154,0.7901299068292194,reachable_success,91.04529871246444,2.5444437451708134e-14
372,transfer,high,0.8010246585,0.0,True,tiago_sew,SUCCESS_EXACT,tiago_semi_analytic,c96a32d,median-body-4344-torso015-J1-root-robot-zminus020-v5,wrist_center,gripper_grasping_frame,seed-5-wrist-0-boundary,198.46089999191463,,1.6276970392595422,0.03614846217666412,-1.9840822328697412,1.6549300320499687,0.5060903648567625,-0.5049395647174987,-2.0943999999999994,0.6150078371998899,0.29448319067763135,0.11901358294158662,2.5444437451708134e-14,0.4248789640550202,0.5556870574712707,0.7893989913018272,reachable_success,91.00343865367115,2.5444437451708134e-14
373,transfer,high,0.8011165775,0.0,True,tiago_sew,SUCCESS_EXACT,tiago_semi_analytic,c96a32d,median-body-4344-torso015-J1-root-robot-zminus020-v5,wrist_center,gripper_grasping_frame,seed-5-wrist-0-boundary,289.73519999999553,,1.6334942864408624,0.03838227836540936,-1.9816435772306726,1.6432298079382466,0.5032047117828637,-0.5121196678236226,-2.0943999999999994,0.746993173159824,0.3566297360843739,0.14267048536248042,2.5444437451708134e-14,0.4268628321170729,0.5587683053587047,0.7877612177111584,reachable_success,91.16877439594451,2.5444437451708134e-14
374,transfer,high,0.8015430914999999,0.0,True,tiago_sew,NUMERICAL_FAILURE,tiago_semi_analytic,c96a32d,median-body-4344-torso015-J1-root-robot-zminus020-v5,wrist_center,gripper_grasping_frame,,250.7138999644667,no exact or boundary-refined wrist branch met strict wrist-center/orientation/SEW tolerances,,,,,,,,,,,,,,,oracle_inconclusive,,
375,transfer,high,0.8018908695,0.0,True,tiago_sew,NUMERICAL_FAILURE,tiago_semi_analytic,c96a32d,median-body-4344-torso015-J1-root-robot-zminus020-v5,wrist_center,gripper_grasping_frame,,250.2089999616146,no exact or boundary-refined wrist branch met strict wrist-center/orientation/SEW tolerances,,,,,,,,,,,,,,,oracle_inconclusive,,
376,transfer,high,0.8020408325,0.0,True,tiago_sew,NUMERICAL_FAILURE,tiago_semi_analytic,c96a32d,median-body-4344-torso015-J1-root-robot-zminus020-v5,wrist_center,gripper_grasping_frame,,295.0252000009641,no exact or boundary-refined wrist branch met strict wrist-center/orientation/SEW tolerances,,,,,,,,,,,,,,,oracle_inconclusive,,
377,transfer,high,0.8024731445,0.0,True,tiago_sew,NUMERICAL_FAILURE,tiago_semi_analytic,c96a32d,median-body-4344-torso015-J1-root-robot-zminus020-v5,wrist_center,gripper_grasping_frame,,269.0408000489697,no exact or boundary-refined wrist branch met strict wrist-center/orientation/SEW tolerances,,,,,,,,,,,,,,,oracle_inconclusive,,
378,transfer,high,0.8027194824999999,0.0,True,tiago_sew,NUMERICAL_FAILURE,tiago_semi_analytic,c96a32d,median-body-4344-torso015-J1-root-robot-zminus020-v5,wrist_center,gripper_grasping_frame,,287.56930003874004,no exact or boundary-refined wrist branch met strict wrist-center/orientation/SEW tolerances,,,,,,,,,,,,,,,oracle_inconclusive,,
379,transfer,high,0.8029448855,0.0,True,tiago_sew,NUMERICAL_FAILURE,tiago_semi_analytic,c96a32d,median-body-4344-torso015-J1-root-robot-zminus020-v5,wrist_center,gripper_grasping_frame,,250.5339999916032,no exact or boundary-refined wrist branch met strict wrist-center/orientation/SEW tolerances,,,,,,,,,,,,,,,oracle_inconclusive,,
380,transfer,high,0.8032651975,0.0,True,tiago_sew,NUMERICAL_FAILURE,tiago_semi_analytic,c96a32d,median-body-4344-torso015-J1-root-robot-zminus020-v5,wrist_center,gripper_grasping_frame,,295.25829991325736,no exact or boundary-refined wrist branch met strict wrist-center/orientation/SEW tolerances,,,,,,,,,,,,,,,oracle_inconclusive,,
381,transfer,high,0.8035154725,0.0,True,tiago_sew,NUMERICAL_FAILURE,tiago_semi_analytic,c96a32d,median-body-4344-torso015-J1-root-robot-zminus020-v5,wrist_center,gripper_grasping_frame,,180.83159998059273,no exact or boundary-refined wrist branch met strict wrist-center/orientation/SEW tolerances,,,,,,,,,,,,,,,oracle_inconclusive,,
382,transfer,high,0.8036639105,0.0,True,tiago_sew,NUMERICAL_FAILURE,tiago_semi_analytic,c96a32d,median-body-4344-torso015-J1-root-robot-zminus020-v5,wrist_center,gripper_grasping_frame,,277.7432999573648,no exact or boundary-refined wrist branch met strict wrist-center/orientation/SEW tolerances,,,,,,,,,,,,,,,oracle_inconclusive,,
383,transfer,high,0.8039724125000001,0.0,True,tiago_sew,NUMERICAL_FAILURE,tiago_semi_analytic,c96a32d,median-body-4344-torso015-J1-root-robot-zminus020-v5,wrist_center,gripper_grasping_frame,,257.9017999814823,no exact or boundary-refined wrist branch met strict wrist-center/orientation/SEW tolerances,,,,,,,,,,,,,,,oracle_inconclusive,,
384,transfer,high,0.8044049375,0.0,True,tiago_sew,NUMERICAL_FAILURE,tiago_semi_analytic,c96a32d,median-body-4344-torso015-J1-root-robot-zminus020-v5,wrist_center,gripper_grasping_frame,,255.1296999445185,no exact or boundary-refined wrist branch met strict wrist-center/orientation/SEW tolerances,,,,,,,,,,,,,,,oracle_inconclusive,,
385,transfer,high,0.8045001835,0.0,True,tiago_sew,NUMERICAL_FAILURE,tiago_semi_analytic,c96a32d,median-body-4344-torso015-J1-root-robot-zminus020-v5,wrist_center,gripper_grasping_frame,,266.8385000433773,no exact or boundary-refined wrist branch met strict wrist-center/orientation/SEW tolerances,,,,,,,,,,,,,,,oracle_inconclusive,,
386,transfer,high,0.8048937995000001,0.0,True,tiago_sew,NUMERICAL_FAILURE,tiago_semi_analytic,c96a32d,median-body-4344-torso015-J1-root-robot-zminus020-v5,wrist_center,gripper_grasping_frame,,288.00150007009506,no exact or boundary-refined wrist branch met strict wrist-center/orientation/SEW tolerances,,,,,,,,,,,,,,,oracle_inconclusive,,
387,transfer,high,0.8054254765,0.0,True,tiago_sew,NUMERICAL_FAILURE,tiago_semi_analytic,c96a32d,median-body-4344-torso015-J1-root-robot-zminus020-v5,wrist_center,gripper_grasping_frame,,287.1624999679625,no exact or boundary-refined wrist branch met strict wrist-center/orientation/SEW tolerances,,,,,,,,,,,,,,,oracle_inconclusive,,
388,transfer,high,0.8055380255,0.0,True,tiago_sew,NUMERICAL_FAILURE,tiago_semi_analytic,c96a32d,median-body-4344-torso015-J1-root-robot-zminus020-v5,wrist_center,gripper_grasping_frame,,302.9134999960661,no exact or boundary-refined wrist branch met strict wrist-center/orientation/SEW tolerances,,,,,,,,,,,,,,,oracle_inconclusive,,
389,transfer,high,0.8060549625,0.0,True,tiago_sew,NUMERICAL_FAILURE,tiago_semi_analytic,c96a32d,median-body-4344-torso015-J1-root-robot-zminus020-v5,wrist_center,gripper_grasping_frame,,292.89370006881654,no exact or boundary-refined wrist branch met strict wrist-center/orientation/SEW tolerances,,,,,,,,,,,,,,,oracle_inconclusive,,
390,transfer,high,0.8067693485,0.0,True,tiago_sew,NUMERICAL_FAILURE,tiago_semi_analytic,c96a32d,median-body-4344-torso015-J1-root-robot-zminus020-v5,wrist_center,gripper_grasping_frame,,292.25239995867014,no exact or boundary-refined wrist branch met strict wrist-center/orientation/SEW tolerances,,,,,,,,,,,,,,,oracle_inconclusive,,
391,transfer,high,0.8069861455,0.0,True,tiago_sew,NUMERICAL_FAILURE,tiago_semi_analytic,c96a32d,median-body-4344-torso015-J1-root-robot-zminus020-v5,wrist_center,gripper_grasping_frame,,290.1328000007197,no exact or boundary-refined wrist branch met strict wrist-center/orientation/SEW tolerances,,,,,,,,,,,,,,,oracle_inconclusive,,
392,transfer,high,0.8075090635,0.0,True,tiago_sew,NUMERICAL_FAILURE,tiago_semi_analytic,c96a32d,median-body-4344-torso015-J1-root-robot-zminus020-v5,wrist_center,gripper_grasping_frame,,290.17249995376915,no exact or boundary-refined wrist branch met strict wrist-center/orientation/SEW tolerances,,,,,,,,,,,,,,,oracle_inconclusive,,
393,transfer,high,0.8081081545,0.0,True,tiago_sew,NUMERICAL_FAILURE,tiago_semi_analytic,c96a32d,median-body-4344-torso015-J1-root-robot-zminus020-v5,wrist_center,gripper_grasping_frame,,286.3637999398634,no exact or boundary-refined wrist branch met strict wrist-center/orientation/SEW tolerances,,,,,,,,,,,,,,,oracle_inconclusive,,
394,transfer,high,0.8085195615,0.0,True,tiago_sew,NUMERICAL_FAILURE,tiago_semi_analytic,c96a32d,median-body-4344-torso015-J1-root-robot-zminus020-v5,wrist_center,gripper_grasping_frame,,288.00250007770956,no exact or boundary-refined wrist branch met strict wrist-center/orientation/SEW tolerances,,,,,,,,,,,,,,,oracle_inconclusive,,
395,transfer,high,0.8091150205,0.0,True,tiago_sew,NUMERICAL_FAILURE,tiago_semi_analytic,c96a32d,median-body-4344-torso015-J1-root-robot-zminus020-v5,wrist_center,gripper_grasping_frame,,287.74699999485165,no exact or boundary-refined wrist branch met strict wrist-center/orientation/SEW tolerances,,,,,,,,,,,,,,,oracle_inconclusive,,
396,transfer,high,0.8096687315,0.0,True,tiago_sew,NUMERICAL_FAILURE,tiago_semi_analytic,c96a32d,median-body-4344-torso015-J1-root-robot-zminus020-v5,wrist_center,gripper_grasping_frame,,290.73350003454834,no exact or boundary-refined wrist branch met strict wrist-center/orientation/SEW tolerances,,,,,,,,,,,,,,,oracle_inconclusive,,
397,transfer,high,0.8101795655,0.0,True,tiago_sew,NUMERICAL_FAILURE,tiago_semi_analytic,c96a32d,median-body-4344-torso015-J1-root-robot-zminus020-v5,wrist_center,gripper_grasping_frame,,291.8228000635281,no exact or boundary-refined wrist branch met strict wrist-center/orientation/SEW tolerances,,,,,,,,,,,,,,,oracle_inconclusive,,
398,transfer,high,0.8108908085,0.0,True,tiago_sew,NUMERICAL_FAILURE,tiago_semi_analytic,c96a32d,median-body-4344-torso015-J1-root-robot-zminus020-v5,wrist_center,gripper_grasping_frame,,292.69860009662807,no exact or boundary-refined wrist branch met strict wrist-center/orientation/SEW tolerances,,,,,,,,,,,,,,,oracle_inconclusive,,
399,transfer,high,0.8115256655,0.0,True,tiago_sew,NUMERICAL_FAILURE,tiago_semi_analytic,c96a32d,median-body-4344-torso015-J1-root-robot-zminus020-v5,wrist_center,gripper_grasping_frame,,287.06240002065897,no exact or boundary-refined wrist branch met strict wrist-center/orientation/SEW tolerances,,,,,,,,,,,,,,,oracle_inconclusive,,
400,transfer,high,0.8117388915,0.0,True,tiago_sew,NUMERICAL_FAILURE,tiago_semi_analytic,c96a32d,median-body-4344-torso015-J1-root-robot-zminus020-v5,wrist_center,gripper_grasping_frame,,285.0524000823498,no exact or boundary-refined wrist branch met strict wrist-center/orientation/SEW tolerances,,,,,,,,,,,,,,,oracle_inconclusive,,
401,transfer,high,0.8123942565,0.0,True,tiago_sew,NUMERICAL_FAILURE,tiago_semi_analytic,c96a32d,median-body-4344-torso015-J1-root-robot-zminus020-v5,wrist_center,gripper_grasping_frame,,263.59720004256815,no exact or boundary-refined wrist branch met strict wrist-center/orientation/SEW tolerances,,,,,,,,,,,,,,,oracle_inconclusive,,
402,transfer,high,0.8131295475,0.0,True,tiago_sew,NUMERICAL_FAILURE,tiago_semi_analytic,c96a32d,median-body-4344-torso015-J1-root-robot-zminus020-v5,wrist_center,gripper_grasping_frame,,302.15480003971606,no exact or boundary-refined wrist branch met strict wrist-center/orientation/SEW tolerances,,,,,,,,,,,,,,,oracle_inconclusive,,
403,transfer,high,0.8133850715,0.0,True,tiago_sew,NUMERICAL_FAILURE,tiago_semi_analytic,c96a32d,median-body-4344-torso015-J1-root-robot-zminus020-v5,wrist_center,gripper_grasping_frame,,289.4499999238178,no exact or boundary-refined wrist branch met strict wrist-center/orientation/SEW tolerances,,,,,,,,,,,,,,,oracle_inconclusive,,
404,transfer,high,0.8138011475,0.0,True,tiago_sew,NUMERICAL_FAILURE,tiago_semi_analytic,c96a32d,median-body-4344-torso015-J1-root-robot-zminus020-v5,wrist_center,gripper_grasping_frame,,291.85559996403754,no exact or boundary-refined wrist branch met strict wrist-center/orientation/SEW tolerances,,,,,,,,,,,,,,,oracle_inconclusive,,
405,transfer,high,0.8144683534999999,0.0,True,tiago_sew,NUMERICAL_FAILURE,tiago_semi_analytic,c96a32d,median-body-4344-torso015-J1-root-robot-zminus020-v5,wrist_center,gripper_grasping_frame,,292.7682000445202,no exact or boundary-refined wrist branch met strict wrist-center/orientation/SEW tolerances,,,,,,,,,,,,,,,oracle_inconclusive,,
406,transfer,high,0.8149061285,0.0,True,tiago_sew,NUMERICAL_FAILURE,tiago_semi_analytic,c96a32d,median-body-4344-torso015-J1-root-robot-zminus020-v5,wrist_center,gripper_grasping_frame,,296.883900067769,no exact or boundary-refined wrist branch met strict wrist-center/orientation/SEW tolerances,,,,,,,,,,,,,,,oracle_inconclusive,,
407,transfer,high,0.8150993955,0.0,True,tiago_sew,NUMERICAL_FAILURE,tiago_semi_analytic,c96a32d,median-body-4344-torso015-J1-root-robot-zminus020-v5,wrist_center,gripper_grasping_frame,,306.8795999279246,no exact or boundary-refined wrist branch met strict wrist-center/orientation/SEW tolerances,,,,,,,,,,,,,,,oracle_inconclusive,,
408,transfer,high,0.8153463445,0.0,True,tiago_sew,NUMERICAL_FAILURE,tiago_semi_analytic,c96a32d,median-body-4344-torso015-J1-root-robot-zminus020-v5,wrist_center,gripper_grasping_frame,,292.38430003169924,no exact or boundary-refined wrist branch met strict wrist-center/orientation/SEW tolerances,,,,,,,,,,,,,,,oracle_inconclusive,,
409,transfer,high,0.8155958555,0.0,True,tiago_sew,NUMERICAL_FAILURE,tiago_semi_analytic,c96a32d,median-body-4344-torso015-J1-root-robot-zminus020-v5,wrist_center,gripper_grasping_frame,,308.2840000279248,no exact or boundary-refined wrist branch met strict wrist-center/orientation/SEW tolerances,,,,,,,,,,,,,,,oracle_inconclusive,,
410,transfer,high,0.8159253545,0.0,True,tiago_sew,NUMERICAL_FAILURE,tiago_semi_analytic,c96a32d,median-body-4344-torso015-J1-root-robot-zminus020-v5,wrist_center,gripper_grasping_frame,,298.6160001019016,no exact or boundary-refined wrist branch met strict wrist-center/orientation/SEW tolerances,,,,,,,,,,,,,,,oracle_inconclusive,,
411,transfer,high,0.8162156675,0.0,True,tiago_sew,NUMERICAL_FAILURE,tiago_semi_analytic,c96a32d,median-body-4344-torso015-J1-root-robot-zminus020-v5,wrist_center,gripper_grasping_frame,,296.5999998850748,no exact or boundary-refined wrist branch met strict wrist-center/orientation/SEW tolerances,,,,,,,,,,,,,,,oracle_inconclusive,,
412,transfer,high,0.8162750244999999,0.0,True,tiago_sew,NUMERICAL_FAILURE,tiago_semi_analytic,c96a32d,median-body-4344-torso015-J1-root-robot-zminus020-v5,wrist_center,gripper_grasping_frame,,294.6278000017628,no exact or boundary-refined wrist branch met strict wrist-center/orientation/SEW tolerances,,,,,,,,,,,,,,,oracle_inconclusive,,
413,transfer,high,0.8164742125,0.0,True,tiago_sew,NUMERICAL_FAILURE,tiago_semi_analytic,c96a32d,median-body-4344-torso015-J1-root-robot-zminus020-v5,wrist_center,gripper_grasping_frame,,290.0477999355644,no exact or boundary-refined wrist branch met strict wrist-center/orientation/SEW tolerances,,,,,,,,,,,,,,,oracle_inconclusive,,
414,transfer,high,0.8165259094999999,0.0,True,tiago_sew,NUMERICAL_FAILURE,tiago_semi_analytic,c96a32d,median-body-4344-torso015-J1-root-robot-zminus020-v5,wrist_center,gripper_grasping_frame,,290.73959996458143,no exact or boundary-refined wrist branch met strict wrist-center/orientation/SEW tolerances,,,,,,,,,,,,,,,oracle_inconclusive,,
415,transfer,high,0.8166980285000001,0.0,True,tiago_sew,NUMERICAL_FAILURE,tiago_semi_analytic,c96a32d,median-body-4344-torso015-J1-root-robot-zminus020-v5,wrist_center,gripper_grasping_frame,,301.3978000963107,no exact or boundary-refined wrist branch met strict wrist-center/orientation/SEW tolerances,,,,,,,,,,,,,,,oracle_inconclusive,,
416,transfer,high,0.8168557745,0.0,True,tiago_sew,NUMERICAL_FAILURE,tiago_semi_analytic,c96a32d,median-body-4344-torso015-J1-root-robot-zminus020-v5,wrist_center,gripper_grasping_frame,,310.437300009653,no exact or boundary-refined wrist branch met strict wrist-center/orientation/SEW tolerances,,,,,,,,,,,,,,,oracle_inconclusive,,
417,transfer,high,0.8168977055,0.0,True,tiago_sew,NUMERICAL_FAILURE,tiago_semi_analytic,c96a32d,median-body-4344-torso015-J1-root-robot-zminus020-v5,wrist_center,gripper_grasping_frame,,303.2406000420451,no exact or boundary-refined wrist branch met strict wrist-center/orientation/SEW tolerances,,,,,,,,,,,,,,,oracle_inconclusive,,
418,transfer,high,0.8170822455,0.0,True,tiago_sew,NUMERICAL_FAILURE,tiago_semi_analytic,c96a32d,median-body-4344-torso015-J1-root-robot-zminus020-v5,wrist_center,gripper_grasping_frame,,299.8876000056043,no exact or boundary-refined wrist branch met strict wrist-center/orientation/SEW tolerances,,,,,,,,,,,,,,,oracle_inconclusive,,
419,transfer,high,0.8170653685,0.0,True,tiago_sew,NUMERICAL_FAILURE,tiago_semi_analytic,c96a32d,median-body-4344-torso015-J1-root-robot-zminus020-v5,wrist_center,gripper_grasping_frame,,298.342699999921,no exact or boundary-refined wrist branch met strict wrist-center/orientation/SEW tolerances,,,,,,,,,,,,,,,oracle_inconclusive,,
420,transfer,high,0.8172015994999999,0.0,True,tiago_sew,NUMERICAL_FAILURE,tiago_semi_analytic,c96a32d,median-body-4344-torso015-J1-root-robot-zminus020-v5,wrist_center,gripper_grasping_frame,,300.9115000022575,no exact or boundary-refined wrist branch met strict wrist-center/orientation/SEW tolerances,,,,,,,,,,,,,,,oracle_inconclusive,,
421,transfer,high,0.8173605344999999,0.0,True,tiago_sew,NUMERICAL_FAILURE,tiago_semi_analytic,c96a32d,median-body-4344-torso015-J1-root-robot-zminus020-v5,wrist_center,gripper_grasping_frame,,311.6240999661386,no exact or boundary-refined wrist branch met strict wrist-center/orientation/SEW tolerances,,,,,,,,,,,,,,,oracle_inconclusive,,
422,transfer,high,0.8173518065,0.0,True,tiago_sew,NUMERICAL_FAILURE,tiago_semi_analytic,c96a32d,median-body-4344-torso015-J1-root-robot-zminus020-v5,wrist_center,gripper_grasping_frame,,344.67380004934967,no exact or boundary-refined wrist branch met strict wrist-center/orientation/SEW tolerances,,,,,,,,,,,,,,,oracle_inconclusive,,
423,transfer,high,0.8173263555,0.0,True,tiago_sew,NUMERICAL_FAILURE,tiago_semi_analytic,c96a32d,median-body-4344-torso015-J1-root-robot-zminus020-v5,wrist_center,gripper_grasping_frame,,349.2267000256106,no exact or boundary-refined wrist branch met strict wrist-center/orientation/SEW tolerances,,,,,,,,,,,,,,,oracle_inconclusive,,
424,transfer,high,0.8173349305,0.0,True,tiago_sew,NUMERICAL_FAILURE,tiago_semi_analytic,c96a32d,median-body-4344-torso015-J1-root-robot-zminus020-v5,wrist_center,gripper_grasping_frame,,326.47470000665635,no exact or boundary-refined wrist branch met strict wrist-center/orientation/SEW tolerances,,,,,,,,,,,,,,,oracle_inconclusive,,
425,transfer,high,0.8172401734999999,0.0,True,tiago_sew,NUMERICAL_FAILURE,tiago_semi_analytic,c96a32d,median-body-4344-torso015-J1-root-robot-zminus020-v5,wrist_center,gripper_grasping_frame,,322.28210009634495,no exact or boundary-refined wrist branch met strict wrist-center/orientation/SEW tolerances,,,,,,,,,,,,,,,oracle_inconclusive,,
426,transfer,high,0.8172535405,0.0,True,tiago_sew,NUMERICAL_FAILURE,tiago_semi_analytic,c96a32d,median-body-4344-torso015-J1-root-robot-zminus020-v5,wrist_center,gripper_grasping_frame,,168.21959998924285,no exact or boundary-refined wrist branch met strict wrist-center/orientation/SEW tolerances,,,,,,,,,,,,,,,oracle_inconclusive,,
427,transfer,high,0.8172003784999999,0.0,True,tiago_sew,NUMERICAL_FAILURE,tiago_semi_analytic,c96a32d,median-body-4344-torso015-J1-root-robot-zminus020-v5,wrist_center,gripper_grasping_frame,,312.403800082393,no exact or boundary-refined wrist branch met strict wrist-center/orientation/SEW tolerances,,,,,,,,,,,,,,,oracle_inconclusive,,
428,transfer,high,0.8170500494999999,0.0,True,tiago_sew,NUMERICAL_FAILURE,tiago_semi_analytic,c96a32d,median-body-4344-torso015-J1-root-robot-zminus020-v5,wrist_center,gripper_grasping_frame,,314.70099999569356,no exact or boundary-refined wrist branch met strict wrist-center/orientation/SEW tolerances,,,,,,,,,,,,,,,oracle_inconclusive,,
429,transfer,high,0.8169959105,0.0,True,tiago_sew,NUMERICAL_FAILURE,tiago_semi_analytic,c96a32d,median-body-4344-torso015-J1-root-robot-zminus020-v5,wrist_center,gripper_grasping_frame,,311.11330003477633,no exact or boundary-refined wrist branch met strict wrist-center/orientation/SEW tolerances,,,,,,,,,,,,,,,oracle_inconclusive,,
430,transfer,high,0.8169910895,0.0,True,tiago_sew,NUMERICAL_FAILURE,tiago_semi_analytic,c96a32d,median-body-4344-torso015-J1-root-robot-zminus020-v5,wrist_center,gripper_grasping_frame,,325.7032000692561,no exact or boundary-refined wrist branch met strict wrist-center/orientation/SEW tolerances,,,,,,,,,,,,,,,oracle_inconclusive,,
431,transfer,high,0.8168885195,0.0,True,tiago_sew,NUMERICAL_FAILURE,tiago_semi_analytic,c96a32d,median-body-4344-torso015-J1-root-robot-zminus020-v5,wrist_center,gripper_grasping_frame,,310.6487999903038,no exact or boundary-refined wrist branch met strict wrist-center/orientation/SEW tolerances,,,,,,,,,,,,,,,oracle_inconclusive,,
432,transfer,high,0.8167609865000001,0.0,True,tiago_sew,NUMERICAL_FAILURE,tiago_semi_analytic,c96a32d,median-body-4344-torso015-J1-root-robot-zminus020-v5,wrist_center,gripper_grasping_frame,,307.72919999435544,no exact or boundary-refined wrist branch met strict wrist-center/orientation/SEW tolerances,,,,,,,,,,,,,,,oracle_inconclusive,,
433,transfer,high,0.8164384764999999,0.0,True,tiago_sew,NUMERICAL_FAILURE,tiago_semi_analytic,c96a32d,median-body-4344-torso015-J1-root-robot-zminus020-v5,wrist_center,gripper_grasping_frame,,312.53420002758503,no exact or boundary-refined wrist branch met strict wrist-center/orientation/SEW tolerances,,,,,,,,,,,,,,,oracle_inconclusive,,
434,withdrawal,high,0.8176042484999999,0.0,True,tiago_sew,SUCCESS_EXACT,tiago_semi_analytic,c96a32d,median-body-4344-torso015-J1-root-robot-zminus020-v5,wrist_center,gripper_grasping_frame,seed-11-wrist-0-boundary,313.8509000418708,,1.8249059952469209,0.12853276872781536,-1.9232776281234827,1.295746602797732,0.4119721340088483,-0.5260821413860194,-2.0943999999999994,0.5652750821541835,0.23126031007769274,0.0641621324742402,2.5444437451708134e-14,0.4797673374784095,0.652976589711175,0.7929008589150937,reachable_success,96.39601605649463,2.5444437451708134e-14
435,withdrawal,high,0.8175350345,0.0,True,tiago_sew,SUCCESS_EXACT,tiago_semi_analytic,c96a32d,median-body-4344-torso015-J1-root-robot-zminus020-v5,wrist_center,gripper_grasping_frame,seed-11-wrist-0-boundary,316.91240007057786,,1.8235411931841952,0.1282627884846043,-1.9234488040871907,1.297237353931335,0.41284893939505124,-0.5249188725146596,-2.0943999999999994,0.4743542943448181,0.19426122002293733,0.05405760408919638,2.5444437451708134e-14,0.47992915119695484,0.6524438500732948,0.7930963008605422,reachable_success,96.34577880841087,2.5444437451708134e-14
436,withdrawal,high,0.8174158025,0.0,True,tiago_sew,SUCCESS_EXACT,tiago_semi_analytic,c96a32d,median-body-4344-torso015-J1-root-robot-zminus020-v5,wrist_center,gripper_grasping_frame,seed-11-wrist-0-boundary,324.6879999060184,,1.8216755350122897,0.12673354704203393,-1.9251603109244961,1.2996010832760863,0.41107471579692867,-0.5255976354272764,-2.0943999999999994,0.3885473302616606,0.1592939651565511,0.04419943112921022,2.5444437451708134e-14,0.48021857553305214,0.651566605255008,0.7930733511449167,reachable_success,96.4474343324958,2.5444437451708134e-14
437,withdrawal,high,0.8172959595,0.0,True,tiago_sew,SUCCESS_EXACT,tiago_semi_analytic,c96a32d,median-body-4344-torso015-J1-root-robot-zminus020-v5,wrist_center,gripper_grasping_frame,seed-11-wrist-0-boundary,337.5270999968052,,1.8197276009902235,0.12649660396155785,-1.9250943624171906,1.302254643746589,0.411155355371819,-0.5238697444176624,-2.0943999999999994,0.37783455239742875,0.1551274954943286,0.04312223318122283,2.5444437451708134e-14,0.4802985691871213,0.6508392216902393,0.7932196424994041,reachable_success,96.44281402519286,2.5444437451708134e-14
438,withdrawal,high,0.8172320255000001,0.0,True,tiago_sew,SUCCESS_EXACT,tiago_semi_analytic,c96a32d,median-body-4344-torso015-J1-root-robot-zminus020-v5,wrist_center,gripper_grasping_frame,seed-11-wrist-0-boundary,276.7236999934539,,1.8174182626511823,0.12643648627857823,-1.9250411283280124,1.3047708845673172,0.41385972182391556,-0.5253961798599767,-2.0943999999999994,0.1738042646165586,0.07149507814680421,0.020032706290407733,2.5444437451708134e-14,0.4801841598821088,0.6498095170089409,0.7929138431302334,reachable_success,96.28786524123096,2.5444437451708134e-14
439,withdrawal,high,0.8171201175,0.0,True,tiago_sew,SUCCESS_EXACT,tiago_semi_analytic,c96a32d,median-body-4344-torso015-J1-root-robot-zminus020-v5,wrist_center,gripper_grasping_frame,seed-0-wrist-0,2.5671999901533127,,1.8151269089715767,0.1256198344312239,-1.9258303193854547,1.3068971074897517,0.4150552781932557,-0.5299121365534001,-2.0900753375252705,6.742558212866288e-09,2.258621410346802e-14,1.219628220372726e-09,0.24778490762059038,0.4802599312895996,0.6486478535278445,0.792101005385892,reachable_success,96.21936490709778,0.24778490762059038
440,withdrawal,high,0.8171036375,0.0,True,tiago_sew,SUCCESS_EXACT,tiago_semi_analytic,c96a32d,median-body-4344-torso015-J1-root-robot-zminus020-v5,wrist_center,gripper_grasping_frame,seed-0-wrist-0,2.364399959333241,,1.8121772513502619,0.12534615497133084,-1.9261759610409304,1.3109072634273062,0.4192485423996932,-0.5324198038344483,-2.0878285779757295,4.373087274186954e-09,7.008277903912287e-14,1.1972625598526745e-09,0.3765147473900043,0.47961573041268946,0.6472450349289169,0.79173897835051,reachable_success,95.97910856568564,0.3765147473900043
441,withdrawal,high,0.8170548095,0.0,True,tiago_sew,SUCCESS_EXACT,tiago_semi_analytic,c96a32d,median-body-4344-torso015-J1-root-robot-zminus020-v5,wrist_center,gripper_grasping_frame,seed-0-wrist-0,2.6593999937176704,,1.809425013108085,0.12493003977995039,-1.926602321659188,1.3146562680358738,0.4107133468867179,-0.5376038948979671,-2.0736913738985265,3.929617668176029e-09,5.382191449810283e-14,1.1481802400083296e-09,1.1865168751288748,0.48005360294421295,0.6460099221401198,0.7903874065019858,reachable_success,96.46813924589812,1.1865168751288748
442,withdrawal,high,0.8170563665,0.0,True,tiago_sew,SUCCESS_EXACT,tiago_semi_analytic,c96a32d,median-body-4344-torso015-J1-root-robot-zminus020-v5,wrist_center,gripper_grasping_frame,seed-0-wrist-0,2.5513999862596393,,1.8070261332319357,0.1241439535103206,-1.9276888102940264,1.3180308080174843,0.4072498275423091,-0.5409389473973443,-2.0685738561670384,2.6326250808433593e-09,4.314068614346793e-14,5.74331842159956e-10,1.4797290427265097,0.48010387394575893,0.6448575231440099,0.7897655634839166,reachable_success,96.66658428659467,1.4797290427265097
443,withdrawal,high,0.8169669195,0.0,True,tiago_sew,SUCCESS_EXACT,tiago_semi_analytic,c96a32d,median-body-4344-torso015-J1-root-robot-zminus020-v5,wrist_center,gripper_grasping_frame,seed-0-wrist-0,2.5319999549537897,,1.804011109863722,0.12254555147142679,-1.929555069731534,1.3228345619920174,0.4009395929786521,-0.5402499032276018,-2.06277890428768,3.7909403727154895e-09,3.8542857802146594e-14,1.6881112027335762e-09,1.811755327895145,0.48045649330006013,0.6435873210364084,0.7898504536835652,reachable_success,97.02813409482978,1.811755327895145
444,withdrawal,high,0.8168153385,0.0,True,tiago_sew,SUCCESS_EXACT,tiago_semi_analytic,c96a32d,median-body-4344-torso015-J1-root-robot-zminus020-v5,wrist_center,gripper_grasping_frame,seed-0-wrist-0,2.6476000202819705,,1.8003543881297726,0.12050082575712832,-1.9317998205983595,1.3287386864620807,0.3945079236322222,-0.5376706295358611,-2.0601749040685524,2.288783399261119e-13,6.052961956113699e-14,0.0,1.9609535503023012,0.48084361536159087,0.6420924400793138,0.790291637659794,reachable_success,97.39664160360388,1.9609535503023012
445,withdrawal,high,0.8165024415,0.0,True,tiago_sew,SUCCESS_EXACT,tiago_semi_analytic,c96a32d,median-body-4344-torso015-J1-root-robot-zminus020-v5,wrist_center,gripper_grasping_frame,seed-0-wrist-0,2.8357000555843115,,1.796890310494888,0.1196505245300563,-1.9319119944765337,1.3340135365773385,0.39207156518717756,-0.5331389549816343,-2.059247882467422,3.3306690738754696e-13,2.7448937470611133e-14,2.5444437451708134e-14,2.0140679755645423,0.4810628920454082,0.6408609005139436,0.7906803500998144,reachable_success,97.53623465988599,2.0140679755645423
446,withdrawal,high,0.8162549445,0.0,True,tiago_sew,SUCCESS_EXACT,tiago_semi_analytic,c96a32d,median-body-4344-torso015-J1-root-robot-zminus020-v5,wrist_center,gripper_grasping_frame,seed-0-wrist-0,3.1153999734669924,,1.7926407762020997,0.11862679915487662,-1.9324873643153961,1.3405362054229417,0.39315576150425624,-0.5327189297700592,-2.0590659163962686,2.7194799110210365e-13,3.4926186438838924e-14,0.0,2.0244938634562026,0.4805622892368488,0.6390460974868403,0.7905262030301344,reachable_success,97.47411478675376,2.0244938634562026
447,withdrawal,high,0.8160354925,0.0,True,tiago_sew,SUCCESS_EXACT,tiago_semi_analytic,c96a32d,median-body-4344-torso015-J1-root-robot-zminus020-v5,wrist_center,gripper_grasping_frame,seed-0-wrist-0,2.9055000049993396,,1.7881197160810431,0.1183453819039492,-1.9321953446895723,1.3468304718447897,0.3943053418071121,-0.5320389022319478,-2.0587428895943454,1.6653345369377348e-13,8.858892544233983e-14,0.0,2.0430019358760108,0.48028160183419755,0.6371983472900684,0.7902831249953742,reachable_success,97.40824868718875,2.0430019358760108
448,withdrawal,high,0.8159149175,0.0,True,tiago_sew,SUCCESS_EXACT,tiago_semi_analytic,c96a32d,median-body-4344-torso015-J1-root-robot-zminus020-v5,wrist_center,gripper_grasping_frame,seed-0-wrist-0,2.8209000593051314,,1.7836362859044566,0.11580222518307995,-1.9351709480464028,1.3541789156445019,0.3917250372457244,-0.532240035495517,-2.057276111557359,2.0014830212433604e-13,9.580878769312458e-14,0.0,2.1270421268778255,0.4799339363142733,0.6351053306136256,0.7904780307414565,reachable_success,97.55608924841462,2.1270421268778255
449,withdrawal,high,0.8157933045,0.0,True,tiago_sew,SUCCESS_EXACT,tiago_semi_analytic,c96a32d,median-body-4344-torso015-J1-root-robot-zminus020-v5,wrist_center,gripper_grasping_frame,seed-0-wrist-0,3.4090999979525805,,1.7789929626451129,0.11446647019916263,-1.9365796254555447,1.3616565519810497,0.3907978695748886,-0.5343126471309345,-2.056739271107073,3.3306690738754696e-13,7.859083877892531e-14,2.5444437451708134e-14,2.1578008189510975,0.4792436002453325,0.6329639895318611,0.7900472855214611,reachable_success,97.60921204285448,2.1578008189510975
450,withdrawal,high,0.8155849915,0.0,True,tiago_sew,SUCCESS_EXACT,tiago_semi_analytic,c96a32d,median-body-4344-torso015-J1-root-robot-zminus020-v5,wrist_center,gripper_grasping_frame,seed-0-wrist-0,2.79119994957,,1.7736145043051523,0.11253506146595886,-1.9384626336092527,1.3699542765741712,0.3865910149573901,-0.5381770995106852,-2.0502937594585466,3.554447978966673e-13,4.2729708471443895e-14,0.0,2.527101433214074,0.4788783179110938,0.630465142079524,0.7891515657615162,reachable_success,97.85024705746227,2.527101433214074
451,withdrawal,high,0.8150641175,0.0,True,tiago_sew,SUCCESS_EXACT,tiago_semi_analytic,c96a32d,median-body-4344-torso015-J1-root-robot-zminus020-v5,wrist_center,gripper_grasping_frame,seed-0-wrist-0,3.1912000849843025,,1.7683433981256282,0.11008957007766969,-1.9399480892319934,1.3790667521431388,0.38381895597672333,-0.5374609037308025,-2.048532860110857,2.7194799110210365e-13,3.729042774804655e-14,2.5444437451708134e-14,2.62799353398403,0.4782506420536816,0.6281797080446408,0.7887861752107183,reachable_success,98.00907433761581,2.62799353398403
452,withdrawal,high,0.8146621095,0.0,True,tiago_sew,SUCCESS_EXACT,tiago_semi_analytic,c96a32d,median-body-4344-torso015-J1-root-robot-zminus020-v5,wrist_center,gripper_grasping_frame,seed-0-wrist-0,3.1702000414952636,,1.7618652068866614,0.10977526293063185,-1.939168147690703,1.3885079705260275,0.38338714713929933,-0.5343242036760425,-2.0468024565031566,1.570092458683775e-13,1.1713385026127715e-13,2.5444437451708134e-14,2.727138357559473,0.4779031692327999,0.6256342177734768,0.7886151115408097,reachable_success,98.03381516155666,2.727138357559473
453,withdrawal,high,0.8142962345,0.0,True,tiago_sew,SUCCESS_EXACT,tiago_semi_analytic,c96a32d,median-body-4344-torso015-J1-root-robot-zminus020-v5,wrist_center,gripper_grasping_frame,seed-0-wrist-0,3.1458999728783965,,1.755790535125644,0.10842351704417426,-1.9397969038326417,1.396957944155744,0.3854956759347572,-0.534641985378582,-2.0485382046962286,1.1102230246251565e-13,5.974007895913322e-14,0.0,2.6276873117989896,0.4774084787958842,0.6229778453872775,0.7882000141592811,reachable_success,97.91300536059512,2.6276873117989896
454,withdrawal,high,0.8137507635,0.0,True,tiago_sew,SUCCESS_EXACT,tiago_semi_analytic,c96a32d,median-body-4344-torso015-J1-root-robot-zminus020-v5,wrist_center,gripper_grasping_frame,seed-0-wrist-0,2.65189993660897,,1.7488317437224326,0.10597398639585043,-1.9412438121523103,1.408473240425025,0.3833144017503969,-0.5311820101663054,-2.042166224845972,2.288783399261119e-13,4.3258180582086593e-14,2.5444437451708134e-14,2.9927748643610963,0.476687112766429,0.6200390795335353,0.7883078288399912,reachable_success,98.03798316531982,2.9927748643610963
455,withdrawal,high,0.8132080385,0.0,True,tiago_sew,SUCCESS_EXACT,tiago_semi_analytic,c96a32d,median-body-4344-torso015-J1-root-robot-zminus020-v5,wrist_center,gripper_grasping_frame,seed-0-wrist-0,2.9081000247970223,,1.7421738393685384,0.10372581715183445,-1.9424373105351136,1.4195929062594919,0.38598072333979516,-0.5251922371849975,-2.043885447106467,2.989366980140908e-13,1.9562565860979963e-14,2.5444437451708134e-14,2.894270684789796,0.4756065550101716,0.6172393263593499,0.7890252300819975,reachable_success,97.88521419142268,2.894270684789796
456,withdrawal,high,0.8123339235,0.0,True,tiago_sew,SUCCESS_EXACT,tiago_semi_analytic,c96a32d,median-body-4344-torso015-J1-root-robot-zminus020-v5,wrist_center,gripper_grasping_frame,seed-0-wrist-0,3.02239996381104,,1.7347615694902454,0.09925159364395127,-1.945250172190947,1.4332164150426367,0.3780646682910467,-0.5088206056102056,-2.0390252551227777,5.551115123125783e-14,5.687164686939245e-14,0.0,3.1727391730785057,0.4755701032992758,0.6144595019284952,0.7914178010086871,reachable_success,98.3387707361092,3.1727391730785057
457,withdrawal,high,0.8117846074999999,0.0,True,tiago_sew,SUCCESS_EXACT,tiago_semi_analytic,c96a32d,median-body-4344-torso015-J1-root-robot-zminus020-v5,wrist_center,gripper_grasping_frame,seed-0-wrist-0,2.81960004940629,,1.726635931380892,0.0971834218167284,-1.9462205121956295,1.4459118905873194,0.3760828468900206,-0.5042583890715937,-2.034473579986999,1.1102230246251565e-13,2.23203992691677e-14,0.0,3.4335309480732548,0.4748887342941269,0.6110417457653763,0.7916376142449583,reachable_success,98.45232073813669,3.4335309480732548
458,withdrawal,high,0.8106003415,0.0,True,tiago_sew,SUCCESS_EXACT,tiago_semi_analytic,c96a32d,median-body-4344-torso015-J1-root-robot-zminus020-v5,wrist_center,gripper_grasping_frame,seed-0-wrist-0,2.6966999284923077,,1.7182570243996245,0.09281596294961322,-1.9478629498587374,1.4614279242484591,0.36639066752603444,-0.50520239987884,-2.022433637493373,3.682193206295148e-13,6.908373615507242e-14,0.0,4.123368838538237,0.4736478530580389,0.6073419124394579,0.7900261221441057,reachable_success,99.00764170997688,4.123368838538237
459,withdrawal,high,0.8098339545,0.0,True,tiago_sew,SUCCESS_EXACT,tiago_semi_analytic,c96a32d,median-body-4344-torso015-J1-root-robot-zminus020-v5,wrist_center,gripper_grasping_frame,seed-0-wrist-0,2.736399997957051,,1.7094917651141497,0.08866021113305561,-1.9505879896291123,1.476761679918535,0.36631304139211185,-0.49915004805359064,-2.019459924880925,1.2412670766236365e-13,4.770573802559621e-14,2.5444437451708134e-14,4.293750020716333,0.4721001661160486,0.6033995594024664,0.7907195611292648,reachable_success,99.01208935983057,4.293750020716333
460,withdrawal,high,0.8086800235,0.0,True,tiago_sew,SUCCESS_EXACT,tiago_semi_analytic,c96a32d,median-body-4344-torso015-J1-root-robot-zminus020-v5,wrist_center,gripper_grasping_frame,seed-0-wrist-0,3.817100077867508,,1.6995775124972858,0.08492182117327579,-1.9516085766998224,1.4945538257375446,0.3573362098282806,-0.49626155153801355,-2.009338008679144,3.554447978966673e-13,3.163718223411659e-14,0.0,4.873693099663469,0.4706369116890377,0.59913147127327,0.7897560279745622,reachable_success,99.52642392183792,4.873693099663469
461,withdrawal,high,0.8075873105,0.0,True,tiago_sew,SUCCESS_EXACT,tiago_semi_analytic,c96a32d,median-body-4344-torso015-J1-root-robot-zminus020-v5,wrist_center,gripper_grasping_frame,seed-0-wrist-0,3.274100017733872,,1.6898543794879866,0.08005606482548958,-1.954084830135769,1.5127974205721364,0.35049537642595174,-0.4939113892115117,-2.001643870896544,6.206335383118183e-13,5.900818303269145e-14,5.088887490341627e-14,5.314534721598613,0.4686712692634149,0.5946839166144692,0.7891304534535102,reachable_success,99.91837480414348,5.314534721598613
462,withdrawal,high,0.8063290405000001,0.0,True,tiago_sew,SUCCESS_EXACT,tiago_semi_analytic,c96a32d,median-body-4344-torso015-J1-root-robot-zminus020-v5,wrist_center,gripper_grasping_frame,seed-0-wrist-0,3.0315000331029296,,1.6784368488832289,0.07749089877983689,-1.953529065522195,1.5326982054252059,0.34734017844807674,-0.4913229601318072,-1.9975157629050182,2.7194799110210365e-13,4.8983603700637357e-14,0.0,5.551057886887258,0.4662746832609891,0.5897251960417722,0.787783134411466,reachable_success,100.09915433180393,5.551057886887258
463,withdrawal,high,0.8050871584999999,0.0,True,tiago_sew,SUCCESS_EXACT,tiago_semi_analytic,c96a32d,median-body-4344-torso015-J1-root-robot-zminus020-v5,wrist_center,gripper_grasping_frame,seed-0-wrist-0,3.6924000596627593,,1.667524264041876,0.07215430082598462,-1.9560494768075722,1.5528641712654614,0.33123252529189884,-0.4923770952048008,-1.983663029525264,1.570092458683775e-13,7.766101332795036e-14,2.5444437451708134e-14,6.344761044267172,0.4647061684173099,0.5847447938632084,0.7861128054028766,reachable_success,101.0220548755135,6.344761044267172
464,withdrawal,high,0.8037972105,0.0,True,tiago_sew,SUCCESS_EXACT,tiago_semi_analytic,c96a32d,median-body-4344-torso015-J1-root-robot-zminus020-v5,wrist_center,gripper_grasping_frame,seed-0-wrist-0,2.6650000363588333,,1.6562368007003974,0.06766846558529778,-1.9574902992263188,1.5735558679293384,0.3277500126500441,-0.4926885232203353,-1.982264429514192,5.578801654593729e-13,5.656952291525667e-14,5.088887490341627e-14,6.424894922128545,0.4618285275003561,0.5794414886929751,0.7846047750163164,reachable_success,101.22158815199273,6.424894922128545
465,withdrawal,high,0.8022009585000001,0.0,True,tiago_sew,SUCCESS_EXACT,tiago_semi_analytic,c96a32d,median-body-4344-torso015-J1-root-robot-zminus020-v5,wrist_center,gripper_grasping_frame,seed-0-wrist-0,2.832000027410686,,1.6440331248954232,0.06195233451638267,-1.9593146522236777,1.5970240529728534,0.3131891131994706,-0.4963867954202428,-1.9706937040366075,8.252325904466732e-13,6.613156477314548e-14,0.0,7.087848657898633,0.4590981092019649,0.5736951304711618,0.7819293402549846,reachable_success,102.05586623642496,7.087848657898633
466,withdrawal,high,0.8006700135,0.0,True,tiago_sew,SUCCESS_EXACT,tiago_semi_analytic,c96a32d,median-body-4344-torso015-J1-root-robot-zminus020-v5,wrist_center,gripper_grasping_frame,seed-0-wrist-0,3.063000040128827,,1.6317909119419252,0.05436753306820542,-1.9632007994692702,1.62085914210637,0.3067259741793835,-0.4924037461060582,-1.9718660324663126,9.820925191391733e-13,4.569222203275824e-14,2.5444437451708134e-14,7.020679186673328,0.4558814573684417,0.5677015458437618,0.7815369777123664,reachable_success,102.42617682468227,7.020679186673328
467,withdrawal,high,0.7991165465,0.0,True,tiago_sew,SUCCESS_EXACT,tiago_semi_analytic,c96a32d,median-body-4344-torso015-J1-root-robot-zminus020-v5,wrist_center,gripper_grasping_frame,seed-0-wrist-0,3.052299958653748,,1.6183914151805705,0.049035027781027855,-1.9647023044628267,1.645163618800072,0.3070109442068274,-0.4908985001874635,-1.975065785711199,2.3818100772704447e-12,6.68789204310226e-14,0.0,6.8373468302580465,0.4520488273777304,0.5612224148029855,0.7802022614334133,reachable_success,102.409849244822,6.8373468302580465
468,withdrawal,middle,0.7974333495,0.0,True,tiago_sew,SUCCESS_EXACT,tiago_semi_analytic,c96a32d,median-body-4344-torso015-J1-root-robot-zminus020-v5,wrist_center,gripper_grasping_frame,seed-0-wrist-0,2.803000039421022,,1.6054911341215994,0.04173435892609444,-1.9676783914285916,1.6698764262984687,0.30412259030849675,-0.4881868011389865,-1.975916157371092,4.1108246987716904e-12,5.895473323811787e-14,1.2722218725854067e-13,6.78862412312865,0.4482192392841249,0.5547764331548859,0.7793001782938015,reachable_success,102.57533973293651,6.78862412312865
469,withdrawal,middle,0.7956394655,0.0,True,tiago_sew,SUCCESS_EXACT,tiago_semi_analytic,c96a32d,median-body-4344-torso015-J1-root-robot-zminus020-v5,wrist_center,gripper_grasping_frame,seed-0-wrist-0,2.7799999807029963,,1.59178978733294,0.03338621084428883,-1.9712888865991294,1.6963995359945165,0.2988104939326499,-0.4918867517133405,-1.9722445576017344,1.4421044956132695e-11,7.50808379822472e-14,5.088887490341627e-14,6.998991293974041,0.4439835690264127,0.5476498964310237,0.7771019985704396,reachable_success,102.87970043563928,6.998991293974041
470,withdrawal,middle,0.7938693545,0.0,True,tiago_sew,SUCCESS_EXACT,tiago_semi_analytic,c96a32d,median-body-4344-torso015-J1-root-robot-zminus020-v5,wrist_center,gripper_grasping_frame,seed-0-wrist-0,3.066800069063902,,1.5780356985892636,0.02482173680657209,-1.9750657137101986,1.7231881861714193,0.29163471100619187,-0.49094752715992795,-1.9701103238064395,2.857848634704562e-11,7.265178612295987e-14,1.0177774980683254e-13,7.121273882938631,0.4399268291191647,0.5405620775387271,0.7758964206944198,reachable_success,103.29084251202735,7.121273882938631
471,withdrawal,middle,0.7921180725,0.0,True,tiago_sew,SUCCESS_EXACT,tiago_semi_analytic,c96a32d,median-body-4344-torso015-J1-root-robot-zminus020-v5,wrist_center,gripper_grasping_frame,seed-0-wrist-0,3.624300006777048,,1.5636449187607693,0.017317190838248814,-1.977849790159353,1.7504044289456027,0.2848035894136771,-0.49316434835582523,-1.9660227544146975,6.431059707499183e-11,4.431079027123202e-14,9.15999748261493e-13,7.355474357552301,0.43567149403798,0.5331623452274841,0.7738386553067208,reachable_success,103.68223694861913,7.355474357552301
472,withdrawal,middle,0.7903738714999999,0.0,True,tiago_sew,SUCCESS_EXACT,tiago_semi_analytic,c96a32d,median-body-4344-torso015-J1-root-robot-zminus020-v5,wrist_center,gripper_grasping_frame,seed-0-wrist-0,3.3379000378772616,,1.5494274650289326,0.006846117169022324,-1.9832622785107963,1.778648034945671,0.26561576893729066,-0.499259638297731,-1.956351534418241,1.2925230089673598e-10,2.5289098987325006e-14,2.0355549961366507e-12,7.90959444609179,0.4321329142736778,0.5255799069626176,0.7715023412226923,reachable_success,104.78161807997078,7.90959444609179
473,withdrawal,middle,0.7885017095,0.0,True,tiago_sew,SUCCESS_EXACT,tiago_semi_analytic,c96a32d,median-body-4344-torso015-J1-root-robot-zminus020-v5,wrist_center,gripper_grasping_frame,seed-0-wrist-0,3.052899963222444,,1.5349695751672692,-0.003444789167225546,-1.9879544655673098,1.8074679036431773,0.2418977474463624,-0.5073959512889861,-1.9465372902432678,3.07401354069868e-10,7.74554921706949e-14,4.8344431158245454e-12,8.471909216428603,0.42878465347533057,0.5179572359415375,0.7684610087363668,reachable_success,106.14056060980155,8.471909216428603
474,withdrawal,middle,0.7865282284999999,0.0,True,tiago_sew,SUCCESS_EXACT,tiago_semi_analytic,c96a32d,median-body-4344-torso015-J1-root-robot-zminus020-v5,wrist_center,gripper_grasping_frame,seed-0-wrist-0,2.8695999644696712,,1.5197147456268882,-0.014842654119923259,-1.9931390415369465,1.8371796532562652,0.2183137742796002,-0.5159822151038278,-1.9421391051297778,5.431437779807502e-10,1.1101806934568654e-14,9.770663981455924e-12,8.723906660948845,0.42550576316936495,0.5098614599778196,0.7654604418300438,reachable_success,107.49182273640682,8.723906660948845
475,withdrawal,middle,0.7847647405,0.0,True,tiago_sew,SUCCESS_EXACT,tiago_semi_analytic,c96a32d,median-body-4344-torso015-J1-root-robot-zminus020-v5,wrist_center,gripper_grasping_frame,seed-0-wrist-0,2.8522999491542578,,1.5045876581141977,-0.026158262661569717,-1.9987589989273493,1.8666977493596266,0.1848916655992472,-0.5387431791389621,-1.9280767752700072,1.00927276394729e-09,2.934310734064143e-14,2.1322438584531415e-11,9.529618812034498,0.4231059035375823,0.501637767405457,0.7598633186841147,reachable_success,109.4067685062186,9.529618812034498
476,withdrawal,middle,0.7830656745,0.0,True,tiago_sew,SUCCESS_EXACT,tiago_semi_analytic,c96a32d,median-body-4344-torso015-J1-root-robot-zminus020-v5,wrist_center,gripper_grasping_frame,seed-0-wrist-0,3.0782000394538045,,1.4899053878493544,-0.038676530868465835,-2.005380984591496,1.895919697512152,0.1472392458918974,-0.5597299676669958,-1.9165059060571483,1.6324027686875775e-09,1.157494391264433e-13,3.7683211865979744e-11,10.192580783229173,0.4214408358391515,0.4936205242115175,0.7551070742056973,reachable_success,111.56409324390494,10.192580783229173
477,withdrawal,middle,0.7812500305,0.0,True,tiago_sew,SUCCESS_EXACT,tiago_semi_analytic,c96a32d,median-body-4344-torso015-J1-root-robot-zminus020-v5,wrist_center,gripper_grasping_frame,seed-0-wrist-0,3.1784999882802367,,1.4740860895359031,-0.05053991324879123,-2.0109881459284695,1.926357826437401,0.10651533034201499,-0.5749529282325558,-1.9043979739616343,4.308964998903516e-09,4.880338600889148e-14,1.0394052699022773e-10,10.886314190933113,0.4201833388280708,0.48546924086049836,0.7513370022174831,reachable_success,113.89740173016038,10.886314190933113
478,withdrawal,middle,0.7792753295,0.0,True,tiago_sew,SUCCESS_EXACT,tiago_semi_analytic,c96a32d,median-body-4344-torso015-J1-root-robot-zminus020-v5,wrist_center,gripper_grasping_frame,seed-0-wrist-0,3.30250000115484,,1.457918967044815,-0.0637433455145529,-2.016875623194937,1.9562363455296499,0.07092304983741471,-0.5910961148814424,-1.8963844731263206,5.189586039561112e-09,3.0383590170535183e-14,1.395118505477157e-10,11.34545396792115,0.4190644573935556,0.47703250202609115,0.747595200808259,reachable_success,115.93668918631974,11.34545396792115
479,withdrawal,middle,0.7774472965,0.0,True,tiago_sew,SUCCESS_EXACT,tiago_semi_analytic,c96a32d,median-body-4344-torso015-J1-root-robot-zminus020-v5,wrist_center,gripper_grasping_frame,seed-0-wrist-0,3.0994999688118696,,1.4415719206779098,-0.07557454860770665,-2.022173002586413,1.9875897987274442,0.06425529242214356,-0.6071376705175053,-1.9122679117028891,2.2807117639822293e-08,6.056416561165602e-14,6.370014916035132e-10,10.435399973328495,0.4140271141395792,0.4675612268267825,0.7437688672456029,reachable_success,116.31872354503184,10.435399973328495
480,withdrawal,middle,0.7755496825,0.0,True,tiago_sew,SUCCESS_EXACT,tiago_semi_analytic,c96a32d,median-body-4344-torso015-J1-root-robot-zminus020-v5,wrist_center,gripper_grasping_frame,seed-0-wrist-0,2.6672000531107187,,1.424412023529902,-0.08776759904857928,-2.0273343844694622,2.018486379700542,0.04581010569396504,-0.6221268105127806,-1.9122047790380465,3.374895214743729e-08,6.017500923597722e-14,9.968112816081178e-10,10.43901720857339,0.41090054525983566,0.4582614480834108,0.7402355207233964,reachable_success,117.3755548968872,10.43901720857339
481,withdrawal,middle,0.7734488225,0.0,True,tiago_sew,SUCCESS_EXACT,tiago_semi_analytic,c96a32d,median-body-4344-torso015-J1-root-robot-zminus020-v5,wrist_center,gripper_grasping_frame,seed-0-wrist-0,3.338000038638711,,1.4080131046757773,-0.10095594362641074,-2.0324074187501373,2.04988932603867,0.020221209822535613,-0.6403923015595199,-1.896012311457584,1.3597399555105182e-13,2.5174784701945345e-14,2.5444437451708134e-14,11.366777260836306,0.40821830056401803,0.44927582271755695,0.73606818582017,reachable_success,118.84169063271983,11.366777260836306
482,withdrawal,middle,0.7716724245,0.0,True,tiago_sew,SUCCESS_EXACT,tiago_semi_analytic,c96a32d,median-body-4344-torso015-J1-root-robot-zminus020-v5,wrist_center,gripper_grasping_frame,seed-0-wrist-0,3.463599947281182,,1.3915060100574357,-0.11350931025217177,-2.037958466766266,2.080035844950391,-0.0025439283887589426,-0.6650708914754331,-1.875235117591032,1.6653345369377348e-13,4.1427731792407243e-14,5.088887490341627e-14,12.557222779514834,0.406083233140938,0.44006020402376245,0.7311031640192255,reachable_success,119.85452425214021,12.557222779514834
483,withdrawal,middle,0.7696868285,0.0,True,tiago_sew,SUCCESS_EXACT,tiago_semi_analytic,c96a32d,median-body-4344-torso015-J1-root-robot-zminus020-v5,wrist_center,gripper_grasping_frame,seed-0-wrist-0,3.251299960538745,,1.3753754249620176,-0.1267121806211576,-2.043069505623936,2.110046314478979,-0.02568600061387727,-0.6930376215876142,-1.8504108334005842,1.7772239894833365e-13,1.904472298918251e-14,0.0,13.979549493060826,0.4041865043100764,0.4309031855351084,0.7254067544981465,reachable_success,118.528581184454,13.979549493060826
484,withdrawal,middle,0.7676491395,0.0,True,tiago_sew,SUCCESS_EXACT,tiago_semi_analytic,c96a32d,median-body-4344-torso015-J1-root-robot-zminus020-v5,wrist_center,gripper_grasping_frame,seed-0-wrist-0,3.9567999774590135,,1.3594348516474035,-0.14000288224372237,-2.0478805795941954,2.1396742512607574,-0.049811313885568254,-0.7152250784798886,-1.827004518955067,2.5438405243138007e-13,8.937262558110997e-14,2.5444437451708134e-14,12.405438600873564,0.4023978241170882,0.4221076825151042,0.7209576851839552,reachable_success,117.14630255455515,15.320632524745054
485,withdrawal,middle,0.7657666624999999,0.0,True,tiago_sew,SUCCESS_EXACT,tiago_semi_analytic,c96a32d,median-body-4344-torso015-J1-root-robot-zminus020-v5,wrist_center,gripper_grasping_frame,seed-0-wrist-0,3.8834000006318092,,1.343559771693618,-0.15474920150734814,-2.0540909973364956,2.1686015622385755,-0.06824349867282464,-0.7430048648377321,-1.8159560541264632,1.7772239894833365e-13,9.440299501865018e-14,2.5444437451708134e-14,10.748025769182133,0.4006791024406912,0.4128638405860983,0.7159686216176578,reachable_success,116.09021615904012,15.953662929522782
486,withdrawal,middle,0.7637472535000001,0.0,True,tiago_sew,SUCCESS_EXACT,tiago_semi_analytic,c96a32d,median-body-4344-torso015-J1-root-robot-zminus020-v5,wrist_center,gripper_grasping_frame,seed-0-wrist-0,3.807600005529821,,1.3275306122289876,-0.1692381615738101,-2.059602255935094,2.198535858857735,-0.08655584294619345,-0.7733223609541486,-1.809210282620306,1.1687042040479823e-12,2.582266787337057e-14,5.088887490341627e-14,9.032916910211572,0.3987502412699369,0.4034106024136998,0.7103310135565957,reachable_success,115.04099611918552,16.340167166385196
487,withdrawal,middle,0.7616421204999999,0.0,True,tiago_sew,SUCCESS_EXACT,tiago_semi_analytic,c96a32d,median-body-4344-torso015-J1-root-robot-zminus020-v5,wrist_center,gripper_grasping_frame,seed-0-wrist-0,3.6238000029698014,,1.3110880753752423,-0.18515418426912006,-2.0656804446596557,2.2289910654947502,-0.10486955650531904,-0.8040248492685098,-1.8079612347707892,2.4726152328776092e-11,1.2378645166260262e-14,8.651108733580766e-13,7.287962105711777,0.3970003093190603,0.39368311280315926,0.7049166760199085,reachable_success,113.99169762503612,16.411732336572403
488,withdrawal,middle,0.7595594784999999,0.0,True,tiago_sew,SUCCESS_EXACT,tiago_semi_analytic,c96a32d,median-body-4344-torso015-J1-root-robot-zminus020-v5,wrist_center,gripper_grasping_frame,seed-0-wrist-0,3.6205999786034226,,1.2947957351081103,-0.2018576737888143,-2.0722114567287946,2.25908777653866,-0.12059986388563892,-0.8367130994118148,-1.8125219071475485,5.803999661998333e-10,3.862763363833918e-14,2.590243732583888e-11,5.5635475856709675,0.39528368722474333,0.3838044813085246,0.6993730216453549,reachable_success,113.0904174017003,16.1504250576422
489,withdrawal,middle,0.7571787114999999,0.0,True,tiago_sew,SUCCESS_EXACT,tiago_semi_analytic,c96a32d,median-body-4344-torso015-J1-root-robot-zminus020-v5,wrist_center,gripper_grasping_frame,seed-0-wrist-0,3.4546999959275126,,1.2778411726174101,-0.21865570285341826,-2.0774630360121558,2.289496933014354,-0.1323450877160024,-0.8678264965299696,-1.8199272598040617,4.851457562189525e-08,3.779477226693277e-14,2.2563109354676703e-09,3.821231261060792,0.392999146732139,0.37370486815537984,0.6936148346286796,reachable_success,112.417465646784,15.726129604618
490,withdrawal,middle,0.7545257265,0.0,True,tiago_sew,SUCCESS_EXACT,tiago_semi_analytic,c96a32d,median-body-4344-torso015-J1-root-robot-zminus020-v5,wrist_center,gripper_grasping_frame,seed-0-wrist-0,3.992200014181435,,1.2610197738755395,-0.23506681301182183,-2.08107115669974,2.3196240515334794,-0.14522430851625145,-0.901425174276469,-1.8189003899623364,1.9173217344016693e-11,9.066834642589896e-14,8.396664359063685e-13,2.095074521024483,0.3910364724604949,0.3637070814455051,0.6869997507996087,reachable_success,111.67954065151262,15.784964912658126
491,withdrawal,middle,0.7519035345,0.0,True,tiago_sew,SUCCESS_EXACT,tiago_semi_analytic,c96a32d,median-body-4344-torso015-J1-root-robot-zminus020-v5,wrist_center,gripper_grasping_frame,seed-0-wrist-0,5.508200032636523,,1.245269361701068,-0.2533767812015397,-2.0856457951155276,2.348718340432391,-0.15861756743126065,-0.9315559158164959,-1.814585803613146,2.9888221903484295e-07,4.007936636448733e-14,1.485492058418134e-08,0.42809455918252337,0.38914964283237,0.3542631601965093,0.6815831599396398,reachable_success,110.91216344175663,16.032172500811498
492,withdrawal,middle,0.7492551275,0.0,True,tiago_sew,NUMERICAL_FAILURE,tiago_semi_analytic,c96a32d,median-body-4344-torso015-J1-root-robot-zminus020-v5,wrist_center,gripper_grasping_frame,,337.89700001943856,no exact or boundary-refined wrist branch met strict wrist-center/orientation/SEW tolerances,,,,,,,,,,,,,,,oracle_inconclusive,,
493,withdrawal,middle,0.7462881775,0.0,True,tiago_sew,NUMERICAL_FAILURE,tiago_semi_analytic,c96a32d,median-body-4344-torso015-J1-root-robot-zminus020-v5,wrist_center,gripper_grasping_frame,,339.51259998138994,no exact or boundary-refined wrist branch met strict wrist-center/orientation/SEW tolerances,,,,,,,,,,,,,,,oracle_inconclusive,,
494,withdrawal,middle,0.7431755675,0.0,True,tiago_sew,NUMERICAL_FAILURE,tiago_semi_analytic,c96a32d,median-body-4344-torso015-J1-root-robot-zminus020-v5,wrist_center,gripper_grasping_frame,,326.77619997411966,no exact or boundary-refined wrist branch met strict wrist-center/orientation/SEW tolerances,,,,,,,,,,,,,,,oracle_inconclusive,,
495,withdrawal,middle,0.7400906375,0.0,True,tiago_sew,NUMERICAL_FAILURE,tiago_semi_analytic,c96a32d,median-body-4344-torso015-J1-root-robot-zminus020-v5,wrist_center,gripper_grasping_frame,,342.96139993239194,no exact or boundary-refined wrist branch met strict wrist-center/orientation/SEW tolerances,,,,,,,,,,,,,,,oracle_inconclusive,,
496,withdrawal,middle,0.7367564245,0.0,True,tiago_sew,NUMERICAL_FAILURE,tiago_semi_analytic,c96a32d,median-body-4344-torso015-J1-root-robot-zminus020-v5,wrist_center,gripper_grasping_frame,,342.8338000085205,no exact or boundary-refined wrist branch met strict wrist-center/orientation/SEW tolerances,,,,,,,,,,,,,,,oracle_inconclusive,,
497,withdrawal,middle,0.7334400335,0.0,True,tiago_sew,NUMERICAL_FAILURE,tiago_semi_analytic,c96a32d,median-body-4344-torso015-J1-root-robot-zminus020-v5,wrist_center,gripper_grasping_frame,,343.09960005339235,no exact or boundary-refined wrist branch met strict wrist-center/orientation/SEW tolerances,,,,,,,,,,,,,,,oracle_inconclusive,,
498,withdrawal,middle,0.7300328375,0.0,True,tiago_sew,NUMERICAL_FAILURE,tiago_semi_analytic,c96a32d,median-body-4344-torso015-J1-root-robot-zminus020-v5,wrist_center,gripper_grasping_frame,,362.1456999098882,no exact or boundary-refined wrist branch met strict wrist-center/orientation/SEW tolerances,,,,,,,,,,,,,,,oracle_inconclusive,,
499,withdrawal,middle,0.7266297605,0.0,True,tiago_sew,NUMERICAL_FAILURE,tiago_semi_analytic,c96a32d,median-body-4344-torso015-J1-root-robot-zminus020-v5,wrist_center,gripper_grasping_frame,,361.2409000052139,no exact or boundary-refined wrist branch met strict wrist-center/orientation/SEW tolerances,,,,,,,,,,,,,,,oracle_inconclusive,,
500,withdrawal,middle,0.7230383455,0.0,True,tiago_sew,NUMERICAL_FAILURE,tiago_semi_analytic,c96a32d,median-body-4344-torso015-J1-root-robot-zminus020-v5,wrist_center,gripper_grasping_frame,,341.5596999693662,no exact or boundary-refined wrist branch met strict wrist-center/orientation/SEW tolerances,,,,,,,,,,,,,,,oracle_inconclusive,,
501,withdrawal,middle,0.7194678955,0.0,True,tiago_sew,NUMERICAL_FAILURE,tiago_semi_analytic,c96a32d,median-body-4344-torso015-J1-root-robot-zminus020-v5,wrist_center,gripper_grasping_frame,,266.73600007779896,no exact or boundary-refined wrist branch met strict wrist-center/orientation/SEW tolerances,,,,,,,,,,,,,,,oracle_inconclusive,,
502,withdrawal,low,0.7157329715,0.0,True,tiago_sew,NUMERICAL_FAILURE,tiago_semi_analytic,c96a32d,median-body-4344-torso015-J1-root-robot-zminus020-v5,wrist_center,gripper_grasping_frame,,329.981799935922,no exact or boundary-refined wrist branch met strict wrist-center/orientation/SEW tolerances,,,,,,,,,,,,,,,oracle_inconclusive,,
503,withdrawal,low,0.7120044255,0.0,True,tiago_sew,NUMERICAL_FAILURE,tiago_semi_analytic,c96a32d,median-body-4344-torso015-J1-root-robot-zminus020-v5,wrist_center,gripper_grasping_frame,,296.57120001502335,no exact or boundary-refined wrist branch met strict wrist-center/orientation/SEW tolerances,,,,,,,,,,,,,,,oracle_inconclusive,,
504,withdrawal,low,0.7081760715000001,0.0,True,tiago_sew,NUMERICAL_FAILURE,tiago_semi_analytic,c96a32d,median-body-4344-torso015-J1-root-robot-zminus020-v5,wrist_center,gripper_grasping_frame,,411.45599994342774,no exact or boundary-refined wrist branch met strict wrist-center/orientation/SEW tolerances,,,,,,,,,,,,,,,oracle_inconclusive,,
505,withdrawal,low,0.7047968145,0.0,True,tiago_sew,NUMERICAL_FAILURE,tiago_semi_analytic,c96a32d,median-body-4344-torso015-J1-root-robot-zminus020-v5,wrist_center,gripper_grasping_frame,,264.72069998271763,no exact or boundary-refined wrist branch met strict wrist-center/orientation/SEW tolerances,,,,,,,,,,,,,,,oracle_inconclusive,,
506,withdrawal,low,0.7009085395,0.0,True,tiago_sew,NUMERICAL_FAILURE,tiago_semi_analytic,c96a32d,median-body-4344-torso015-J1-root-robot-zminus020-v5,wrist_center,gripper_grasping_frame,,282.10770001169294,no exact or boundary-refined wrist branch met strict wrist-center/orientation/SEW tolerances,,,,,,,,,,,,,,,oracle_inconclusive,,
507,withdrawal,low,0.6974098814999999,0.0,True,tiago_sew,NUMERICAL_FAILURE,tiago_semi_analytic,c96a32d,median-body-4344-torso015-J1-root-robot-zminus020-v5,wrist_center,gripper_grasping_frame,,294.92140002548695,no exact or boundary-refined wrist branch met strict wrist-center/orientation/SEW tolerances,,,,,,,,,,,,,,,oracle_inconclusive,,
508,withdrawal,low,0.6936666874999999,0.0,True,tiago_sew,NUMERICAL_FAILURE,tiago_semi_analytic,c96a32d,median-body-4344-torso015-J1-root-robot-zminus020-v5,wrist_center,gripper_grasping_frame,,322.2711000125855,no exact or boundary-refined wrist branch met strict wrist-center/orientation/SEW tolerances,,,,,,,,,,,,,,,oracle_inconclusive,,
509,withdrawal,low,0.6899167024999999,0.0,True,tiago_sew,NUMERICAL_FAILURE,tiago_semi_analytic,c96a32d,median-body-4344-torso015-J1-root-robot-zminus020-v5,wrist_center,gripper_grasping_frame,,320.9987999871373,no exact or boundary-refined wrist branch met strict wrist-center/orientation/SEW tolerances,,,,,,,,,,,,,,,oracle_inconclusive,,
510,withdrawal,low,0.6862464755,0.0,True,tiago_sew,NUMERICAL_FAILURE,tiago_semi_analytic,c96a32d,median-body-4344-torso015-J1-root-robot-zminus020-v5,wrist_center,gripper_grasping_frame,,343.2265999726951,no exact or boundary-refined wrist branch met strict wrist-center/orientation/SEW tolerances,,,,,,,,,,,,,,,oracle_inconclusive,,
511,withdrawal,low,0.6825678255000001,0.0,True,tiago_sew,NUMERICAL_FAILURE,tiago_semi_analytic,c96a32d,median-body-4344-torso015-J1-root-robot-zminus020-v5,wrist_center,gripper_grasping_frame,,366.8842000188306,no exact or boundary-refined wrist branch met strict wrist-center/orientation/SEW tolerances,,,,,,,,,,,,,,,oracle_inconclusive,,
512,withdrawal,low,0.6791035615,0.0,True,tiago_sew,NUMERICAL_FAILURE,tiago_semi_analytic,c96a32d,median-body-4344-torso015-J1-root-robot-zminus020-v5,wrist_center,gripper_grasping_frame,,374.79849997907877,no exact or boundary-refined wrist branch met strict wrist-center/orientation/SEW tolerances,,,,,,,,,,,,,,,oracle_inconclusive,,
513,withdrawal,low,0.6755286255,0.0,True,tiago_sew,NUMERICAL_FAILURE,tiago_semi_analytic,c96a32d,median-body-4344-torso015-J1-root-robot-zminus020-v5,wrist_center,gripper_grasping_frame,,401.29750000778586,no exact or boundary-refined wrist branch met strict wrist-center/orientation/SEW tolerances,,,,,,,,,,,,,,,oracle_inconclusive,,
514,withdrawal,low,0.6720131994999999,0.0,True,tiago_sew,NUMERICAL_FAILURE,tiago_semi_analytic,c96a32d,median-body-4344-torso015-J1-root-robot-zminus020-v5,wrist_center,gripper_grasping_frame,,455.11700003407896,no exact or boundary-refined wrist branch met strict wrist-center/orientation/SEW tolerances,,,,,,,,,,,,,,,oracle_inconclusive,,
515,withdrawal,low,0.6688006445,0.0,True,tiago_sew,NUMERICAL_FAILURE,tiago_semi_analytic,c96a32d,median-body-4344-torso015-J1-root-robot-zminus020-v5,wrist_center,gripper_grasping_frame,,470.4560999525711,no exact or boundary-refined wrist branch met strict wrist-center/orientation/SEW tolerances,,,,,,,,,,,,,,,oracle_inconclusive,,
516,withdrawal,low,0.6655952155,0.0,True,tiago_sew,NUMERICAL_FAILURE,tiago_semi_analytic,c96a32d,median-body-4344-torso015-J1-root-robot-zminus020-v5,wrist_center,gripper_grasping_frame,,540.0591000216082,no exact or boundary-refined wrist branch met strict wrist-center/orientation/SEW tolerances,,,,,,,,,,,,,,,oracle_inconclusive,,
517,withdrawal,low,0.6626894225,0.0,True,tiago_sew,NUMERICAL_FAILURE,tiago_semi_analytic,c96a32d,median-body-4344-torso015-J1-root-robot-zminus020-v5,wrist_center,gripper_grasping_frame,,641.798899974674,no exact or boundary-refined wrist branch met strict wrist-center/orientation/SEW tolerances,,,,,,,,,,,,,,,oracle_inconclusive,,
518,withdrawal,low,0.6597145545,0.0,True,tiago_sew,NUMERICAL_FAILURE,tiago_semi_analytic,c96a32d,median-body-4344-torso015-J1-root-robot-zminus020-v5,wrist_center,gripper_grasping_frame,,1354.5401999726892,no exact or boundary-refined wrist branch met strict wrist-center/orientation/SEW tolerances,,,,,,,,,,,,,,,oracle_inconclusive,,
519,withdrawal,low,0.6569936985,0.0,True,tiago_sew,NUMERICAL_FAILURE,tiago_semi_analytic,c96a32d,median-body-4344-torso015-J1-root-robot-zminus020-v5,wrist_center,gripper_grasping_frame,,557.4656999669969,no exact or boundary-refined wrist branch met strict wrist-center/orientation/SEW tolerances,,,,,,,,,,,,,,,oracle_inconclusive,,
520,withdrawal,low,0.6545324555,0.0,True,tiago_sew,NUMERICAL_FAILURE,tiago_semi_analytic,c96a32d,median-body-4344-torso015-J1-root-robot-zminus020-v5,wrist_center,gripper_grasping_frame,,524.5019999565557,no exact or boundary-refined wrist branch met strict wrist-center/orientation/SEW tolerances,,,,,,,,,,,,,,,oracle_inconclusive,,
521,withdrawal,low,0.6521990815,0.0,True,tiago_sew,NUMERICAL_FAILURE,tiago_semi_analytic,c96a32d,median-body-4344-torso015-J1-root-robot-zminus020-v5,wrist_center,gripper_grasping_frame,,496.52819999028,no exact or boundary-refined wrist branch met strict wrist-center/orientation/SEW tolerances,,,,,,,,,,,,,,,oracle_inconclusive,,
522,withdrawal,low,0.6500365145,0.0,True,tiago_sew,NUMERICAL_FAILURE,tiago_semi_analytic,c96a32d,median-body-4344-torso015-J1-root-robot-zminus020-v5,wrist_center,gripper_grasping_frame,,472.51680004410446,no exact or boundary-refined wrist branch met strict wrist-center/orientation/SEW tolerances,,,,,,,,,,,,,,,oracle_inconclusive,,
523,withdrawal,low,0.6481962434999999,0.0,True,tiago_sew,NUMERICAL_FAILURE,tiago_semi_analytic,c96a32d,median-body-4344-torso015-J1-root-robot-zminus020-v5,wrist_center,gripper_grasping_frame,,446.41540001612157,no exact or boundary-refined wrist branch met strict wrist-center/orientation/SEW tolerances,,,,,,,,,,,,,,,oracle_inconclusive,,
524,withdrawal,low,0.6461966555,0.0,True,tiago_sew,NUMERICAL_FAILURE,tiago_semi_analytic,c96a32d,median-body-4344-torso015-J1-root-robot-zminus020-v5,wrist_center,gripper_grasping_frame,,460.2407000493258,no exact or boundary-refined wrist branch met strict wrist-center/orientation/SEW tolerances,,,,,,,,,,,,,,,oracle_inconclusive,,
525,withdrawal,low,0.6442877505,0.0,True,tiago_sew,NUMERICAL_FAILURE,tiago_semi_analytic,c96a32d,median-body-4344-torso015-J1-root-robot-zminus020-v5,wrist_center,gripper_grasping_frame,,428.7581999087706,no exact or boundary-refined wrist branch met strict wrist-center/orientation/SEW tolerances,,,,,,,,,,,,,,,oracle_inconclusive,,
526,withdrawal,low,0.6422313534999999,0.0,True,tiago_sew,NUMERICAL_FAILURE,tiago_semi_analytic,c96a32d,median-body-4344-torso015-J1-root-robot-zminus020-v5,wrist_center,gripper_grasping_frame,,421.0340999998152,no exact or boundary-refined wrist branch met strict wrist-center/orientation/SEW tolerances,,,,,,,,,,,,,,,oracle_inconclusive,,
527,withdrawal,low,0.6409184725,0.0,True,tiago_sew,NUMERICAL_FAILURE,tiago_semi_analytic,c96a32d,median-body-4344-torso015-J1-root-robot-zminus020-v5,wrist_center,gripper_grasping_frame,,411.52800002601,no exact or boundary-refined wrist branch met strict wrist-center/orientation/SEW tolerances,,,,,,,,,,,,,,,oracle_inconclusive,,
528,withdrawal,low,0.6391824495,0.0,True,tiago_sew,NUMERICAL_FAILURE,tiago_semi_analytic,c96a32d,median-body-4344-torso015-J1-root-robot-zminus020-v5,wrist_center,gripper_grasping_frame,,419.3980999989435,no exact or boundary-refined wrist branch met strict wrist-center/orientation/SEW tolerances,,,,,,,,,,,,,,,oracle_inconclusive,,
529,withdrawal,low,0.6380029755,0.0,True,tiago_sew,NUMERICAL_FAILURE,tiago_semi_analytic,c96a32d,median-body-4344-torso015-J1-root-robot-zminus020-v5,wrist_center,gripper_grasping_frame,,434.89919998683035,no exact or boundary-refined wrist branch met strict wrist-center/orientation/SEW tolerances,,,,,,,,,,,,,,,oracle_inconclusive,,
530,withdrawal,low,0.6367430725000001,0.0,True,tiago_sew,NUMERICAL_FAILURE,tiago_semi_analytic,c96a32d,median-body-4344-torso015-J1-root-robot-zminus020-v5,wrist_center,gripper_grasping_frame,,407.0499000372365,no exact or boundary-refined wrist branch met strict wrist-center/orientation/SEW tolerances,,,,,,,,,,,,,,,oracle_inconclusive,,
531,withdrawal,low,0.6357197875,0.0,True,tiago_sew,NUMERICAL_FAILURE,tiago_semi_analytic,c96a32d,median-body-4344-torso015-J1-root-robot-zminus020-v5,wrist_center,gripper_grasping_frame,,428.19999996572733,no exact or boundary-refined wrist branch met strict wrist-center/orientation/SEW tolerances,,,,,,,,,,,,,,,oracle_inconclusive,,
532,withdrawal,low,0.6347793735,0.0,True,tiago_sew,NUMERICAL_FAILURE,tiago_semi_analytic,c96a32d,median-body-4344-torso015-J1-root-robot-zminus020-v5,wrist_center,gripper_grasping_frame,,400.2482999349013,no exact or boundary-refined wrist branch met strict wrist-center/orientation/SEW tolerances,,,,,,,,,,,,,,,oracle_inconclusive,,
533,withdrawal,low,0.6340029755,0.0,True,tiago_sew,NUMERICAL_FAILURE,tiago_semi_analytic,c96a32d,median-body-4344-torso015-J1-root-robot-zminus020-v5,wrist_center,gripper_grasping_frame,,412.19309996813536,no exact or boundary-refined wrist branch met strict wrist-center/orientation/SEW tolerances,,,,,,,,,,,,,,,oracle_inconclusive,,
534,withdrawal,low,0.6332664944999999,0.0,True,tiago_sew,NUMERICAL_FAILURE,tiago_semi_analytic,c96a32d,median-body-4344-torso015-J1-root-robot-zminus020-v5,wrist_center,gripper_grasping_frame,,411.93069994915277,no exact or boundary-refined wrist branch met strict wrist-center/orientation/SEW tolerances,,,,,,,,,,,,,,,oracle_inconclusive,,
535,withdrawal,low,0.6326483915,0.0,True,tiago_sew,NUMERICAL_FAILURE,tiago_semi_analytic,c96a32d,median-body-4344-torso015-J1-root-robot-zminus020-v5,wrist_center,gripper_grasping_frame,,396.77809993736446,no exact or boundary-refined wrist branch met strict wrist-center/orientation/SEW tolerances,,,,,,,,,,,,,,,oracle_inconclusive,,
536,withdrawal,low,0.6323486485,0.0,True,tiago_sew,NUMERICAL_FAILURE,tiago_semi_analytic,c96a32d,median-body-4344-torso015-J1-root-robot-zminus020-v5,wrist_center,gripper_grasping_frame,,387.561299954541,no exact or boundary-refined wrist branch met strict wrist-center/orientation/SEW tolerances,,,,,,,,,,,,,,,oracle_inconclusive,,
537,withdrawal,low,0.6318393405,0.0,True,tiago_sew,NUMERICAL_FAILURE,tiago_semi_analytic,c96a32d,median-body-4344-torso015-J1-root-robot-zminus020-v5,wrist_center,gripper_grasping_frame,,393.13479990232736,no exact or boundary-refined wrist branch met strict wrist-center/orientation/SEW tolerances,,,,,,,,,,,,,,,oracle_inconclusive,,
538,withdrawal,low,0.6313863675,0.0,True,tiago_sew,NUMERICAL_FAILURE,tiago_semi_analytic,c96a32d,median-body-4344-torso015-J1-root-robot-zminus020-v5,wrist_center,gripper_grasping_frame,,390.91519999783486,no exact or boundary-refined wrist branch met strict wrist-center/orientation/SEW tolerances,,,,,,,,,,,,,,,oracle_inconclusive,,
539,withdrawal,low,0.6311635895,0.0,True,tiago_sew,NUMERICAL_FAILURE,tiago_semi_analytic,c96a32d,median-body-4344-torso015-J1-root-robot-zminus020-v5,wrist_center,gripper_grasping_frame,,412.2293000109494,no exact or boundary-refined wrist branch met strict wrist-center/orientation/SEW tolerances,,,,,,,,,,,,,,,oracle_inconclusive,,
540,withdrawal,low,0.6310594485,0.0,True,tiago_sew,NUMERICAL_FAILURE,tiago_semi_analytic,c96a32d,median-body-4344-torso015-J1-root-robot-zminus020-v5,wrist_center,gripper_grasping_frame,,388.73320003040135,no exact or boundary-refined wrist branch met strict wrist-center/orientation/SEW tolerances,,,,,,,,,,,,,,,oracle_inconclusive,,
541,withdrawal,low,0.6309295655,0.0,True,tiago_sew,NUMERICAL_FAILURE,tiago_semi_analytic,c96a32d,median-body-4344-torso015-J1-root-robot-zminus020-v5,wrist_center,gripper_grasping_frame,,407.4535999679938,no exact or boundary-refined wrist branch met strict wrist-center/orientation/SEW tolerances,,,,,,,,,,,,,,,oracle_inconclusive,,
542,withdrawal,low,0.6309302215,0.0,True,tiago_sew,NUMERICAL_FAILURE,tiago_semi_analytic,c96a32d,median-body-4344-torso015-J1-root-robot-zminus020-v5,wrist_center,gripper_grasping_frame,,392.850499949418,no exact or boundary-refined wrist branch met strict wrist-center/orientation/SEW tolerances,,,,,,,,,,,,,,,oracle_inconclusive,,
543,withdrawal,low,0.6310173795,0.0,True,tiago_sew,NUMERICAL_FAILURE,tiago_semi_analytic,c96a32d,median-body-4344-torso015-J1-root-robot-zminus020-v5,wrist_center,gripper_grasping_frame,,391.12189994193614,no exact or boundary-refined wrist branch met strict wrist-center/orientation/SEW tolerances,,,,,,,,,,,,,,,oracle_inconclusive,,
544,withdrawal,low,0.6311520995,0.0,True,tiago_sew,NUMERICAL_FAILURE,tiago_semi_analytic,c96a32d,median-body-4344-torso015-J1-root-robot-zminus020-v5,wrist_center,gripper_grasping_frame,,385.76989993453026,no exact or boundary-refined wrist branch met strict wrist-center/orientation/SEW tolerances,,,,,,,,,,,,,,,oracle_inconclusive,,
545,withdrawal,low,0.6315720524999999,0.0,True,tiago_sew,NUMERICAL_FAILURE,tiago_semi_analytic,c96a32d,median-body-4344-torso015-J1-root-robot-zminus020-v5,wrist_center,gripper_grasping_frame,,400.5052000284195,no exact or boundary-refined wrist branch met strict wrist-center/orientation/SEW tolerances,,,,,,,,,,,,,,,oracle_inconclusive,,
546,withdrawal,low,0.6317978515,0.0,True,tiago_sew,NUMERICAL_FAILURE,tiago_semi_analytic,c96a32d,median-body-4344-torso015-J1-root-robot-zminus020-v5,wrist_center,gripper_grasping_frame,,398.73239991720766,no exact or boundary-refined wrist branch met strict wrist-center/orientation/SEW tolerances,,,,,,,,,,,,,,,oracle_inconclusive,,
