frame,event,wrist_height_phase,wrist_z_world_m,method,status,backend,model_revision,calibration_revision,position_target_frame,orientation_target_frame,branch_id,solve_time_ms,message,arm_1_joint,arm_2_joint,arm_3_joint,arm_4_joint,arm_5_joint,arm_6_joint,arm_7_joint,wrist_center_position_error_mm,ee_orientation_error_deg,sew_angle_error_deg,joint_limit_margin_deg,grasping_frame_position_x_m,grasping_frame_position_y_m,grasping_frame_position_z_m,classification,j5_limit_margin_deg,j7_limit_margin_deg
246,transfer,low,0.5391029055,tiago_sew,NUMERICAL_FAILURE,tiago_semi_analytic,c96a32d,median-body-4344-torso015-J1-root-robot-zminus020-v5,wrist_center,gripper_grasping_frame,,176.0275000706315,no exact or boundary-refined wrist branch met strict wrist-center/orientation/SEW tolerances,,,,,,,,,,,,,,,oracle_inconclusive,,
247,transfer,low,0.5414948964999999,tiago_sew,NUMERICAL_FAILURE,tiago_semi_analytic,c96a32d,median-body-4344-torso015-J1-root-robot-zminus020-v5,wrist_center,gripper_grasping_frame,,178.48549992777407,no exact or boundary-refined wrist branch met strict wrist-center/orientation/SEW tolerances,,,,,,,,,,,,,,,oracle_inconclusive,,
248,transfer,low,0.5440187955,tiago_sew,NUMERICAL_FAILURE,tiago_semi_analytic,c96a32d,median-body-4344-torso015-J1-root-robot-zminus020-v5,wrist_center,gripper_grasping_frame,,178.30969998613,no exact or boundary-refined wrist branch met strict wrist-center/orientation/SEW tolerances,,,,,,,,,,,,,,,oracle_inconclusive,,
249,transfer,low,0.5467581635,tiago_sew,NUMERICAL_FAILURE,tiago_semi_analytic,c96a32d,median-body-4344-torso015-J1-root-robot-zminus020-v5,wrist_center,gripper_grasping_frame,,182.44740006048232,no exact or boundary-refined wrist branch met strict wrist-center/orientation/SEW tolerances,,,,,,,,,,,,,,,oracle_inconclusive,,
250,transfer,low,0.5497920995,tiago_sew,NUMERICAL_FAILURE,tiago_semi_analytic,c96a32d,median-body-4344-torso015-J1-root-robot-zminus020-v5,wrist_center,gripper_grasping_frame,,183.97150002419949,no exact or boundary-refined wrist branch met strict wrist-center/orientation/SEW tolerances,,,,,,,,,,,,,,,oracle_inconclusive,,
251,transfer,low,0.5527286875,tiago_sew,NUMERICAL_FAILURE,tiago_semi_analytic,c96a32d,median-body-4344-torso015-J1-root-robot-zminus020-v5,wrist_center,gripper_grasping_frame,,185.15100004151464,no exact or boundary-refined wrist branch met strict wrist-center/orientation/SEW tolerances,,,,,,,,,,,,,,,oracle_inconclusive,,
252,transfer,low,0.5561167455,tiago_sew,NUMERICAL_FAILURE,tiago_semi_analytic,c96a32d,median-body-4344-torso015-J1-root-robot-zminus020-v5,wrist_center,gripper_grasping_frame,,189.43959998432547,no exact or boundary-refined wrist branch met strict wrist-center/orientation/SEW tolerances,,,,,,,,,,,,,,,oracle_inconclusive,,
253,transfer,low,0.5594463195,tiago_sew,NUMERICAL_FAILURE,tiago_semi_analytic,c96a32d,median-body-4344-torso015-J1-root-robot-zminus020-v5,wrist_center,gripper_grasping_frame,,194.84710006508976,no exact or boundary-refined wrist branch met strict wrist-center/orientation/SEW tolerances,,,,,,,,,,,,,,,oracle_inconclusive,,
254,transfer,low,0.5634185415,tiago_sew,NUMERICAL_FAILURE,tiago_semi_analytic,c96a32d,median-body-4344-torso015-J1-root-robot-zminus020-v5,wrist_center,gripper_grasping_frame,,199.49659996200353,no exact or boundary-refined wrist branch met strict wrist-center/orientation/SEW tolerances,,,,,,,,,,,,,,,oracle_inconclusive,,
255,transfer,low,0.5671762395,tiago_sew,NUMERICAL_FAILURE,tiago_semi_analytic,c96a32d,median-body-4344-torso015-J1-root-robot-zminus020-v5,wrist_center,gripper_grasping_frame,,260.4118000017479,no exact or boundary-refined wrist branch met strict wrist-center/orientation/SEW tolerances,,,,,,,,,,,,,,,oracle_inconclusive,,
256,transfer,low,0.5715490114999999,tiago_sew,NUMERICAL_FAILURE,tiago_semi_analytic,c96a32d,median-body-4344-torso015-J1-root-robot-zminus020-v5,wrist_center,gripper_grasping_frame,,320.716799935326,no exact or boundary-refined wrist branch met strict wrist-center/orientation/SEW tolerances,,,,,,,,,,,,,,,oracle_inconclusive,,
257,transfer,low,0.5757935565,tiago_sew,NUMERICAL_FAILURE,tiago_semi_analytic,c96a32d,median-body-4344-torso015-J1-root-robot-zminus020-v5,wrist_center,gripper_grasping_frame,,305.6959999958053,no exact or boundary-refined wrist branch met strict wrist-center/orientation/SEW tolerances,,,,,,,,,,,,,,,oracle_inconclusive,,
258,transfer,low,0.5799008405,tiago_sew,NUMERICAL_FAILURE,tiago_semi_analytic,c96a32d,median-body-4344-torso015-J1-root-robot-zminus020-v5,wrist_center,gripper_grasping_frame,,308.55409998912364,no exact or boundary-refined wrist branch met strict wrist-center/orientation/SEW tolerances,,,,,,,,,,,,,,,oracle_inconclusive,,
259,transfer,low,0.5845581745,tiago_sew,NUMERICAL_FAILURE,tiago_semi_analytic,c96a32d,median-body-4344-torso015-J1-root-robot-zminus020-v5,wrist_center,gripper_grasping_frame,,318.87930002994835,no exact or boundary-refined wrist branch met strict wrist-center/orientation/SEW tolerances,,,,,,,,,,,,,,,oracle_inconclusive,,
260,transfer,low,0.5893740775,tiago_sew,NUMERICAL_FAILURE,tiago_semi_analytic,c96a32d,median-body-4344-torso015-J1-root-robot-zminus020-v5,wrist_center,gripper_grasping_frame,,325.6010999903083,no exact or boundary-refined wrist branch met strict wrist-center/orientation/SEW tolerances,,,,,,,,,,,,,,,oracle_inconclusive,,
261,transfer,low,0.5941267855,tiago_sew,NUMERICAL_FAILURE,tiago_semi_analytic,c96a32d,median-body-4344-torso015-J1-root-robot-zminus020-v5,wrist_center,gripper_grasping_frame,,346.0223999572918,no exact or boundary-refined wrist branch met strict wrist-center/orientation/SEW tolerances,,,,,,,,,,,,,,,oracle_inconclusive,,
262,transfer,low,0.5992256855,tiago_sew,NUMERICAL_FAILURE,tiago_semi_analytic,c96a32d,median-body-4344-torso015-J1-root-robot-zminus020-v5,wrist_center,gripper_grasping_frame,,378.3648000098765,no exact or boundary-refined wrist branch met strict wrist-center/orientation/SEW tolerances,,,,,,,,,,,,,,,oracle_inconclusive,,
263,transfer,low,0.6042907184999999,tiago_sew,NUMERICAL_FAILURE,tiago_semi_analytic,c96a32d,median-body-4344-torso015-J1-root-robot-zminus020-v5,wrist_center,gripper_grasping_frame,,380.7988000335172,no exact or boundary-refined wrist branch met strict wrist-center/orientation/SEW tolerances,,,,,,,,,,,,,,,oracle_inconclusive,,
264,transfer,low,0.6095669555,tiago_sew,NUMERICAL_FAILURE,tiago_semi_analytic,c96a32d,median-body-4344-torso015-J1-root-robot-zminus020-v5,wrist_center,gripper_grasping_frame,,371.5520000550896,no exact or boundary-refined wrist branch met strict wrist-center/orientation/SEW tolerances,,,,,,,,,,,,,,,oracle_inconclusive,,
265,transfer,low,0.6145818785,tiago_sew,NUMERICAL_FAILURE,tiago_semi_analytic,c96a32d,median-body-4344-torso015-J1-root-robot-zminus020-v5,wrist_center,gripper_grasping_frame,,353.50670001935214,no exact or boundary-refined wrist branch met strict wrist-center/orientation/SEW tolerances,,,,,,,,,,,,,,,oracle_inconclusive,,
266,transfer,low,0.6199098515,tiago_sew,NUMERICAL_FAILURE,tiago_semi_analytic,c96a32d,median-body-4344-torso015-J1-root-robot-zminus020-v5,wrist_center,gripper_grasping_frame,,313.27419995795935,no exact or boundary-refined wrist branch met strict wrist-center/orientation/SEW tolerances,,,,,,,,,,,,,,,oracle_inconclusive,,
267,transfer,low,0.6249511114999999,tiago_sew,NUMERICAL_FAILURE,tiago_semi_analytic,c96a32d,median-body-4344-torso015-J1-root-robot-zminus020-v5,wrist_center,gripper_grasping_frame,,288.5400999803096,no exact or boundary-refined wrist branch met strict wrist-center/orientation/SEW tolerances,,,,,,,,,,,,,,,oracle_inconclusive,,
268,transfer,low,0.6300454405,tiago_sew,NUMERICAL_FAILURE,tiago_semi_analytic,c96a32d,median-body-4344-torso015-J1-root-robot-zminus020-v5,wrist_center,gripper_grasping_frame,,293.36309991776943,no exact or boundary-refined wrist branch met strict wrist-center/orientation/SEW tolerances,,,,,,,,,,,,,,,oracle_inconclusive,,
269,transfer,low,0.6349883574999999,tiago_sew,NUMERICAL_FAILURE,tiago_semi_analytic,c96a32d,median-body-4344-torso015-J1-root-robot-zminus020-v5,wrist_center,gripper_grasping_frame,,286.4132000831887,no exact or boundary-refined wrist branch met strict wrist-center/orientation/SEW tolerances,,,,,,,,,,,,,,,oracle_inconclusive,,
270,transfer,low,0.6401263884999999,tiago_sew,NUMERICAL_FAILURE,tiago_semi_analytic,c96a32d,median-body-4344-torso015-J1-root-robot-zminus020-v5,wrist_center,gripper_grasping_frame,,252.87199998274446,no exact or boundary-refined wrist branch met strict wrist-center/orientation/SEW tolerances,,,,,,,,,,,,,,,oracle_inconclusive,,
271,transfer,low,0.6449289855,tiago_sew,NUMERICAL_FAILURE,tiago_semi_analytic,c96a32d,median-body-4344-torso015-J1-root-robot-zminus020-v5,wrist_center,gripper_grasping_frame,,240.40520004928112,no exact or boundary-refined wrist branch met strict wrist-center/orientation/SEW tolerances,,,,,,,,,,,,,,,oracle_inconclusive,,
272,transfer,low,0.6496673585,tiago_sew,NUMERICAL_FAILURE,tiago_semi_analytic,c96a32d,median-body-4344-torso015-J1-root-robot-zminus020-v5,wrist_center,gripper_grasping_frame,,223.87400001753122,no exact or boundary-refined wrist branch met strict wrist-center/orientation/SEW tolerances,,,,,,,,,,,,,,,oracle_inconclusive,,
273,transfer,low,0.6542023925,tiago_sew,NUMERICAL_FAILURE,tiago_semi_analytic,c96a32d,median-body-4344-torso015-J1-root-robot-zminus020-v5,wrist_center,gripper_grasping_frame,,224.65550003107637,no exact or boundary-refined wrist branch met strict wrist-center/orientation/SEW tolerances,,,,,,,,,,,,,,,oracle_inconclusive,,
274,transfer,low,0.6580980985,tiago_sew,NUMERICAL_FAILURE,tiago_semi_analytic,c96a32d,median-body-4344-torso015-J1-root-robot-zminus020-v5,wrist_center,gripper_grasping_frame,,238.7086000526324,no exact or boundary-refined wrist branch met strict wrist-center/orientation/SEW tolerances,,,,,,,,,,,,,,,oracle_inconclusive,,
275,transfer,low,0.6620984195,tiago_sew,NUMERICAL_FAILURE,tiago_semi_analytic,c96a32d,median-body-4344-torso015-J1-root-robot-zminus020-v5,wrist_center,gripper_grasping_frame,,217.5024999305606,no exact or boundary-refined wrist branch met strict wrist-center/orientation/SEW tolerances,,,,,,,,,,,,,,,oracle_inconclusive,,
276,transfer,low,0.6656996005,tiago_sew,NUMERICAL_FAILURE,tiago_semi_analytic,c96a32d,median-body-4344-torso015-J1-root-robot-zminus020-v5,wrist_center,gripper_grasping_frame,,206.0493000317365,no exact or boundary-refined wrist branch met strict wrist-center/orientation/SEW tolerances,,,,,,,,,,,,,,,oracle_inconclusive,,
277,transfer,low,0.6692936094999999,tiago_sew,NUMERICAL_FAILURE,tiago_semi_analytic,c96a32d,median-body-4344-torso015-J1-root-robot-zminus020-v5,wrist_center,gripper_grasping_frame,,203.8301998982206,no exact or boundary-refined wrist branch met strict wrist-center/orientation/SEW tolerances,,,,,,,,,,,,,,,oracle_inconclusive,,
278,transfer,low,0.6724705815,tiago_sew,NUMERICAL_FAILURE,tiago_semi_analytic,c96a32d,median-body-4344-torso015-J1-root-robot-zminus020-v5,wrist_center,gripper_grasping_frame,,213.59200007282197,no exact or boundary-refined wrist branch met strict wrist-center/orientation/SEW tolerances,,,,,,,,,,,,,,,oracle_inconclusive,,
279,transfer,low,0.6756038515,tiago_sew,NUMERICAL_FAILURE,tiago_semi_analytic,c96a32d,median-body-4344-torso015-J1-root-robot-zminus020-v5,wrist_center,gripper_grasping_frame,,197.89860001765192,no exact or boundary-refined wrist branch met strict wrist-center/orientation/SEW tolerances,,,,,,,,,,,,,,,oracle_inconclusive,,
280,transfer,low,0.6786935425,tiago_sew,NUMERICAL_FAILURE,tiago_semi_analytic,c96a32d,median-body-4344-torso015-J1-root-robot-zminus020-v5,wrist_center,gripper_grasping_frame,,193.8178000273183,no exact or boundary-refined wrist branch met strict wrist-center/orientation/SEW tolerances,,,,,,,,,,,,,,,oracle_inconclusive,,
281,transfer,low,0.6813432615,tiago_sew,NUMERICAL_FAILURE,tiago_semi_analytic,c96a32d,median-body-4344-torso015-J1-root-robot-zminus020-v5,wrist_center,gripper_grasping_frame,,186.08140002470464,no exact or boundary-refined wrist branch met strict wrist-center/orientation/SEW tolerances,,,,,,,,,,,,,,,oracle_inconclusive,,
282,transfer,low,0.6840066535,tiago_sew,NUMERICAL_FAILURE,tiago_semi_analytic,c96a32d,median-body-4344-torso015-J1-root-robot-zminus020-v5,wrist_center,gripper_grasping_frame,,204.77490010671318,no exact or boundary-refined wrist branch met strict wrist-center/orientation/SEW tolerances,,,,,,,,,,,,,,,oracle_inconclusive,,
283,transfer,low,0.6863383945,tiago_sew,NUMERICAL_FAILURE,tiago_semi_analytic,c96a32d,median-body-4344-torso015-J1-root-robot-zminus020-v5,wrist_center,gripper_grasping_frame,,180.11670000851154,no exact or boundary-refined wrist branch met strict wrist-center/orientation/SEW tolerances,,,,,,,,,,,,,,,oracle_inconclusive,,
284,transfer,low,0.6886425785,tiago_sew,NUMERICAL_FAILURE,tiago_semi_analytic,c96a32d,median-body-4344-torso015-J1-root-robot-zminus020-v5,wrist_center,gripper_grasping_frame,,180.4260000353679,no exact or boundary-refined wrist branch met strict wrist-center/orientation/SEW tolerances,,,,,,,,,,,,,,,oracle_inconclusive,,
285,transfer,low,0.6909087225,tiago_sew,NUMERICAL_FAILURE,tiago_semi_analytic,c96a32d,median-body-4344-torso015-J1-root-robot-zminus020-v5,wrist_center,gripper_grasping_frame,,179.6572000021115,no exact or boundary-refined wrist branch met strict wrist-center/orientation/SEW tolerances,,,,,,,,,,,,,,,oracle_inconclusive,,
286,transfer,low,0.6929632415,tiago_sew,NUMERICAL_FAILURE,tiago_semi_analytic,c96a32d,median-body-4344-torso015-J1-root-robot-zminus020-v5,wrist_center,gripper_grasping_frame,,173.7688999855891,no exact or boundary-refined wrist branch met strict wrist-center/orientation/SEW tolerances,,,,,,,,,,,,,,,oracle_inconclusive,,
287,transfer,low,0.6949409485,tiago_sew,NUMERICAL_FAILURE,tiago_semi_analytic,c96a32d,median-body-4344-torso015-J1-root-robot-zminus020-v5,wrist_center,gripper_grasping_frame,,174.81970007065684,no exact or boundary-refined wrist branch met strict wrist-center/orientation/SEW tolerances,,,,,,,,,,,,,,,oracle_inconclusive,,
288,transfer,low,0.6967947695,tiago_sew,NUMERICAL_FAILURE,tiago_semi_analytic,c96a32d,median-body-4344-torso015-J1-root-robot-zminus020-v5,wrist_center,gripper_grasping_frame,,176.9566999282688,no exact or boundary-refined wrist branch met strict wrist-center/orientation/SEW tolerances,,,,,,,,,,,,,,,oracle_inconclusive,,
289,transfer,low,0.6984560705,tiago_sew,NUMERICAL_FAILURE,tiago_semi_analytic,c96a32d,median-body-4344-torso015-J1-root-robot-zminus020-v5,wrist_center,gripper_grasping_frame,,183.0066000111401,no exact or boundary-refined wrist branch met strict wrist-center/orientation/SEW tolerances,,,,,,,,,,,,,,,oracle_inconclusive,,
290,transfer,low,0.7002297365,tiago_sew,NUMERICAL_FAILURE,tiago_semi_analytic,c96a32d,median-body-4344-torso015-J1-root-robot-zminus020-v5,wrist_center,gripper_grasping_frame,,190.84169995039701,no exact or boundary-refined wrist branch met strict wrist-center/orientation/SEW tolerances,,,,,,,,,,,,,,,oracle_inconclusive,,
291,transfer,low,0.7019214025,tiago_sew,NUMERICAL_FAILURE,tiago_semi_analytic,c96a32d,median-body-4344-torso015-J1-root-robot-zminus020-v5,wrist_center,gripper_grasping_frame,,172.13830002583563,no exact or boundary-refined wrist branch met strict wrist-center/orientation/SEW tolerances,,,,,,,,,,,,,,,oracle_inconclusive,,
292,transfer,low,0.7035164945,tiago_sew,NUMERICAL_FAILURE,tiago_semi_analytic,c96a32d,median-body-4344-torso015-J1-root-robot-zminus020-v5,wrist_center,gripper_grasping_frame,,175.4475999623537,no exact or boundary-refined wrist branch met strict wrist-center/orientation/SEW tolerances,,,,,,,,,,,,,,,oracle_inconclusive,,
293,transfer,low,0.7051006475,tiago_sew,NUMERICAL_FAILURE,tiago_semi_analytic,c96a32d,median-body-4344-torso015-J1-root-robot-zminus020-v5,wrist_center,gripper_grasping_frame,,215.74380004312843,no exact or boundary-refined wrist branch met strict wrist-center/orientation/SEW tolerances,,,,,,,,,,,,,,,oracle_inconclusive,,
294,transfer,low,0.7065601045,tiago_sew,SUCCESS_EXACT,tiago_semi_analytic,c96a32d,median-body-4344-torso015-J1-root-robot-zminus020-v5,wrist_center,gripper_grasping_frame,seed-0-wrist-1,11.460100067779422,,1.4034451634354026,-0.4403317056862319,-1.99488992214241,2.3559166435326673,-0.10199080343937617,-0.5746321655411091,-1.6853515907106633,6.708881090924262e-07,6.85023310512272e-14,3.118630554037295e-08,0.015662171880758493,0.3014958945631252,0.3030645656990511,0.7119324436196781,reachable_success,114.15663802597498,23.43674746881888
295,transfer,low,0.7079556585,tiago_sew,SUCCESS_EXACT,tiago_semi_analytic,c96a32d,median-body-4344-torso015-J1-root-robot-zminus020-v5,wrist_center,gripper_grasping_frame,seed-0-wrist-0,3.132799989543855,,1.410197956938106,-0.4341016222947877,-1.9982941500917346,2.3471943849126737,-0.09748969832012122,-0.5731523859959502,-1.6896269651272782,1.594436429147036e-13,1.1093882595509148e-13,2.5444437451708134e-14,0.51541077862799,0.3023464349689663,0.3059501916547329,0.7132397992761277,reachable_success,114.41453235245302,23.191786558908642
296,transfer,low,0.7093632665,tiago_sew,SUCCESS_EXACT,tiago_semi_analytic,c96a32d,median-body-4344-torso015-J1-root-robot-zminus020-v5,wrist_center,gripper_grasping_frame,seed-0-wrist-0,2.8174000326544046,,1.4170169701534772,-0.4268937449337272,-2.0010195813364597,2.338073021647667,-0.08861580404796321,-0.5670566507139929,-1.6976140605156615,2.618455766672135e-13,1.175127527366226e-13,0.0,1.038026397118554,0.30270020596624025,0.30873966449726087,0.7152813868418154,reachable_success,114.922969042093,22.73415970258587
297,transfer,low,0.7106765445000001,tiago_sew,SUCCESS_EXACT,tiago_semi_analytic,c96a32d,median-body-4344-torso015-J1-root-robot-zminus020-v5,wrist_center,gripper_grasping_frame,seed-0-wrist-0,3.1088999239727855,,1.4235822126322903,-0.42047251391803975,-2.0036740318338624,2.3293617719671675,-0.07994681295802764,-0.5649656025875363,-1.7030060949479555,2.305551267378102e-13,7.906597810849396e-14,0.0,1.5371442380958507,0.3030315862673627,0.31142920567283344,0.716513492718659,reachable_success,115.41966564418283,22.425218886626208
298,transfer,low,0.7119821325,tiago_sew,SUCCESS_EXACT,tiago_semi_analytic,c96a32d,median-body-4344-torso015-J1-root-robot-zminus020-v5,wrist_center,gripper_grasping_frame,seed-0-wrist-0,3.4075999865308404,,1.4294325182486392,-0.41345541881998243,-2.0058031414974087,2.3204090236654467,-0.0698744628171788,-0.5602204622440405,-1.7104612437569005,2.077037090527612e-13,5.839940909972918e-14,0.0,2.0500989308273727,0.30347393365404085,0.3139797775098407,0.7181452592006953,reachable_success,115.99676879703146,21.99807032423168
299,transfer,low,0.7133957365,tiago_sew,SUCCESS_EXACT,tiago_semi_analytic,c96a32d,median-body-4344-torso015-J1-root-robot-zminus020-v5,wrist_center,gripper_grasping_frame,seed-0-wrist-0,3.3813000191003084,,1.4358934555234535,-0.40660222297427784,-2.0084215163328043,2.311514827152997,-0.06138886969990942,-0.5577718614489346,-1.7160197474075432,1.570092458683775e-13,5.153547259262492e-14,0.0,2.5596988531507106,0.303874025419389,0.31670002460168334,0.7195311748358878,reachable_success,116.48295746931626,21.679591524641793
300,transfer,low,0.7147060245,tiago_sew,SUCCESS_EXACT,tiago_semi_analytic,c96a32d,median-body-4344-torso015-J1-root-robot-zminus020-v5,wrist_center,gripper_grasping_frame,seed-0-wrist-0,3.392099984921515,,1.4420420956188147,-0.4001298807661832,-2.0106947547923797,2.3029208911715995,-0.056668376316308056,-0.5545682781262653,-1.720386385812807,1.1443916996305594e-13,5.843866050490249e-14,0.0,3.052095114290411,0.3045831937646447,0.31950145057136325,0.7209911138688806,reachable_success,116.75342181741604,21.429401573360437
301,transfer,low,0.7161315155,tiago_sew,SUCCESS_EXACT,tiago_semi_analytic,c96a32d,median-body-4344-torso015-J1-root-robot-zminus020-v5,wrist_center,gripper_grasping_frame,seed-0-wrist-0,3.3611999824643135,,1.449202331868913,-0.394540646317631,-2.0140030942388156,2.2942757694333094,-0.05364546561048478,-0.5535243266716368,-1.7217184441416542,1.2719202621569003e-13,3.5162944004275865e-14,0.0,3.547424103271237,0.3052533476193833,0.32252648660554945,0.7224042565087845,reachable_success,116.92662184270463,21.353080253052244
302,transfer,middle,0.7174412695,tiago_sew,SUCCESS_EXACT,tiago_semi_analytic,c96a32d,median-body-4344-torso015-J1-root-robot-zminus020-v5,wrist_center,gripper_grasping_frame,seed-0-wrist-0,3.0397999798879027,,1.4550611593388532,-0.3877033948170247,-2.0158193115081158,2.285712413552566,-0.04590991540038658,-0.5523947670773555,-1.7281740559297685,7.850462293418876e-14,7.350952640745081e-14,2.5444437451708134e-14,4.038068253706356,0.3056418848549225,0.3251616555492908,0.7233449629837074,reachable_success,117.3698362219548,20.983200943418392
303,transfer,middle,0.7186700595,tiago_sew,SUCCESS_EXACT,tiago_semi_analytic,c96a32d,median-body-4344-torso015-J1-root-robot-zminus020-v5,wrist_center,gripper_grasping_frame,seed-0-wrist-0,2.8649000450968742,,1.4613520150161083,-0.3821140550448716,-2.0180889421182457,2.276740516966544,-0.0394754278934446,-0.549668497073005,-1.7364075335757505,1.594436429147036e-13,3.0722599310383975e-14,0.0,4.552120062313257,0.30628455456538134,0.32798156313720683,0.7247675537958387,reachable_success,117.73850519943223,20.511457423588315
304,transfer,middle,0.7200642855,tiago_sew,SUCCESS_EXACT,tiago_semi_analytic,c96a32d,median-body-4344-torso015-J1-root-robot-zminus020-v5,wrist_center,gripper_grasping_frame,seed-0-wrist-0,2.9100000392645597,,1.4671016469151092,-0.37439666024632784,-2.0194943998494415,2.267821304599431,-0.0335596408479617,-0.5520003892608503,-1.7406643828996922,1.2412670766236365e-13,7.071481033255864e-14,0.0,5.063153287529715,0.3068825673836107,0.33082507459814514,0.7249416436422219,reachable_success,118.07745482963657,20.26755792330334
305,transfer,middle,0.7211980445,tiago_sew,SUCCESS_EXACT,tiago_semi_analytic,c96a32d,median-body-4344-torso015-J1-root-robot-zminus020-v5,wrist_center,gripper_grasping_frame,seed-0-wrist-0,3.4238999942317605,,1.4726963583631223,-0.36835728961205644,-2.020826147152971,2.2592098550461004,-0.029587677069773832,-0.5525577286144792,-1.7452164450112182,3.295791996826257e-13,3.0449415514730204e-14,5.088887490341627e-14,5.556553002425383,0.3076824962823205,0.33364592519719816,0.7254223403374583,reachable_success,118.30503159050556,20.006743976231487
306,transfer,middle,0.7224806675,tiago_sew,SUCCESS_EXACT,tiago_semi_analytic,c96a32d,median-body-4344-torso015-J1-root-robot-zminus020-v5,wrist_center,gripper_grasping_frame,seed-0-wrist-0,3.5500000230968,,1.4786961819828137,-0.36249044664794383,-2.022882747593089,2.2501240553720043,-0.020178842594374302,-0.5489534112974548,-1.7530509016317382,1.7554167342883506e-13,6.1177096999805e-14,0.0,6.077130977252426,0.30810398479640266,0.33628799311606045,0.7270570033501274,reachable_success,118.84411809608314,19.55786267709737
307,transfer,middle,0.7238728025,tiago_sew,SUCCESS_EXACT,tiago_semi_analytic,c96a32d,median-body-4344-torso015-J1-root-robot-zminus020-v5,wrist_center,gripper_grasping_frame,seed-0-wrist-0,3.418999956920743,,1.4847826996299638,-0.3555433436660108,-2.0245536576734935,2.2409849638480597,-0.011414626746804046,-0.5433449629204627,-1.760940721061317,1.6653345369377348e-13,4.0763121345371074e-14,0.0,6.600762350158239,0.3084365675618727,0.33902999503636055,0.7290471814186267,reachable_success,119.34627067489059,19.105809322662182
308,transfer,middle,0.7250418095,tiago_sew,SUCCESS_EXACT,tiago_semi_analytic,c96a32d,median-body-4344-torso015-J1-root-robot-zminus020-v5,wrist_center,gripper_grasping_frame,seed-0-wrist-0,3.232200047932565,,1.4907363781983676,-0.3501346443418428,-2.026272133902552,2.2320547321726805,-0.0030998785962434994,-0.5427098225331957,-1.7662673003013465,1.1102230246251565e-13,8.455273415668681e-14,0.0,7.112426935231509,0.3088599394200329,0.3417225441516924,0.7299880395794873,reachable_success,119.82267065163191,18.800618812966494
309,transfer,middle,0.7262054595,tiago_sew,SUCCESS_EXACT,tiago_semi_analytic,c96a32d,median-body-4344-torso015-J1-root-robot-zminus020-v5,wrist_center,gripper_grasping_frame,seed-0-wrist-0,3.0448000179603696,,1.4956302877279966,-0.3426334263782167,-2.0264300335190626,2.2223928571554623,0.009828200667043596,-0.5360618110809474,-1.7761170936875637,1.494683490070454e-13,3.3704575823381093e-14,5.088887490341627e-14,7.666011595901,0.3092831511396202,0.34426190027500203,0.7316992966194947,reachable_success,119.43716619377035,18.23626722286038
310,transfer,middle,0.7274549865,tiago_sew,SUCCESS_EXACT,tiago_semi_analytic,c96a32d,median-body-4344-torso015-J1-root-robot-zminus020-v5,wrist_center,gripper_grasping_frame,seed-0-wrist-0,3.098800079897046,,1.5013478210543556,-0.33627007228746514,-2.027674540113356,2.212964069465814,0.01778575715419084,-0.5349811038022598,-1.7806798026721955,1.570092458683775e-13,4.651515227734587e-14,5.088887490341627e-14,8.206241336442758,0.3098992814752955,0.3470799601792153,0.7326607365180792,reachable_success,118.98123179181987,17.974843254894555
311,transfer,middle,0.7286451414999999,tiago_sew,SUCCESS_EXACT,tiago_semi_analytic,c96a32d,median-body-4344-torso015-J1-root-robot-zminus020-v5,wrist_center,gripper_grasping_frame,seed-0-wrist-0,2.916899975389242,,1.5068980268264707,-0.32933715219090204,-2.0281697904565106,2.203605792172057,0.02642457280022903,-0.529556156484631,-1.7855919721178743,1.9229626863835638e-13,6.790649159272882e-14,2.5444437451708134e-14,8.742431128888146,0.31037379477192983,0.34988260356700207,0.7342915555931605,reachable_success,118.48626411531029,17.69339667740404
312,transfer,middle,0.7296663365,tiago_sew,SUCCESS_EXACT,tiago_semi_analytic,c96a32d,median-body-4344-torso015-J1-root-robot-zminus020-v5,wrist_center,gripper_grasping_frame,seed-0-wrist-0,3.2420000061392784,,1.5123308034048215,-0.3230321690237858,-2.0283532941042615,2.194175590227655,0.027845582065146424,-0.5313472504237495,-1.7862864485937822,2.498001805406602e-13,5.2483455069001396e-14,2.5444437451708134e-14,9.282741900258426,0.3115192433615211,0.35307725507284027,0.7342690612922769,reachable_success,118.40484628178153,17.6536061063634
313,transfer,middle,0.7309205624999999,tiago_sew,SUCCESS_EXACT,tiago_semi_analytic,c96a32d,median-body-4344-torso015-J1-root-robot-zminus020-v5,wrist_center,gripper_grasping_frame,seed-0-wrist-0,3.4953999565914273,,1.51765505783261,-0.3145561292142857,-2.027869913194572,2.1839723016781325,0.030792892176587205,-0.5303045219307987,-1.7858370882690444,7.850462293418876e-14,6.428239614639831e-14,0.0,9.867347271300236,0.312667708657548,0.35640916562448943,0.7347314501238894,reachable_success,118.23597785147975,17.679352556451505
314,transfer,middle,0.7320657655,tiago_sew,SUCCESS_EXACT,tiago_semi_analytic,c96a32d,median-body-4344-torso015-J1-root-robot-zminus020-v5,wrist_center,gripper_grasping_frame,seed-0-wrist-0,3.2239999854937196,,1.522658406520481,-0.30825012297189597,-2.028433494270597,2.174151963074436,0.04028904209960027,-0.5215152643862138,-1.7962802827001827,1.0007415106216802e-13,2.8136206689897496e-14,2.5444437451708134e-14,10.430011226681446,0.31356311700716566,0.3591387038214298,0.7371370859935069,reachable_success,117.69188853926762,17.081001590912756
315,transfer,middle,0.7333646245,tiago_sew,SUCCESS_EXACT,tiago_semi_analytic,c96a32d,median-body-4344-torso015-J1-root-robot-zminus020-v5,wrist_center,gripper_grasping_frame,seed-0-wrist-0,3.2351999543607235,,1.5287118456260673,-0.30068895043074423,-2.0286643570388754,2.1633302278412816,0.04907149188695037,-0.5202178791985617,-1.8001686521404592,2.7755575615628914e-14,1.7934368396981573e-14,2.5444437451708134e-14,11.05005098254921,0.3142713747615835,0.36238950126792446,0.7379736588267226,reachable_success,117.18869123266688,16.85821443279727
316,transfer,middle,0.7347269285,tiago_sew,SUCCESS_EXACT,tiago_semi_analytic,c96a32d,median-body-4344-torso015-J1-root-robot-zminus020-v5,wrist_center,gripper_grasping_frame,seed-0-wrist-0,2.8920999029651284,,1.5345499375290923,-0.29490560803073196,-2.0303739699689416,2.1527617874663396,0.05429228678518738,-0.5157692251205361,-1.8032684768845222,3.152427400121712e-13,6.762628014707037e-14,0.0,11.655578012069043,0.31563425874989903,0.3655499466972381,0.7399616119651262,reachable_success,116.88956171929448,16.680607557732237
317,transfer,middle,0.7359221045,tiago_sew,SUCCESS_EXACT,tiago_semi_analytic,c96a32d,median-body-4344-torso015-J1-root-robot-zminus020-v5,wrist_center,gripper_grasping_frame,seed-0-wrist-0,2.9536999063566327,,1.539327112078237,-0.28557995261221547,-2.0287181560846856,2.141300992783029,0.06761831377931715,-0.5170948047240405,-1.8095445413052396,3.8459253727671276e-13,5.457920333731564e-14,0.0,12.312233177288721,0.316355867349174,0.3686206400856089,0.7397132081449134,reachable_success,116.12603661485343,16.32101555447291
318,transfer,middle,0.7371822205,tiago_sew,SUCCESS_EXACT,tiago_semi_analytic,c96a32d,median-body-4344-torso015-J1-root-robot-zminus020-v5,wrist_center,gripper_grasping_frame,seed-0-wrist-0,3.2592000206932425,,1.5448411243530031,-0.2789035150356075,-2.02921177074058,2.1300524616459304,0.08112975626856578,-0.5087377101983783,-1.8214790634702291,1.1443916996305594e-13,3.712432227425345e-14,0.0,12.956726537165956,0.317253510578196,0.3715872471282794,0.7421989708297361,reachable_success,115.35188798508575,15.637217803913675
319,transfer,middle,0.7384448855,tiago_sew,SUCCESS_EXACT,tiago_semi_analytic,c96a32d,median-body-4344-torso015-J1-root-robot-zminus020-v5,wrist_center,gripper_grasping_frame,seed-0-wrist-0,3.2649000640958548,,1.5504525325569911,-0.2720097551593502,-2.02947321599308,2.11871329202227,0.08983089353988305,-0.509961484282933,-1.8294555434272874,3.248706834302236e-13,2.6200358049429926e-14,2.5444437451708134e-14,13.606413099784644,0.31836575383898597,0.3748186313976015,0.7426369474128721,reachable_success,114.8533495424753,15.180199167003543
320,transfer,middle,0.7398752905,tiago_sew,SUCCESS_EXACT,tiago_semi_analytic,c96a32d,median-body-4344-torso015-J1-root-robot-zminus020-v5,wrist_center,gripper_grasping_frame,seed-0-wrist-0,3.2088999869301915,,1.5550248749180566,-0.2637077173484575,-2.0292754057353526,2.106229336868498,0.10197217543183834,-0.507323535458426,-1.8384548721543652,2.288783399261119e-13,9.506280226263748e-14,2.5444437451708134e-14,14.321691041726378,0.32004603657319486,0.3779498416774993,0.7438679730188892,reachable_success,114.15770533218765,14.664575612491147
321,transfer,middle,0.7410793915,tiago_sew,SUCCESS_EXACT,tiago_semi_analytic,c96a32d,median-body-4344-torso015-J1-root-robot-zminus020-v5,wrist_center,gripper_grasping_frame,seed-0-wrist-0,3.565400023944676,,1.560311260198369,-0.2571468496520053,-2.029416356296658,2.094353933810273,0.1125638838815326,-0.5031108429811932,-1.8491243946867275,2.498001805406602e-13,6.35683741956411e-14,0.0,14.053257001967053,0.3214803754681412,0.3811527732892934,0.745441791732591,reachable_success,113.5508451401871,14.053257001967053
322,transfer,middle,0.7423973085,tiago_sew,SUCCESS_EXACT,tiago_semi_analytic,c96a32d,median-body-4344-torso015-J1-root-robot-zminus020-v5,wrist_center,gripper_grasping_frame,seed-0-wrist-0,2.899999963119626,,1.5657489000153242,-0.2490935533792995,-2.0287836242160884,2.0818750112930062,0.12042130102542581,-0.5000226628753048,-1.8544021236262598,2.618455766672135e-13,7.076243208662937e-14,2.5444437451708134e-14,13.750865408317798,0.3231034800736814,0.3847229645134942,0.7466056752240318,reachable_success,113.1006482999683,13.750865408317798
323,transfer,middle,0.7437581175,tiago_sew,SUCCESS_EXACT,tiago_semi_analytic,c96a32d,median-body-4344-torso015-J1-root-robot-zminus020-v5,wrist_center,gripper_grasping_frame,seed-0-wrist-0,2.8333000373095274,,1.570450000766025,-0.24022265165904108,-2.027584920739803,2.069214408859719,0.12674174454235487,-0.494998347536292,-1.8582522667422063,2.0014830212433604e-13,3.1599607762610114e-14,5.088887490341627e-14,13.530268457252713,0.32519043584992,0.38830267189399703,0.7480316785999924,reachable_success,112.73851356179743,13.530268457252713
324,transfer,middle,0.7451652525,tiago_sew,SUCCESS_EXACT,tiago_semi_analytic,c96a32d,median-body-4344-torso015-J1-root-robot-zminus020-v5,wrist_center,gripper_grasping_frame,seed-0-wrist-0,3.4030999522656202,,1.5761112256566188,-0.2334552753411329,-2.0280966088717456,2.056786479080947,0.13404539331975807,-0.49107179066741846,-1.8590778597289308,2.5438405243138007e-13,5.2518194968082205e-14,2.5444437451708134e-14,13.4829654635178,0.3269824584533235,0.3917948744766507,0.7498168790648427,reachable_success,112.32004531180635,13.4829654635178
325,transfer,middle,0.7467193305,tiago_sew,SUCCESS_EXACT,tiago_semi_analytic,c96a32d,median-body-4344-torso015-J1-root-robot-zminus020-v5,wrist_center,gripper_grasping_frame,seed-0-wrist-0,3.2984999706968665,,1.581007905473975,-0.22417593293135193,-2.0271110443841076,2.0435517403924397,0.14573922561277275,-0.4884772162004367,-1.862194961588858,2.077037090527612e-13,4.130806377410088e-14,0.0,13.304368682631592,0.3287014750305578,0.39521742251247066,0.7510436025136298,reachable_success,111.65003807508282,13.304368682631592
326,transfer,middle,0.7481452635,tiago_sew,SUCCESS_EXACT,tiago_semi_analytic,c96a32d,median-body-4344-torso015-J1-root-robot-zminus020-v5,wrist_center,gripper_grasping_frame,seed-0-wrist-0,3.1893999548628926,,1.58654875962593,-0.2161281483604761,-2.026525111751786,2.0299097468361036,0.15638861327444165,-0.48048704015972055,-1.8674332176904125,1.6653345369377348e-13,7.184704442823644e-14,0.0,13.004238716003869,0.33068483314748287,0.39891423191110637,0.7534523614481335,reachable_success,111.0398731076705,13.004238716003869
327,transfer,middle,0.7494385375,tiago_sew,SUCCESS_EXACT,tiago_semi_analytic,c96a32d,median-body-4344-torso015-J1-root-robot-zminus020-v5,wrist_center,gripper_grasping_frame,seed-0-wrist-0,3.2965000718832016,,1.5917505652795072,-0.20796937781836544,-2.025227127867316,2.0171703838496757,0.17418332427908378,-0.47673419671199957,-1.8794891718154725,2.5438405243138007e-13,4.921856006158872e-14,0.0,12.313483426634596,0.33164581744317834,0.4020652689073584,0.7548415059762801,reachable_success,110.02031126944951,12.313483426634596
328,transfer,middle,0.7509701845000001,tiago_sew,SUCCESS_EXACT,tiago_semi_analytic,c96a32d,median-body-4344-torso015-J1-root-robot-zminus020-v5,wrist_center,gripper_grasping_frame,seed-0-wrist-0,3.7914999993517995,,1.5964270329975296,-0.19896616566193429,-2.024044899717897,2.003711775383939,0.19503589296267254,-0.4697717002231787,-1.8975386489016213,3.510833468576701e-13,8.372242436095618e-14,2.5444437451708134e-14,11.279324567180185,0.33299171093865704,0.4051127584003111,0.7571545316534701,reachable_success,108.82554709187319,11.279324567180185
329,transfer,middle,0.7525186765,tiago_sew,SUCCESS_EXACT,tiago_semi_analytic,c96a32d,median-body-4344-torso015-J1-root-robot-zminus020-v5,wrist_center,gripper_grasping_frame,seed-0-wrist-0,3.3098000567406416,,1.6017680100487848,-0.19204091714750018,-2.024483350135623,1.9906604234269376,0.20906901129459232,-0.4728311979383304,-1.9097563757242275,1.494683490070454e-13,7.428179439700548e-14,0.0,10.579300385001064,0.3344076506962241,0.4082229860754791,0.7578594930901751,reachable_success,108.02150863804653,10.579300385001064
330,transfer,middle,0.7539061895,tiago_sew,SUCCESS_EXACT,tiago_semi_analytic,c96a32d,median-body-4344-torso015-J1-root-robot-zminus020-v5,wrist_center,gripper_grasping_frame,seed-0-wrist-0,2.924500033259392,,1.6073230176786495,-0.18356456732067705,-2.0230049085814765,1.9767382857921898,0.21962922739939517,-0.4700367837806225,-1.9201918798213455,2.5438405243138007e-13,3.197986778486264e-14,0.0,9.981390043144723,0.3362555202686751,0.4119957945558793,0.759078339275179,reachable_success,107.41645282449524,9.981390043144723
331,transfer,middle,0.7553989875,tiago_sew,SUCCESS_EXACT,tiago_semi_analytic,c96a32d,median-body-4344-torso015-J1-root-robot-zminus020-v5,wrist_center,gripper_grasping_frame,seed-0-wrist-0,2.830799901857972,,1.6130955081034184,-0.17452606721449668,-2.021342068762556,1.9624651659184178,0.2350536802626495,-0.46529780542215127,-1.9346696824228538,3.5652682413747997e-13,2.4688725634880163e-14,2.5444437451708134e-14,9.151873057454779,0.33776746589945117,0.4157099596467743,0.7608299491718086,reachable_success,106.53269677413229,9.151873057454779
332,transfer,middle,0.7570171514999999,tiago_sew,SUCCESS_EXACT,tiago_semi_analytic,c96a32d,median-body-4344-torso015-J1-root-robot-zminus020-v5,wrist_center,gripper_grasping_frame,seed-0-wrist-0,3.3301999792456627,,1.6181709039980123,-0.16591170708135913,-2.020337926763269,1.9489215356495315,0.23871927674473792,-0.4635872212076593,-1.9344577957904274,1.570092458683775e-13,6.736120282725252e-14,0.0,9.164013267228047,0.34021378782531975,0.4194842675177287,0.7620504336325694,reachable_success,106.32267356631063,9.164013267228047
333,transfer,middle,0.7586256714999999,tiago_sew,SUCCESS_EXACT,tiago_semi_analytic,c96a32d,median-body-4344-torso015-J1-root-robot-zminus020-v5,wrist_center,gripper_grasping_frame,seed-0-wrist-0,3.3760000951588154,,1.623406822832422,-0.1583623186636234,-2.0200967517123507,1.9346368106497849,0.25165974813409564,-0.4657712516561885,-1.9414457636201234,1.3597399555105182e-13,6.472525153580289e-14,2.5444437451708134e-14,8.763632203213271,0.34219098597122444,0.4228574842895291,0.7629199282725047,reachable_success,105.58123917079064,8.763632203213271
334,transfer,middle,0.7603572085,tiago_sew,SUCCESS_EXACT,tiago_semi_analytic,c96a32d,median-body-4344-torso015-J1-root-robot-zminus020-v5,wrist_center,gripper_grasping_frame,seed-0-wrist-0,3.177699982188642,,1.6294231943186344,-0.1487184608437323,-2.0184301342815596,1.9194795578849593,0.26282464313403686,-0.4613735743947385,-1.949891453392179,3.37661150723213e-13,5.664241747547804e-14,2.5444437451708134e-14,8.279729824197684,0.3442388913582887,0.42691839706264423,0.7647980901110135,reachable_success,104.94153780858728,8.279729824197684
335,transfer,middle,0.7617933045,tiago_sew,SUCCESS_EXACT,tiago_semi_analytic,c96a32d,median-body-4344-torso015-J1-root-robot-zminus020-v5,wrist_center,gripper_grasping_frame,seed-0-wrist-0,3.005499951541424,,1.6349810761452304,-0.1406751167476779,-2.016933381912028,1.9055269574864724,0.27934105684585564,-0.4556268814183313,-1.9606605319938426,7.850462293418876e-14,1.840795151853422e-14,2.5444437451708134e-14,7.662707071077711,0.3457990197537133,0.4304146544467793,0.7669470618523433,reachable_success,103.99521701020807,7.662707071077711
336,transfer,middle,0.7635580445,tiago_sew,SUCCESS_EXACT,tiago_semi_analytic,c96a32d,median-body-4344-torso015-J1-root-robot-zminus020-v5,wrist_center,gripper_grasping_frame,seed-0-wrist-0,3.0727999983355403,,1.6408119094314797,-0.13301284426330973,-2.01682603408826,1.8904690289698032,0.29394628232698183,-0.4512661189700933,-1.9729710784494348,3.510833468576701e-13,3.661137609813738e-14,2.5444437451708134e-14,6.957364715672546,0.3479757265351423,0.4340467243602292,0.7694408991742355,reachable_success,103.15839923130261,6.957364715672546
337,transfer,middle,0.7653545225,tiago_sew,SUCCESS_EXACT,tiago_semi_analytic,c96a32d,median-body-4344-torso015-J1-root-robot-zminus020-v5,wrist_center,gripper_grasping_frame,seed-0-wrist-0,2.8260000981390476,,1.6458374183947404,-0.12498164010149843,-2.0163839099868164,1.876017546453844,0.3128238741745051,-0.4476455929240961,-1.992938710974686,2.989366980140908e-13,3.153902864952639e-14,2.5444437451708134e-14,5.813303645107506,0.3498687386933954,0.43719589825037214,0.7718487000533533,reachable_success,102.07679289106896,5.813303645107506
338,transfer,middle,0.7669615784999999,tiago_sew,SUCCESS_EXACT,tiago_semi_analytic,c96a32d,median-body-4344-torso015-J1-root-robot-zminus020-v5,wrist_center,gripper_grasping_frame,seed-0-wrist-0,3.3178000012412667,,1.6515405246439945,-0.11675273376146506,-2.015012275165013,1.8610073736735313,0.3236063061544625,-0.4452625721618588,-2.001119683451458,2.7194799110210365e-13,7.946375296926569e-14,2.5444437451708134e-14,5.344568449875766,0.35213555570830957,0.4410206499016943,0.7734776027100353,reachable_success,101.4590050457305,5.344568449875766
339,transfer,middle,0.7687329105,tiago_sew,SUCCESS_EXACT,tiago_semi_analytic,c96a32d,median-body-4344-torso015-J1-root-robot-zminus020-v5,wrist_center,gripper_grasping_frame,seed-0-wrist-0,3.4120000200346112,,1.657753406885711,-0.10976138808472567,-2.015188490990372,1.8459437694470502,0.3354050610103174,-0.4474700935039122,-2.0139913660649302,2.8305244335018377e-13,6.939522792937054e-14,0.0,4.607075360891896,0.3540704508935742,0.4446286457162544,0.7748056868479362,reachable_success,100.78298618898053,4.607075360891896
340,transfer,middle,0.7704467475000001,tiago_sew,SUCCESS_EXACT,tiago_semi_analytic,c96a32d,median-body-4344-torso015-J1-root-robot-zminus020-v5,wrist_center,gripper_grasping_frame,seed-0-wrist-0,3.2242999877780676,,1.6629017356068796,-0.10173984281515976,-2.014150111284729,1.8307005374886811,0.34281240667722823,-0.4522669741791412,-2.02109318930058,2.8305244335018377e-13,2.4711209170050583e-14,5.088887490341627e-14,4.200170862641214,0.3566229362200798,0.44821767509897215,0.7751725689178453,reachable_success,100.35857654487202,4.200170862641214
341,transfer,middle,0.7722958685,tiago_sew,SUCCESS_EXACT,tiago_semi_analytic,c96a32d,median-body-4344-torso015-J1-root-robot-zminus020-v5,wrist_center,gripper_grasping_frame,seed-0-wrist-0,3.4349000779911876,,1.6688536196496764,-0.09435534984879972,-2.0140297355155887,1.815743869179889,0.35634197640175724,-0.450950565551981,-2.036625442468594,4.577566798522238e-13,6.33506791252008e-14,7.63333123551244e-14,3.3102383097853108,0.35860162675346996,0.45171698393592374,0.7772925816621362,reachable_success,99.58338930102853,3.3102383097853108
342,transfer,middle,0.7738430175,tiago_sew,SUCCESS_EXACT,tiago_semi_analytic,c96a32d,median-body-4344-torso015-J1-root-robot-zminus020-v5,wrist_center,gripper_grasping_frame,seed-0-wrist-0,3.0450000194832683,,1.6747065402364365,-0.08670109889554047,-2.0125374081561085,1.8006698393062703,0.371186214551809,-0.4534155014164134,-2.049980290031262,4.0412728104402654e-13,4.1292341541172744e-14,7.63333123551244e-14,2.545061908403878,0.360240594424858,0.4552140936708823,0.7781561053195507,reachable_success,98.73287710494348,2.545061908403878
343,transfer,middle,0.7756531675,tiago_sew,SUCCESS_EXACT,tiago_semi_analytic,c96a32d,median-body-4344-torso015-J1-root-robot-zminus020-v5,wrist_center,gripper_grasping_frame,seed-0-wrist-0,3.059400012716651,,1.6801626418868811,-0.07959612272880504,-2.0123487780462175,1.7848529858419575,0.3817699979077087,-0.4533669951602155,-2.0617509337976445,5.578801654593729e-13,7.146707418094411e-14,0.0,1.8706536984381774,0.3630431943440445,0.45875612811201905,0.7799907316570093,reachable_success,98.12647098736963,1.8706536984381774
344,transfer,middle,0.7772374575000001,tiago_sew,SUCCESS_EXACT,tiago_semi_analytic,c96a32d,median-body-4344-torso015-J1-root-robot-zminus020-v5,wrist_center,gripper_grasping_frame,seed-0-wrist-0,3.060600021854043,,1.6864973252263387,-0.07367307021096113,-2.0123880433687886,1.7704691420873446,0.39145194594451116,-0.44989975382543124,-2.0744994474897407,2.220446049250313e-13,2.4304134199218016e-14,2.5444437451708134e-14,1.140217668816324,0.3651198951200855,0.46238532811949684,0.7823684758816776,reachable_success,97.57173622739587,1.140217668816324
345,transfer,middle,0.7786723935,tiago_sew,SUCCESS_EXACT,tiago_semi_analytic,c96a32d,median-body-4344-torso015-J1-root-robot-zminus020-v5,wrist_center,gripper_grasping_frame,seed-0-wrist-0,3.2331000547856092,,1.6920132095246179,-0.06536633576419337,-2.0096102536527556,1.7553150954020993,0.41268043032635626,-0.44875713038535103,-2.094256563894316,4.4754520913118095e-13,6.113843008199974e-14,5.088887490341627e-14,0.008218283485486434,0.3665478365817497,0.46573029677631894,0.7838224040159721,reachable_success,96.35543366685677,0.008218283485486434
346,transfer,middle,0.7801612554999999,tiago_sew,SUCCESS_EXACT,tiago_semi_analytic,c96a32d,median-body-4344-torso015-J1-root-robot-zminus020-v5,wrist_center,gripper_grasping_frame,seed-14-wrist-0-boundary,304.7604999737814,,1.6975975892038435,-0.06000474591297963,-2.009740108847127,1.741145033912941,0.41228822685431404,-0.45601385890013557,-2.0943999999999994,0.2561246419792797,0.12127244358013864,0.04138673896089646,2.5444437451708134e-14,0.36904241414578026,0.46914906286994423,0.783820251764925,reachable_success,96.37790527051517,2.5444437451708134e-14
347,transfer,middle,0.7816918335,tiago_sew,SUCCESS_EXACT,tiago_semi_analytic,c96a32d,median-body-4344-torso015-J1-root-robot-zminus020-v5,wrist_center,gripper_grasping_frame,seed-5-wrist-0-boundary,256.81040005292743,,1.7035718827252084,-0.05389246870063145,-2.0092007153686966,1.7269882383250292,0.41264797657020863,-0.46381005884378745,-2.0943999999999994,0.38388200896081737,0.1815561892884807,0.061695712125283596,2.5444437451708134e-14,0.37108368684502385,0.47266511130697064,0.7836037390122917,reachable_success,96.35729313011338,2.5444437451708134e-14
348,transfer,middle,0.7830406495,tiago_sew,SUCCESS_EXACT,tiago_semi_analytic,c96a32d,median-body-4344-torso015-J1-root-robot-zminus020-v5,wrist_center,gripper_grasping_frame,seed-5-wrist-0-boundary,315.5802999390289,,1.708793608348393,-0.04701788601963957,-2.0072414698824828,1.7132708817496436,0.41219058658575747,-0.4634113241217459,-2.0943999999999994,0.6407931849670737,0.3025361190224202,0.10219247654590188,2.5444437451708134e-14,0.3737729015489627,0.47632242918070583,0.78444658236731,reachable_success,96.38349964581397,2.5444437451708134e-14
349,transfer,middle,0.7844298405000001,tiago_sew,SUCCESS_EXACT,tiago_semi_analytic,c96a32d,median-body-4344-torso015-J1-root-robot-zminus020-v5,wrist_center,gripper_grasping_frame,seed-5-wrist-0-boundary,323.3197999652475,,1.7142591026789147,-0.04222454835919079,-2.007380908780579,1.7001990062742092,0.4120003674915355,-0.4671659904774343,-2.0943999999999994,0.9845383392735486,0.4641371159949999,0.15592860982051787,2.5444437451708134e-14,0.3760680241908281,0.4795396790467328,0.785080828396638,reachable_success,96.3943983970957,2.5444437451708134e-14
350,transfer,middle,0.7855509645000001,tiago_sew,NUMERICAL_FAILURE,tiago_semi_analytic,c96a32d,median-body-4344-torso015-J1-root-robot-zminus020-v5,wrist_center,gripper_grasping_frame,,291.0779000958428,no exact or boundary-refined wrist branch met strict wrist-center/orientation/SEW tolerances,,,,,,,,,,,,,,,oracle_inconclusive,,
351,transfer,middle,0.7867948305,tiago_sew,NUMERICAL_FAILURE,tiago_semi_analytic,c96a32d,median-body-4344-torso015-J1-root-robot-zminus020-v5,wrist_center,gripper_grasping_frame,,224.56140001304448,no exact or boundary-refined wrist branch met strict wrist-center/orientation/SEW tolerances,,,,,,,,,,,,,,,oracle_inconclusive,,
352,transfer,middle,0.7879149785,tiago_sew,NUMERICAL_FAILURE,tiago_semi_analytic,c96a32d,median-body-4344-torso015-J1-root-robot-zminus020-v5,wrist_center,gripper_grasping_frame,,309.36149996705353,no exact or boundary-refined wrist branch met strict wrist-center/orientation/SEW tolerances,,,,,,,,,,,,,,,oracle_inconclusive,,
353,transfer,middle,0.7889873654999999,tiago_sew,NUMERICAL_FAILURE,tiago_semi_analytic,c96a32d,median-body-4344-torso015-J1-root-robot-zminus020-v5,wrist_center,gripper_grasping_frame,,297.97279997728765,no exact or boundary-refined wrist branch met strict wrist-center/orientation/SEW tolerances,,,,,,,,,,,,,,,oracle_inconclusive,,
354,transfer,middle,0.7900637815,tiago_sew,NUMERICAL_FAILURE,tiago_semi_analytic,c96a32d,median-body-4344-torso015-J1-root-robot-zminus020-v5,wrist_center,gripper_grasping_frame,,227.93739999178797,no exact or boundary-refined wrist branch met strict wrist-center/orientation/SEW tolerances,,,,,,,,,,,,,,,oracle_inconclusive,,
355,transfer,middle,0.7909756164999999,tiago_sew,NUMERICAL_FAILURE,tiago_semi_analytic,c96a32d,median-body-4344-torso015-J1-root-robot-zminus020-v5,wrist_center,gripper_grasping_frame,,308.2283999538049,no exact or boundary-refined wrist branch met strict wrist-center/orientation/SEW tolerances,,,,,,,,,,,,,,,oracle_inconclusive,,
356,transfer,middle,0.7918914795,tiago_sew,NUMERICAL_FAILURE,tiago_semi_analytic,c96a32d,median-body-4344-torso015-J1-root-robot-zminus020-v5,wrist_center,gripper_grasping_frame,,315.159699996002,no exact or boundary-refined wrist branch met strict wrist-center/orientation/SEW tolerances,,,,,,,,,,,,,,,oracle_inconclusive,,
357,transfer,middle,0.7927408444999999,tiago_sew,NUMERICAL_FAILURE,tiago_semi_analytic,c96a32d,median-body-4344-torso015-J1-root-robot-zminus020-v5,wrist_center,gripper_grasping_frame,,260.76420000754297,no exact or boundary-refined wrist branch met strict wrist-center/orientation/SEW tolerances,,,,,,,,,,,,,,,oracle_inconclusive,,
358,transfer,middle,0.7937191775,tiago_sew,NUMERICAL_FAILURE,tiago_semi_analytic,c96a32d,median-body-4344-torso015-J1-root-robot-zminus020-v5,wrist_center,gripper_grasping_frame,,280.9527999488637,no exact or boundary-refined wrist branch met strict wrist-center/orientation/SEW tolerances,,,,,,,,,,,,,,,oracle_inconclusive,,
359,transfer,middle,0.7944225165,tiago_sew,NUMERICAL_FAILURE,tiago_semi_analytic,c96a32d,median-body-4344-torso015-J1-root-robot-zminus020-v5,wrist_center,gripper_grasping_frame,,274.4652000255883,no exact or boundary-refined wrist branch met strict wrist-center/orientation/SEW tolerances,,,,,,,,,,,,,,,oracle_inconclusive,,
360,transfer,middle,0.7950935975,tiago_sew,NUMERICAL_FAILURE,tiago_semi_analytic,c96a32d,median-body-4344-torso015-J1-root-robot-zminus020-v5,wrist_center,gripper_grasping_frame,,286.4751999732107,no exact or boundary-refined wrist branch met strict wrist-center/orientation/SEW tolerances,,,,,,,,,,,,,,,oracle_inconclusive,,
361,transfer,middle,0.7957949835,tiago_sew,NUMERICAL_FAILURE,tiago_semi_analytic,c96a32d,median-body-4344-torso015-J1-root-robot-zminus020-v5,wrist_center,gripper_grasping_frame,,308.28520003706217,no exact or boundary-refined wrist branch met strict wrist-center/orientation/SEW tolerances,,,,,,,,,,,,,,,oracle_inconclusive,,
362,transfer,middle,0.7963494265,tiago_sew,NUMERICAL_FAILURE,tiago_semi_analytic,c96a32d,median-body-4344-torso015-J1-root-robot-zminus020-v5,wrist_center,gripper_grasping_frame,,260.8427000232041,no exact or boundary-refined wrist branch met strict wrist-center/orientation/SEW tolerances,,,,,,,,,,,,,,,oracle_inconclusive,,
363,transfer,middle,0.7970233765,tiago_sew,NUMERICAL_FAILURE,tiago_semi_analytic,c96a32d,median-body-4344-torso015-J1-root-robot-zminus020-v5,wrist_center,gripper_grasping_frame,,201.18319999892265,no exact or boundary-refined wrist branch met strict wrist-center/orientation/SEW tolerances,,,,,,,,,,,,,,,oracle_inconclusive,,
364,transfer,middle,0.7975969855,tiago_sew,NUMERICAL_FAILURE,tiago_semi_analytic,c96a32d,median-body-4344-torso015-J1-root-robot-zminus020-v5,wrist_center,gripper_grasping_frame,,327.8802999993786,no exact or boundary-refined wrist branch met strict wrist-center/orientation/SEW tolerances,,,,,,,,,,,,,,,oracle_inconclusive,,
365,transfer,middle,0.7981401065,tiago_sew,NUMERICAL_FAILURE,tiago_semi_analytic,c96a32d,median-body-4344-torso015-J1-root-robot-zminus020-v5,wrist_center,gripper_grasping_frame,,306.2096999492496,no exact or boundary-refined wrist branch met strict wrist-center/orientation/SEW tolerances,,,,,,,,,,,,,,,oracle_inconclusive,,
366,transfer,middle,0.7985071715,tiago_sew,NUMERICAL_FAILURE,tiago_semi_analytic,c96a32d,median-body-4344-torso015-J1-root-robot-zminus020-v5,wrist_center,gripper_grasping_frame,,317.86069995723665,no exact or boundary-refined wrist branch met strict wrist-center/orientation/SEW tolerances,,,,,,,,,,,,,,,oracle_inconclusive,,
367,transfer,middle,0.7989514775,tiago_sew,NUMERICAL_FAILURE,tiago_semi_analytic,c96a32d,median-body-4344-torso015-J1-root-robot-zminus020-v5,wrist_center,gripper_grasping_frame,,193.77949996851385,no exact or boundary-refined wrist branch met strict wrist-center/orientation/SEW tolerances,,,,,,,,,,,,,,,oracle_inconclusive,,
368,transfer,high,0.7993283695,tiago_sew,NUMERICAL_FAILURE,tiago_semi_analytic,c96a32d,median-body-4344-torso015-J1-root-robot-zminus020-v5,wrist_center,gripper_grasping_frame,,389.3807999556884,no exact or boundary-refined wrist branch met strict wrist-center/orientation/SEW tolerances,,,,,,,,,,,,,,,oracle_inconclusive,,
369,transfer,high,0.7998353885,tiago_sew,NUMERICAL_FAILURE,tiago_semi_analytic,c96a32d,median-body-4344-torso015-J1-root-robot-zminus020-v5,wrist_center,gripper_grasping_frame,,368.4773000422865,no exact or boundary-refined wrist branch met strict wrist-center/orientation/SEW tolerances,,,,,,,,,,,,,,,oracle_inconclusive,,
370,transfer,high,0.7999938665,tiago_sew,NUMERICAL_FAILURE,tiago_semi_analytic,c96a32d,median-body-4344-torso015-J1-root-robot-zminus020-v5,wrist_center,gripper_grasping_frame,,357.2359000099823,no exact or boundary-refined wrist branch met strict wrist-center/orientation/SEW tolerances,,,,,,,,,,,,,,,oracle_inconclusive,,
371,transfer,high,0.8005650335,tiago_sew,NUMERICAL_FAILURE,tiago_semi_analytic,c96a32d,median-body-4344-torso015-J1-root-robot-zminus020-v5,wrist_center,gripper_grasping_frame,,334.03450006153435,no exact or boundary-refined wrist branch met strict wrist-center/orientation/SEW tolerances,,,,,,,,,,,,,,,oracle_inconclusive,,
372,transfer,high,0.8010246585,tiago_sew,NUMERICAL_FAILURE,tiago_semi_analytic,c96a32d,median-body-4344-torso015-J1-root-robot-zminus020-v5,wrist_center,gripper_grasping_frame,,365.24810001719743,no exact or boundary-refined wrist branch met strict wrist-center/orientation/SEW tolerances,,,,,,,,,,,,,,,oracle_inconclusive,,
373,transfer,high,0.8011165775,tiago_sew,NUMERICAL_FAILURE,tiago_semi_analytic,c96a32d,median-body-4344-torso015-J1-root-robot-zminus020-v5,wrist_center,gripper_grasping_frame,,336.5117999492213,no exact or boundary-refined wrist branch met strict wrist-center/orientation/SEW tolerances,,,,,,,,,,,,,,,oracle_inconclusive,,
374,transfer,high,0.8015430914999999,tiago_sew,NUMERICAL_FAILURE,tiago_semi_analytic,c96a32d,median-body-4344-torso015-J1-root-robot-zminus020-v5,wrist_center,gripper_grasping_frame,,317.21100001595914,no exact or boundary-refined wrist branch met strict wrist-center/orientation/SEW tolerances,,,,,,,,,,,,,,,oracle_inconclusive,,
375,transfer,high,0.8018908695,tiago_sew,NUMERICAL_FAILURE,tiago_semi_analytic,c96a32d,median-body-4344-torso015-J1-root-robot-zminus020-v5,wrist_center,gripper_grasping_frame,,313.16420005168766,no exact or boundary-refined wrist branch met strict wrist-center/orientation/SEW tolerances,,,,,,,,,,,,,,,oracle_inconclusive,,
376,transfer,high,0.8020408325,tiago_sew,NUMERICAL_FAILURE,tiago_semi_analytic,c96a32d,median-body-4344-torso015-J1-root-robot-zminus020-v5,wrist_center,gripper_grasping_frame,,351.994700031355,no exact or boundary-refined wrist branch met strict wrist-center/orientation/SEW tolerances,,,,,,,,,,,,,,,oracle_inconclusive,,
377,transfer,high,0.8024731445,tiago_sew,NUMERICAL_FAILURE,tiago_semi_analytic,c96a32d,median-body-4344-torso015-J1-root-robot-zminus020-v5,wrist_center,gripper_grasping_frame,,345.24620010051876,no exact or boundary-refined wrist branch met strict wrist-center/orientation/SEW tolerances,,,,,,,,,,,,,,,oracle_inconclusive,,
378,transfer,high,0.8027194824999999,tiago_sew,NUMERICAL_FAILURE,tiago_semi_analytic,c96a32d,median-body-4344-torso015-J1-root-robot-zminus020-v5,wrist_center,gripper_grasping_frame,,325.1315000234172,no exact or boundary-refined wrist branch met strict wrist-center/orientation/SEW tolerances,,,,,,,,,,,,,,,oracle_inconclusive,,
379,transfer,high,0.8029448855,tiago_sew,NUMERICAL_FAILURE,tiago_semi_analytic,c96a32d,median-body-4344-torso015-J1-root-robot-zminus020-v5,wrist_center,gripper_grasping_frame,,330.21599997300655,no exact or boundary-refined wrist branch met strict wrist-center/orientation/SEW tolerances,,,,,,,,,,,,,,,oracle_inconclusive,,
380,transfer,high,0.8032651975,tiago_sew,NUMERICAL_FAILURE,tiago_semi_analytic,c96a32d,median-body-4344-torso015-J1-root-robot-zminus020-v5,wrist_center,gripper_grasping_frame,,356.4837999874726,no exact or boundary-refined wrist branch met strict wrist-center/orientation/SEW tolerances,,,,,,,,,,,,,,,oracle_inconclusive,,
381,transfer,high,0.8035154725,tiago_sew,NUMERICAL_FAILURE,tiago_semi_analytic,c96a32d,median-body-4344-torso015-J1-root-robot-zminus020-v5,wrist_center,gripper_grasping_frame,,315.42440003249794,no exact or boundary-refined wrist branch met strict wrist-center/orientation/SEW tolerances,,,,,,,,,,,,,,,oracle_inconclusive,,
382,transfer,high,0.8036639105,tiago_sew,NUMERICAL_FAILURE,tiago_semi_analytic,c96a32d,median-body-4344-torso015-J1-root-robot-zminus020-v5,wrist_center,gripper_grasping_frame,,305.43690000195056,no exact or boundary-refined wrist branch met strict wrist-center/orientation/SEW tolerances,,,,,,,,,,,,,,,oracle_inconclusive,,
383,transfer,high,0.8039724125000001,tiago_sew,NUMERICAL_FAILURE,tiago_semi_analytic,c96a32d,median-body-4344-torso015-J1-root-robot-zminus020-v5,wrist_center,gripper_grasping_frame,,313.23029997292906,no exact or boundary-refined wrist branch met strict wrist-center/orientation/SEW tolerances,,,,,,,,,,,,,,,oracle_inconclusive,,
384,transfer,high,0.8044049375,tiago_sew,NUMERICAL_FAILURE,tiago_semi_analytic,c96a32d,median-body-4344-torso015-J1-root-robot-zminus020-v5,wrist_center,gripper_grasping_frame,,296.132400049828,no exact or boundary-refined wrist branch met strict wrist-center/orientation/SEW tolerances,,,,,,,,,,,,,,,oracle_inconclusive,,
385,transfer,high,0.8045001835,tiago_sew,NUMERICAL_FAILURE,tiago_semi_analytic,c96a32d,median-body-4344-torso015-J1-root-robot-zminus020-v5,wrist_center,gripper_grasping_frame,,298.95299999043345,no exact or boundary-refined wrist branch met strict wrist-center/orientation/SEW tolerances,,,,,,,,,,,,,,,oracle_inconclusive,,
386,transfer,high,0.8048937995000001,tiago_sew,NUMERICAL_FAILURE,tiago_semi_analytic,c96a32d,median-body-4344-torso015-J1-root-robot-zminus020-v5,wrist_center,gripper_grasping_frame,,380.60240005142987,no exact or boundary-refined wrist branch met strict wrist-center/orientation/SEW tolerances,,,,,,,,,,,,,,,oracle_inconclusive,,
387,transfer,high,0.8054254765,tiago_sew,NUMERICAL_FAILURE,tiago_semi_analytic,c96a32d,median-body-4344-torso015-J1-root-robot-zminus020-v5,wrist_center,gripper_grasping_frame,,304.2073999531567,no exact or boundary-refined wrist branch met strict wrist-center/orientation/SEW tolerances,,,,,,,,,,,,,,,oracle_inconclusive,,
388,transfer,high,0.8055380255,tiago_sew,NUMERICAL_FAILURE,tiago_semi_analytic,c96a32d,median-body-4344-torso015-J1-root-robot-zminus020-v5,wrist_center,gripper_grasping_frame,,306.5490999724716,no exact or boundary-refined wrist branch met strict wrist-center/orientation/SEW tolerances,,,,,,,,,,,,,,,oracle_inconclusive,,
389,transfer,high,0.8060549625,tiago_sew,NUMERICAL_FAILURE,tiago_semi_analytic,c96a32d,median-body-4344-torso015-J1-root-robot-zminus020-v5,wrist_center,gripper_grasping_frame,,316.58839993178844,no exact or boundary-refined wrist branch met strict wrist-center/orientation/SEW tolerances,,,,,,,,,,,,,,,oracle_inconclusive,,
390,transfer,high,0.8067693485,tiago_sew,NUMERICAL_FAILURE,tiago_semi_analytic,c96a32d,median-body-4344-torso015-J1-root-robot-zminus020-v5,wrist_center,gripper_grasping_frame,,308.3364999620244,no exact or boundary-refined wrist branch met strict wrist-center/orientation/SEW tolerances,,,,,,,,,,,,,,,oracle_inconclusive,,
391,transfer,high,0.8069861455,tiago_sew,NUMERICAL_FAILURE,tiago_semi_analytic,c96a32d,median-body-4344-torso015-J1-root-robot-zminus020-v5,wrist_center,gripper_grasping_frame,,307.0188999408856,no exact or boundary-refined wrist branch met strict wrist-center/orientation/SEW tolerances,,,,,,,,,,,,,,,oracle_inconclusive,,
392,transfer,high,0.8075090635,tiago_sew,NUMERICAL_FAILURE,tiago_semi_analytic,c96a32d,median-body-4344-torso015-J1-root-robot-zminus020-v5,wrist_center,gripper_grasping_frame,,313.69330000597984,no exact or boundary-refined wrist branch met strict wrist-center/orientation/SEW tolerances,,,,,,,,,,,,,,,oracle_inconclusive,,
393,transfer,high,0.8081081545,tiago_sew,NUMERICAL_FAILURE,tiago_semi_analytic,c96a32d,median-body-4344-torso015-J1-root-robot-zminus020-v5,wrist_center,gripper_grasping_frame,,200.8149999892339,no exact or boundary-refined wrist branch met strict wrist-center/orientation/SEW tolerances,,,,,,,,,,,,,,,oracle_inconclusive,,
394,transfer,high,0.8085195615,tiago_sew,NUMERICAL_FAILURE,tiago_semi_analytic,c96a32d,median-body-4344-torso015-J1-root-robot-zminus020-v5,wrist_center,gripper_grasping_frame,,320.66690002102405,no exact or boundary-refined wrist branch met strict wrist-center/orientation/SEW tolerances,,,,,,,,,,,,,,,oracle_inconclusive,,
395,transfer,high,0.8091150205,tiago_sew,NUMERICAL_FAILURE,tiago_semi_analytic,c96a32d,median-body-4344-torso015-J1-root-robot-zminus020-v5,wrist_center,gripper_grasping_frame,,326.7412999412045,no exact or boundary-refined wrist branch met strict wrist-center/orientation/SEW tolerances,,,,,,,,,,,,,,,oracle_inconclusive,,
396,transfer,high,0.8096687315,tiago_sew,NUMERICAL_FAILURE,tiago_semi_analytic,c96a32d,median-body-4344-torso015-J1-root-robot-zminus020-v5,wrist_center,gripper_grasping_frame,,332.16519991401583,no exact or boundary-refined wrist branch met strict wrist-center/orientation/SEW tolerances,,,,,,,,,,,,,,,oracle_inconclusive,,
397,transfer,high,0.8101795655,tiago_sew,NUMERICAL_FAILURE,tiago_semi_analytic,c96a32d,median-body-4344-torso015-J1-root-robot-zminus020-v5,wrist_center,gripper_grasping_frame,,315.07769995369017,no exact or boundary-refined wrist branch met strict wrist-center/orientation/SEW tolerances,,,,,,,,,,,,,,,oracle_inconclusive,,
398,transfer,high,0.8108908085,tiago_sew,NUMERICAL_FAILURE,tiago_semi_analytic,c96a32d,median-body-4344-torso015-J1-root-robot-zminus020-v5,wrist_center,gripper_grasping_frame,,331.93310000933707,no exact or boundary-refined wrist branch met strict wrist-center/orientation/SEW tolerances,,,,,,,,,,,,,,,oracle_inconclusive,,
399,transfer,high,0.8115256655,tiago_sew,NUMERICAL_FAILURE,tiago_semi_analytic,c96a32d,median-body-4344-torso015-J1-root-robot-zminus020-v5,wrist_center,gripper_grasping_frame,,308.0397000303492,no exact or boundary-refined wrist branch met strict wrist-center/orientation/SEW tolerances,,,,,,,,,,,,,,,oracle_inconclusive,,
400,transfer,high,0.8117388915,tiago_sew,NUMERICAL_FAILURE,tiago_semi_analytic,c96a32d,median-body-4344-torso015-J1-root-robot-zminus020-v5,wrist_center,gripper_grasping_frame,,332.61429995764047,no exact or boundary-refined wrist branch met strict wrist-center/orientation/SEW tolerances,,,,,,,,,,,,,,,oracle_inconclusive,,
401,transfer,high,0.8123942565,tiago_sew,NUMERICAL_FAILURE,tiago_semi_analytic,c96a32d,median-body-4344-torso015-J1-root-robot-zminus020-v5,wrist_center,gripper_grasping_frame,,305.6396000320092,no exact or boundary-refined wrist branch met strict wrist-center/orientation/SEW tolerances,,,,,,,,,,,,,,,oracle_inconclusive,,
402,transfer,high,0.8131295475,tiago_sew,NUMERICAL_FAILURE,tiago_semi_analytic,c96a32d,median-body-4344-torso015-J1-root-robot-zminus020-v5,wrist_center,gripper_grasping_frame,,311.972500057891,no exact or boundary-refined wrist branch met strict wrist-center/orientation/SEW tolerances,,,,,,,,,,,,,,,oracle_inconclusive,,
403,transfer,high,0.8133850715,tiago_sew,NUMERICAL_FAILURE,tiago_semi_analytic,c96a32d,median-body-4344-torso015-J1-root-robot-zminus020-v5,wrist_center,gripper_grasping_frame,,352.3845999734476,no exact or boundary-refined wrist branch met strict wrist-center/orientation/SEW tolerances,,,,,,,,,,,,,,,oracle_inconclusive,,
404,transfer,high,0.8138011475,tiago_sew,NUMERICAL_FAILURE,tiago_semi_analytic,c96a32d,median-body-4344-torso015-J1-root-robot-zminus020-v5,wrist_center,gripper_grasping_frame,,316.4934000233188,no exact or boundary-refined wrist branch met strict wrist-center/orientation/SEW tolerances,,,,,,,,,,,,,,,oracle_inconclusive,,
405,transfer,high,0.8144683534999999,tiago_sew,NUMERICAL_FAILURE,tiago_semi_analytic,c96a32d,median-body-4344-torso015-J1-root-robot-zminus020-v5,wrist_center,gripper_grasping_frame,,349.2295000469312,no exact or boundary-refined wrist branch met strict wrist-center/orientation/SEW tolerances,,,,,,,,,,,,,,,oracle_inconclusive,,
406,transfer,high,0.8149061285,tiago_sew,NUMERICAL_FAILURE,tiago_semi_analytic,c96a32d,median-body-4344-torso015-J1-root-robot-zminus020-v5,wrist_center,gripper_grasping_frame,,343.07420009281486,no exact or boundary-refined wrist branch met strict wrist-center/orientation/SEW tolerances,,,,,,,,,,,,,,,oracle_inconclusive,,
407,transfer,high,0.8150993955,tiago_sew,NUMERICAL_FAILURE,tiago_semi_analytic,c96a32d,median-body-4344-torso015-J1-root-robot-zminus020-v5,wrist_center,gripper_grasping_frame,,335.9524999978021,no exact or boundary-refined wrist branch met strict wrist-center/orientation/SEW tolerances,,,,,,,,,,,,,,,oracle_inconclusive,,
408,transfer,high,0.8153463445,tiago_sew,NUMERICAL_FAILURE,tiago_semi_analytic,c96a32d,median-body-4344-torso015-J1-root-robot-zminus020-v5,wrist_center,gripper_grasping_frame,,312.991299899295,no exact or boundary-refined wrist branch met strict wrist-center/orientation/SEW tolerances,,,,,,,,,,,,,,,oracle_inconclusive,,
409,transfer,high,0.8155958555,tiago_sew,NUMERICAL_FAILURE,tiago_semi_analytic,c96a32d,median-body-4344-torso015-J1-root-robot-zminus020-v5,wrist_center,gripper_grasping_frame,,328.2480000052601,no exact or boundary-refined wrist branch met strict wrist-center/orientation/SEW tolerances,,,,,,,,,,,,,,,oracle_inconclusive,,
410,transfer,high,0.8159253545,tiago_sew,NUMERICAL_FAILURE,tiago_semi_analytic,c96a32d,median-body-4344-torso015-J1-root-robot-zminus020-v5,wrist_center,gripper_grasping_frame,,314.3304999684915,no exact or boundary-refined wrist branch met strict wrist-center/orientation/SEW tolerances,,,,,,,,,,,,,,,oracle_inconclusive,,
411,transfer,high,0.8162156675,tiago_sew,NUMERICAL_FAILURE,tiago_semi_analytic,c96a32d,median-body-4344-torso015-J1-root-robot-zminus020-v5,wrist_center,gripper_grasping_frame,,312.9021000349894,no exact or boundary-refined wrist branch met strict wrist-center/orientation/SEW tolerances,,,,,,,,,,,,,,,oracle_inconclusive,,
412,transfer,high,0.8162750244999999,tiago_sew,NUMERICAL_FAILURE,tiago_semi_analytic,c96a32d,median-body-4344-torso015-J1-root-robot-zminus020-v5,wrist_center,gripper_grasping_frame,,330.71219990961254,no exact or boundary-refined wrist branch met strict wrist-center/orientation/SEW tolerances,,,,,,,,,,,,,,,oracle_inconclusive,,
413,transfer,high,0.8164742125,tiago_sew,SUCCESS_EXACT,tiago_semi_analytic,c96a32d,median-body-4344-torso015-J1-root-robot-zminus020-v5,wrist_center,gripper_grasping_frame,seed-16-wrist-1-boundary,158.43320009298623,,2.075382687407544,0.24111738253232567,-1.7114569017611245,0.8378394573682588,-2.0943999999999994,0.6625559962026273,0.524663148053069,0.7506402628010356,0.16613766619497883,0.16858832710132604,2.5444437451708134e-14,0.45910513610468884,0.640279425015507,0.7886533228143353,reachable_success,2.5444437451708134e-14,89.93929656271129
414,transfer,high,0.8165259094999999,tiago_sew,SUCCESS_EXACT,tiago_semi_analytic,c96a32d,median-body-4344-torso015-J1-root-robot-zminus020-v5,wrist_center,gripper_grasping_frame,seed-5-wrist-0-boundary,320.786299998872,,2.0775492024136493,0.24172931993576866,-1.7095154338673355,0.8355544695633865,-2.0943999999999994,0.6578351019722112,0.5241642029718799,0.3877846485299321,0.08533110880935636,0.08631721898761328,2.5444437451708134e-14,0.4594423720780814,0.6414104408119075,0.7888955657387524,reachable_success,2.5444437451708134e-14,89.96788401007224
415,transfer,high,0.8166980285000001,tiago_sew,SUCCESS_EXACT,tiago_semi_analytic,c96a32d,median-body-4344-torso015-J1-root-robot-zminus020-v5,wrist_center,gripper_grasping_frame,seed-16-wrist-0-boundary,486.9151000166312,,2.0802488511493737,0.24303031538330774,-1.7068017168582534,0.830442129632501,-2.0943999999999994,0.6584355222505606,0.5246609456843861,0.3597514897537568,0.07793485367086758,0.07882495017516598,2.5444437451708134e-14,0.45993806569762186,0.6422985137653923,0.7887191240597874,reachable_success,2.5444437451708134e-14,89.93942274914176
416,transfer,high,0.8168557745,tiago_sew,SUCCESS_EXACT,tiago_semi_analytic,c96a32d,median-body-4344-torso015-J1-root-robot-zminus020-v5,wrist_center,gripper_grasping_frame,seed-15-wrist-0-boundary,167.22679999656975,,2.083532553699485,0.2451635132310816,-1.7020283793711626,0.8246955241774718,-2.0943999999999994,0.6617682900152526,0.526263395516675,0.32282211461307025,0.06864152897367867,0.06952345388829996,2.5444437451708134e-14,0.4599999449425002,0.6432326111223097,0.7878470238941587,reachable_success,2.5444437451708134e-14,89.84760913687015
417,transfer,high,0.8168977055,tiago_sew,SUCCESS_EXACT,tiago_semi_analytic,c96a32d,median-body-4344-torso015-J1-root-robot-zminus020-v5,wrist_center,gripper_grasping_frame,seed-0-wrist-0-boundary,312.8443999448791,,2.086325286782197,0.2466324467679999,-1.6980658335108039,0.8206757500575844,-2.0943999999999994,0.6636988640023725,0.5286265814027835,0.08713508881258049,0.018287236464261964,0.018534554659885974,2.5444437451708134e-14,0.45980652741826683,0.6441166731994026,0.7870236320494638,reachable_success,2.5444437451708134e-14,89.71220855939126
418,transfer,high,0.8170822455,tiago_sew,SUCCESS_EXACT,tiago_semi_analytic,c96a32d,median-body-4344-torso015-J1-root-robot-zminus020-v5,wrist_center,gripper_grasping_frame,seed-0-wrist-0-boundary,325.4371000220999,,2.088955414918939,0.24762465928184535,-1.6961124201792772,0.815022162018961,-2.0943999999999994,0.6657864635132451,0.5302298106435875,0.16008615064240117,0.03299774884087143,0.033470687706407196,2.5444437451708134e-14,0.46034967761082346,0.6448260744157521,0.7868812468549872,reachable_success,2.5444437451708134e-14,89.62035029030122
419,transfer,high,0.8170653685,tiago_sew,SUCCESS_EXACT,tiago_semi_analytic,c96a32d,median-body-4344-torso015-J1-root-robot-zminus020-v5,wrist_center,gripper_grasping_frame,seed-15-wrist-0-boundary,322.97189999371767,,2.0916872254468464,0.2485233189912179,-1.6933728760477813,0.8112598605336572,-2.0943999999999994,0.6636596795291643,0.5309835087618991,0.051995630349730544,0.010597008575975255,0.010730114672543287,2.5444437451708134e-14,0.46063138990472047,0.6459454291961106,0.7867588264699251,reachable_success,2.5444437451708134e-14,89.57716656909501
420,transfer,high,0.8172015994999999,tiago_sew,SUCCESS_EXACT,tiago_semi_analytic,c96a32d,median-body-4344-torso015-J1-root-robot-zminus020-v5,wrist_center,gripper_grasping_frame,seed-0-wrist-0,3.5070000449195504,,2.0939431149587526,0.2498540839895015,-1.6903674152463373,0.8073376601648594,-2.0871362836078777,0.6631730007133192,0.5242433029727089,1.9229626863835638e-13,5.5194109413519544e-14,5.088887490341627e-14,0.416180292848589,0.46050260350538375,0.6466766236574639,0.7873077055491197,reachable_success,0.416180292848589,89.96335191386527
421,transfer,high,0.8173605344999999,tiago_sew,SUCCESS_EXACT,tiago_semi_analytic,c96a32d,median-body-4344-torso015-J1-root-robot-zminus020-v5,wrist_center,gripper_grasping_frame,seed-0-wrist-0,3.0797000508755445,,2.0964072263455935,0.2516034619835605,-1.6865251039691225,0.803273918865855,-2.083070039721871,0.6637284285700833,0.5211319759081632,2.989366980140908e-13,8.098450726613785e-14,1.0177774980683254e-13,0.6491589059876565,0.460417280868483,0.6474459071136692,0.7873143796710163,reachable_success,0.6491589059876565,90.14161782334855
422,transfer,high,0.8173518065,tiago_sew,SUCCESS_EXACT,tiago_semi_analytic,c96a32d,median-body-4344-torso015-J1-root-robot-zminus020-v5,wrist_center,gripper_grasping_frame,seed-0-wrist-0,2.949699992313981,,2.097963645095285,0.2517561127485913,-1.6857941631827478,0.8004910629065265,-2.0814698763936805,0.662923403342397,0.5181474589794419,1.2412670766236365e-13,6.555374937103971e-14,2.5444437451708134e-14,0.7408415112245708,0.46065624013101253,0.6480034114615854,0.7875545443171457,reachable_success,0.7408415112245708,90.31261804724963
423,transfer,high,0.8173263555,tiago_sew,SUCCESS_EXACT,tiago_semi_analytic,c96a32d,median-body-4344-torso015-J1-root-robot-zminus020-v5,wrist_center,gripper_grasping_frame,seed-0-wrist-0,3.3831000328063965,,2.100357694370037,0.25310860735024665,-1.6820292323378432,0.796673140067174,-2.0757688571169424,0.6585719200602238,0.5142040780542576,2.288783399261119e-13,2.064652179335273e-14,1.526666247102488e-13,1.0674858547043926,0.4611605087901663,0.6490872963391844,0.7881362458087312,reachable_success,1.0674858547043926,90.53855713127508
424,transfer,high,0.8173349305,tiago_sew,SUCCESS_EXACT,tiago_semi_analytic,c96a32d,median-body-4344-torso015-J1-root-robot-zminus020-v5,wrist_center,gripper_grasping_frame,seed-0-wrist-0,3.3111999509856105,,2.1013841616675637,0.25283133451883755,-1.682466919796889,0.7945979475780108,-2.0758005920264466,0.6565356190910276,0.5131130388155962,2.482534153247273e-13,4.531108628731532e-14,2.5444437451708134e-14,1.0656675783265692,0.4616971110236523,0.6495429751963896,0.7885568432511202,reachable_success,1.0656675783265692,90.60106907493355
425,transfer,high,0.8172401734999999,tiago_sew,SUCCESS_EXACT,tiago_semi_analytic,c96a32d,median-body-4344-torso015-J1-root-robot-zminus020-v5,wrist_center,gripper_grasping_frame,seed-0-wrist-0,2.7694000164046884,,2.1038510955702225,0.25435507004925667,-1.6777800764295414,0.7895344721099851,-2.0715773637302544,0.655608537027768,0.5132260517506815,6.106226635438361e-13,6.709803499308196e-14,0.0,1.3076407356186113,0.4624129260886743,0.6504171999157378,0.788388070951588,reachable_success,1.3076407356186113,90.59459391072278
426,transfer,high,0.8172535405,tiago_sew,SUCCESS_EXACT,tiago_semi_analytic,c96a32d,median-body-4344-torso015-J1-root-robot-zminus020-v5,wrist_center,gripper_grasping_frame,seed-0-wrist-0,2.8603000100702047,,2.1054170946974278,0.2543812731244553,-1.6774831645380048,0.7872248071987129,-2.0731301879354644,0.6537590563254612,0.5153748255315436,1.2412670766236365e-13,7.85332604976366e-14,2.5444437451708134e-14,1.2186704623343172,0.46278958799828385,0.6510720157347277,0.7885209335421934,reachable_success,1.2186704623343172,90.47147824195102
427,transfer,high,0.8172003784999999,tiago_sew,SUCCESS_EXACT,tiago_semi_analytic,c96a32d,median-body-4344-torso015-J1-root-robot-zminus020-v5,wrist_center,gripper_grasping_frame,seed-0-wrist-0,3.421099972911179,,2.106507045616133,0.25415682713871923,-1.6775754766147335,0.7856446750366846,-2.0742848504781417,0.6517238157906355,0.514784974459769,5.578801654593729e-13,2.3201338467171254e-14,2.5444437451708134e-14,1.1525131718770656,0.4631557441575504,0.651581161652845,0.7886807931599702,reachable_success,1.1525131718770656,90.50527421890497
428,transfer,high,0.8170500494999999,tiago_sew,SUCCESS_EXACT,tiago_semi_analytic,c96a32d,median-body-4344-torso015-J1-root-robot-zminus020-v5,wrist_center,gripper_grasping_frame,seed-0-wrist-0,3.4199999645352364,,2.107234919528594,0.2541959282604919,-1.676679856193282,0.7847664522724077,-2.0763853079464996,0.648884283379652,0.5133544086780057,4.965068306494546e-13,5.150618648749207e-14,0.0,1.032165823893427,0.46371607673357323,0.6520612779636409,0.7885402220978154,reachable_success,1.032165823893427,90.58723960051583
429,transfer,high,0.8169959105,tiago_sew,SUCCESS_EXACT,tiago_semi_analytic,c96a32d,median-body-4344-torso015-J1-root-robot-zminus020-v5,wrist_center,gripper_grasping_frame,seed-0-wrist-0,3.357499954290688,,2.108697843189795,0.25471431495302227,-1.6747955324365091,0.7817489628975681,-2.0752024556110866,0.6483517602258564,0.50984027159399,3.510833468576701e-13,8.401689844982141e-14,2.5444437451708134e-14,1.0999382704997809,0.4642001041138706,0.6525693437121423,0.7884658070821303,reachable_success,1.0999382704997809,90.78858482406035
430,transfer,high,0.8169910895,tiago_sew,SUCCESS_EXACT,tiago_semi_analytic,c96a32d,median-body-4344-torso015-J1-root-robot-zminus020-v5,wrist_center,gripper_grasping_frame,seed-0-wrist-0,2.3131000343710184,,2.108956584289005,0.25410118016610983,-1.676178186269695,0.7811753815857628,-2.0787058779463314,0.6482003324312919,0.5095594096227116,1.5304372890009547e-09,5.489199287112142e-14,2.1696471815071527e-10,0.8992069568383863,0.4645036502118412,0.6526721817744482,0.7883956447828316,reachable_success,0.8992069568383863,90.80467702964032
431,transfer,high,0.8168885195,tiago_sew,SUCCESS_EXACT,tiago_semi_analytic,c96a32d,median-body-4344-torso015-J1-root-robot-zminus020-v5,wrist_center,gripper_grasping_frame,seed-0-wrist-0,2.1970000816509128,,2.109465926025644,0.2543551070403305,-1.674947073935719,0.7800423310455686,-2.0752145301992346,0.6467697804909589,0.506015296616857,8.366816575304284e-09,4.028113855611037e-14,1.549591685246477e-09,1.0992464475595416,0.46471736277337666,0.6529170187459232,0.7886396141302557,reachable_success,1.0992464475595416,91.00773974699322
432,transfer,high,0.8167609865000001,tiago_sew,SUCCESS_EXACT,tiago_semi_analytic,c96a32d,median-body-4344-torso015-J1-root-robot-zminus020-v5,wrist_center,gripper_grasping_frame,seed-0-wrist-0,2.607000060379505,,2.1100288383904755,0.2542228412813488,-1.6745396905938954,0.7789653188898159,-2.072138785134279,0.6454532158394279,0.5028909910008736,2.892011607465884e-09,6.400780724886624e-14,6.709443711640918e-10,1.27547365863968,0.4648422962857069,0.6531720977452586,0.788940128004034,reachable_success,1.27547365863968,91.18674927269808
433,transfer,high,0.8164384764999999,tiago_sew,SUCCESS_EXACT,tiago_semi_analytic,c96a32d,median-body-4344-torso015-J1-root-robot-zminus020-v5,wrist_center,gripper_grasping_frame,seed-0-wrist-0,2.488400088623166,,2.1101967710265317,0.25394591850694664,-1.6736665103821213,0.7785456034547907,-2.071893289953361,0.6511009498859353,0.5056418183977733,1.8979795791284448e-09,2.6312598728127687e-14,4.614094287492753e-10,1.2895394963970876,0.4641529804990616,0.6529069103938993,0.7877874763440285,reachable_success,1.2895394963970876,91.02913847268677
434,withdrawal,high,0.8176042484999999,tiago_sew,NUMERICAL_FAILURE,tiago_semi_analytic,c96a32d,median-body-4344-torso015-J1-root-robot-zminus020-v5,wrist_center,gripper_grasping_frame,,323.35910003166646,no exact or boundary-refined wrist branch met strict wrist-center/orientation/SEW tolerances,,,,,,,,,,,,,,,oracle_inconclusive,,
435,withdrawal,high,0.8175350345,tiago_sew,NUMERICAL_FAILURE,tiago_semi_analytic,c96a32d,median-body-4344-torso015-J1-root-robot-zminus020-v5,wrist_center,gripper_grasping_frame,,321.35929993819445,no exact or boundary-refined wrist branch met strict wrist-center/orientation/SEW tolerances,,,,,,,,,,,,,,,oracle_inconclusive,,
436,withdrawal,high,0.8174158025,tiago_sew,NUMERICAL_FAILURE,tiago_semi_analytic,c96a32d,median-body-4344-torso015-J1-root-robot-zminus020-v5,wrist_center,gripper_grasping_frame,,489.90950000006706,no exact or boundary-refined wrist branch met strict wrist-center/orientation/SEW tolerances,,,,,,,,,,,,,,,oracle_inconclusive,,
437,withdrawal,high,0.8172959595,tiago_sew,NUMERICAL_FAILURE,tiago_semi_analytic,c96a32d,median-body-4344-torso015-J1-root-robot-zminus020-v5,wrist_center,gripper_grasping_frame,,310.66109996754676,no exact or boundary-refined wrist branch met strict wrist-center/orientation/SEW tolerances,,,,,,,,,,,,,,,oracle_inconclusive,,
438,withdrawal,high,0.8172320255000001,tiago_sew,NUMERICAL_FAILURE,tiago_semi_analytic,c96a32d,median-body-4344-torso015-J1-root-robot-zminus020-v5,wrist_center,gripper_grasping_frame,,320.8028000080958,no exact or boundary-refined wrist branch met strict wrist-center/orientation/SEW tolerances,,,,,,,,,,,,,,,oracle_inconclusive,,
439,withdrawal,high,0.8171201175,tiago_sew,NUMERICAL_FAILURE,tiago_semi_analytic,c96a32d,median-body-4344-torso015-J1-root-robot-zminus020-v5,wrist_center,gripper_grasping_frame,,313.7379999971017,no exact or boundary-refined wrist branch met strict wrist-center/orientation/SEW tolerances,,,,,,,,,,,,,,,oracle_inconclusive,,
440,withdrawal,high,0.8171036375,tiago_sew,NUMERICAL_FAILURE,tiago_semi_analytic,c96a32d,median-body-4344-torso015-J1-root-robot-zminus020-v5,wrist_center,gripper_grasping_frame,,326.74770010635257,no exact or boundary-refined wrist branch met strict wrist-center/orientation/SEW tolerances,,,,,,,,,,,,,,,oracle_inconclusive,,
441,withdrawal,high,0.8170548095,tiago_sew,NUMERICAL_FAILURE,tiago_semi_analytic,c96a32d,median-body-4344-torso015-J1-root-robot-zminus020-v5,wrist_center,gripper_grasping_frame,,178.10999997891486,no exact or boundary-refined wrist branch met strict wrist-center/orientation/SEW tolerances,,,,,,,,,,,,,,,oracle_inconclusive,,
442,withdrawal,high,0.8170563665,tiago_sew,NUMERICAL_FAILURE,tiago_semi_analytic,c96a32d,median-body-4344-torso015-J1-root-robot-zminus020-v5,wrist_center,gripper_grasping_frame,,320.2423999318853,no exact or boundary-refined wrist branch met strict wrist-center/orientation/SEW tolerances,,,,,,,,,,,,,,,oracle_inconclusive,,
443,withdrawal,high,0.8169669195,tiago_sew,NUMERICAL_FAILURE,tiago_semi_analytic,c96a32d,median-body-4344-torso015-J1-root-robot-zminus020-v5,wrist_center,gripper_grasping_frame,,341.35509992484003,no exact or boundary-refined wrist branch met strict wrist-center/orientation/SEW tolerances,,,,,,,,,,,,,,,oracle_inconclusive,,
444,withdrawal,high,0.8168153385,tiago_sew,NUMERICAL_FAILURE,tiago_semi_analytic,c96a32d,median-body-4344-torso015-J1-root-robot-zminus020-v5,wrist_center,gripper_grasping_frame,,318.59450007323176,no exact or boundary-refined wrist branch met strict wrist-center/orientation/SEW tolerances,,,,,,,,,,,,,,,oracle_inconclusive,,
445,withdrawal,high,0.8165024415,tiago_sew,NUMERICAL_FAILURE,tiago_semi_analytic,c96a32d,median-body-4344-torso015-J1-root-robot-zminus020-v5,wrist_center,gripper_grasping_frame,,321.9860999379307,no exact or boundary-refined wrist branch met strict wrist-center/orientation/SEW tolerances,,,,,,,,,,,,,,,oracle_inconclusive,,
446,withdrawal,high,0.8162549445,tiago_sew,NUMERICAL_FAILURE,tiago_semi_analytic,c96a32d,median-body-4344-torso015-J1-root-robot-zminus020-v5,wrist_center,gripper_grasping_frame,,327.8518000151962,no exact or boundary-refined wrist branch met strict wrist-center/orientation/SEW tolerances,,,,,,,,,,,,,,,oracle_inconclusive,,
447,withdrawal,high,0.8160354925,tiago_sew,NUMERICAL_FAILURE,tiago_semi_analytic,c96a32d,median-body-4344-torso015-J1-root-robot-zminus020-v5,wrist_center,gripper_grasping_frame,,492.6425999728963,no exact or boundary-refined wrist branch met strict wrist-center/orientation/SEW tolerances,,,,,,,,,,,,,,,oracle_inconclusive,,
448,withdrawal,high,0.8159149175,tiago_sew,NUMERICAL_FAILURE,tiago_semi_analytic,c96a32d,median-body-4344-torso015-J1-root-robot-zminus020-v5,wrist_center,gripper_grasping_frame,,336.54150005895644,no exact or boundary-refined wrist branch met strict wrist-center/orientation/SEW tolerances,,,,,,,,,,,,,,,oracle_inconclusive,,
449,withdrawal,high,0.8157933045,tiago_sew,NUMERICAL_FAILURE,tiago_semi_analytic,c96a32d,median-body-4344-torso015-J1-root-robot-zminus020-v5,wrist_center,gripper_grasping_frame,,365.4122999869287,no exact or boundary-refined wrist branch met strict wrist-center/orientation/SEW tolerances,,,,,,,,,,,,,,,oracle_inconclusive,,
450,withdrawal,high,0.8155849915,tiago_sew,NUMERICAL_FAILURE,tiago_semi_analytic,c96a32d,median-body-4344-torso015-J1-root-robot-zminus020-v5,wrist_center,gripper_grasping_frame,,319.86540008801967,no exact or boundary-refined wrist branch met strict wrist-center/orientation/SEW tolerances,,,,,,,,,,,,,,,oracle_inconclusive,,
451,withdrawal,high,0.8150641175,tiago_sew,NUMERICAL_FAILURE,tiago_semi_analytic,c96a32d,median-body-4344-torso015-J1-root-robot-zminus020-v5,wrist_center,gripper_grasping_frame,,335.74670006055385,no exact or boundary-refined wrist branch met strict wrist-center/orientation/SEW tolerances,,,,,,,,,,,,,,,oracle_inconclusive,,
452,withdrawal,high,0.8146621095,tiago_sew,NUMERICAL_FAILURE,tiago_semi_analytic,c96a32d,median-body-4344-torso015-J1-root-robot-zminus020-v5,wrist_center,gripper_grasping_frame,,368.00700007006526,no exact or boundary-refined wrist branch met strict wrist-center/orientation/SEW tolerances,,,,,,,,,,,,,,,oracle_inconclusive,,
453,withdrawal,high,0.8142962345,tiago_sew,NUMERICAL_FAILURE,tiago_semi_analytic,c96a32d,median-body-4344-torso015-J1-root-robot-zminus020-v5,wrist_center,gripper_grasping_frame,,383.10630002524704,no exact or boundary-refined wrist branch met strict wrist-center/orientation/SEW tolerances,,,,,,,,,,,,,,,oracle_inconclusive,,
454,withdrawal,high,0.8137507635,tiago_sew,NUMERICAL_FAILURE,tiago_semi_analytic,c96a32d,median-body-4344-torso015-J1-root-robot-zminus020-v5,wrist_center,gripper_grasping_frame,,338.1828999845311,no exact or boundary-refined wrist branch met strict wrist-center/orientation/SEW tolerances,,,,,,,,,,,,,,,oracle_inconclusive,,
455,withdrawal,high,0.8132080385,tiago_sew,NUMERICAL_FAILURE,tiago_semi_analytic,c96a32d,median-body-4344-torso015-J1-root-robot-zminus020-v5,wrist_center,gripper_grasping_frame,,347.5452000275254,no exact or boundary-refined wrist branch met strict wrist-center/orientation/SEW tolerances,,,,,,,,,,,,,,,oracle_inconclusive,,
456,withdrawal,high,0.8123339235,tiago_sew,NUMERICAL_FAILURE,tiago_semi_analytic,c96a32d,median-body-4344-torso015-J1-root-robot-zminus020-v5,wrist_center,gripper_grasping_frame,,318.7368999933824,no exact or boundary-refined wrist branch met strict wrist-center/orientation/SEW tolerances,,,,,,,,,,,,,,,oracle_inconclusive,,
457,withdrawal,high,0.8117846074999999,tiago_sew,NUMERICAL_FAILURE,tiago_semi_analytic,c96a32d,median-body-4344-torso015-J1-root-robot-zminus020-v5,wrist_center,gripper_grasping_frame,,311.59489997662604,no exact or boundary-refined wrist branch met strict wrist-center/orientation/SEW tolerances,,,,,,,,,,,,,,,oracle_inconclusive,,
458,withdrawal,high,0.8106003415,tiago_sew,NUMERICAL_FAILURE,tiago_semi_analytic,c96a32d,median-body-4344-torso015-J1-root-robot-zminus020-v5,wrist_center,gripper_grasping_frame,,297.3103999393061,no exact or boundary-refined wrist branch met strict wrist-center/orientation/SEW tolerances,,,,,,,,,,,,,,,oracle_inconclusive,,
459,withdrawal,high,0.8098339545,tiago_sew,NUMERICAL_FAILURE,tiago_semi_analytic,c96a32d,median-body-4344-torso015-J1-root-robot-zminus020-v5,wrist_center,gripper_grasping_frame,,311.2047000322491,no exact or boundary-refined wrist branch met strict wrist-center/orientation/SEW tolerances,,,,,,,,,,,,,,,oracle_inconclusive,,
460,withdrawal,high,0.8086800235,tiago_sew,NUMERICAL_FAILURE,tiago_semi_analytic,c96a32d,median-body-4344-torso015-J1-root-robot-zminus020-v5,wrist_center,gripper_grasping_frame,,329.87000001594424,no exact or boundary-refined wrist branch met strict wrist-center/orientation/SEW tolerances,,,,,,,,,,,,,,,oracle_inconclusive,,
461,withdrawal,high,0.8075873105,tiago_sew,NUMERICAL_FAILURE,tiago_semi_analytic,c96a32d,median-body-4344-torso015-J1-root-robot-zminus020-v5,wrist_center,gripper_grasping_frame,,356.0901000164449,no exact or boundary-refined wrist branch met strict wrist-center/orientation/SEW tolerances,,,,,,,,,,,,,,,oracle_inconclusive,,
462,withdrawal,high,0.8063290405000001,tiago_sew,NUMERICAL_FAILURE,tiago_semi_analytic,c96a32d,median-body-4344-torso015-J1-root-robot-zminus020-v5,wrist_center,gripper_grasping_frame,,306.7102999193594,no exact or boundary-refined wrist branch met strict wrist-center/orientation/SEW tolerances,,,,,,,,,,,,,,,oracle_inconclusive,,
463,withdrawal,high,0.8050871584999999,tiago_sew,NUMERICAL_FAILURE,tiago_semi_analytic,c96a32d,median-body-4344-torso015-J1-root-robot-zminus020-v5,wrist_center,gripper_grasping_frame,,333.88029993511736,no exact or boundary-refined wrist branch met strict wrist-center/orientation/SEW tolerances,,,,,,,,,,,,,,,oracle_inconclusive,,
464,withdrawal,high,0.8037972105,tiago_sew,NUMERICAL_FAILURE,tiago_semi_analytic,c96a32d,median-body-4344-torso015-J1-root-robot-zminus020-v5,wrist_center,gripper_grasping_frame,,347.31900005135685,no exact or boundary-refined wrist branch met strict wrist-center/orientation/SEW tolerances,,,,,,,,,,,,,,,oracle_inconclusive,,
465,withdrawal,high,0.8022009585000001,tiago_sew,NUMERICAL_FAILURE,tiago_semi_analytic,c96a32d,median-body-4344-torso015-J1-root-robot-zminus020-v5,wrist_center,gripper_grasping_frame,,321.90629991237074,no exact or boundary-refined wrist branch met strict wrist-center/orientation/SEW tolerances,,,,,,,,,,,,,,,oracle_inconclusive,,
466,withdrawal,high,0.8006700135,tiago_sew,NUMERICAL_FAILURE,tiago_semi_analytic,c96a32d,median-body-4344-torso015-J1-root-robot-zminus020-v5,wrist_center,gripper_grasping_frame,,183.52620000950992,no exact or boundary-refined wrist branch met strict wrist-center/orientation/SEW tolerances,,,,,,,,,,,,,,,oracle_inconclusive,,
467,withdrawal,high,0.7991165465,tiago_sew,NUMERICAL_FAILURE,tiago_semi_analytic,c96a32d,median-body-4344-torso015-J1-root-robot-zminus020-v5,wrist_center,gripper_grasping_frame,,351.0124000022188,no exact or boundary-refined wrist branch met strict wrist-center/orientation/SEW tolerances,,,,,,,,,,,,,,,oracle_inconclusive,,
468,withdrawal,middle,0.7974333495,tiago_sew,NUMERICAL_FAILURE,tiago_semi_analytic,c96a32d,median-body-4344-torso015-J1-root-robot-zminus020-v5,wrist_center,gripper_grasping_frame,,318.46580002456903,no exact or boundary-refined wrist branch met strict wrist-center/orientation/SEW tolerances,,,,,,,,,,,,,,,oracle_inconclusive,,
469,withdrawal,middle,0.7956394655,tiago_sew,NUMERICAL_FAILURE,tiago_semi_analytic,c96a32d,median-body-4344-torso015-J1-root-robot-zminus020-v5,wrist_center,gripper_grasping_frame,,300.49119994509965,no exact or boundary-refined wrist branch met strict wrist-center/orientation/SEW tolerances,,,,,,,,,,,,,,,oracle_inconclusive,,
470,withdrawal,middle,0.7938693545,tiago_sew,NUMERICAL_FAILURE,tiago_semi_analytic,c96a32d,median-body-4344-torso015-J1-root-robot-zminus020-v5,wrist_center,gripper_grasping_frame,,269.78249999228865,no exact or boundary-refined wrist branch met strict wrist-center/orientation/SEW tolerances,,,,,,,,,,,,,,,oracle_inconclusive,,
471,withdrawal,middle,0.7921180725,tiago_sew,SUCCESS_EXACT,tiago_semi_analytic,c96a32d,median-body-4344-torso015-J1-root-robot-zminus020-v5,wrist_center,gripper_grasping_frame,seed-9-wrist-1-boundary,143.52649997454137,,1.780675231800353,0.05697164867927219,-1.928909802436491,1.4766816618798146,0.3524556177300836,-0.4748711892841126,-2.0943999999999994,0.9359531776363126,0.4113350165303649,0.10796997590768692,2.5444437451708134e-14,0.4360084528912909,0.5331653964944046,0.7734053375376676,reachable_success,99.80606125058951,2.5444437451708134e-14
472,withdrawal,middle,0.7903738714999999,tiago_sew,SUCCESS_EXACT,tiago_semi_analytic,c96a32d,median-body-4344-torso015-J1-root-robot-zminus020-v5,wrist_center,gripper_grasping_frame,seed-9-wrist-0-boundary,290.9553999779746,,1.765853043078326,0.04667544605696035,-1.93509249916121,1.5074156003885681,0.3394523958336149,-0.4788803515422112,-2.0943999999999448,0.005245969276419043,0.0023222079367696815,0.0005959447624828783,3.1551102440118085e-12,0.432134819162566,0.5255800729529823,0.7715000163241623,reachable_success,100.55109098532927,3.1551102440118085e-12
473,withdrawal,middle,0.7885017095,tiago_sew,SUCCESS_EXACT,tiago_semi_analytic,c96a32d,median-body-4344-torso015-J1-root-robot-zminus020-v5,wrist_center,gripper_grasping_frame,seed-0-wrist-0,2.800100017338991,,1.7508771965922687,0.03460979665835627,-1.9423868391953105,1.5423560865830777,0.2990314016048017,-0.4856110299986809,-2.0706043211449945,3.3219887712359855e-11,8.344571571761528e-14,2.0355549961366507e-13,1.3633919690405008,0.4287846534751284,0.5179572359414265,0.7684610087362148,reachable_success,102.86704335836292,1.3633919690405008
474,withdrawal,middle,0.7865282284999999,tiago_sew,SUCCESS_EXACT,tiago_semi_analytic,c96a32d,median-body-4344-torso015-J1-root-robot-zminus020-v5,wrist_center,gripper_grasping_frame,seed-0-wrist-0,3.241600003093481,,1.7352602925834648,0.02148638117130628,-1.9501050128590263,1.5782968112300508,0.258513841284707,-0.49308699080335083,-2.051978708157897,5.682696371110527e-11,4.1588412112257776e-14,7.887775610029521e-13,2.4305609840452496,0.4255057631689954,0.5098614599776198,0.7654604418297899,reachable_success,105.18852856087108,2.4305609840452496
475,withdrawal,middle,0.7847647405,tiago_sew,SUCCESS_EXACT,tiago_semi_analytic,c96a32d,median-body-4344-torso015-J1-root-robot-zminus020-v5,wrist_center,gripper_grasping_frame,seed-0-wrist-0,3.217600053176284,,1.7199445448951627,0.008511878511964532,-1.9579442346868272,1.6138279974747392,0.205668644991563,-0.5145348763756825,-2.021458546065137,1.0400836003151456e-10,4.5529786437290506e-14,7.887775610029521e-13,4.179237462015546,0.42310590353689853,0.5016377674050695,0.7598633186836555,reachable_success,108.2163352760086,4.179237462015546
476,withdrawal,middle,0.7830656745,tiago_sew,SUCCESS_EXACT,tiago_semi_analytic,c96a32d,median-body-4344-torso015-J1-root-robot-zminus020-v5,wrist_center,gripper_grasping_frame,seed-0-wrist-0,3.1288000755012035,,1.7051972593022797,-0.0055071133646019165,-1.966669537263116,1.6488250783377232,0.15034919447671236,-0.5344490935031256,-1.9950984410514385,1.7927370766036756e-10,5.19282299089321e-14,4.172887742080134e-12,5.689560226822115,0.42144083583803715,0.4936205242108913,0.755107074204991,reachable_success,111.38590631549236,5.689560226822115
477,withdrawal,middle,0.7812500305,tiago_sew,SUCCESS_EXACT,tiago_semi_analytic,c96a32d,median-body-4344-torso015-J1-root-robot-zminus020-v5,wrist_center,gripper_grasping_frame,seed-0-wrist-0,2.9323999769985676,,1.6895831132385026,-0.019007970119348225,-1.9741094718408116,1.6851369303595114,0.09319834069185884,-0.5491502884229114,-1.9690848839935562,4.351319586386887e-10,3.661345144740186e-14,4.300109929338675e-12,7.1800272563615275,0.42018333882506465,0.4854692408588488,0.7513370022156546,reachable_success,114.66040903293373,7.1800272563615275
478,withdrawal,middle,0.7792753295,tiago_sew,SUCCESS_EXACT,tiago_semi_analytic,c96a32d,median-body-4344-torso015-J1-root-robot-zminus020-v5,wrist_center,gripper_grasping_frame,seed-0-wrist-0,2.78700003400445,,1.6738098867999196,-0.033698694687767865,-1.9818094199185674,1.7208309620754143,0.04204226979477754,-0.5653761093936112,-1.947953438376448,4.724198864402678e-10,7.53299160812621e-15,7.63333123551244e-12,8.390769905232045,0.41906445738988557,0.47703250202407077,0.7475952008060666,reachable_success,117.59143599180851,8.390769905232045
479,withdrawal,middle,0.7774472965,tiago_sew,SUCCESS_EXACT,tiago_semi_analytic,c96a32d,median-body-4344-torso015-J1-root-robot-zminus020-v5,wrist_center,gripper_grasping_frame,seed-0-wrist-0,3.1208000145852566,,1.6581035170494018,-0.04719579180149867,-1.9885043733448846,1.7578711031767724,0.02159141872551107,-0.5828688883465434,-1.952748899776818,1.988526531655406e-09,2.2838835618779713e-14,2.317988251850611e-11,8.116010206172946,0.4140271141231065,0.4675612268179218,0.7437688672364081,reachable_success,118.76318344552809,8.116010206172946
480,withdrawal,middle,0.7755496825,tiago_sew,SUCCESS_EXACT,tiago_semi_analytic,c96a32d,median-body-4344-torso015-J1-root-robot-zminus020-v5,wrist_center,gripper_grasping_frame,seed-0-wrist-0,3.1943999929353595,,1.6418305912788143,-0.06098748173789573,-1.9949367132147584,1.7945060935735782,-0.01059520405207337,-0.5992398151994793,-1.9413669771937112,2.595743492563967e-09,6.447308598108687e-14,3.811576730265879e-11,8.76814633292961,0.4109005452350415,0.4582614480701493,0.7402355207099139,reachable_success,119.3932201369359,8.76814633292961
481,withdrawal,middle,0.7734488225,tiago_sew,SUCCESS_EXACT,tiago_semi_analytic,c96a32d,median-body-4344-torso015-J1-root-robot-zminus020-v5,wrist_center,gripper_grasping_frame,seed-0-wrist-0,3.078400040976703,,1.6264911617848505,-0.07573269202790152,-2.0012323921283772,1.8313102297961987,-0.049227075804745724,-0.6190925588931822,-1.9145756292206144,6.3021557106848044e-09,4.291143380467477e-14,1.0997085866628256e-10,10.30317749925443,0.4082183005684951,0.44927582272062944,0.7360681858233685,reachable_success,117.17977693081711,10.30317749925443
482,withdrawal,middle,0.7716724245,tiago_sew,SUCCESS_EXACT,tiago_semi_analytic,c96a32d,median-body-4344-torso015-J1-root-robot-zminus020-v5,wrist_center,gripper_grasping_frame,seed-0-wrist-0,2.9088000301271677,,1.6112413091321993,-0.08979006727995396,-2.007711969075597,1.8668001757703048,-0.08438801365016424,-0.6457242855393162,-1.8838721887529992,8.422179986214035e-09,7.539045559436593e-14,1.5811173432491434e-10,12.062355054579958,0.40608323314700956,0.44006020402796,0.7311031640232813,reachable_success,115.16520358855281,12.062355054579958
483,withdrawal,middle,0.7696868285,tiago_sew,SUCCESS_EXACT,tiago_semi_analytic,c96a32d,median-body-4344-torso015-J1-root-robot-zminus020-v5,wrist_center,gripper_grasping_frame,seed-0-wrist-0,2.6771000120788813,,1.596558597990869,-0.10445023697141559,-2.013717113071429,1.9019166436535597,-0.11881449033804614,-0.6759433878524521,-1.8501217196458377,1.5334006730522026e-08,9.059333332817333e-14,3.3204990874479113e-10,13.996114491006981,0.4041865043212594,0.4309031855428292,0.7254067545052495,reachable_success,113.19271177083166,13.996114491006981
484,withdrawal,middle,0.7676491395,tiago_sew,SUCCESS_EXACT,tiago_semi_analytic,c96a32d,median-body-4344-torso015-J1-root-robot-zminus020-v5,wrist_center,gripper_grasping_frame,seed-0-wrist-0,3.289500018581748,,1.5822629037191462,-0.11917297568526418,-2.0193096249347104,1.9364849468556138,-0.1533347428938754,-0.7007068869954827,-1.8185847913793944,2.7083631671724657e-08,4.8743720885301746e-14,6.402838240347835e-10,15.803047379481008,0.4023978241371093,0.4221076825289054,0.720957685195881,reachable_success,111.21484699165696,15.803047379481008
485,withdrawal,middle,0.7657666624999999,tiago_sew,SUCCESS_EXACT,tiago_semi_analytic,c96a32d,median-body-4344-torso015-J1-root-robot-zminus020-v5,wrist_center,gripper_grasping_frame,seed-0-wrist-0,3.352500032633543,,1.5682001274860347,-0.13525422175436003,-2.02627124442893,1.9704289604007943,-0.18161547794682775,-0.7312418323604635,-1.8001942027014968,4.160810013725243e-08,1.0070089446227178e-13,1.0790477034520385e-09,16.85675049348562,0.4006791024716465,0.41286384060747816,0.7159686216354312,reachable_success,109.5944802315951,16.85675049348562
486,withdrawal,middle,0.7637472535000001,tiago_sew,SUCCESS_EXACT,tiago_semi_analytic,c96a32d,median-body-4344-torso015-J1-root-robot-zminus020-v5,wrist_center,gripper_grasping_frame,seed-0-wrist-0,3.694899962283671,,1.5542692143894714,-0.15118211371402643,-2.032362896027775,2.0052872263544947,-0.2091207699180817,-0.76475771596348,-1.7867087660630467,3.433175098891678e-13,6.076917113131629e-14,0.0,17.629409097759897,0.3987502412699362,0.40341060241369975,0.7103310135565953,reachable_success,108.01854308736718,17.629409097759897
487,withdrawal,middle,0.7616421204999999,tiago_sew,SUCCESS_EXACT,tiago_semi_analytic,c96a32d,median-body-4344-torso015-J1-root-robot-zminus020-v5,wrist_center,gripper_grasping_frame,seed-0-wrist-0,3.7902999902144074,,1.540217954168242,-0.1685409120642914,-2.0390042956181347,2.040807436471408,-0.23642491247240294,-0.799004838150875,-1.7790775284715732,2.288783399261119e-13,1.8582001273016244e-14,0.0,18.066646804212912,0.3970003093190401,0.39368311280314916,0.7049166760198987,reachable_success,106.45413095578103,18.066646804212912
488,withdrawal,middle,0.7595594784999999,tiago_sew,SUCCESS_EXACT,tiago_semi_analytic,c96a32d,median-body-4344-torso015-J1-root-robot-zminus020-v5,wrist_center,gripper_grasping_frame,seed-0-wrist-0,3.613000037148595,,1.5265566754158355,-0.18667098982482003,-2.0460258756571648,2.0759608212485237,-0.26063876192574575,-0.8354564779553488,-1.7778647355573858,2.077037090527612e-13,6.986436232504245e-14,2.5444437451708134e-14,16.05594923887671,0.39528368722425705,0.3838044813082863,0.6993730216451456,reachable_success,105.06677957633933,18.13613471961922
489,withdrawal,middle,0.7571787114999999,tiago_sew,SUCCESS_EXACT,tiago_semi_analytic,c96a32d,median-body-4344-torso015-J1-root-robot-zminus020-v5,wrist_center,gripper_grasping_frame,seed-0-wrist-0,3.7791000213474035,,1.5125960037430137,-0.20493607601330233,-2.0517343286491845,2.1114360611438863,-0.2805401320633969,-0.8706100694040271,-1.779577100498729,2.2377260456559047e-13,3.722262822458783e-14,2.5444437451708134e-14,14.023367715658312,0.3929991466912247,0.37370486813570925,0.6936148346115694,reachable_success,103.92651506092422,18.038023435494082
490,withdrawal,middle,0.7545257265,tiago_sew,SUCCESS_EXACT,tiago_semi_analytic,c96a32d,median-body-4344-torso015-J1-root-robot-zminus020-v5,wrist_center,gripper_grasping_frame,seed-0-wrist-0,3.693699953146279,,1.499044578251187,-0.22283334198997204,-2.0557768739644415,2.146388911478281,-0.30069849832275075,-0.9085344114264942,-1.7733360967410174,4.839349969133126e-13,6.286205981183613e-14,2.5444437451708134e-14,12.020716909545076,0.3910364724604791,0.3637070814454978,0.6869997507996018,reachable_success,102.77152575238432,18.395606610736248
491,withdrawal,middle,0.7519035345,tiago_sew,SUCCESS_EXACT,tiago_semi_analytic,c96a32d,median-body-4344-torso015-J1-root-robot-zminus020-v5,wrist_center,gripper_grasping_frame,seed-0-wrist-0,3.5926999989897013,,1.4867076715176966,-0.24255105471016736,-2.060880429602427,2.1801879044773305,-0.321199606732403,-0.9430203219606086,-1.7643744497614433,2.319708659426424e-12,4.0393481809247365e-14,1.2722218725854067e-13,10.084177258907316,0.38914964257729806,0.35426316007787695,0.6815831598386748,reachable_success,101.59689876517109,18.909071160152006
492,withdrawal,middle,0.7492551275,tiago_sew,SUCCESS_EXACT,tiago_semi_analytic,c96a32d,median-body-4344-torso015-J1-root-robot-zminus020-v5,wrist_center,gripper_grasping_frame,seed-0-wrist-0,3.652699990198016,,1.4743449601862695,-0.26070133514656474,-2.064359870147448,2.213016079080137,-0.34250804996696793,-0.9729202817328448,-1.747588041477087,2.5410665284931877e-11,6.219714008045247e-14,1.1958885602302823e-12,8.20326140504793,0.3873813008399657,0.3452841315489469,0.676873530381807,reachable_success,100.37601489983643,19.870861508029062
493,withdrawal,middle,0.7462881775,tiago_sew,SUCCESS_EXACT,tiago_semi_analytic,c96a32d,median-body-4344-torso015-J1-root-robot-zminus020-v5,wrist_center,gripper_grasping_frame,seed-0-wrist-0,3.5831999266520143,,1.4625547270532024,-0.2798000597081043,-2.0667742819009094,2.2450864622952547,-0.3583116305532492,-1.0055253888247329,-1.7306846191213223,4.1718365991825757e-10,9.193875433527092e-14,1.8167328340519606e-11,6.3657637994545055,0.3850835997070225,0.33620108626531053,0.6710830041924304,reachable_success,99.47053643104763,20.839356268341465
494,withdrawal,middle,0.7431755675,tiago_sew,SUCCESS_EXACT,tiago_semi_analytic,c96a32d,median-body-4344-torso015-J1-root-robot-zminus020-v5,wrist_center,gripper_grasping_frame,seed-0-wrist-0,3.934399923309684,,1.4506838570247602,-0.29773322873284347,-2.0672589403391197,2.275961422626686,-0.3775190770616774,-1.0449727907564204,-1.7046231321361045,1.166356374747578e-08,8.501712509819481e-14,5.326029647391547e-10,4.59675887982964,0.38432617642826544,0.32703294076694056,0.6639589551523922,reachable_success,98.37003081089141,22.33256948042957
495,withdrawal,middle,0.7400906375,tiago_sew,SUCCESS_EXACT,tiago_semi_analytic,c96a32d,median-body-4344-torso015-J1-root-robot-zminus020-v5,wrist_center,gripper_grasping_frame,seed-0-wrist-0,4.188599996268749,,1.4389527277472676,-0.3162876969114962,-2.0678647105017425,2.307249348289981,-0.3932700678725958,-1.0760856273692765,-1.6811093715160927,3.7751664318895326e-13,9.673147287166066e-14,5.088887490341627e-14,2.8040927896037937,0.38215139754391536,0.3181407082486226,0.6583779839420507,reachable_success,97.46756551427644,23.679808724437162
496,withdrawal,middle,0.7367564245,tiago_sew,SUCCESS_EXACT,tiago_semi_analytic,c96a32d,median-body-4344-torso015-J1-root-robot-zminus020-v5,wrist_center,gripper_grasping_frame,seed-0-wrist-0,4.228799953125417,,1.4277917152973951,-0.3368283432843557,-2.068153268826265,2.3381120231941237,-0.4061189578400093,-1.1096119422971689,-1.6627028966736628,9.318164121774317e-07,6.472111209241151e-14,4.5591928248032025e-08,1.0357917731120923,0.3796923738184217,0.30914358012915866,0.6521387488125081,reachable_success,96.73137834771566,24.734422048622125
497,withdrawal,middle,0.7334400335,tiago_sew,NUMERICAL_FAILURE,tiago_semi_analytic,c96a32d,median-body-4344-torso015-J1-root-robot-zminus020-v5,wrist_center,gripper_grasping_frame,,231.73530003987253,no exact or boundary-refined wrist branch met strict wrist-center/orientation/SEW tolerances,,,,,,,,,,,,,,,oracle_inconclusive,,
498,withdrawal,middle,0.7300328375,tiago_sew,NUMERICAL_FAILURE,tiago_semi_analytic,c96a32d,median-body-4344-torso015-J1-root-robot-zminus020-v5,wrist_center,gripper_grasping_frame,,168.41169993858784,no exact or boundary-refined wrist branch met strict wrist-center/orientation/SEW tolerances,,,,,,,,,,,,,,,oracle_inconclusive,,
499,withdrawal,middle,0.7266297605,tiago_sew,NUMERICAL_FAILURE,tiago_semi_analytic,c96a32d,median-body-4344-torso015-J1-root-robot-zminus020-v5,wrist_center,gripper_grasping_frame,,174.52720005530864,no exact or boundary-refined wrist branch met strict wrist-center/orientation/SEW tolerances,,,,,,,,,,,,,,,oracle_inconclusive,,
500,withdrawal,middle,0.7230383455,tiago_sew,NUMERICAL_FAILURE,tiago_semi_analytic,c96a32d,median-body-4344-torso015-J1-root-robot-zminus020-v5,wrist_center,gripper_grasping_frame,,189.25119994673878,no exact or boundary-refined wrist branch met strict wrist-center/orientation/SEW tolerances,,,,,,,,,,,,,,,oracle_inconclusive,,
501,withdrawal,middle,0.7194678955,tiago_sew,NUMERICAL_FAILURE,tiago_semi_analytic,c96a32d,median-body-4344-torso015-J1-root-robot-zminus020-v5,wrist_center,gripper_grasping_frame,,185.0061999866739,no exact or boundary-refined wrist branch met strict wrist-center/orientation/SEW tolerances,,,,,,,,,,,,,,,oracle_inconclusive,,
502,withdrawal,low,0.7157329715,tiago_sew,NUMERICAL_FAILURE,tiago_semi_analytic,c96a32d,median-body-4344-torso015-J1-root-robot-zminus020-v5,wrist_center,gripper_grasping_frame,,196.14560005720705,no exact or boundary-refined wrist branch met strict wrist-center/orientation/SEW tolerances,,,,,,,,,,,,,,,oracle_inconclusive,,
503,withdrawal,low,0.7120044255,tiago_sew,NUMERICAL_FAILURE,tiago_semi_analytic,c96a32d,median-body-4344-torso015-J1-root-robot-zminus020-v5,wrist_center,gripper_grasping_frame,,197.00159993954003,no exact or boundary-refined wrist branch met strict wrist-center/orientation/SEW tolerances,,,,,,,,,,,,,,,oracle_inconclusive,,
504,withdrawal,low,0.7081760715000001,tiago_sew,NUMERICAL_FAILURE,tiago_semi_analytic,c96a32d,median-body-4344-torso015-J1-root-robot-zminus020-v5,wrist_center,gripper_grasping_frame,,208.90610001515597,no exact or boundary-refined wrist branch met strict wrist-center/orientation/SEW tolerances,,,,,,,,,,,,,,,oracle_inconclusive,,
505,withdrawal,low,0.7047968145,tiago_sew,NUMERICAL_FAILURE,tiago_semi_analytic,c96a32d,median-body-4344-torso015-J1-root-robot-zminus020-v5,wrist_center,gripper_grasping_frame,,222.37019997555763,no exact or boundary-refined wrist branch met strict wrist-center/orientation/SEW tolerances,,,,,,,,,,,,,,,oracle_inconclusive,,
506,withdrawal,low,0.7009085395,tiago_sew,NUMERICAL_FAILURE,tiago_semi_analytic,c96a32d,median-body-4344-torso015-J1-root-robot-zminus020-v5,wrist_center,gripper_grasping_frame,,229.90000003483146,no exact or boundary-refined wrist branch met strict wrist-center/orientation/SEW tolerances,,,,,,,,,,,,,,,oracle_inconclusive,,
507,withdrawal,low,0.6974098814999999,tiago_sew,NUMERICAL_FAILURE,tiago_semi_analytic,c96a32d,median-body-4344-torso015-J1-root-robot-zminus020-v5,wrist_center,gripper_grasping_frame,,242.38259997218847,no exact or boundary-refined wrist branch met strict wrist-center/orientation/SEW tolerances,,,,,,,,,,,,,,,oracle_inconclusive,,
508,withdrawal,low,0.6936666874999999,tiago_sew,NUMERICAL_FAILURE,tiago_semi_analytic,c96a32d,median-body-4344-torso015-J1-root-robot-zminus020-v5,wrist_center,gripper_grasping_frame,,259.6214000368491,no exact or boundary-refined wrist branch met strict wrist-center/orientation/SEW tolerances,,,,,,,,,,,,,,,oracle_inconclusive,,
509,withdrawal,low,0.6899167024999999,tiago_sew,NUMERICAL_FAILURE,tiago_semi_analytic,c96a32d,median-body-4344-torso015-J1-root-robot-zminus020-v5,wrist_center,gripper_grasping_frame,,265.462200040929,no exact or boundary-refined wrist branch met strict wrist-center/orientation/SEW tolerances,,,,,,,,,,,,,,,oracle_inconclusive,,
510,withdrawal,low,0.6862464755,tiago_sew,NUMERICAL_FAILURE,tiago_semi_analytic,c96a32d,median-body-4344-torso015-J1-root-robot-zminus020-v5,wrist_center,gripper_grasping_frame,,328.8722999859601,no exact or boundary-refined wrist branch met strict wrist-center/orientation/SEW tolerances,,,,,,,,,,,,,,,oracle_inconclusive,,
511,withdrawal,low,0.6825678255000001,tiago_sew,NUMERICAL_FAILURE,tiago_semi_analytic,c96a32d,median-body-4344-torso015-J1-root-robot-zminus020-v5,wrist_center,gripper_grasping_frame,,372.57339991629124,no exact or boundary-refined wrist branch met strict wrist-center/orientation/SEW tolerances,,,,,,,,,,,,,,,oracle_inconclusive,,
512,withdrawal,low,0.6791035615,tiago_sew,NUMERICAL_FAILURE,tiago_semi_analytic,c96a32d,median-body-4344-torso015-J1-root-robot-zminus020-v5,wrist_center,gripper_grasping_frame,,379.5222999760881,no exact or boundary-refined wrist branch met strict wrist-center/orientation/SEW tolerances,,,,,,,,,,,,,,,oracle_inconclusive,,
513,withdrawal,low,0.6755286255,tiago_sew,NUMERICAL_FAILURE,tiago_semi_analytic,c96a32d,median-body-4344-torso015-J1-root-robot-zminus020-v5,wrist_center,gripper_grasping_frame,,360.53150007501245,no exact or boundary-refined wrist branch met strict wrist-center/orientation/SEW tolerances,,,,,,,,,,,,,,,oracle_inconclusive,,
514,withdrawal,low,0.6720131994999999,tiago_sew,NUMERICAL_FAILURE,tiago_semi_analytic,c96a32d,median-body-4344-torso015-J1-root-robot-zminus020-v5,wrist_center,gripper_grasping_frame,,389.01739998254925,no exact or boundary-refined wrist branch met strict wrist-center/orientation/SEW tolerances,,,,,,,,,,,,,,,oracle_inconclusive,,
515,withdrawal,low,0.6688006445,tiago_sew,NUMERICAL_FAILURE,tiago_semi_analytic,c96a32d,median-body-4344-torso015-J1-root-robot-zminus020-v5,wrist_center,gripper_grasping_frame,,397.43520005140454,no exact or boundary-refined wrist branch met strict wrist-center/orientation/SEW tolerances,,,,,,,,,,,,,,,oracle_inconclusive,,
516,withdrawal,low,0.6655952155,tiago_sew,NUMERICAL_FAILURE,tiago_semi_analytic,c96a32d,median-body-4344-torso015-J1-root-robot-zminus020-v5,wrist_center,gripper_grasping_frame,,417.26519993972033,no exact or boundary-refined wrist branch met strict wrist-center/orientation/SEW tolerances,,,,,,,,,,,,,,,oracle_inconclusive,,
517,withdrawal,low,0.6626894225,tiago_sew,NUMERICAL_FAILURE,tiago_semi_analytic,c96a32d,median-body-4344-torso015-J1-root-robot-zminus020-v5,wrist_center,gripper_grasping_frame,,426.8953000428155,no exact or boundary-refined wrist branch met strict wrist-center/orientation/SEW tolerances,,,,,,,,,,,,,,,oracle_inconclusive,,
518,withdrawal,low,0.6597145545,tiago_sew,NUMERICAL_FAILURE,tiago_semi_analytic,c96a32d,median-body-4344-torso015-J1-root-robot-zminus020-v5,wrist_center,gripper_grasping_frame,,526.7761999275535,no exact or boundary-refined wrist branch met strict wrist-center/orientation/SEW tolerances,,,,,,,,,,,,,,,oracle_inconclusive,,
519,withdrawal,low,0.6569936985,tiago_sew,NUMERICAL_FAILURE,tiago_semi_analytic,c96a32d,median-body-4344-torso015-J1-root-robot-zminus020-v5,wrist_center,gripper_grasping_frame,,464.5411999663338,no exact or boundary-refined wrist branch met strict wrist-center/orientation/SEW tolerances,,,,,,,,,,,,,,,oracle_inconclusive,,
520,withdrawal,low,0.6545324555,tiago_sew,NUMERICAL_FAILURE,tiago_semi_analytic,c96a32d,median-body-4344-torso015-J1-root-robot-zminus020-v5,wrist_center,gripper_grasping_frame,,610.0947000086308,no exact or boundary-refined wrist branch met strict wrist-center/orientation/SEW tolerances,,,,,,,,,,,,,,,oracle_inconclusive,,
521,withdrawal,low,0.6521990815,tiago_sew,NUMERICAL_FAILURE,tiago_semi_analytic,c96a32d,median-body-4344-torso015-J1-root-robot-zminus020-v5,wrist_center,gripper_grasping_frame,,959.015000029467,no exact or boundary-refined wrist branch met strict wrist-center/orientation/SEW tolerances,,,,,,,,,,,,,,,oracle_inconclusive,,
522,withdrawal,low,0.6500365145,tiago_sew,NUMERICAL_FAILURE,tiago_semi_analytic,c96a32d,median-body-4344-torso015-J1-root-robot-zminus020-v5,wrist_center,gripper_grasping_frame,,602.5753000285476,no exact or boundary-refined wrist branch met strict wrist-center/orientation/SEW tolerances,,,,,,,,,,,,,,,oracle_inconclusive,,
523,withdrawal,low,0.6481962434999999,tiago_sew,NUMERICAL_FAILURE,tiago_semi_analytic,c96a32d,median-body-4344-torso015-J1-root-robot-zminus020-v5,wrist_center,gripper_grasping_frame,,585.1878999965265,no exact or boundary-refined wrist branch met strict wrist-center/orientation/SEW tolerances,,,,,,,,,,,,,,,oracle_inconclusive,,
524,withdrawal,low,0.6461966555,tiago_sew,NUMERICAL_FAILURE,tiago_semi_analytic,c96a32d,median-body-4344-torso015-J1-root-robot-zminus020-v5,wrist_center,gripper_grasping_frame,,425.45149999205023,no exact or boundary-refined wrist branch met strict wrist-center/orientation/SEW tolerances,,,,,,,,,,,,,,,oracle_inconclusive,,
525,withdrawal,low,0.6442877505,tiago_sew,NUMERICAL_FAILURE,tiago_semi_analytic,c96a32d,median-body-4344-torso015-J1-root-robot-zminus020-v5,wrist_center,gripper_grasping_frame,,450.1901000039652,no exact or boundary-refined wrist branch met strict wrist-center/orientation/SEW tolerances,,,,,,,,,,,,,,,oracle_inconclusive,,
526,withdrawal,low,0.6422313534999999,tiago_sew,NUMERICAL_FAILURE,tiago_semi_analytic,c96a32d,median-body-4344-torso015-J1-root-robot-zminus020-v5,wrist_center,gripper_grasping_frame,,406.31390002090484,no exact or boundary-refined wrist branch met strict wrist-center/orientation/SEW tolerances,,,,,,,,,,,,,,,oracle_inconclusive,,
527,withdrawal,low,0.6409184725,tiago_sew,NUMERICAL_FAILURE,tiago_semi_analytic,c96a32d,median-body-4344-torso015-J1-root-robot-zminus020-v5,wrist_center,gripper_grasping_frame,,379.7243000008166,no exact or boundary-refined wrist branch met strict wrist-center/orientation/SEW tolerances,,,,,,,,,,,,,,,oracle_inconclusive,,
528,withdrawal,low,0.6391824495,tiago_sew,NUMERICAL_FAILURE,tiago_semi_analytic,c96a32d,median-body-4344-torso015-J1-root-robot-zminus020-v5,wrist_center,gripper_grasping_frame,,419.94270007126033,no exact or boundary-refined wrist branch met strict wrist-center/orientation/SEW tolerances,,,,,,,,,,,,,,,oracle_inconclusive,,
529,withdrawal,low,0.6380029755,tiago_sew,NUMERICAL_FAILURE,tiago_semi_analytic,c96a32d,median-body-4344-torso015-J1-root-robot-zminus020-v5,wrist_center,gripper_grasping_frame,,368.9887000946328,no exact or boundary-refined wrist branch met strict wrist-center/orientation/SEW tolerances,,,,,,,,,,,,,,,oracle_inconclusive,,
530,withdrawal,low,0.6367430725000001,tiago_sew,NUMERICAL_FAILURE,tiago_semi_analytic,c96a32d,median-body-4344-torso015-J1-root-robot-zminus020-v5,wrist_center,gripper_grasping_frame,,347.72170009091496,no exact or boundary-refined wrist branch met strict wrist-center/orientation/SEW tolerances,,,,,,,,,,,,,,,oracle_inconclusive,,
531,withdrawal,low,0.6357197875,tiago_sew,NUMERICAL_FAILURE,tiago_semi_analytic,c96a32d,median-body-4344-torso015-J1-root-robot-zminus020-v5,wrist_center,gripper_grasping_frame,,357.3309000348672,no exact or boundary-refined wrist branch met strict wrist-center/orientation/SEW tolerances,,,,,,,,,,,,,,,oracle_inconclusive,,
532,withdrawal,low,0.6347793735,tiago_sew,NUMERICAL_FAILURE,tiago_semi_analytic,c96a32d,median-body-4344-torso015-J1-root-robot-zminus020-v5,wrist_center,gripper_grasping_frame,,353.39129995554686,no exact or boundary-refined wrist branch met strict wrist-center/orientation/SEW tolerances,,,,,,,,,,,,,,,oracle_inconclusive,,
533,withdrawal,low,0.6340029755,tiago_sew,NUMERICAL_FAILURE,tiago_semi_analytic,c96a32d,median-body-4344-torso015-J1-root-robot-zminus020-v5,wrist_center,gripper_grasping_frame,,353.63110003527254,no exact or boundary-refined wrist branch met strict wrist-center/orientation/SEW tolerances,,,,,,,,,,,,,,,oracle_inconclusive,,
534,withdrawal,low,0.6332664944999999,tiago_sew,NUMERICAL_FAILURE,tiago_semi_analytic,c96a32d,median-body-4344-torso015-J1-root-robot-zminus020-v5,wrist_center,gripper_grasping_frame,,321.67880004271865,no exact or boundary-refined wrist branch met strict wrist-center/orientation/SEW tolerances,,,,,,,,,,,,,,,oracle_inconclusive,,
535,withdrawal,low,0.6326483915,tiago_sew,NUMERICAL_FAILURE,tiago_semi_analytic,c96a32d,median-body-4344-torso015-J1-root-robot-zminus020-v5,wrist_center,gripper_grasping_frame,,343.07139995507896,no exact or boundary-refined wrist branch met strict wrist-center/orientation/SEW tolerances,,,,,,,,,,,,,,,oracle_inconclusive,,
536,withdrawal,low,0.6323486485,tiago_sew,NUMERICAL_FAILURE,tiago_semi_analytic,c96a32d,median-body-4344-torso015-J1-root-robot-zminus020-v5,wrist_center,gripper_grasping_frame,,321.9587999628857,no exact or boundary-refined wrist branch met strict wrist-center/orientation/SEW tolerances,,,,,,,,,,,,,,,oracle_inconclusive,,
537,withdrawal,low,0.6318393405,tiago_sew,NUMERICAL_FAILURE,tiago_semi_analytic,c96a32d,median-body-4344-torso015-J1-root-robot-zminus020-v5,wrist_center,gripper_grasping_frame,,328.0934999929741,no exact or boundary-refined wrist branch met strict wrist-center/orientation/SEW tolerances,,,,,,,,,,,,,,,oracle_inconclusive,,
538,withdrawal,low,0.6313863675,tiago_sew,NUMERICAL_FAILURE,tiago_semi_analytic,c96a32d,median-body-4344-torso015-J1-root-robot-zminus020-v5,wrist_center,gripper_grasping_frame,,331.1350999865681,no exact or boundary-refined wrist branch met strict wrist-center/orientation/SEW tolerances,,,,,,,,,,,,,,,oracle_inconclusive,,
539,withdrawal,low,0.6311635895,tiago_sew,NUMERICAL_FAILURE,tiago_semi_analytic,c96a32d,median-body-4344-torso015-J1-root-robot-zminus020-v5,wrist_center,gripper_grasping_frame,,345.54259991273284,no exact or boundary-refined wrist branch met strict wrist-center/orientation/SEW tolerances,,,,,,,,,,,,,,,oracle_inconclusive,,
540,withdrawal,low,0.6310594485,tiago_sew,NUMERICAL_FAILURE,tiago_semi_analytic,c96a32d,median-body-4344-torso015-J1-root-robot-zminus020-v5,wrist_center,gripper_grasping_frame,,321.56599999871105,no exact or boundary-refined wrist branch met strict wrist-center/orientation/SEW tolerances,,,,,,,,,,,,,,,oracle_inconclusive,,
541,withdrawal,low,0.6309295655,tiago_sew,NUMERICAL_FAILURE,tiago_semi_analytic,c96a32d,median-body-4344-torso015-J1-root-robot-zminus020-v5,wrist_center,gripper_grasping_frame,,328.1643999507651,no exact or boundary-refined wrist branch met strict wrist-center/orientation/SEW tolerances,,,,,,,,,,,,,,,oracle_inconclusive,,
542,withdrawal,low,0.6309302215,tiago_sew,NUMERICAL_FAILURE,tiago_semi_analytic,c96a32d,median-body-4344-torso015-J1-root-robot-zminus020-v5,wrist_center,gripper_grasping_frame,,325.4234000341967,no exact or boundary-refined wrist branch met strict wrist-center/orientation/SEW tolerances,,,,,,,,,,,,,,,oracle_inconclusive,,
543,withdrawal,low,0.6310173795,tiago_sew,NUMERICAL_FAILURE,tiago_semi_analytic,c96a32d,median-body-4344-torso015-J1-root-robot-zminus020-v5,wrist_center,gripper_grasping_frame,,324.2318000411615,no exact or boundary-refined wrist branch met strict wrist-center/orientation/SEW tolerances,,,,,,,,,,,,,,,oracle_inconclusive,,
544,withdrawal,low,0.6311520995,tiago_sew,NUMERICAL_FAILURE,tiago_semi_analytic,c96a32d,median-body-4344-torso015-J1-root-robot-zminus020-v5,wrist_center,gripper_grasping_frame,,313.14550002571195,no exact or boundary-refined wrist branch met strict wrist-center/orientation/SEW tolerances,,,,,,,,,,,,,,,oracle_inconclusive,,
545,withdrawal,low,0.6315720524999999,tiago_sew,NUMERICAL_FAILURE,tiago_semi_analytic,c96a32d,median-body-4344-torso015-J1-root-robot-zminus020-v5,wrist_center,gripper_grasping_frame,,426.90110008697957,no exact or boundary-refined wrist branch met strict wrist-center/orientation/SEW tolerances,,,,,,,,,,,,,,,oracle_inconclusive,,
546,withdrawal,low,0.6317978515,tiago_sew,NUMERICAL_FAILURE,tiago_semi_analytic,c96a32d,median-body-4344-torso015-J1-root-robot-zminus020-v5,wrist_center,gripper_grasping_frame,,368.87130001559854,no exact or boundary-refined wrist branch met strict wrist-center/orientation/SEW tolerances,,,,,,,,,,,,,,,oracle_inconclusive,,
