frame,event,wrist_height_phase,wrist_z_world_m,base_yaw_deg,joint_limit_aware,method,status,backend,model_revision,calibration_revision,position_target_frame,orientation_target_frame,branch_id,solve_time_ms,message,arm_1_joint,arm_2_joint,arm_3_joint,arm_4_joint,arm_5_joint,arm_6_joint,arm_7_joint,wrist_center_position_error_mm,ee_orientation_error_deg,sew_angle_error_deg,joint_limit_margin_deg,grasping_frame_position_x_m,grasping_frame_position_y_m,grasping_frame_position_z_m,classification,j5_limit_margin_deg,j7_limit_margin_deg
246,transfer,low,0.5391029055,20.0,False,tiago_sew,NUMERICAL_FAILURE,tiago_semi_analytic,c96a32d,median-body-4344-torso015-J1-root-robot-zminus020-v5,wrist_center,gripper_grasping_frame,,203.64670001436025,no exact or boundary-refined wrist branch met strict wrist-center/orientation/SEW tolerances,,,,,,,,,,,,,,,oracle_inconclusive,,
247,transfer,low,0.5414948964999999,20.0,False,tiago_sew,NUMERICAL_FAILURE,tiago_semi_analytic,c96a32d,median-body-4344-torso015-J1-root-robot-zminus020-v5,wrist_center,gripper_grasping_frame,,200.0937000848353,no exact or boundary-refined wrist branch met strict wrist-center/orientation/SEW tolerances,,,,,,,,,,,,,,,oracle_inconclusive,,
248,transfer,low,0.5440187955,20.0,False,tiago_sew,NUMERICAL_FAILURE,tiago_semi_analytic,c96a32d,median-body-4344-torso015-J1-root-robot-zminus020-v5,wrist_center,gripper_grasping_frame,,201.30469999276102,no exact or boundary-refined wrist branch met strict wrist-center/orientation/SEW tolerances,,,,,,,,,,,,,,,oracle_inconclusive,,
249,transfer,low,0.5467581635,20.0,False,tiago_sew,NUMERICAL_FAILURE,tiago_semi_analytic,c96a32d,median-body-4344-torso015-J1-root-robot-zminus020-v5,wrist_center,gripper_grasping_frame,,200.37460001185536,no exact or boundary-refined wrist branch met strict wrist-center/orientation/SEW tolerances,,,,,,,,,,,,,,,oracle_inconclusive,,
250,transfer,low,0.5497920995,20.0,False,tiago_sew,NUMERICAL_FAILURE,tiago_semi_analytic,c96a32d,median-body-4344-torso015-J1-root-robot-zminus020-v5,wrist_center,gripper_grasping_frame,,200.04610007163137,no exact or boundary-refined wrist branch met strict wrist-center/orientation/SEW tolerances,,,,,,,,,,,,,,,oracle_inconclusive,,
251,transfer,low,0.5527286875,20.0,False,tiago_sew,NUMERICAL_FAILURE,tiago_semi_analytic,c96a32d,median-body-4344-torso015-J1-root-robot-zminus020-v5,wrist_center,gripper_grasping_frame,,197.83750001806766,no exact or boundary-refined wrist branch met strict wrist-center/orientation/SEW tolerances,,,,,,,,,,,,,,,oracle_inconclusive,,
252,transfer,low,0.5561167455,20.0,False,tiago_sew,NUMERICAL_FAILURE,tiago_semi_analytic,c96a32d,median-body-4344-torso015-J1-root-robot-zminus020-v5,wrist_center,gripper_grasping_frame,,198.81790003273636,no exact or boundary-refined wrist branch met strict wrist-center/orientation/SEW tolerances,,,,,,,,,,,,,,,oracle_inconclusive,,
253,transfer,low,0.5594463195,20.0,False,tiago_sew,NUMERICAL_FAILURE,tiago_semi_analytic,c96a32d,median-body-4344-torso015-J1-root-robot-zminus020-v5,wrist_center,gripper_grasping_frame,,196.50750001892447,no exact or boundary-refined wrist branch met strict wrist-center/orientation/SEW tolerances,,,,,,,,,,,,,,,oracle_inconclusive,,
254,transfer,low,0.5634185415,20.0,False,tiago_sew,NUMERICAL_FAILURE,tiago_semi_analytic,c96a32d,median-body-4344-torso015-J1-root-robot-zminus020-v5,wrist_center,gripper_grasping_frame,,216.9857999542728,no exact or boundary-refined wrist branch met strict wrist-center/orientation/SEW tolerances,,,,,,,,,,,,,,,oracle_inconclusive,,
255,transfer,low,0.5671762395,20.0,False,tiago_sew,NUMERICAL_FAILURE,tiago_semi_analytic,c96a32d,median-body-4344-torso015-J1-root-robot-zminus020-v5,wrist_center,gripper_grasping_frame,,243.80569998174906,no exact or boundary-refined wrist branch met strict wrist-center/orientation/SEW tolerances,,,,,,,,,,,,,,,oracle_inconclusive,,
256,transfer,low,0.5715490114999999,20.0,False,tiago_sew,NUMERICAL_FAILURE,tiago_semi_analytic,c96a32d,median-body-4344-torso015-J1-root-robot-zminus020-v5,wrist_center,gripper_grasping_frame,,232.08109999541193,no exact or boundary-refined wrist branch met strict wrist-center/orientation/SEW tolerances,,,,,,,,,,,,,,,oracle_inconclusive,,
257,transfer,low,0.5757935565,20.0,False,tiago_sew,NUMERICAL_FAILURE,tiago_semi_analytic,c96a32d,median-body-4344-torso015-J1-root-robot-zminus020-v5,wrist_center,gripper_grasping_frame,,238.06979996152222,no exact or boundary-refined wrist branch met strict wrist-center/orientation/SEW tolerances,,,,,,,,,,,,,,,oracle_inconclusive,,
258,transfer,low,0.5799008405,20.0,False,tiago_sew,NUMERICAL_FAILURE,tiago_semi_analytic,c96a32d,median-body-4344-torso015-J1-root-robot-zminus020-v5,wrist_center,gripper_grasping_frame,,239.44219993427396,no exact or boundary-refined wrist branch met strict wrist-center/orientation/SEW tolerances,,,,,,,,,,,,,,,oracle_inconclusive,,
259,transfer,low,0.5845581745,20.0,False,tiago_sew,NUMERICAL_FAILURE,tiago_semi_analytic,c96a32d,median-body-4344-torso015-J1-root-robot-zminus020-v5,wrist_center,gripper_grasping_frame,,242.02210002113134,no exact or boundary-refined wrist branch met strict wrist-center/orientation/SEW tolerances,,,,,,,,,,,,,,,oracle_inconclusive,,
260,transfer,low,0.5893740775,20.0,False,tiago_sew,NUMERICAL_FAILURE,tiago_semi_analytic,c96a32d,median-body-4344-torso015-J1-root-robot-zminus020-v5,wrist_center,gripper_grasping_frame,,251.3640000252053,no exact or boundary-refined wrist branch met strict wrist-center/orientation/SEW tolerances,,,,,,,,,,,,,,,oracle_inconclusive,,
261,transfer,low,0.5941267855,20.0,False,tiago_sew,NUMERICAL_FAILURE,tiago_semi_analytic,c96a32d,median-body-4344-torso015-J1-root-robot-zminus020-v5,wrist_center,gripper_grasping_frame,,263.2620999356732,no exact or boundary-refined wrist branch met strict wrist-center/orientation/SEW tolerances,,,,,,,,,,,,,,,oracle_inconclusive,,
262,transfer,low,0.5992256855,20.0,False,tiago_sew,NUMERICAL_FAILURE,tiago_semi_analytic,c96a32d,median-body-4344-torso015-J1-root-robot-zminus020-v5,wrist_center,gripper_grasping_frame,,271.417299984023,no exact or boundary-refined wrist branch met strict wrist-center/orientation/SEW tolerances,,,,,,,,,,,,,,,oracle_inconclusive,,
263,transfer,low,0.6042907184999999,20.0,False,tiago_sew,NUMERICAL_FAILURE,tiago_semi_analytic,c96a32d,median-body-4344-torso015-J1-root-robot-zminus020-v5,wrist_center,gripper_grasping_frame,,305.3568000905216,no exact or boundary-refined wrist branch met strict wrist-center/orientation/SEW tolerances,,,,,,,,,,,,,,,oracle_inconclusive,,
264,transfer,low,0.6095669555,20.0,False,tiago_sew,NUMERICAL_FAILURE,tiago_semi_analytic,c96a32d,median-body-4344-torso015-J1-root-robot-zminus020-v5,wrist_center,gripper_grasping_frame,,324.8179000802338,no exact or boundary-refined wrist branch met strict wrist-center/orientation/SEW tolerances,,,,,,,,,,,,,,,oracle_inconclusive,,
265,transfer,low,0.6145818785,20.0,False,tiago_sew,NUMERICAL_FAILURE,tiago_semi_analytic,c96a32d,median-body-4344-torso015-J1-root-robot-zminus020-v5,wrist_center,gripper_grasping_frame,,310.39889995008707,no exact or boundary-refined wrist branch met strict wrist-center/orientation/SEW tolerances,,,,,,,,,,,,,,,oracle_inconclusive,,
266,transfer,low,0.6199098515,20.0,False,tiago_sew,NUMERICAL_FAILURE,tiago_semi_analytic,c96a32d,median-body-4344-torso015-J1-root-robot-zminus020-v5,wrist_center,gripper_grasping_frame,,308.1694000866264,no exact or boundary-refined wrist branch met strict wrist-center/orientation/SEW tolerances,,,,,,,,,,,,,,,oracle_inconclusive,,
267,transfer,low,0.6249511114999999,20.0,False,tiago_sew,NUMERICAL_FAILURE,tiago_semi_analytic,c96a32d,median-body-4344-torso015-J1-root-robot-zminus020-v5,wrist_center,gripper_grasping_frame,,449.0497999358922,no exact or boundary-refined wrist branch met strict wrist-center/orientation/SEW tolerances,,,,,,,,,,,,,,,oracle_inconclusive,,
268,transfer,low,0.6300454405,20.0,False,tiago_sew,NUMERICAL_FAILURE,tiago_semi_analytic,c96a32d,median-body-4344-torso015-J1-root-robot-zminus020-v5,wrist_center,gripper_grasping_frame,,438.2449999684468,no exact or boundary-refined wrist branch met strict wrist-center/orientation/SEW tolerances,,,,,,,,,,,,,,,oracle_inconclusive,,
269,transfer,low,0.6349883574999999,20.0,False,tiago_sew,NUMERICAL_FAILURE,tiago_semi_analytic,c96a32d,median-body-4344-torso015-J1-root-robot-zminus020-v5,wrist_center,gripper_grasping_frame,,281.69910004362464,no exact or boundary-refined wrist branch met strict wrist-center/orientation/SEW tolerances,,,,,,,,,,,,,,,oracle_inconclusive,,
270,transfer,low,0.6401263884999999,20.0,False,tiago_sew,NUMERICAL_FAILURE,tiago_semi_analytic,c96a32d,median-body-4344-torso015-J1-root-robot-zminus020-v5,wrist_center,gripper_grasping_frame,,273.1093999464065,no exact or boundary-refined wrist branch met strict wrist-center/orientation/SEW tolerances,,,,,,,,,,,,,,,oracle_inconclusive,,
271,transfer,low,0.6449289855,20.0,False,tiago_sew,NUMERICAL_FAILURE,tiago_semi_analytic,c96a32d,median-body-4344-torso015-J1-root-robot-zminus020-v5,wrist_center,gripper_grasping_frame,,266.0343999741599,no exact or boundary-refined wrist branch met strict wrist-center/orientation/SEW tolerances,,,,,,,,,,,,,,,oracle_inconclusive,,
272,transfer,low,0.6496673585,20.0,False,tiago_sew,NUMERICAL_FAILURE,tiago_semi_analytic,c96a32d,median-body-4344-torso015-J1-root-robot-zminus020-v5,wrist_center,gripper_grasping_frame,,360.6243999674916,no exact or boundary-refined wrist branch met strict wrist-center/orientation/SEW tolerances,,,,,,,,,,,,,,,oracle_inconclusive,,
273,transfer,low,0.6542023925,20.0,False,tiago_sew,NUMERICAL_FAILURE,tiago_semi_analytic,c96a32d,median-body-4344-torso015-J1-root-robot-zminus020-v5,wrist_center,gripper_grasping_frame,,259.8381000570953,no exact or boundary-refined wrist branch met strict wrist-center/orientation/SEW tolerances,,,,,,,,,,,,,,,oracle_inconclusive,,
274,transfer,low,0.6580980985,20.0,False,tiago_sew,NUMERICAL_FAILURE,tiago_semi_analytic,c96a32d,median-body-4344-torso015-J1-root-robot-zminus020-v5,wrist_center,gripper_grasping_frame,,295.60459998901933,no exact or boundary-refined wrist branch met strict wrist-center/orientation/SEW tolerances,,,,,,,,,,,,,,,oracle_inconclusive,,
275,transfer,low,0.6620984195,20.0,False,tiago_sew,NUMERICAL_FAILURE,tiago_semi_analytic,c96a32d,median-body-4344-torso015-J1-root-robot-zminus020-v5,wrist_center,gripper_grasping_frame,,379.375199903734,no exact or boundary-refined wrist branch met strict wrist-center/orientation/SEW tolerances,,,,,,,,,,,,,,,oracle_inconclusive,,
276,transfer,low,0.6656996005,20.0,False,tiago_sew,NUMERICAL_FAILURE,tiago_semi_analytic,c96a32d,median-body-4344-torso015-J1-root-robot-zminus020-v5,wrist_center,gripper_grasping_frame,,261.2535000080243,no exact or boundary-refined wrist branch met strict wrist-center/orientation/SEW tolerances,,,,,,,,,,,,,,,oracle_inconclusive,,
277,transfer,low,0.6692936094999999,20.0,False,tiago_sew,NUMERICAL_FAILURE,tiago_semi_analytic,c96a32d,median-body-4344-torso015-J1-root-robot-zminus020-v5,wrist_center,gripper_grasping_frame,,368.3228000300005,no exact or boundary-refined wrist branch met strict wrist-center/orientation/SEW tolerances,,,,,,,,,,,,,,,oracle_inconclusive,,
278,transfer,low,0.6724705815,20.0,False,tiago_sew,NUMERICAL_FAILURE,tiago_semi_analytic,c96a32d,median-body-4344-torso015-J1-root-robot-zminus020-v5,wrist_center,gripper_grasping_frame,,380.04339998587966,no exact or boundary-refined wrist branch met strict wrist-center/orientation/SEW tolerances,,,,,,,,,,,,,,,oracle_inconclusive,,
279,transfer,low,0.6756038515,20.0,False,tiago_sew,NUMERICAL_FAILURE,tiago_semi_analytic,c96a32d,median-body-4344-torso015-J1-root-robot-zminus020-v5,wrist_center,gripper_grasping_frame,,376.6009999671951,no exact or boundary-refined wrist branch met strict wrist-center/orientation/SEW tolerances,,,,,,,,,,,,,,,oracle_inconclusive,,
280,transfer,low,0.6786935425,20.0,False,tiago_sew,NUMERICAL_FAILURE,tiago_semi_analytic,c96a32d,median-body-4344-torso015-J1-root-robot-zminus020-v5,wrist_center,gripper_grasping_frame,,369.81269996613264,no exact or boundary-refined wrist branch met strict wrist-center/orientation/SEW tolerances,,,,,,,,,,,,,,,oracle_inconclusive,,
281,transfer,low,0.6813432615,20.0,False,tiago_sew,NUMERICAL_FAILURE,tiago_semi_analytic,c96a32d,median-body-4344-torso015-J1-root-robot-zminus020-v5,wrist_center,gripper_grasping_frame,,388.6768000666052,no exact or boundary-refined wrist branch met strict wrist-center/orientation/SEW tolerances,,,,,,,,,,,,,,,oracle_inconclusive,,
282,transfer,low,0.6840066535,20.0,False,tiago_sew,NUMERICAL_FAILURE,tiago_semi_analytic,c96a32d,median-body-4344-torso015-J1-root-robot-zminus020-v5,wrist_center,gripper_grasping_frame,,373.1469999765977,no exact or boundary-refined wrist branch met strict wrist-center/orientation/SEW tolerances,,,,,,,,,,,,,,,oracle_inconclusive,,
283,transfer,low,0.6863383945,20.0,False,tiago_sew,NUMERICAL_FAILURE,tiago_semi_analytic,c96a32d,median-body-4344-torso015-J1-root-robot-zminus020-v5,wrist_center,gripper_grasping_frame,,366.1466999910772,no exact or boundary-refined wrist branch met strict wrist-center/orientation/SEW tolerances,,,,,,,,,,,,,,,oracle_inconclusive,,
284,transfer,low,0.6886425785,20.0,False,tiago_sew,NUMERICAL_FAILURE,tiago_semi_analytic,c96a32d,median-body-4344-torso015-J1-root-robot-zminus020-v5,wrist_center,gripper_grasping_frame,,363.3615999715403,no exact or boundary-refined wrist branch met strict wrist-center/orientation/SEW tolerances,,,,,,,,,,,,,,,oracle_inconclusive,,
285,transfer,low,0.6909087225,20.0,False,tiago_sew,NUMERICAL_FAILURE,tiago_semi_analytic,c96a32d,median-body-4344-torso015-J1-root-robot-zminus020-v5,wrist_center,gripper_grasping_frame,,370.6992999650538,no exact or boundary-refined wrist branch met strict wrist-center/orientation/SEW tolerances,,,,,,,,,,,,,,,oracle_inconclusive,,
286,transfer,low,0.6929632415,20.0,False,tiago_sew,NUMERICAL_FAILURE,tiago_semi_analytic,c96a32d,median-body-4344-torso015-J1-root-robot-zminus020-v5,wrist_center,gripper_grasping_frame,,357.25959995761514,no exact or boundary-refined wrist branch met strict wrist-center/orientation/SEW tolerances,,,,,,,,,,,,,,,oracle_inconclusive,,
287,transfer,low,0.6949409485,20.0,False,tiago_sew,NUMERICAL_FAILURE,tiago_semi_analytic,c96a32d,median-body-4344-torso015-J1-root-robot-zminus020-v5,wrist_center,gripper_grasping_frame,,367.8353000432253,no exact or boundary-refined wrist branch met strict wrist-center/orientation/SEW tolerances,,,,,,,,,,,,,,,oracle_inconclusive,,
288,transfer,low,0.6967947695,20.0,False,tiago_sew,NUMERICAL_FAILURE,tiago_semi_analytic,c96a32d,median-body-4344-torso015-J1-root-robot-zminus020-v5,wrist_center,gripper_grasping_frame,,347.95119997579604,no exact or boundary-refined wrist branch met strict wrist-center/orientation/SEW tolerances,,,,,,,,,,,,,,,oracle_inconclusive,,
289,transfer,low,0.6984560705,20.0,False,tiago_sew,NUMERICAL_FAILURE,tiago_semi_analytic,c96a32d,median-body-4344-torso015-J1-root-robot-zminus020-v5,wrist_center,gripper_grasping_frame,,351.71930002979934,no exact or boundary-refined wrist branch met strict wrist-center/orientation/SEW tolerances,,,,,,,,,,,,,,,oracle_inconclusive,,
290,transfer,low,0.7002297365,20.0,False,tiago_sew,NUMERICAL_FAILURE,tiago_semi_analytic,c96a32d,median-body-4344-torso015-J1-root-robot-zminus020-v5,wrist_center,gripper_grasping_frame,,360.01539998687804,no exact or boundary-refined wrist branch met strict wrist-center/orientation/SEW tolerances,,,,,,,,,,,,,,,oracle_inconclusive,,
291,transfer,low,0.7019214025,20.0,False,tiago_sew,NUMERICAL_FAILURE,tiago_semi_analytic,c96a32d,median-body-4344-torso015-J1-root-robot-zminus020-v5,wrist_center,gripper_grasping_frame,,349.4677999988198,no exact or boundary-refined wrist branch met strict wrist-center/orientation/SEW tolerances,,,,,,,,,,,,,,,oracle_inconclusive,,
292,transfer,low,0.7035164945,20.0,False,tiago_sew,NUMERICAL_FAILURE,tiago_semi_analytic,c96a32d,median-body-4344-torso015-J1-root-robot-zminus020-v5,wrist_center,gripper_grasping_frame,,354.7707999823615,no exact or boundary-refined wrist branch met strict wrist-center/orientation/SEW tolerances,,,,,,,,,,,,,,,oracle_inconclusive,,
293,transfer,low,0.7051006475,20.0,False,tiago_sew,NUMERICAL_FAILURE,tiago_semi_analytic,c96a32d,median-body-4344-torso015-J1-root-robot-zminus020-v5,wrist_center,gripper_grasping_frame,,196.84209988918155,no exact or boundary-refined wrist branch met strict wrist-center/orientation/SEW tolerances,,,,,,,,,,,,,,,oracle_inconclusive,,
294,transfer,low,0.7065601045,20.0,False,tiago_sew,NUMERICAL_FAILURE,tiago_semi_analytic,c96a32d,median-body-4344-torso015-J1-root-robot-zminus020-v5,wrist_center,gripper_grasping_frame,,193.53040005080402,no exact or boundary-refined wrist branch met strict wrist-center/orientation/SEW tolerances,,,,,,,,,,,,,,,oracle_inconclusive,,
295,transfer,low,0.7079556585,20.0,False,tiago_sew,NUMERICAL_FAILURE,tiago_semi_analytic,c96a32d,median-body-4344-torso015-J1-root-robot-zminus020-v5,wrist_center,gripper_grasping_frame,,176.93179997149855,no exact or boundary-refined wrist branch met strict wrist-center/orientation/SEW tolerances,,,,,,,,,,,,,,,oracle_inconclusive,,
296,transfer,low,0.7093632665,20.0,False,tiago_sew,NUMERICAL_FAILURE,tiago_semi_analytic,c96a32d,median-body-4344-torso015-J1-root-robot-zminus020-v5,wrist_center,gripper_grasping_frame,,177.8777000727132,no exact or boundary-refined wrist branch met strict wrist-center/orientation/SEW tolerances,,,,,,,,,,,,,,,oracle_inconclusive,,
297,transfer,low,0.7106765445000001,20.0,False,tiago_sew,NUMERICAL_FAILURE,tiago_semi_analytic,c96a32d,median-body-4344-torso015-J1-root-robot-zminus020-v5,wrist_center,gripper_grasping_frame,,171.40559991821647,no exact or boundary-refined wrist branch met strict wrist-center/orientation/SEW tolerances,,,,,,,,,,,,,,,oracle_inconclusive,,
298,transfer,low,0.7119821325,20.0,False,tiago_sew,NUMERICAL_FAILURE,tiago_semi_analytic,c96a32d,median-body-4344-torso015-J1-root-robot-zminus020-v5,wrist_center,gripper_grasping_frame,,174.38979994039983,no exact or boundary-refined wrist branch met strict wrist-center/orientation/SEW tolerances,,,,,,,,,,,,,,,oracle_inconclusive,,
299,transfer,low,0.7133957365,20.0,False,tiago_sew,NUMERICAL_FAILURE,tiago_semi_analytic,c96a32d,median-body-4344-torso015-J1-root-robot-zminus020-v5,wrist_center,gripper_grasping_frame,,170.9194000577554,no exact or boundary-refined wrist branch met strict wrist-center/orientation/SEW tolerances,,,,,,,,,,,,,,,oracle_inconclusive,,
300,transfer,low,0.7147060245,20.0,False,tiago_sew,NUMERICAL_FAILURE,tiago_semi_analytic,c96a32d,median-body-4344-torso015-J1-root-robot-zminus020-v5,wrist_center,gripper_grasping_frame,,168.80149999633431,no exact or boundary-refined wrist branch met strict wrist-center/orientation/SEW tolerances,,,,,,,,,,,,,,,oracle_inconclusive,,
301,transfer,low,0.7161315155,20.0,False,tiago_sew,NUMERICAL_FAILURE,tiago_semi_analytic,c96a32d,median-body-4344-torso015-J1-root-robot-zminus020-v5,wrist_center,gripper_grasping_frame,,168.89019997324795,no exact or boundary-refined wrist branch met strict wrist-center/orientation/SEW tolerances,,,,,,,,,,,,,,,oracle_inconclusive,,
302,transfer,middle,0.7174412695,20.0,False,tiago_sew,NUMERICAL_FAILURE,tiago_semi_analytic,c96a32d,median-body-4344-torso015-J1-root-robot-zminus020-v5,wrist_center,gripper_grasping_frame,,168.5652999440208,no exact or boundary-refined wrist branch met strict wrist-center/orientation/SEW tolerances,,,,,,,,,,,,,,,oracle_inconclusive,,
303,transfer,middle,0.7186700595,20.0,False,tiago_sew,NUMERICAL_FAILURE,tiago_semi_analytic,c96a32d,median-body-4344-torso015-J1-root-robot-zminus020-v5,wrist_center,gripper_grasping_frame,,164.79880001861602,no exact or boundary-refined wrist branch met strict wrist-center/orientation/SEW tolerances,,,,,,,,,,,,,,,oracle_inconclusive,,
304,transfer,middle,0.7200642855,20.0,False,tiago_sew,NUMERICAL_FAILURE,tiago_semi_analytic,c96a32d,median-body-4344-torso015-J1-root-robot-zminus020-v5,wrist_center,gripper_grasping_frame,,158.6210000095889,no exact or boundary-refined wrist branch met strict wrist-center/orientation/SEW tolerances,,,,,,,,,,,,,,,oracle_inconclusive,,
305,transfer,middle,0.7211980445,20.0,False,tiago_sew,NUMERICAL_FAILURE,tiago_semi_analytic,c96a32d,median-body-4344-torso015-J1-root-robot-zminus020-v5,wrist_center,gripper_grasping_frame,,177.47029999736696,no exact or boundary-refined wrist branch met strict wrist-center/orientation/SEW tolerances,,,,,,,,,,,,,,,oracle_inconclusive,,
306,transfer,middle,0.7224806675,20.0,False,tiago_sew,NUMERICAL_FAILURE,tiago_semi_analytic,c96a32d,median-body-4344-torso015-J1-root-robot-zminus020-v5,wrist_center,gripper_grasping_frame,,159.62890000082552,no exact or boundary-refined wrist branch met strict wrist-center/orientation/SEW tolerances,,,,,,,,,,,,,,,oracle_inconclusive,,
307,transfer,middle,0.7238728025,20.0,False,tiago_sew,NUMERICAL_FAILURE,tiago_semi_analytic,c96a32d,median-body-4344-torso015-J1-root-robot-zminus020-v5,wrist_center,gripper_grasping_frame,,156.74420003779233,no exact or boundary-refined wrist branch met strict wrist-center/orientation/SEW tolerances,,,,,,,,,,,,,,,oracle_inconclusive,,
308,transfer,middle,0.7250418095,20.0,False,tiago_sew,NUMERICAL_FAILURE,tiago_semi_analytic,c96a32d,median-body-4344-torso015-J1-root-robot-zminus020-v5,wrist_center,gripper_grasping_frame,,159.1236999956891,no exact or boundary-refined wrist branch met strict wrist-center/orientation/SEW tolerances,,,,,,,,,,,,,,,oracle_inconclusive,,
309,transfer,middle,0.7262054595,20.0,False,tiago_sew,NUMERICAL_FAILURE,tiago_semi_analytic,c96a32d,median-body-4344-torso015-J1-root-robot-zminus020-v5,wrist_center,gripper_grasping_frame,,154.60400003939867,no exact or boundary-refined wrist branch met strict wrist-center/orientation/SEW tolerances,,,,,,,,,,,,,,,oracle_inconclusive,,
310,transfer,middle,0.7274549865,20.0,False,tiago_sew,NUMERICAL_FAILURE,tiago_semi_analytic,c96a32d,median-body-4344-torso015-J1-root-robot-zminus020-v5,wrist_center,gripper_grasping_frame,,154.21659999992698,no exact or boundary-refined wrist branch met strict wrist-center/orientation/SEW tolerances,,,,,,,,,,,,,,,oracle_inconclusive,,
311,transfer,middle,0.7286451414999999,20.0,False,tiago_sew,NUMERICAL_FAILURE,tiago_semi_analytic,c96a32d,median-body-4344-torso015-J1-root-robot-zminus020-v5,wrist_center,gripper_grasping_frame,,157.52340003382415,no exact or boundary-refined wrist branch met strict wrist-center/orientation/SEW tolerances,,,,,,,,,,,,,,,oracle_inconclusive,,
312,transfer,middle,0.7296663365,20.0,False,tiago_sew,NUMERICAL_FAILURE,tiago_semi_analytic,c96a32d,median-body-4344-torso015-J1-root-robot-zminus020-v5,wrist_center,gripper_grasping_frame,,165.51950003486127,no exact or boundary-refined wrist branch met strict wrist-center/orientation/SEW tolerances,,,,,,,,,,,,,,,oracle_inconclusive,,
313,transfer,middle,0.7309205624999999,20.0,False,tiago_sew,NUMERICAL_FAILURE,tiago_semi_analytic,c96a32d,median-body-4344-torso015-J1-root-robot-zminus020-v5,wrist_center,gripper_grasping_frame,,159.86030001658946,no exact or boundary-refined wrist branch met strict wrist-center/orientation/SEW tolerances,,,,,,,,,,,,,,,oracle_inconclusive,,
314,transfer,middle,0.7320657655,20.0,False,tiago_sew,NUMERICAL_FAILURE,tiago_semi_analytic,c96a32d,median-body-4344-torso015-J1-root-robot-zminus020-v5,wrist_center,gripper_grasping_frame,,195.28839993290603,no exact or boundary-refined wrist branch met strict wrist-center/orientation/SEW tolerances,,,,,,,,,,,,,,,oracle_inconclusive,,
315,transfer,middle,0.7333646245,20.0,False,tiago_sew,NUMERICAL_FAILURE,tiago_semi_analytic,c96a32d,median-body-4344-torso015-J1-root-robot-zminus020-v5,wrist_center,gripper_grasping_frame,,204.99160001054406,no exact or boundary-refined wrist branch met strict wrist-center/orientation/SEW tolerances,,,,,,,,,,,,,,,oracle_inconclusive,,
316,transfer,middle,0.7347269285,20.0,False,tiago_sew,SUCCESS_EXACT,tiago_semi_analytic,c96a32d,median-body-4344-torso015-J1-root-robot-zminus020-v5,wrist_center,gripper_grasping_frame,seed-0-wrist-1,6.938399979844689,,0.8605894243804577,-0.3145266598862342,-2.045069489057444,2.3514428667760336,0.3617560565814153,-0.5437092140033224,-1.9681803406058158,1.5064718046467413e-10,4.4819025547424444e-14,7.175331361381694e-12,0.27199069851959146,0.3156342587500329,0.36554994669729524,0.7399616119651657,reachable_success,99.2731853567887,7.231853774865517
317,transfer,middle,0.7359221045,20.0,False,tiago_sew,SUCCESS_EXACT,tiago_semi_analytic,c96a32d,median-body-4344-torso015-J1-root-robot-zminus020-v5,wrist_center,gripper_grasping_frame,seed-0-wrist-0,2.8360000578686595,,0.8670794136290938,-0.3056325033884509,-2.0442438655343516,2.3424574650056695,0.36675982135536467,-0.5455774100861426,-1.9678872493094577,2.2377260456559047e-13,5.752697849321903e-14,0.0,0.7868162971908331,0.31635586734917404,0.3686206400856088,0.7397132081449136,reachable_success,98.98649075356516,7.248646669158855
318,transfer,middle,0.7371822205,20.0,False,tiago_sew,SUCCESS_EXACT,tiago_semi_analytic,c96a32d,median-body-4344-torso015-J1-root-robot-zminus020-v5,wrist_center,gripper_grasping_frame,seed-0-wrist-0,2.9583999421447515,,0.8743180513045309,-0.299467666928322,-2.0453768260176286,2.333576919812801,0.3748423118997204,-0.5379570447383539,-1.974904597825466,1.3877787807814457e-13,6.79759148576608e-14,0.0,1.2956340565173972,0.31725351057819584,0.3715872471282792,0.7421989708297362,reachable_success,98.5233981574192,6.846582215819187
319,transfer,middle,0.7384448855,20.0,False,tiago_sew,SUCCESS_EXACT,tiago_semi_analytic,c96a32d,median-body-4344-torso015-J1-root-robot-zminus020-v5,wrist_center,gripper_grasping_frame,seed-0-wrist-0,3.462999942712486,,0.8816190789296233,-0.2930749017685583,-2.046299963894138,2.324668660817974,0.3754499413479211,-0.539372438346966,-1.9757797726520643,1.2719202621569003e-13,3.784352752915129e-14,0.0,1.8060396997304278,0.31836575383898574,0.3748186313976013,0.742636947412872,reachable_success,98.48858355452943,6.796438391919012
320,transfer,middle,0.7398752905,20.0,False,tiago_sew,SUCCESS_EXACT,tiago_semi_analytic,c96a32d,median-body-4344-torso015-J1-root-robot-zminus020-v5,wrist_center,gripper_grasping_frame,seed-0-wrist-0,3.2881000079214573,,0.8878818735331931,-0.28532570146227243,-2.0469081589853015,2.3142938781782054,0.3808892258231067,-0.5373259480610377,-1.9792707658261373,1.2412670766236365e-13,4.497627089306695e-14,0.0,2.4004709583547665,0.32004603657319514,0.37794984167749957,0.7438679730188892,reachable_success,98.17693551053027,6.596419216735652
321,transfer,middle,0.7410793915,20.0,False,tiago_sew,SUCCESS_EXACT,tiago_semi_analytic,c96a32d,median-body-4344-torso015-J1-root-robot-zminus020-v5,wrist_center,gripper_grasping_frame,seed-0-wrist-0,2.91569996625185,,0.8947876921296437,-0.2793228266334048,-2.0476131306038203,2.3047084211667355,0.3849134134107386,-0.5335849431709594,-1.9842250747392542,3.5975337699988623e-13,5.665592980300957e-14,5.088887490341627e-14,2.9496771898160783,0.3214803754681408,0.3811527732892936,0.7454417917325905,reachable_success,97.94636654579003,6.312558225610002
322,transfer,middle,0.7423973085,20.0,False,tiago_sew,SUCCESS_EXACT,tiago_semi_analytic,c96a32d,median-body-4344-torso015-J1-root-robot-zminus020-v5,wrist_center,gripper_grasping_frame,seed-0-wrist-0,2.7765000704675913,,0.9018533030701491,-0.27179547191569864,-2.047728044099774,2.2947077242344283,0.3857475398249246,-0.5306223216981971,-1.9836533280546327,1.594436429147036e-13,1.386356384299943e-14,0.0,3.522674916226711,0.32310348007368145,0.3847229645134945,0.7466056752240323,reachable_success,97.89857462267679,6.345316897589416
323,transfer,middle,0.7437581175,20.0,False,tiago_sew,SUCCESS_EXACT,tiago_semi_analytic,c96a32d,median-body-4344-torso015-J1-root-robot-zminus020-v5,wrist_center,gripper_grasping_frame,seed-0-wrist-0,3.2191999489441514,,0.9080871410913557,-0.26343468497515465,-2.0473716210741326,2.2843146076919574,0.3860858911067506,-0.5256794335866108,-1.9828698180726052,1.594436429147036e-13,3.2194657520663477e-14,0.0,4.118156630097891,0.32519043584991963,0.3883026718939972,0.7480316785999924,reachable_success,97.87918852223531,6.39020871276596
324,transfer,middle,0.7451652525,20.0,False,tiago_sew,SUCCESS_EXACT,tiago_semi_analytic,c96a32d,median-body-4344-torso015-J1-root-robot-zminus020-v5,wrist_center,gripper_grasping_frame,seed-0-wrist-0,3.015400026924908,,0.9153072262823441,-0.25723869318660847,-2.048567823833305,2.274232389131603,0.38672474533857937,-0.5218896648547506,-1.977759787888373,1.1443916996305594e-13,2.915529568445723e-14,2.5444437451708134e-14,4.695825201734663,0.3269824584533233,0.391794874476651,0.7498168790648431,reachable_success,97.84258487102746,6.682991875506922
325,transfer,middle,0.7467193305,20.0,False,tiago_sew,SUCCESS_EXACT,tiago_semi_analytic,c96a32d,median-body-4344-torso015-J1-root-robot-zminus020-v5,wrist_center,gripper_grasping_frame,seed-0-wrist-0,2.9096000362187624,,0.9217031772650917,-0.2484784127485864,-2.048551255205965,2.263286628917808,0.3914008212699578,-0.5195814961396485,-1.9751677820283495,2.288783399261119e-13,4.1491797929990065e-14,0.0,5.322971065547331,0.32870147503055797,0.39521742251247083,0.7510436025136297,reachable_success,97.57466545547676,6.831502871759446
326,transfer,middle,0.7481452635,20.0,False,tiago_sew,SUCCESS_EXACT,tiago_semi_analytic,c96a32d,median-body-4344-torso015-J1-root-robot-zminus020-v5,wrist_center,gripper_grasping_frame,seed-0-wrist-0,2.8680000687018037,,0.9287693157253227,-0.24102503929218577,-2.0487326071813228,2.2521008849310467,0.3956755948268724,-0.5118933324571255,-1.975051120329148,2.288783399261119e-13,7.577288169800901e-14,5.088887490341627e-14,5.963866986702593,0.3306848331474831,0.3989142319111066,0.7534523614481334,reachable_success,97.32973897229142,6.838187094754514
327,transfer,middle,0.7494385375,20.0,False,tiago_sew,SUCCESS_EXACT,tiago_semi_analytic,c96a32d,median-body-4344-torso015-J1-root-robot-zminus020-v5,wrist_center,gripper_grasping_frame,seed-0-wrist-0,2.7245000237599015,,0.9353256856174699,-0.23337783416406963,-2.0482164762450648,2.24176791851296,0.4060446474318229,-0.5086565055708654,-1.9808633659313095,2.435541875787129e-13,1.9748135605188236e-14,2.5444437451708134e-14,6.50516995225719,0.33164581744317817,0.4020652689073584,0.7548415059762802,reachable_success,96.73563602047864,6.50516995225719
328,transfer,middle,0.7509701845000001,20.0,False,tiago_sew,SUCCESS_EXACT,tiago_semi_analytic,c96a32d,median-body-4344-torso015-J1-root-robot-zminus020-v5,wrist_center,gripper_grasping_frame,seed-0-wrist-0,3.2282000174745917,,0.9413365445975,-0.22490723278893313,-2.047981494538356,2.230490853471667,0.4202778283954087,-0.5023417768184961,-1.9934359190647042,1.7554167342883506e-13,3.714777877530198e-14,2.5444437451708134e-14,5.784815720009697,0.33299171093865737,0.4051127584003118,0.7571545316534702,reachable_success,95.92013482221923,5.784815720009697
329,transfer,middle,0.7525186765,20.0,False,tiago_sew,SUCCESS_EXACT,tiago_semi_analytic,c96a32d,median-body-4344-torso015-J1-root-robot-zminus020-v5,wrist_center,gripper_grasping_frame,seed-0-wrist-0,3.513299976475537,,0.9480151213362451,-0.21858009560853855,-2.0491916638926737,2.2196154990098935,0.4260292017660472,-0.5056833073853717,-1.9982281211627013,1.1102230246251565e-13,2.303467197180603e-14,0.0,5.510242765220722,0.33440765069622425,0.4082229860754794,0.7578594930901752,reachable_success,95.5906054016777,5.510242765220722
330,transfer,middle,0.7539061895,20.0,False,tiago_sew,SUCCESS_EXACT,tiago_semi_analytic,c96a32d,median-body-4344-torso015-J1-root-robot-zminus020-v5,wrist_center,gripper_grasping_frame,seed-0-wrist-0,3.0990999657660723,,0.9548776762945903,-0.2106701576898042,-2.0485493849400953,2.2082352893987696,0.4289392248671571,-0.502919716800319,-2.002336446217827,2.1677797545656836e-13,2.320309896029178e-14,0.0,5.274853078694181,0.33625552026867556,0.4119957945558794,0.7590783392751788,reachable_success,95.42387335969853,5.274853078694181
331,transfer,middle,0.7553989875,20.0,False,tiago_sew,SUCCESS_EXACT,tiago_semi_analytic,c96a32d,median-body-4344-torso015-J1-root-robot-zminus020-v5,wrist_center,gripper_grasping_frame,seed-0-wrist-0,3.0077999690547585,,0.9619335385908084,-0.2021841563401695,-2.0478365400048593,2.1966069460792923,0.4365275528739412,-0.4982802203111625,-2.01024821088727,1.1443916996305594e-13,5.203930758932054e-14,0.0,4.821542354634362,0.337767465899451,0.4157099596467746,0.7608299491718084,reachable_success,94.98909419134888,4.821542354634362
332,transfer,middle,0.7570171514999999,20.0,False,tiago_sew,SUCCESS_EXACT,tiago_semi_analytic,c96a32d,median-body-4344-torso015-J1-root-robot-zminus020-v5,wrist_center,gripper_grasping_frame,seed-0-wrist-0,2.749999985098839,,0.9681692769136201,-0.19409808087714764,-2.047835777070193,2.1853221299371244,0.43353729461949975,-0.496311727100605,-2.004559467820318,1.2412670766236365e-13,4.660310012316534e-14,2.5444437451708134e-14,5.147483323105026,0.3402137878253195,0.4194842675177286,0.7620504336325696,reachable_success,95.16042336898253,5.147483323105026
333,transfer,middle,0.7586256714999999,20.0,False,tiago_sew,SUCCESS_EXACT,tiago_semi_analytic,c96a32d,median-body-4344-torso015-J1-root-robot-zminus020-v5,wrist_center,gripper_grasping_frame,seed-0-wrist-0,3.085399977862835,,0.9745993003692534,-0.18719691494491408,-2.0484427451235305,2.1732441365598403,0.4385130949674214,-0.4986626800104039,-2.004623149466658,5.551115123125783e-14,2.1937953930454277e-14,2.5444437451708134e-14,5.143834633537288,0.3421909859712244,0.4228574842895293,0.7629199282725045,reachable_success,94.8753310093469,5.143834633537288
334,transfer,middle,0.7603572085,20.0,False,tiago_sew,SUCCESS_EXACT,tiago_semi_analytic,c96a32d,median-body-4344-torso015-J1-root-robot-zminus020-v5,wrist_center,gripper_grasping_frame,seed-0-wrist-0,3.244799911044538,,0.9818012465168638,-0.17812248672272404,-2.0479100353196644,2.160800034490972,0.4418522947335224,-0.4940872117941342,-2.0065115347164753,1.7554167342883506e-13,2.507162724558934e-14,0.0,5.035638128628014,0.3442388913582886,0.4269183970626445,0.7647980901110135,reachable_success,94.68400895579825,5.035638128628014
335,transfer,middle,0.7617933045,20.0,False,tiago_sew,SUCCESS_EXACT,tiago_semi_analytic,c96a32d,median-body-4344-torso015-J1-root-robot-zminus020-v5,wrist_center,gripper_grasping_frame,seed-0-wrist-0,3.0735000036656857,,0.9884028258838989,-0.1706472193318579,-2.047313230797934,2.1493362764406463,0.45082105221849433,-0.4883692659739336,-2.0108291517281174,3.4219371797089427e-13,2.62495518004989e-14,0.0,4.788256896307033,0.3457990197537136,0.4304146544467796,0.7669470618523435,reachable_success,94.17013700443299,4.788256896307033
336,transfer,middle,0.7635580445,20.0,False,tiago_sew,SUCCESS_EXACT,tiago_semi_analytic,c96a32d,median-body-4344-torso015-J1-root-robot-zminus020-v5,wrist_center,gripper_grasping_frame,seed-0-wrist-0,2.77370004914701,,0.9953522078837657,-0.16367266889131288,-2.0481553860274793,2.136685046400994,0.4576597067537227,-0.48402842225360043,-2.016215612163111,1.6653345369377348e-13,5.5169779912568616e-14,0.0,4.479635446867687,0.3479757265351422,0.4340467243602289,0.7694408991742353,reachable_success,93.77831096201639,4.479635446867687
337,transfer,middle,0.7653545225,20.0,False,tiago_sew,SUCCESS_EXACT,tiago_semi_analytic,c96a32d,median-body-4344-torso015-J1-root-robot-zminus020-v5,wrist_center,gripper_grasping_frame,seed-0-wrist-0,2.7689000125974417,,1.001358414273223,-0.1562670907746178,-2.0487527620810027,2.124363162585925,0.4691556757467463,-0.4804841270994835,-2.029683147553806,2.0014830212433604e-13,3.556260661363647e-14,0.0,3.708002508537805,0.3498687386933955,0.437195898250372,0.771848700053353,reachable_success,93.11964045730288,3.708002508537805
338,transfer,middle,0.7669615784999999,20.0,False,tiago_sew,SUCCESS_EXACT,tiago_semi_analytic,c96a32d,median-body-4344-torso015-J1-root-robot-zminus020-v5,wrist_center,gripper_grasping_frame,seed-0-wrist-0,2.799500012770295,,1.0080228792961408,-0.1486751844284965,-2.04838010050511,2.1118738211608856,0.47208951868959126,-0.47790567539506146,-2.0312011945934447,2.5438405243138007e-13,1.75308768034804e-14,2.5444437451708134e-14,3.6210248200641755,0.3521355557083098,0.4410206499016947,0.7734776027100353,reachable_success,92.95154363892362,3.6210248200641755
339,transfer,middle,0.7687329105,20.0,False,tiago_sew,SUCCESS_EXACT,tiago_semi_analytic,c96a32d,median-body-4344-torso015-J1-root-robot-zminus020-v5,wrist_center,gripper_grasping_frame,seed-0-wrist-0,2.663700026459992,,1.015236227294776,-0.14241037488597952,-2.049491457236429,2.099323915516242,0.4755963358848274,-0.4799328598296011,-2.036546829642657,1.3597399555105182e-13,2.882297118954439e-14,2.5444437451708134e-14,3.3147424929270923,0.35407045089357425,0.4446286457162547,0.7748056868479358,reachable_success,92.75061781411269,3.3147424929270923
340,transfer,middle,0.7704467475000001,20.0,False,tiago_sew,SUCCESS_EXACT,tiago_semi_analytic,c96a32d,median-body-4344-torso015-J1-root-robot-zminus020-v5,wrist_center,gripper_grasping_frame,seed-0-wrist-0,3.95310006570071,,1.0212439092332892,-0.13507126089467164,-2.0494866252719657,2.0863399266115668,0.4756481461582025,-0.48459063931648005,-2.03748060404338,2.288783399261119e-13,6.285399314307826e-14,0.0,3.2612411607483094,0.3566229362200794,0.44821767509897203,0.775172568917845,reachable_success,92.74764930411288,3.2612411607483094
341,transfer,middle,0.7722958685,20.0,False,tiago_sew,SUCCESS_EXACT,tiago_semi_analytic,c96a32d,median-body-4344-torso015-J1-root-robot-zminus020-v5,wrist_center,gripper_grasping_frame,seed-0-wrist-0,2.7123000472784042,,1.0280694707934517,-0.12838535970216342,-2.050421598887988,2.07383517507137,0.48139400158097123,-0.48304157645205237,-2.0459774493385394,1.6653345369377348e-13,2.0020555557976736e-14,2.5444437451708134e-14,2.7744077861600935,0.35860162675346974,0.4517169839359242,0.7772925816621362,reachable_success,92.41843603869587,2.7744077861600935
342,transfer,middle,0.7738430175,20.0,False,tiago_sew,SUCCESS_EXACT,tiago_semi_analytic,c96a32d,median-body-4344-torso015-J1-root-robot-zminus020-v5,wrist_center,gripper_grasping_frame,seed-0-wrist-0,2.828199998475611,,1.0346960718475815,-0.12140814091775866,-2.04993198892782,2.0613583123644186,0.4881165898916162,-0.48522308430863603,-2.0523196402199044,2.5438405243138007e-13,2.155404905935843e-14,2.5444437451708134e-14,2.4110270157915226,0.36024059442485784,0.455214093670882,0.7781561053195503,reachable_success,92.03326010109194,2.4110270157915226
343,transfer,middle,0.7756531675,20.0,False,tiago_sew,SUCCESS_EXACT,tiago_semi_analytic,c96a32d,median-body-4344-torso015-J1-root-robot-zminus020-v5,wrist_center,gripper_grasping_frame,seed-0-wrist-0,3.083599964156747,,1.0409471337727336,-0.11510594032314722,-2.0507464809213536,2.0478280131054785,0.49133411868431676,-0.4850551221956527,-2.057641043064322,2.7194799110210365e-13,6.146512143889254e-14,0.0,2.106133091717475,0.36304319434404475,0.45875612811201955,0.7799907316570092,reachable_success,91.84890928080837,2.106133091717475
344,transfer,middle,0.7772374575000001,20.0,False,tiago_sew,SUCCESS_EXACT,tiago_semi_analytic,c96a32d,median-body-4344-torso015-J1-root-robot-zminus020-v5,wrist_center,gripper_grasping_frame,seed-0-wrist-0,3.1566000543534756,,1.048034025598022,-0.10993868766823178,-2.051663590978992,2.0360463575703163,0.4932321649265732,-0.4812514262175851,-2.0632719635558576,3.3306690738754696e-13,3.0638295892522605e-14,2.5444437451708134e-14,1.7835051127787622,0.3651198951200851,0.46238532811949695,0.7823684758816773,reachable_success,91.74015924180641,1.7835051127787622
345,transfer,middle,0.7786723935,20.0,False,tiago_sew,SUCCESS_EXACT,tiago_semi_analytic,c96a32d,median-body-4344-torso015-J1-root-robot-zminus020-v5,wrist_center,gripper_grasping_frame,seed-0-wrist-0,3.059100010432303,,1.05411655862407,-0.10226562553996396,-2.050015056898019,2.0235306793391423,0.5061408113006403,-0.47963464004172796,-2.0760578030558854,2.989366980140908e-13,3.075990201016959e-14,2.5444437451708134e-14,1.0509304718955128,0.3665478365817496,0.465730296776319,0.7838224040159725,reachable_success,91.00054828534552,1.0509304718955128
346,transfer,middle,0.7801612554999999,20.0,False,tiago_sew,SUCCESS_EXACT,tiago_semi_analytic,c96a32d,median-body-4344-torso015-J1-root-robot-zminus020-v5,wrist_center,gripper_grasping_frame,seed-0-wrist-0,2.7110999217256904,,1.0601427631656506,-0.09711717302254995,-2.0503915850781866,2.0107895852768762,0.505992443161011,-0.4864295040051161,-2.077574603418273,2.7194799110210365e-13,3.964381766654181e-14,5.088887490341627e-14,0.9640242127667924,0.3689613018273048,0.4690490550902256,0.7839460721448475,reachable_success,91.00904915356048,0.9640242127667924
347,transfer,middle,0.7816918335,20.0,False,tiago_sew,SUCCESS_EXACT,tiago_semi_analytic,c96a32d,median-body-4344-torso015-J1-root-robot-zminus020-v5,wrist_center,gripper_grasping_frame,seed-0-wrist-0,2.798900008201599,,1.0666130951295383,-0.09145062464254339,-2.0505339756994134,1.9987398579305808,0.5030868532165425,-0.4937768719491835,-2.075291147029488,1.6653345369377348e-13,5.46083690751691e-14,2.5444437451708134e-14,1.0948566265463455,0.3709624465262721,0.4725222081972278,0.7837931900478637,reachable_success,91.17552719437418,1.0948566265463455
348,transfer,middle,0.7830406495,20.0,False,tiago_sew,SUCCESS_EXACT,tiago_semi_analytic,c96a32d,median-body-4344-torso015-J1-root-robot-zminus020-v5,wrist_center,gripper_grasping_frame,seed-0-wrist-0,3.0568999936804175,,1.0720986105476422,-0.08462385010076805,-2.0490500722907994,1.9865491603585799,0.5027246787080957,-0.49280785526644433,-2.0769358859713334,3.188872858294072e-13,1.963467394069205e-14,7.63333123551244e-14,1.0006200267777998,0.3735676497168749,0.4760939243036004,0.784764550506757,reachable_success,91.1962782651554,1.0006200267777998
349,transfer,middle,0.7844298405000001,20.0,False,tiago_sew,SUCCESS_EXACT,tiago_semi_analytic,c96a32d,median-body-4344-torso015-J1-root-robot-zminus020-v5,wrist_center,gripper_grasping_frame,seed-0-wrist-0,2.8646000428125262,,1.0778549327023148,-0.07981605990064686,-2.04924376502529,1.9745504839263452,0.5050127261173873,-0.4960125129052537,-2.080553798538487,2.8305244335018377e-13,3.967493850386124e-14,2.5444437451708134e-14,0.7933289060325573,0.3757522563820495,0.47920301607141913,0.7855708715799338,reachable_success,91.06518280527715,0.7933289060325573
350,transfer,middle,0.7855509645000001,20.0,False,tiago_sew,SUCCESS_EXACT,tiago_semi_analytic,c96a32d,median-body-4344-torso015-J1-root-robot-zminus020-v5,wrist_center,gripper_grasping_frame,seed-0-wrist-0,2.812999999150634,,1.083504178279546,-0.0742211453867588,-2.04779447539078,1.9622835083526438,0.5082244685673167,-0.49797640393788,-2.0852561821872975,2.288783399261119e-13,6.454118707560529e-14,2.5444437451708134e-14,0.5239021693043884,0.37796481116657354,0.4825440611505143,0.7860292182668335,reachable_success,90.8811635180132,0.5239021693043884
351,transfer,middle,0.7867948305,20.0,False,tiago_sew,SUCCESS_EXACT,tiago_semi_analytic,c96a32d,median-body-4344-torso015-J1-root-robot-zminus020-v5,wrist_center,gripper_grasping_frame,seed-0-wrist-0,3.4523000940680504,,1.0897814577087417,-0.06871883657187593,-2.0468767666379235,1.9507548236509968,0.5021029221444477,-0.49808391977574074,-2.0794420330510466,2.482534153247273e-13,1.8611853577846334e-14,2.5444437451708134e-14,0.8570283762711974,0.38045441619563386,0.4863144888816985,0.7867399396688597,reachable_success,91.231902292137,0.8570283762711974
352,transfer,middle,0.7879149785,20.0,False,tiago_sew,SUCCESS_EXACT,tiago_semi_analytic,c96a32d,median-body-4344-torso015-J1-root-robot-zminus020-v5,wrist_center,gripper_grasping_frame,seed-0-wrist-0,2.835199935361743,,1.0948411432867151,-0.06258122117704638,-2.044935159947577,1.938864474697703,0.5094334134622027,-0.4988186673758537,-2.0861343712696243,2.7194799110210365e-13,5.1292790217827194e-14,2.5444437451708134e-14,0.4735856412725936,0.38237118434479567,0.48935624867708194,0.7874256535437347,reachable_success,90.81189607787233,0.4735856412725936
353,transfer,middle,0.7889873654999999,20.0,False,tiago_sew,SUCCESS_EXACT,tiago_semi_analytic,c96a32d,median-body-4344-torso015-J1-root-robot-zminus020-v5,wrist_center,gripper_grasping_frame,seed-0-wrist-0,3.1180999940261245,,1.1009306742533675,-0.057868432753054505,-2.043872824483025,1.926321026282134,0.5167604704918762,-0.49875035224964126,-2.0898353536258965,3.040470972244059e-13,3.4430776445877737e-14,0.0,0.26153497220581706,0.3843720586651811,0.49265197593534366,0.7885684748402267,reachable_success,90.39208663382038,0.26153497220581706
354,transfer,middle,0.7900637815,20.0,False,tiago_sew,SUCCESS_EXACT,tiago_semi_analytic,c96a32d,median-body-4344-torso015-J1-root-robot-zminus020-v5,wrist_center,gripper_grasping_frame,seed-0-wrist-0,3.217700053937733,,1.1062998616026651,-0.053251077251494,-2.043014152810697,1.9154905705937861,0.5092635778999464,-0.5021913636370026,-2.0842099726393437,2.0014830212433604e-13,5.40615231936485e-14,0.0,0.5838455608884284,0.38690388171115403,0.495950158580502,0.7885095602408568,reachable_success,90.82162693880086,0.5838455608884284
355,transfer,middle,0.7909756164999999,20.0,False,tiago_sew,SUCCESS_EXACT,tiago_semi_analytic,c96a32d,median-body-4344-torso015-J1-root-robot-zminus020-v5,wrist_center,gripper_grasping_frame,seed-0-wrist-0,2.7411000337451696,,1.111584658393051,-0.046193816736365634,-2.03942852643485,1.903230038049347,0.5191724618451081,-0.49960323564849407,-2.0933193265956787,1.3597399555105182e-13,5.431494827252396e-14,0.0,0.06191802509963748,0.38871637512797586,0.49931124857410647,0.789374670330029,reachable_success,90.25388970905814,0.06191802509963748
356,transfer,middle,0.7918914795,20.0,False,tiago_sew,SUCCESS_EXACT,tiago_semi_analytic,c96a32d,median-body-4344-torso015-J1-root-robot-zminus020-v5,wrist_center,gripper_grasping_frame,seed-2-wrist-0-boundary,300.9035000577569,,1.1174244776801314,-0.042309821716872344,-2.0385045892091607,1.891620811467145,0.5210420620254912,-0.49978272742271185,-2.0943999999999994,0.2519105812010431,0.12234589326746455,0.055059869158549886,2.5444437451708134e-14,0.3908928662193463,0.5025556851915334,0.7902251473202835,reachable_success,90.1467695093453,2.5444437451708134e-14
357,transfer,middle,0.7927408444999999,20.0,False,tiago_sew,SUCCESS_EXACT,tiago_semi_analytic,c96a32d,median-body-4344-torso015-J1-root-robot-zminus020-v5,wrist_center,gripper_grasping_frame,seed-2-wrist-0-boundary,226.8673999933526,,1.1224502502629439,-0.03826245584830523,-2.037324066595172,1.8816226878827278,0.518502783850169,-0.5026434638532637,-2.0943999999999994,0.5582561326918111,0.27100934181997655,0.12105943164636475,2.5444437451708134e-14,0.39283351870868843,0.5054725960394795,0.7902118928140784,reachable_success,90.29225943180094,2.5444437451708134e-14
358,transfer,middle,0.7937191775,20.0,False,tiago_sew,SUCCESS_EXACT,tiago_semi_analytic,c96a32d,median-body-4344-torso015-J1-root-robot-zminus020-v5,wrist_center,gripper_grasping_frame,seed-2-wrist-0-boundary,283.99430005811155,,1.128384602309665,-0.03246330737584309,-2.0348977801271997,1.8694953078598506,0.5181672355314899,-0.501903705624286,-2.0943999999999994,0.5909662221812798,0.28700852209093003,0.12769032297102084,2.5444437451708134e-14,0.39517126869904334,0.5091265509914574,0.7907784632101859,reachable_success,90.31148493428397,2.5444437451708134e-14
359,transfer,middle,0.7944225165,20.0,False,tiago_sew,SUCCESS_EXACT,tiago_semi_analytic,c96a32d,median-body-4344-torso015-J1-root-robot-zminus020-v5,wrist_center,gripper_grasping_frame,seed-2-wrist-0-boundary,262.7527000149712,,1.1340731435468319,-0.028449713384052448,-2.0330058249007084,1.8575204872901658,0.5175344995606533,-0.5090385745488573,-2.0943999999999994,0.5849836023899956,0.28422597391481846,0.12585765045034927,2.5444437451708134e-14,0.39728242029281674,0.5123259047019291,0.7898131498038545,reachable_success,90.34773803495902,2.5444437451708134e-14
360,transfer,middle,0.7950935975,20.0,False,tiago_sew,SUCCESS_EXACT,tiago_semi_analytic,c96a32d,median-body-4344-torso015-J1-root-robot-zminus020-v5,wrist_center,gripper_grasping_frame,seed-2-wrist-0-boundary,288.2338999770582,,1.1391698926067795,-0.02394745439918515,-2.030701129082813,1.847026895637968,0.5197116720881562,-0.5064501491350998,-2.0943999999999994,0.8892401381219066,0.43261856549386335,0.19172942164725923,2.5444437451708134e-14,0.39928566638676327,0.5154436069716477,0.7906186612008381,reachable_success,90.22299523786127,2.5444437451708134e-14
361,transfer,middle,0.7957949835,20.0,False,tiago_sew,SUCCESS_EXACT,tiago_semi_analytic,c96a32d,median-body-4344-torso015-J1-root-robot-zminus020-v5,wrist_center,gripper_grasping_frame,seed-2-wrist-0-boundary,278.90189993195236,,1.1451116607865346,-0.01978109955061169,-2.0286671558744525,1.8354351686465031,0.5182072057142292,-0.5049370780196863,-2.0943999999999994,0.9845194019482483,0.4788277527636459,0.21088186967441952,2.5444437451708134e-14,0.40169714464664635,0.5189900190873136,0.7912368359023136,reachable_success,90.30919481150664,2.5444437451708134e-14
362,transfer,middle,0.7963494265,20.0,False,tiago_sew,NUMERICAL_FAILURE,tiago_semi_analytic,c96a32d,median-body-4344-torso015-J1-root-robot-zminus020-v5,wrist_center,gripper_grasping_frame,,285.1741999620572,no exact or boundary-refined wrist branch met strict wrist-center/orientation/SEW tolerances,,,,,,,,,,,,,,,oracle_inconclusive,,
363,transfer,middle,0.7970233765,20.0,False,tiago_sew,NUMERICAL_FAILURE,tiago_semi_analytic,c96a32d,median-body-4344-torso015-J1-root-robot-zminus020-v5,wrist_center,gripper_grasping_frame,,285.9425999922678,no exact or boundary-refined wrist branch met strict wrist-center/orientation/SEW tolerances,,,,,,,,,,,,,,,oracle_inconclusive,,
364,transfer,middle,0.7975969855,20.0,False,tiago_sew,NUMERICAL_FAILURE,tiago_semi_analytic,c96a32d,median-body-4344-torso015-J1-root-robot-zminus020-v5,wrist_center,gripper_grasping_frame,,297.3344000056386,no exact or boundary-refined wrist branch met strict wrist-center/orientation/SEW tolerances,,,,,,,,,,,,,,,oracle_inconclusive,,
365,transfer,middle,0.7981401065,20.0,False,tiago_sew,NUMERICAL_FAILURE,tiago_semi_analytic,c96a32d,median-body-4344-torso015-J1-root-robot-zminus020-v5,wrist_center,gripper_grasping_frame,,284.66630005277693,no exact or boundary-refined wrist branch met strict wrist-center/orientation/SEW tolerances,,,,,,,,,,,,,,,oracle_inconclusive,,
366,transfer,middle,0.7985071715,20.0,False,tiago_sew,NUMERICAL_FAILURE,tiago_semi_analytic,c96a32d,median-body-4344-torso015-J1-root-robot-zminus020-v5,wrist_center,gripper_grasping_frame,,285.74880002997816,no exact or boundary-refined wrist branch met strict wrist-center/orientation/SEW tolerances,,,,,,,,,,,,,,,oracle_inconclusive,,
367,transfer,middle,0.7989514775,20.0,False,tiago_sew,NUMERICAL_FAILURE,tiago_semi_analytic,c96a32d,median-body-4344-torso015-J1-root-robot-zminus020-v5,wrist_center,gripper_grasping_frame,,272.2188000334427,no exact or boundary-refined wrist branch met strict wrist-center/orientation/SEW tolerances,,,,,,,,,,,,,,,oracle_inconclusive,,
368,transfer,high,0.7993283695,20.0,False,tiago_sew,NUMERICAL_FAILURE,tiago_semi_analytic,c96a32d,median-body-4344-torso015-J1-root-robot-zminus020-v5,wrist_center,gripper_grasping_frame,,219.35060003306717,no exact or boundary-refined wrist branch met strict wrist-center/orientation/SEW tolerances,,,,,,,,,,,,,,,oracle_inconclusive,,
369,transfer,high,0.7998353885,20.0,False,tiago_sew,NUMERICAL_FAILURE,tiago_semi_analytic,c96a32d,median-body-4344-torso015-J1-root-robot-zminus020-v5,wrist_center,gripper_grasping_frame,,237.1474999235943,no exact or boundary-refined wrist branch met strict wrist-center/orientation/SEW tolerances,,,,,,,,,,,,,,,oracle_inconclusive,,
370,transfer,high,0.7999938665,20.0,False,tiago_sew,NUMERICAL_FAILURE,tiago_semi_analytic,c96a32d,median-body-4344-torso015-J1-root-robot-zminus020-v5,wrist_center,gripper_grasping_frame,,254.32010006625205,no exact or boundary-refined wrist branch met strict wrist-center/orientation/SEW tolerances,,,,,,,,,,,,,,,oracle_inconclusive,,
371,transfer,high,0.8005650335,20.0,False,tiago_sew,NUMERICAL_FAILURE,tiago_semi_analytic,c96a32d,median-body-4344-torso015-J1-root-robot-zminus020-v5,wrist_center,gripper_grasping_frame,,298.62489993683994,no exact or boundary-refined wrist branch met strict wrist-center/orientation/SEW tolerances,,,,,,,,,,,,,,,oracle_inconclusive,,
372,transfer,high,0.8010246585,20.0,False,tiago_sew,NUMERICAL_FAILURE,tiago_semi_analytic,c96a32d,median-body-4344-torso015-J1-root-robot-zminus020-v5,wrist_center,gripper_grasping_frame,,293.93329995218664,no exact or boundary-refined wrist branch met strict wrist-center/orientation/SEW tolerances,,,,,,,,,,,,,,,oracle_inconclusive,,
373,transfer,high,0.8011165775,20.0,False,tiago_sew,NUMERICAL_FAILURE,tiago_semi_analytic,c96a32d,median-body-4344-torso015-J1-root-robot-zminus020-v5,wrist_center,gripper_grasping_frame,,285.26250005234033,no exact or boundary-refined wrist branch met strict wrist-center/orientation/SEW tolerances,,,,,,,,,,,,,,,oracle_inconclusive,,
374,transfer,high,0.8015430914999999,20.0,False,tiago_sew,NUMERICAL_FAILURE,tiago_semi_analytic,c96a32d,median-body-4344-torso015-J1-root-robot-zminus020-v5,wrist_center,gripper_grasping_frame,,202.60660001076758,no exact or boundary-refined wrist branch met strict wrist-center/orientation/SEW tolerances,,,,,,,,,,,,,,,oracle_inconclusive,,
375,transfer,high,0.8018908695,20.0,False,tiago_sew,NUMERICAL_FAILURE,tiago_semi_analytic,c96a32d,median-body-4344-torso015-J1-root-robot-zminus020-v5,wrist_center,gripper_grasping_frame,,216.59490000456572,no exact or boundary-refined wrist branch met strict wrist-center/orientation/SEW tolerances,,,,,,,,,,,,,,,oracle_inconclusive,,
376,transfer,high,0.8020408325,20.0,False,tiago_sew,NUMERICAL_FAILURE,tiago_semi_analytic,c96a32d,median-body-4344-torso015-J1-root-robot-zminus020-v5,wrist_center,gripper_grasping_frame,,284.0454999823123,no exact or boundary-refined wrist branch met strict wrist-center/orientation/SEW tolerances,,,,,,,,,,,,,,,oracle_inconclusive,,
377,transfer,high,0.8024731445,20.0,False,tiago_sew,NUMERICAL_FAILURE,tiago_semi_analytic,c96a32d,median-body-4344-torso015-J1-root-robot-zminus020-v5,wrist_center,gripper_grasping_frame,,285.6184000847861,no exact or boundary-refined wrist branch met strict wrist-center/orientation/SEW tolerances,,,,,,,,,,,,,,,oracle_inconclusive,,
378,transfer,high,0.8027194824999999,20.0,False,tiago_sew,NUMERICAL_FAILURE,tiago_semi_analytic,c96a32d,median-body-4344-torso015-J1-root-robot-zminus020-v5,wrist_center,gripper_grasping_frame,,287.77140006422997,no exact or boundary-refined wrist branch met strict wrist-center/orientation/SEW tolerances,,,,,,,,,,,,,,,oracle_inconclusive,,
379,transfer,high,0.8029448855,20.0,False,tiago_sew,NUMERICAL_FAILURE,tiago_semi_analytic,c96a32d,median-body-4344-torso015-J1-root-robot-zminus020-v5,wrist_center,gripper_grasping_frame,,299.9818999087438,no exact or boundary-refined wrist branch met strict wrist-center/orientation/SEW tolerances,,,,,,,,,,,,,,,oracle_inconclusive,,
380,transfer,high,0.8032651975,20.0,False,tiago_sew,NUMERICAL_FAILURE,tiago_semi_analytic,c96a32d,median-body-4344-torso015-J1-root-robot-zminus020-v5,wrist_center,gripper_grasping_frame,,290.49309995025396,no exact or boundary-refined wrist branch met strict wrist-center/orientation/SEW tolerances,,,,,,,,,,,,,,,oracle_inconclusive,,
381,transfer,high,0.8035154725,20.0,False,tiago_sew,NUMERICAL_FAILURE,tiago_semi_analytic,c96a32d,median-body-4344-torso015-J1-root-robot-zminus020-v5,wrist_center,gripper_grasping_frame,,275.90290002990514,no exact or boundary-refined wrist branch met strict wrist-center/orientation/SEW tolerances,,,,,,,,,,,,,,,oracle_inconclusive,,
382,transfer,high,0.8036639105,20.0,False,tiago_sew,NUMERICAL_FAILURE,tiago_semi_analytic,c96a32d,median-body-4344-torso015-J1-root-robot-zminus020-v5,wrist_center,gripper_grasping_frame,,197.8258000453934,no exact or boundary-refined wrist branch met strict wrist-center/orientation/SEW tolerances,,,,,,,,,,,,,,,oracle_inconclusive,,
383,transfer,high,0.8039724125000001,20.0,False,tiago_sew,NUMERICAL_FAILURE,tiago_semi_analytic,c96a32d,median-body-4344-torso015-J1-root-robot-zminus020-v5,wrist_center,gripper_grasping_frame,,286.6388000547886,no exact or boundary-refined wrist branch met strict wrist-center/orientation/SEW tolerances,,,,,,,,,,,,,,,oracle_inconclusive,,
384,transfer,high,0.8044049375,20.0,False,tiago_sew,NUMERICAL_FAILURE,tiago_semi_analytic,c96a32d,median-body-4344-torso015-J1-root-robot-zminus020-v5,wrist_center,gripper_grasping_frame,,287.2757000150159,no exact or boundary-refined wrist branch met strict wrist-center/orientation/SEW tolerances,,,,,,,,,,,,,,,oracle_inconclusive,,
385,transfer,high,0.8045001835,20.0,False,tiago_sew,NUMERICAL_FAILURE,tiago_semi_analytic,c96a32d,median-body-4344-torso015-J1-root-robot-zminus020-v5,wrist_center,gripper_grasping_frame,,288.95409998949617,no exact or boundary-refined wrist branch met strict wrist-center/orientation/SEW tolerances,,,,,,,,,,,,,,,oracle_inconclusive,,
386,transfer,high,0.8048937995000001,20.0,False,tiago_sew,NUMERICAL_FAILURE,tiago_semi_analytic,c96a32d,median-body-4344-torso015-J1-root-robot-zminus020-v5,wrist_center,gripper_grasping_frame,,190.86079997941852,no exact or boundary-refined wrist branch met strict wrist-center/orientation/SEW tolerances,,,,,,,,,,,,,,,oracle_inconclusive,,
387,transfer,high,0.8054254765,20.0,False,tiago_sew,NUMERICAL_FAILURE,tiago_semi_analytic,c96a32d,median-body-4344-torso015-J1-root-robot-zminus020-v5,wrist_center,gripper_grasping_frame,,281.37590002734214,no exact or boundary-refined wrist branch met strict wrist-center/orientation/SEW tolerances,,,,,,,,,,,,,,,oracle_inconclusive,,
388,transfer,high,0.8055380255,20.0,False,tiago_sew,NUMERICAL_FAILURE,tiago_semi_analytic,c96a32d,median-body-4344-torso015-J1-root-robot-zminus020-v5,wrist_center,gripper_grasping_frame,,287.0942000299692,no exact or boundary-refined wrist branch met strict wrist-center/orientation/SEW tolerances,,,,,,,,,,,,,,,oracle_inconclusive,,
389,transfer,high,0.8060549625,20.0,False,tiago_sew,NUMERICAL_FAILURE,tiago_semi_analytic,c96a32d,median-body-4344-torso015-J1-root-robot-zminus020-v5,wrist_center,gripper_grasping_frame,,293.568899971433,no exact or boundary-refined wrist branch met strict wrist-center/orientation/SEW tolerances,,,,,,,,,,,,,,,oracle_inconclusive,,
390,transfer,high,0.8067693485,20.0,False,tiago_sew,NUMERICAL_FAILURE,tiago_semi_analytic,c96a32d,median-body-4344-torso015-J1-root-robot-zminus020-v5,wrist_center,gripper_grasping_frame,,198.8627000246197,no exact or boundary-refined wrist branch met strict wrist-center/orientation/SEW tolerances,,,,,,,,,,,,,,,oracle_inconclusive,,
391,transfer,high,0.8069861455,20.0,False,tiago_sew,NUMERICAL_FAILURE,tiago_semi_analytic,c96a32d,median-body-4344-torso015-J1-root-robot-zminus020-v5,wrist_center,gripper_grasping_frame,,289.6877999883145,no exact or boundary-refined wrist branch met strict wrist-center/orientation/SEW tolerances,,,,,,,,,,,,,,,oracle_inconclusive,,
392,transfer,high,0.8075090635,20.0,False,tiago_sew,NUMERICAL_FAILURE,tiago_semi_analytic,c96a32d,median-body-4344-torso015-J1-root-robot-zminus020-v5,wrist_center,gripper_grasping_frame,,284.98409991152585,no exact or boundary-refined wrist branch met strict wrist-center/orientation/SEW tolerances,,,,,,,,,,,,,,,oracle_inconclusive,,
393,transfer,high,0.8081081545,20.0,False,tiago_sew,NUMERICAL_FAILURE,tiago_semi_analytic,c96a32d,median-body-4344-torso015-J1-root-robot-zminus020-v5,wrist_center,gripper_grasping_frame,,286.8425000924617,no exact or boundary-refined wrist branch met strict wrist-center/orientation/SEW tolerances,,,,,,,,,,,,,,,oracle_inconclusive,,
394,transfer,high,0.8085195615,20.0,False,tiago_sew,NUMERICAL_FAILURE,tiago_semi_analytic,c96a32d,median-body-4344-torso015-J1-root-robot-zminus020-v5,wrist_center,gripper_grasping_frame,,286.87109996099025,no exact or boundary-refined wrist branch met strict wrist-center/orientation/SEW tolerances,,,,,,,,,,,,,,,oracle_inconclusive,,
395,transfer,high,0.8091150205,20.0,False,tiago_sew,NUMERICAL_FAILURE,tiago_semi_analytic,c96a32d,median-body-4344-torso015-J1-root-robot-zminus020-v5,wrist_center,gripper_grasping_frame,,296.0420000599697,no exact or boundary-refined wrist branch met strict wrist-center/orientation/SEW tolerances,,,,,,,,,,,,,,,oracle_inconclusive,,
396,transfer,high,0.8096687315,20.0,False,tiago_sew,NUMERICAL_FAILURE,tiago_semi_analytic,c96a32d,median-body-4344-torso015-J1-root-robot-zminus020-v5,wrist_center,gripper_grasping_frame,,287.4298000242561,no exact or boundary-refined wrist branch met strict wrist-center/orientation/SEW tolerances,,,,,,,,,,,,,,,oracle_inconclusive,,
397,transfer,high,0.8101795655,20.0,False,tiago_sew,NUMERICAL_FAILURE,tiago_semi_analytic,c96a32d,median-body-4344-torso015-J1-root-robot-zminus020-v5,wrist_center,gripper_grasping_frame,,226.31990001536906,no exact or boundary-refined wrist branch met strict wrist-center/orientation/SEW tolerances,,,,,,,,,,,,,,,oracle_inconclusive,,
398,transfer,high,0.8108908085,20.0,False,tiago_sew,NUMERICAL_FAILURE,tiago_semi_analytic,c96a32d,median-body-4344-torso015-J1-root-robot-zminus020-v5,wrist_center,gripper_grasping_frame,,253.61089990474284,no exact or boundary-refined wrist branch met strict wrist-center/orientation/SEW tolerances,,,,,,,,,,,,,,,oracle_inconclusive,,
399,transfer,high,0.8115256655,20.0,False,tiago_sew,NUMERICAL_FAILURE,tiago_semi_analytic,c96a32d,median-body-4344-torso015-J1-root-robot-zminus020-v5,wrist_center,gripper_grasping_frame,,259.1575999977067,no exact or boundary-refined wrist branch met strict wrist-center/orientation/SEW tolerances,,,,,,,,,,,,,,,oracle_inconclusive,,
400,transfer,high,0.8117388915,20.0,False,tiago_sew,NUMERICAL_FAILURE,tiago_semi_analytic,c96a32d,median-body-4344-torso015-J1-root-robot-zminus020-v5,wrist_center,gripper_grasping_frame,,291.9238000176847,no exact or boundary-refined wrist branch met strict wrist-center/orientation/SEW tolerances,,,,,,,,,,,,,,,oracle_inconclusive,,
401,transfer,high,0.8123942565,20.0,False,tiago_sew,NUMERICAL_FAILURE,tiago_semi_analytic,c96a32d,median-body-4344-torso015-J1-root-robot-zminus020-v5,wrist_center,gripper_grasping_frame,,285.99030000623316,no exact or boundary-refined wrist branch met strict wrist-center/orientation/SEW tolerances,,,,,,,,,,,,,,,oracle_inconclusive,,
402,transfer,high,0.8131295475,20.0,False,tiago_sew,NUMERICAL_FAILURE,tiago_semi_analytic,c96a32d,median-body-4344-torso015-J1-root-robot-zminus020-v5,wrist_center,gripper_grasping_frame,,297.69879998639226,no exact or boundary-refined wrist branch met strict wrist-center/orientation/SEW tolerances,,,,,,,,,,,,,,,oracle_inconclusive,,
403,transfer,high,0.8133850715,20.0,False,tiago_sew,NUMERICAL_FAILURE,tiago_semi_analytic,c96a32d,median-body-4344-torso015-J1-root-robot-zminus020-v5,wrist_center,gripper_grasping_frame,,283.84710010141134,no exact or boundary-refined wrist branch met strict wrist-center/orientation/SEW tolerances,,,,,,,,,,,,,,,oracle_inconclusive,,
404,transfer,high,0.8138011475,20.0,False,tiago_sew,NUMERICAL_FAILURE,tiago_semi_analytic,c96a32d,median-body-4344-torso015-J1-root-robot-zminus020-v5,wrist_center,gripper_grasping_frame,,294.1235000034794,no exact or boundary-refined wrist branch met strict wrist-center/orientation/SEW tolerances,,,,,,,,,,,,,,,oracle_inconclusive,,
405,transfer,high,0.8144683534999999,20.0,False,tiago_sew,NUMERICAL_FAILURE,tiago_semi_analytic,c96a32d,median-body-4344-torso015-J1-root-robot-zminus020-v5,wrist_center,gripper_grasping_frame,,285.3335998952389,no exact or boundary-refined wrist branch met strict wrist-center/orientation/SEW tolerances,,,,,,,,,,,,,,,oracle_inconclusive,,
406,transfer,high,0.8149061285,20.0,False,tiago_sew,NUMERICAL_FAILURE,tiago_semi_analytic,c96a32d,median-body-4344-torso015-J1-root-robot-zminus020-v5,wrist_center,gripper_grasping_frame,,287.288699997589,no exact or boundary-refined wrist branch met strict wrist-center/orientation/SEW tolerances,,,,,,,,,,,,,,,oracle_inconclusive,,
407,transfer,high,0.8150993955,20.0,False,tiago_sew,NUMERICAL_FAILURE,tiago_semi_analytic,c96a32d,median-body-4344-torso015-J1-root-robot-zminus020-v5,wrist_center,gripper_grasping_frame,,288.1931000156328,no exact or boundary-refined wrist branch met strict wrist-center/orientation/SEW tolerances,,,,,,,,,,,,,,,oracle_inconclusive,,
408,transfer,high,0.8153463445,20.0,False,tiago_sew,NUMERICAL_FAILURE,tiago_semi_analytic,c96a32d,median-body-4344-torso015-J1-root-robot-zminus020-v5,wrist_center,gripper_grasping_frame,,290.0064999703318,no exact or boundary-refined wrist branch met strict wrist-center/orientation/SEW tolerances,,,,,,,,,,,,,,,oracle_inconclusive,,
409,transfer,high,0.8155958555,20.0,False,tiago_sew,NUMERICAL_FAILURE,tiago_semi_analytic,c96a32d,median-body-4344-torso015-J1-root-robot-zminus020-v5,wrist_center,gripper_grasping_frame,,295.8121000556275,no exact or boundary-refined wrist branch met strict wrist-center/orientation/SEW tolerances,,,,,,,,,,,,,,,oracle_inconclusive,,
410,transfer,high,0.8159253545,20.0,False,tiago_sew,NUMERICAL_FAILURE,tiago_semi_analytic,c96a32d,median-body-4344-torso015-J1-root-robot-zminus020-v5,wrist_center,gripper_grasping_frame,,288.9386999886483,no exact or boundary-refined wrist branch met strict wrist-center/orientation/SEW tolerances,,,,,,,,,,,,,,,oracle_inconclusive,,
411,transfer,high,0.8162156675,20.0,False,tiago_sew,NUMERICAL_FAILURE,tiago_semi_analytic,c96a32d,median-body-4344-torso015-J1-root-robot-zminus020-v5,wrist_center,gripper_grasping_frame,,297.31950000859797,no exact or boundary-refined wrist branch met strict wrist-center/orientation/SEW tolerances,,,,,,,,,,,,,,,oracle_inconclusive,,
412,transfer,high,0.8162750244999999,20.0,False,tiago_sew,NUMERICAL_FAILURE,tiago_semi_analytic,c96a32d,median-body-4344-torso015-J1-root-robot-zminus020-v5,wrist_center,gripper_grasping_frame,,292.6907000364736,no exact or boundary-refined wrist branch met strict wrist-center/orientation/SEW tolerances,,,,,,,,,,,,,,,oracle_inconclusive,,
413,transfer,high,0.8164742125,20.0,False,tiago_sew,NUMERICAL_FAILURE,tiago_semi_analytic,c96a32d,median-body-4344-torso015-J1-root-robot-zminus020-v5,wrist_center,gripper_grasping_frame,,286.3099999958649,no exact or boundary-refined wrist branch met strict wrist-center/orientation/SEW tolerances,,,,,,,,,,,,,,,oracle_inconclusive,,
414,transfer,high,0.8165259094999999,20.0,False,tiago_sew,NUMERICAL_FAILURE,tiago_semi_analytic,c96a32d,median-body-4344-torso015-J1-root-robot-zminus020-v5,wrist_center,gripper_grasping_frame,,290.8022999763489,no exact or boundary-refined wrist branch met strict wrist-center/orientation/SEW tolerances,,,,,,,,,,,,,,,oracle_inconclusive,,
415,transfer,high,0.8166980285000001,20.0,False,tiago_sew,NUMERICAL_FAILURE,tiago_semi_analytic,c96a32d,median-body-4344-torso015-J1-root-robot-zminus020-v5,wrist_center,gripper_grasping_frame,,313.52560000959784,no exact or boundary-refined wrist branch met strict wrist-center/orientation/SEW tolerances,,,,,,,,,,,,,,,oracle_inconclusive,,
416,transfer,high,0.8168557745,20.0,False,tiago_sew,NUMERICAL_FAILURE,tiago_semi_analytic,c96a32d,median-body-4344-torso015-J1-root-robot-zminus020-v5,wrist_center,gripper_grasping_frame,,289.2714999616146,no exact or boundary-refined wrist branch met strict wrist-center/orientation/SEW tolerances,,,,,,,,,,,,,,,oracle_inconclusive,,
417,transfer,high,0.8168977055,20.0,False,tiago_sew,NUMERICAL_FAILURE,tiago_semi_analytic,c96a32d,median-body-4344-torso015-J1-root-robot-zminus020-v5,wrist_center,gripper_grasping_frame,,273.964999942109,no exact or boundary-refined wrist branch met strict wrist-center/orientation/SEW tolerances,,,,,,,,,,,,,,,oracle_inconclusive,,
418,transfer,high,0.8170822455,20.0,False,tiago_sew,NUMERICAL_FAILURE,tiago_semi_analytic,c96a32d,median-body-4344-torso015-J1-root-robot-zminus020-v5,wrist_center,gripper_grasping_frame,,289.6123999962583,no exact or boundary-refined wrist branch met strict wrist-center/orientation/SEW tolerances,,,,,,,,,,,,,,,oracle_inconclusive,,
419,transfer,high,0.8170653685,20.0,False,tiago_sew,NUMERICAL_FAILURE,tiago_semi_analytic,c96a32d,median-body-4344-torso015-J1-root-robot-zminus020-v5,wrist_center,gripper_grasping_frame,,284.04229995794594,no exact or boundary-refined wrist branch met strict wrist-center/orientation/SEW tolerances,,,,,,,,,,,,,,,oracle_inconclusive,,
420,transfer,high,0.8172015994999999,20.0,False,tiago_sew,NUMERICAL_FAILURE,tiago_semi_analytic,c96a32d,median-body-4344-torso015-J1-root-robot-zminus020-v5,wrist_center,gripper_grasping_frame,,238.49009990226477,no exact or boundary-refined wrist branch met strict wrist-center/orientation/SEW tolerances,,,,,,,,,,,,,,,oracle_inconclusive,,
421,transfer,high,0.8173605344999999,20.0,False,tiago_sew,NUMERICAL_FAILURE,tiago_semi_analytic,c96a32d,median-body-4344-torso015-J1-root-robot-zminus020-v5,wrist_center,gripper_grasping_frame,,289.44780002348125,no exact or boundary-refined wrist branch met strict wrist-center/orientation/SEW tolerances,,,,,,,,,,,,,,,oracle_inconclusive,,
422,transfer,high,0.8173518065,20.0,False,tiago_sew,NUMERICAL_FAILURE,tiago_semi_analytic,c96a32d,median-body-4344-torso015-J1-root-robot-zminus020-v5,wrist_center,gripper_grasping_frame,,282.37560007255524,no exact or boundary-refined wrist branch met strict wrist-center/orientation/SEW tolerances,,,,,,,,,,,,,,,oracle_inconclusive,,
423,transfer,high,0.8173263555,20.0,False,tiago_sew,NUMERICAL_FAILURE,tiago_semi_analytic,c96a32d,median-body-4344-torso015-J1-root-robot-zminus020-v5,wrist_center,gripper_grasping_frame,,285.8358999947086,no exact or boundary-refined wrist branch met strict wrist-center/orientation/SEW tolerances,,,,,,,,,,,,,,,oracle_inconclusive,,
424,transfer,high,0.8173349305,20.0,False,tiago_sew,NUMERICAL_FAILURE,tiago_semi_analytic,c96a32d,median-body-4344-torso015-J1-root-robot-zminus020-v5,wrist_center,gripper_grasping_frame,,293.8896999694407,no exact or boundary-refined wrist branch met strict wrist-center/orientation/SEW tolerances,,,,,,,,,,,,,,,oracle_inconclusive,,
425,transfer,high,0.8172401734999999,20.0,False,tiago_sew,NUMERICAL_FAILURE,tiago_semi_analytic,c96a32d,median-body-4344-torso015-J1-root-robot-zminus020-v5,wrist_center,gripper_grasping_frame,,293.90480008441955,no exact or boundary-refined wrist branch met strict wrist-center/orientation/SEW tolerances,,,,,,,,,,,,,,,oracle_inconclusive,,
426,transfer,high,0.8172535405,20.0,False,tiago_sew,NUMERICAL_FAILURE,tiago_semi_analytic,c96a32d,median-body-4344-torso015-J1-root-robot-zminus020-v5,wrist_center,gripper_grasping_frame,,288.07329991832376,no exact or boundary-refined wrist branch met strict wrist-center/orientation/SEW tolerances,,,,,,,,,,,,,,,oracle_inconclusive,,
427,transfer,high,0.8172003784999999,20.0,False,tiago_sew,NUMERICAL_FAILURE,tiago_semi_analytic,c96a32d,median-body-4344-torso015-J1-root-robot-zminus020-v5,wrist_center,gripper_grasping_frame,,284.8152000224218,no exact or boundary-refined wrist branch met strict wrist-center/orientation/SEW tolerances,,,,,,,,,,,,,,,oracle_inconclusive,,
428,transfer,high,0.8170500494999999,20.0,False,tiago_sew,NUMERICAL_FAILURE,tiago_semi_analytic,c96a32d,median-body-4344-torso015-J1-root-robot-zminus020-v5,wrist_center,gripper_grasping_frame,,264.3944000592455,no exact or boundary-refined wrist branch met strict wrist-center/orientation/SEW tolerances,,,,,,,,,,,,,,,oracle_inconclusive,,
429,transfer,high,0.8169959105,20.0,False,tiago_sew,NUMERICAL_FAILURE,tiago_semi_analytic,c96a32d,median-body-4344-torso015-J1-root-robot-zminus020-v5,wrist_center,gripper_grasping_frame,,289.0065999235958,no exact or boundary-refined wrist branch met strict wrist-center/orientation/SEW tolerances,,,,,,,,,,,,,,,oracle_inconclusive,,
430,transfer,high,0.8169910895,20.0,False,tiago_sew,NUMERICAL_FAILURE,tiago_semi_analytic,c96a32d,median-body-4344-torso015-J1-root-robot-zminus020-v5,wrist_center,gripper_grasping_frame,,272.1995998872444,no exact or boundary-refined wrist branch met strict wrist-center/orientation/SEW tolerances,,,,,,,,,,,,,,,oracle_inconclusive,,
431,transfer,high,0.8168885195,20.0,False,tiago_sew,NUMERICAL_FAILURE,tiago_semi_analytic,c96a32d,median-body-4344-torso015-J1-root-robot-zminus020-v5,wrist_center,gripper_grasping_frame,,287.6862999983132,no exact or boundary-refined wrist branch met strict wrist-center/orientation/SEW tolerances,,,,,,,,,,,,,,,oracle_inconclusive,,
432,transfer,high,0.8167609865000001,20.0,False,tiago_sew,NUMERICAL_FAILURE,tiago_semi_analytic,c96a32d,median-body-4344-torso015-J1-root-robot-zminus020-v5,wrist_center,gripper_grasping_frame,,287.62360010296106,no exact or boundary-refined wrist branch met strict wrist-center/orientation/SEW tolerances,,,,,,,,,,,,,,,oracle_inconclusive,,
433,transfer,high,0.8164384764999999,20.0,False,tiago_sew,NUMERICAL_FAILURE,tiago_semi_analytic,c96a32d,median-body-4344-torso015-J1-root-robot-zminus020-v5,wrist_center,gripper_grasping_frame,,287.0382000692189,no exact or boundary-refined wrist branch met strict wrist-center/orientation/SEW tolerances,,,,,,,,,,,,,,,oracle_inconclusive,,
434,withdrawal,high,0.8176042484999999,20.0,False,tiago_sew,SUCCESS_EXACT,tiago_semi_analytic,c96a32d,median-body-4344-torso015-J1-root-robot-zminus020-v5,wrist_center,gripper_grasping_frame,seed-11-wrist-0-boundary,129.32210008148104,,1.4056102414284644,0.11401429502567727,-1.9432169153809289,1.3630177101509837,0.42009918767231885,-0.5399108283577223,-2.0943999999999994,0.17190231389173544,0.07295964462471459,0.02145411494781351,2.5444437451708134e-14,0.4796643175785937,0.6530683202950192,0.7931104305518131,reachable_success,95.93037018170143,2.5444437451708134e-14
435,withdrawal,high,0.8175350345,20.0,False,tiago_sew,SUCCESS_EXACT,tiago_semi_analytic,c96a32d,median-body-4344-torso015-J1-root-robot-zminus020-v5,wrist_center,gripper_grasping_frame,seed-11-wrist-0-boundary,277.4007999105379,,1.4042502921521418,0.1137636002011237,-1.9433425660299501,1.36439986437342,0.4210205679484853,-0.5387561746432922,-2.0943999999999994,0.09671996215288406,0.041085833643614095,0.01211670995621005,2.5444437451708134e-14,0.4798292492719475,0.6525263829525576,0.7932978110242963,reachable_success,95.8775789805505,2.5444437451708134e-14
436,withdrawal,high,0.8174158025,20.0,False,tiago_sew,SUCCESS_EXACT,tiago_semi_analytic,c96a32d,median-body-4344-torso015-J1-root-robot-zminus020-v5,wrist_center,gripper_grasping_frame,seed-0-wrist-0-boundary,275.33680002670735,,1.4024322404118745,0.11222469134445393,-1.9449480103604606,1.3665838063830724,0.4193612707468135,-0.5395024020003727,-2.094399999999759,0.033376791555476244,0.014189201752782068,0.004173151848623552,1.379088509882581e-11,0.4801240496230233,0.6516393404418875,0.7932622306918703,reachable_success,95.97264970716417,1.379088509882581e-11
437,withdrawal,high,0.8172959595,20.0,False,tiago_sew,SUCCESS_EXACT,tiago_semi_analytic,c96a32d,median-body-4344-torso015-J1-root-robot-zminus020-v5,wrist_center,gripper_grasping_frame,seed-11-wrist-0-boundary,278.5184000385925,,1.4005037592923777,0.11202410577408574,-1.9448292971586965,1.369067919400928,0.41950607109336435,-0.5377849610140687,-2.0943999999996827,0.04347462482234206,0.018503365569838743,0.005451620188776058,1.8167328340519606e-11,0.4802088994738404,0.6509076116649136,0.7933975132715588,reachable_success,95.96435325843477,1.8167328340519606e-11
438,withdrawal,high,0.8172320255000001,20.0,False,tiago_sew,SUCCESS_EXACT,tiago_semi_analytic,c96a32d,median-body-4344-torso015-J1-root-robot-zminus020-v5,wrist_center,gripper_grasping_frame,seed-0-wrist-0,2.3898000363260508,,1.398141323877412,0.11169295241148708,-1.945085846129083,1.3720214334934666,0.4193702190938806,-0.5394023167762318,-2.0914151143077353,7.989549994175123e-09,6.187712363290866e-14,1.1444144632654768e-09,0.17102135249574182,0.48013745853474116,0.6498430339593528,0.7930066573106964,reachable_success,95.9721370046436,0.17102135249574182
439,withdrawal,high,0.8171201175,20.0,False,tiago_sew,SUCCESS_EXACT,tiago_semi_analytic,c96a32d,median-body-4344-torso015-J1-root-robot-zminus020-v5,wrist_center,gripper_grasping_frame,seed-0-wrist-0,2.2356000263243914,,1.3958251133790893,0.11054213143807398,-1.946201913063795,1.374622610608958,0.4174867212288742,-0.544068451105133,-2.0838391805381082,9.595754229801693e-09,4.6254328307514555e-14,1.7088484192567182e-09,0.6050903833660086,0.4802599312896597,0.6486478535313169,0.7921010053854692,reachable_success,96.08005348303037,0.6050903833660086
440,withdrawal,high,0.8171036375,20.0,False,tiago_sew,SUCCESS_EXACT,tiago_semi_analytic,c96a32d,median-body-4344-torso015-J1-root-robot-zminus020-v5,wrist_center,gripper_grasping_frame,seed-0-wrist-0,3.0462000286206603,,1.392926726691928,0.11038566416183626,-1.9463947693255568,1.3782209134710366,0.4223751492056431,-0.5465711147767482,-2.082169956270949,2.482534153247273e-13,1.5720912143133568e-14,2.5444437451708134e-14,0.7007298889350491,0.4796157304127914,0.6472450349248215,0.79173897835204,reachable_success,95.79996719150783,0.7007298889350491
441,withdrawal,high,0.8170548095,20.0,False,tiago_sew,SUCCESS_EXACT,tiago_semi_analytic,c96a32d,median-body-4344-torso015-J1-root-robot-zminus020-v5,wrist_center,gripper_grasping_frame,seed-0-wrist-0,2.2778999991714954,,1.3902246597968173,0.11007510866940111,-1.9466725805647944,1.3815853790707076,0.4147963855440566,-0.5517888949197758,-2.0689228650166953,1.3264980211395664e-08,3.6672040909762594e-14,1.8871884813557406e-09,1.4597323086284513,0.4800536029431214,0.6460099221495004,0.7903874065005384,reachable_success,96.23419836324385,1.4597323086284513
442,withdrawal,high,0.8170563665,20.0,False,tiago_sew,SUCCESS_EXACT,tiago_semi_analytic,c96a32d,median-body-4344-torso015-J1-root-robot-zminus020-v5,wrist_center,gripper_grasping_frame,seed-0-wrist-0,2.174499910324812,,1.3878839664662415,0.10936748771982857,-1.9476125529836068,1.3846106539866763,0.41207036250142615,-0.555158425555383,-2.0644409117857645,7.329053064093436e-09,3.759108616606015e-14,1.2688632068417813e-09,1.71652931273581,0.48010387394528453,0.6448575231487237,0.7897655634830172,reachable_success,96.39038797844199,1.71652931273581
443,withdrawal,high,0.8169669195,20.0,False,tiago_sew,SUCCESS_EXACT,tiago_semi_analytic,c96a32d,median-body-4344-torso015-J1-root-robot-zminus020-v5,wrist_center,gripper_grasping_frame,seed-0-wrist-0,2.657900098711252,,1.3849507315176148,0.10786393850643072,-1.9492606416879077,1.3889676282698886,0.4067173375670281,-0.5545218405257613,-2.0594549165717995,5.99362638943339e-09,4.8651226354837694e-14,3.0616019363767812e-09,2.002205795168434,0.4804564933009249,0.6435873210459583,0.7898504536823001,reachable_success,96.69709371481129,2.002205795168434
444,withdrawal,high,0.8168153385,20.0,False,tiago_sew,SUCCESS_EXACT,tiago_semi_analytic,c96a32d,median-body-4344-torso015-J1-root-robot-zminus020-v5,wrist_center,gripper_grasping_frame,seed-0-wrist-0,3.5432999720796943,,1.3813911769951575,0.10593382054242345,-1.951238982394694,1.3943333338439865,0.40140941608189173,-0.5519992158200493,-2.0577927831097105,3.885780586188048e-13,3.567129287967525e-14,2.5444437451708134e-14,2.0974390275336012,0.4808436153615912,0.6420924400793134,0.790291637659794,reachable_success,97.00121521389642,2.0974390275336012
445,withdrawal,high,0.8165024415,20.0,False,tiago_sew,SUCCESS_EXACT,tiago_semi_analytic,c96a32d,median-body-4344-torso015-J1-root-robot-zminus020-v5,wrist_center,gripper_grasping_frame,seed-0-wrist-0,2.2705000592395663,,1.3779762511391052,0.1052241749131947,-1.9511488241769543,1.3991460249271648,0.39988580649253924,-0.5474644106365592,-2.0576897118588775,7.811377891673154e-09,3.1603143211124606e-14,5.17771402148554e-09,2.103344575195465,0.4810628920491365,0.640860900518581,0.7906803500947541,reachable_success,97.08851161299198,2.103344575195465
446,withdrawal,high,0.8162549445,20.0,False,tiago_sew,SUCCESS_EXACT,tiago_semi_analytic,c96a32d,median-body-4344-torso015-J1-root-robot-zminus020-v5,wrist_center,gripper_grasping_frame,seed-0-wrist-0,2.824899973347783,,1.3737914278918983,0.10436429731651373,-1.951484875624764,1.405096362929182,0.4020286834686786,-0.5470452972351794,-2.0584187847874214,2.7194799110210365e-13,8.39603255336179e-14,0.0,2.061571773432659,0.4805622892368486,0.6390460974868397,0.790526203030134,reachable_success,96.96573380624343,2.061571773432659
447,withdrawal,high,0.8160354925,20.0,False,tiago_sew,SUCCESS_EXACT,tiago_semi_analytic,c96a32d,median-body-4344-torso015-J1-root-robot-zminus020-v5,wrist_center,gripper_grasping_frame,seed-0-wrist-0,3.1336999963968992,,1.3693200039038422,0.1042631669364919,-1.9509862003889566,1.4108051090527647,0.40425437986391843,-0.5463508834927975,-2.059074500825016,3.554447978966673e-13,6.299009740601494e-14,0.0,2.0240020119194457,0.48028160183419777,0.6371983472900684,0.790283124995374,reachable_success,96.8382107963187,2.0240020119194457
448,withdrawal,high,0.8159149175,20.0,False,tiago_sew,SUCCESS_EXACT,tiago_semi_analytic,c96a32d,median-body-4344-torso015-J1-root-robot-zminus020-v5,wrist_center,gripper_grasping_frame,seed-0-wrist-0,3.7691000616177917,,1.3649473450192644,0.10184882411400699,-1.953659602301791,1.417506788267176,0.40293873403402225,-0.546615738320686,-2.0586245959217653,1.6653345369377348e-13,3.8217092033669486e-14,0.0,2.049779664057952,0.4799339363142737,0.6351053306136261,0.7904780307414567,reachable_success,96.91359174970574,2.049779664057952
449,withdrawal,high,0.8157933045,20.0,False,tiago_sew,SUCCESS_EXACT,tiago_semi_analytic,c96a32d,median-body-4344-torso015-J1-root-robot-zminus020-v5,wrist_center,gripper_grasping_frame,seed-0-wrist-0,3.0719999922439456,,1.3603772986328062,0.10067484051404893,-1.9548171453738945,1.4243585958916984,0.403222054575048,-0.5487050024624005,-2.0591129002936652,3.3306690738754696e-13,4.773353639687269e-14,2.5444437451708134e-14,2.0218018844302987,0.4792436002453328,0.6329639895318615,0.790047285521461,reachable_success,96.8973586784556,2.0218018844302987
450,withdrawal,high,0.8155849915,20.0,False,tiago_sew,SUCCESS_EXACT,tiago_semi_analytic,c96a32d,median-body-4344-torso015-J1-root-robot-zminus020-v5,wrist_center,gripper_grasping_frame,seed-0-wrist-0,3.4178000641986728,,1.3550908985569607,0.0989161361567328,-1.9564037696480585,1.4319295899685496,0.4004473743291941,-0.5526015296152234,-2.053907542211034,2.7194799110210365e-13,3.242550783439724e-14,2.5444437451708134e-14,2.3200469334193783,0.47887831791109386,0.630465142079524,0.7891515657615159,reachable_success,97.05633614604136,2.3200469334193783
451,withdrawal,high,0.8150641175,20.0,False,tiago_sew,SUCCESS_EXACT,tiago_semi_analytic,c96a32d,median-body-4344-torso015-J1-root-robot-zminus020-v5,wrist_center,gripper_grasping_frame,seed-0-wrist-0,3.654400003142655,,1.349895963487462,0.09665229591237881,-1.9575664803401769,1.4403501720178646,0.399074205543549,-0.551901547362518,-2.053347922226343,0.0,7.07012439684276e-14,0.0,2.3521107966733554,0.47825064205368145,0.6281797080446405,0.7887861752107183,reachable_success,97.13501292201792,2.3521107966733554
452,withdrawal,high,0.8146621095,20.0,False,tiago_sew,SUCCESS_EXACT,tiago_semi_analytic,c96a32d,median-body-4344-torso015-J1-root-robot-zminus020-v5,wrist_center,gripper_grasping_frame,seed-0-wrist-0,2.714799949899316,,1.3434579914093612,0.09658364940002108,-1.9565285524557698,1.4490040862131812,0.4001954510766854,-0.5487305088608507,-2.0530733607900915,1.9229626863835638e-13,4.443656830240348e-14,2.5444437451708134e-14,2.3678420081876093,0.4779031692328003,0.6256342177734769,0.7886151115408097,reachable_success,97.07077028517132,2.3678420081876093
453,withdrawal,high,0.8142962345,20.0,False,tiago_sew,SUCCESS_EXACT,tiago_semi_analytic,c96a32d,median-body-4344-torso015-J1-root-robot-zminus020-v5,wrist_center,gripper_grasping_frame,seed-0-wrist-0,2.6621000142768025,,1.3374522355196214,0.0954265681266405,-1.9568861046839756,1.4566874844917312,0.40367076791781464,-0.5490784581739119,-2.056039810061571,1.1102230246251565e-13,3.7780477411008567e-14,0.0,2.1978769847921833,0.47740847879588444,0.6229778453872776,0.7882000141592811,reachable_success,96.87164929770387,2.1978769847921833
454,withdrawal,high,0.8137507635,20.0,False,tiago_sew,SUCCESS_EXACT,tiago_semi_analytic,c96a32d,median-body-4344-torso015-J1-root-robot-zminus020-v5,wrist_center,gripper_grasping_frame,seed-0-wrist-0,2.641499973833561,,1.3305661731360277,0.0932030082568104,-1.957980951498625,1.467330158196297,0.4032905014021604,-0.5456343710679388,-2.0512504681748958,2.482534153247273e-13,1.4421110962490553e-14,0.0,2.472286061543891,0.47668711276642933,0.6200390795335354,0.7883078288399912,reachable_success,96.893436964141,2.472286061543891
455,withdrawal,high,0.8132080385,20.0,False,tiago_sew,SUCCESS_EXACT,tiago_semi_analytic,c96a32d,median-body-4344-torso015-J1-root-robot-zminus020-v5,wrist_center,gripper_grasping_frame,seed-0-wrist-0,3.746700007468462,,1.323966330422225,0.09116927015568661,-1.9588520853775284,1.4776310745849373,0.40762176120884774,-0.5396784637919145,-2.0544105701699893,1.2412670766236365e-13,1.6139548218742133e-14,2.5444437451708134e-14,2.29122555439416,0.4756065550101715,0.6172393263593493,0.7890252300819974,reachable_success,96.64527405724317,2.29122555439416
456,withdrawal,high,0.8123339235,20.0,False,tiago_sew,SUCCESS_EXACT,tiago_semi_analytic,c96a32d,median-body-4344-torso015-J1-root-robot-zminus020-v5,wrist_center,gripper_grasping_frame,seed-0-wrist-0,3.0405999859794974,,1.316636608176745,0.08691282911208768,-1.961232550356317,1.4903254622917175,0.40215438418269445,-0.5233289136708539,-2.0516699811321715,2.5438405243138007e-13,6.687942464367788e-14,2.5444437451708134e-14,2.4482497396409406,0.4755701032992757,0.6144595019284952,0.7914178010086869,reachable_success,96.95853168584854,2.4482497396409406
457,withdrawal,high,0.8117846074999999,20.0,False,tiago_sew,SUCCESS_EXACT,tiago_semi_analytic,c96a32d,median-body-4344-torso015-J1-root-robot-zminus020-v5,wrist_center,gripper_grasping_frame,seed-0-wrist-0,2.624999964609742,,1.30856109514887,0.08509001564651744,-1.9618742192143215,1.502053596276465,0.402319188684495,-0.5187760409842106,-2.0490663366564306,1.2412670766236365e-13,3.860317083878701e-14,0.0,2.5974275794534463,0.47488873429412704,0.6110417457653762,0.7916376142449584,reachable_success,96.94908908345062,2.5974275794534463
458,withdrawal,high,0.8106003415,20.0,False,tiago_sew,SUCCESS_EXACT,tiago_semi_analytic,c96a32d,median-body-4344-torso015-J1-root-robot-zminus020-v5,wrist_center,gripper_grasping_frame,seed-0-wrist-0,3.3364000264555216,,1.3002241579217941,0.08097679502914806,-1.9630827472274948,1.516588670055411,0.39492780033276453,-0.5196814700539716,-2.0391038866572337,3.885780586188048e-13,3.4447999367947314e-14,2.5444437451708134e-14,3.1682339180175343,0.4736478530580396,0.6073419124394587,0.790026122144106,reachable_success,97.37258444074693,3.1682339180175343
459,withdrawal,high,0.8098339545,20.0,False,tiago_sew,SUCCESS_EXACT,tiago_semi_analytic,c96a32d,median-body-4344-torso015-J1-root-robot-zminus020-v5,wrist_center,gripper_grasping_frame,seed-0-wrist-0,3.3699999330565333,,1.2915117323503502,0.07705625224720328,-1.965409553672073,1.5308795754221656,0.39725532126521745,-0.5136922258880454,-2.0382089282168216,1.6653345369377348e-13,4.8530456381479076e-14,0.0,3.219511259492758,0.4721001661160486,0.6033995594024664,0.7907195611292647,reachable_success,97.23922731458903,3.219511259492758
460,withdrawal,high,0.8086800235,20.0,False,tiago_sew,SUCCESS_EXACT,tiago_semi_analytic,c96a32d,median-body-4344-torso015-J1-root-robot-zminus020-v5,wrist_center,gripper_grasping_frame,seed-0-wrist-0,3.2371999695897102,,1.2815995377130593,0.0736075405129712,-1.9660219802021832,1.54757007677042,0.3910489506824426,-0.510729443703601,-2.030637305706894,1.570092458683775e-13,7.10984869835813e-14,5.088887490341627e-14,3.6533332733778607,0.470636911689038,0.5991314712732698,0.789756027974562,reachable_success,97.59482615507618,3.6533332733778607
461,withdrawal,high,0.8075873105,20.0,False,tiago_sew,SUCCESS_EXACT,tiago_semi_analytic,c96a32d,median-body-4344-torso015-J1-root-robot-zminus020-v5,wrist_center,gripper_grasping_frame,seed-0-wrist-0,3.055199980735779,,1.2718824301340823,0.06899964666237209,-1.9680813634245375,1.5647207287883165,0.38692083257982857,-0.5083524286716106,-2.0253566165646273,2.989366980140908e-13,5.350224399333713e-14,2.5444437451708134e-14,3.9558944741503046,0.46867126926341524,0.5946839166144693,0.7891304534535102,reachable_success,97.83134989968751,3.9558944741503046
462,withdrawal,high,0.8063290405000001,20.0,False,tiago_sew,SUCCESS_EXACT,tiago_semi_analytic,c96a32d,median-body-4344-torso015-J1-root-robot-zminus020-v5,wrist_center,gripper_grasping_frame,seed-0-wrist-0,2.63440003618598,,1.2604009473105668,0.06676041900578368,-1.9671644215447737,1.5834428494813144,0.386681143767416,-0.5056856721697329,-2.023989193509127,5.978733960281816e-13,5.421509626378513e-14,0.0,4.034242044039343,0.4662746832609896,0.5897251960417728,0.7877831344114657,reachable_success,97.84508305703525,4.034242044039343
463,withdrawal,high,0.8050871584999999,20.0,False,tiago_sew,SUCCESS_EXACT,tiago_semi_analytic,c96a32d,median-body-4344-torso015-J1-root-robot-zminus020-v5,wrist_center,gripper_grasping_frame,seed-0-wrist-0,2.7655999874696136,,1.2494570338358086,0.06168674572670974,-1.969271354955186,1.6024295796792052,0.3736112006314283,-0.5065775902855774,-2.0129375161007,2.482534153247273e-13,5.589690651631943e-14,2.5444437451708134e-14,4.667456516082305,0.4647061684173099,0.5847447938632089,0.7861128054028768,reachable_success,98.59393563720333,4.667456516082305
464,withdrawal,high,0.8037972105,20.0,False,tiago_sew,SUCCESS_EXACT,tiago_semi_analytic,c96a32d,median-body-4344-torso015-J1-root-robot-zminus020-v5,wrist_center,gripper_grasping_frame,seed-0-wrist-0,2.841399982571602,,1.2380948888198593,0.057474619373890846,-1.9703403500818508,1.6219554623685215,0.37290926235867516,-0.5068484040632213,-2.014097677311506,5.117875266520903e-13,1.856463003108953e-14,0.0,4.600984175148329,0.4618285275003562,0.5794414886929757,0.7846047750163161,reachable_success,98.63415373771079,4.600984175148329
465,withdrawal,high,0.8022009585000001,20.0,False,tiago_sew,SUCCESS_EXACT,tiago_semi_analytic,c96a32d,median-body-4344-torso015-J1-root-robot-zminus020-v5,wrist_center,gripper_grasping_frame,seed-0-wrist-0,2.9451000737026334,,1.2257793038668656,0.052043683738695994,-1.9717564260377631,1.6441908866627477,0.361405745162128,-0.5103290378417791,-2.0053922386177536,1.0532500405730103e-12,2.5208253001484986e-14,5.088887490341627e-14,5.099769071110222,0.4590981092019661,0.5736951304711624,0.7819293402549842,reachable_success,99.29325672262911,5.099769071110222
466,withdrawal,high,0.8006700135,20.0,False,tiago_sew,SUCCESS_EXACT,tiago_semi_analytic,c96a32d,median-body-4344-torso015-J1-root-robot-zminus020-v5,wrist_center,gripper_grasping_frame,seed-0-wrist-0,3.8136999355629086,,1.213434028524618,0.044706123347763915,-1.9752136118237458,1.6667522731495146,0.35841661284726367,-0.5063178200792744,-2.0096449572476756,1.0007415106216803e-12,5.1303351389413647e-14,2.5444437451708134e-14,4.856106242159036,0.4558814573684415,0.5677015458437622,0.7815369777123657,reachable_success,99.464521388677,4.856106242159036
467,withdrawal,high,0.7991165465,20.0,False,tiago_sew,SUCCESS_EXACT,tiago_semi_analytic,c96a32d,median-body-4344-torso015-J1-root-robot-zminus020-v5,wrist_center,gripper_grasping_frame,seed-0-wrist-0,2.7381000109016895,,1.1998653602734568,0.039650671675458715,-1.9763578826155233,1.6897491928506776,0.3619860655065259,-0.5048316356708176,-2.015891141084449,2.435541875787129e-12,3.735162713619995e-14,2.5444437451708134e-14,4.498226270249093,0.4520488273777301,0.5612224148029863,0.7802022614334126,reachable_success,99.26000681612952,4.498226270249093
468,withdrawal,middle,0.7974333495,20.0,False,tiago_sew,SUCCESS_EXACT,tiago_semi_analytic,c96a32d,median-body-4344-torso015-J1-root-robot-zminus020-v5,wrist_center,gripper_grasping_frame,seed-0-wrist-0,2.77520006056875,,1.1867849290096935,0.03259232374671694,-1.9789538178654624,1.7131906267979422,0.3625567958333753,-0.502138706307675,-2.01986634566407,3.29952978311034e-12,6.772600026055248e-14,0.0,4.270463825135716,0.4482192392841243,0.5547764331548876,0.7793001782937996,reachable_success,99.22730637716093,4.270463825135716
469,withdrawal,middle,0.7956394655,20.0,False,tiago_sew,SUCCESS_EXACT,tiago_semi_analytic,c96a32d,median-body-4344-torso015-J1-root-robot-zminus020-v5,wrist_center,gripper_grasping_frame,seed-0-wrist-0,3.153999918140471,,1.172862758618095,0.024483867201083177,-1.9821755457503552,1.738372119074801,0.3604081656096838,-0.5058206084761263,-2.0190611706575012,1.138154597598415e-11,3.148785173461272e-14,2.7988881196878945e-13,4.316596954781535,0.44398356902641317,0.5476498964310238,0.7771019985704347,reachable_success,99.3504138207127,4.316596954781535
470,withdrawal,middle,0.7938693545,20.0,False,tiago_sew,SUCCESS_EXACT,tiago_semi_analytic,c96a32d,median-body-4344-torso015-J1-root-robot-zminus020-v5,wrist_center,gripper_grasping_frame,seed-0-wrist-0,3.120000008493662,,1.1588499415377946,0.016145451573074454,-1.9855892340846515,1.7638301091010578,0.3569228791951433,-0.5048221915039992,-2.0202631695004944,2.2658955652685076e-11,5.767916482075417e-14,3.053332494204976e-13,4.247727494098417,0.43992682911916065,0.5405620775387276,0.7758964206944136,reachable_success,99.55010602266016,4.247727494098417
471,withdrawal,middle,0.7921180725,20.0,False,tiago_sew,SUCCESS_EXACT,tiago_semi_analytic,c96a32d,median-body-4344-torso015-J1-root-robot-zminus020-v5,wrist_center,gripper_grasping_frame,seed-0-wrist-0,3.0542999738827348,,1.1441419573737812,0.00886978220279951,-1.9880568984712208,1.7897028195965634,0.35355641332089105,-0.5069371969504131,-2.019400566885448,5.727096529551809e-11,3.1247451146574765e-14,5.088887490341627e-14,4.297150983337526,0.4356714940379793,0.5331623452274841,0.773838655306709,reachable_success,99.74299030912964,4.297150983337526
472,withdrawal,middle,0.7903738714999999,20.0,False,tiago_sew,SUCCESS_EXACT,tiago_semi_analytic,c96a32d,median-body-4344-torso015-J1-root-robot-zminus020-v5,wrist_center,gripper_grasping_frame,seed-0-wrist-0,2.653899951837957,,1.1295926654436441,-0.001407214675461701,-1.9931215946434597,1.816558651376227,0.3378220290060776,-0.5126662444151959,-2.0128569578821756,1.118234906164299e-10,1.4812718496958965e-14,9.923330606166172e-13,4.672072162008845,0.432132914273667,0.525579906962615,0.7715023412226772,reachable_success,100.64450412360529,4.672072162008845
473,withdrawal,middle,0.7885017095,20.0,False,tiago_sew,SUCCESS_EXACT,tiago_semi_analytic,c96a32d,median-body-4344-torso015-J1-root-robot-zminus020-v5,wrist_center,gripper_grasping_frame,seed-0-wrist-0,2.800100017338991,,1.1147383954757306,-0.011504542626339346,-1.997492007925914,1.8440064026035565,0.31741837720828947,-0.5202255086235583,-2.0061212532939106,2.772620911406429e-10,6.344711981695843e-14,5.063443052889919e-12,5.057999606963333,0.4287846534753187,0.5179572359415306,0.7684610087363332,reachable_success,101.81354725827306,5.057999606963333
474,withdrawal,middle,0.7865282284999999,20.0,False,tiago_sew,SUCCESS_EXACT,tiago_semi_analytic,c96a32d,median-body-4344-torso015-J1-root-robot-zminus020-v5,wrist_center,gripper_grasping_frame,seed-0-wrist-0,2.984199905768037,,1.0990410511550563,-0.022716506109164123,-2.0023496208110467,1.872256722817285,0.29722016217061675,-0.5281933939836865,-2.0048578861972173,4.770303068101687e-10,3.184513223984593e-14,9.032775295356387e-12,5.130385209579554,0.4255057631693192,0.5098614599778042,0.7654604418299951,reachable_success,102.97081973362938,5.130385209579554
475,withdrawal,middle,0.7847647405,20.0,False,tiago_sew,SUCCESS_EXACT,tiago_semi_analytic,c96a32d,median-body-4344-torso015-J1-root-robot-zminus020-v5,wrist_center,gripper_grasping_frame,seed-0-wrist-0,2.849999931640923,,1.0834259441331167,-0.033865775268048785,-2.007685214141092,1.9003212876912865,0.2655554524322854,-0.5498955512341661,-1.9925654082434097,8.905276810631852e-10,1.3996449943958653e-14,1.8065550590712774e-11,5.83469231609034,0.42310590353751115,0.5016377674054022,0.7598633186840326,reachable_success,104.78507396114256,5.83469231609034
476,withdrawal,middle,0.7830656745,20.0,False,tiago_sew,SUCCESS_EXACT,tiago_semi_analytic,c96a32d,median-body-4344-torso015-J1-root-robot-zminus020-v5,wrist_center,gripper_grasping_frame,seed-0-wrist-0,2.8236000798642635,,1.0682259923834079,-0.04624010312113521,-2.0140334612218034,1.9280957778183228,0.22980959598263695,-0.5695884924703205,-1.9828383700673777,1.4521881572634134e-09,6.11273220988502e-14,3.412099062274061e-11,6.392010550739601,0.421440835839047,0.4936205242114176,0.7551070742055793,reachable_success,106.8331606707879,6.392010550739601
477,withdrawal,middle,0.7812500305,20.0,False,tiago_sew,SUCCESS_EXACT,tiago_semi_analytic,c96a32d,median-body-4344-torso015-J1-root-robot-zminus020-v5,wrist_center,gripper_grasping_frame,seed-0-wrist-0,3.432600060477853,,1.051793959512326,-0.05795520172129252,-2.019393911511007,1.9570210003813917,0.19178188387313888,-0.5832187377619862,-1.9733555626576793,3.885163984425852e-09,1.0505734007856391e-14,1.0129430549525008e-10,6.935335393250704,0.42018333882783593,0.4854692408602401,0.751337002217203,reachable_success,109.01198807920068,6.935335393250704
478,withdrawal,middle,0.7792753295,20.0,False,tiago_sew,SUCCESS_EXACT,tiago_semi_analytic,c96a32d,median-body-4344-torso015-J1-root-robot-zminus020-v5,wrist_center,gripper_grasping_frame,seed-0-wrist-0,3.4820999717339873,,1.0349914819169335,-0.07102308246972262,-2.025015301745329,1.9853136683582746,0.15860897358307735,-0.5978566071757943,-1.967691530988235,4.4517439456492e-09,6.525323799721247e-14,1.1760418990179499e-10,7.2598605029383,0.41906445739308695,0.4770325020256793,0.7475952008078315,reachable_success,110.91265583298731,7.2598605029383
479,withdrawal,middle,0.7774472965,20.0,False,tiago_sew,SUCCESS_EXACT,tiago_semi_analytic,c96a32d,median-body-4344-torso015-J1-root-robot-zminus020-v5,wrist_center,gripper_grasping_frame,seed-0-wrist-0,2.946399967186153,,1.0178772391279909,-0.08272887463397058,-2.0301142298753483,2.0151218832771116,0.15400925779322838,-0.6133531772683454,-1.9855720541169788,2.1520026672597125e-08,6.912378490989148e-14,6.565937084413284e-10,6.235381992175228,0.41402711413915755,0.46756122682543544,0.7437688672447088,reachable_success,111.17620013470534,6.235381992175228
480,withdrawal,middle,0.7755496825,20.0,False,tiago_sew,SUCCESS_EXACT,tiago_semi_analytic,c96a32d,median-body-4344-torso015-J1-root-robot-zminus020-v5,wrist_center,gripper_grasping_frame,seed-0-wrist-0,3.24599992018193,,0.9999078593335081,-0.09481119698644166,-2.0350723519696032,2.044373156419094,0.1379600724791814,-0.6272673336388648,-1.9878925063764044,3.051841324349782e-08,5.430535471001583e-14,9.635045129838318e-10,6.102429871148547,0.41090054525807657,0.4582614480808948,0.7402355207215914,reachable_success,112.09575071782358,6.102429871148547
481,withdrawal,middle,0.7734488225,20.0,False,tiago_sew,SUCCESS_EXACT,tiago_semi_analytic,c96a32d,median-body-4344-torso015-J1-root-robot-zminus020-v5,wrist_center,gripper_grasping_frame,seed-0-wrist-0,4.064700100570917,,0.9826076086535583,-0.10789838418364764,-2.0399445474097875,2.0742036891961813,0.1143064392829034,-0.6440405114427743,-1.9736743308356806,2.603703785810335e-13,2.444053988540376e-14,0.0,6.917071322008158,0.4082183005640178,0.44927582271755717,0.7360681858201702,reachable_success,113.45100407012085,6.917071322008158
482,withdrawal,middle,0.7716724245,20.0,False,tiago_sew,SUCCESS_EXACT,tiago_semi_analytic,c96a32d,median-body-4344-torso015-J1-root-robot-zminus020-v5,wrist_center,gripper_grasping_frame,seed-0-wrist-0,3.94550000783056,,0.965172647122813,-0.12038264012889217,-2.0453296432779364,2.1027298282656184,0.09256268934784728,-0.6672112208637766,-1.9541617490644807,3.764949453935611e-13,3.386667912983279e-15,0.0,8.035059904901814,0.4060832331409383,0.4400602040237626,0.7311031640192259,reachable_success,114.69682917218742,8.035059904901814
483,withdrawal,middle,0.7696868285,20.0,False,tiago_sew,SUCCESS_EXACT,tiago_semi_analytic,c96a32d,median-body-4344-torso015-J1-root-robot-zminus020-v5,wrist_center,gripper_grasping_frame,seed-0-wrist-0,3.7211000453680754,,0.9480434149146713,-0.13352476081647952,-2.050266430075892,2.131149409882981,0.06993802982135433,-0.6935443366730634,-1.9302266214382477,3.200929131383589e-13,4.515146944504829e-14,5.088887490341627e-14,9.406441699991943,0.4041865043100761,0.430903185535108,0.7254067544981467,reachable_success,115.99312667597592,9.406441699991943
484,withdrawal,middle,0.7676491395,20.0,False,tiago_sew,SUCCESS_EXACT,tiago_semi_analytic,c96a32d,median-body-4344-torso015-J1-root-robot-zminus020-v5,wrist_center,gripper_grasping_frame,seed-0-wrist-0,3.6349999718368053,,0.9310394684005195,-0.14676955397778121,-2.0549073000551266,2.1591935040135835,0.04698068805689504,-0.7139477437412896,-1.9082417037192183,2.0014830212433604e-13,7.018042324590971e-14,0.0,10.66608469823471,0.4023978241170882,0.42210768251510444,0.7209576851839556,reachable_success,117.30848546791884,10.66608469823471
485,withdrawal,middle,0.7657666624999999,20.0,False,tiago_sew,SUCCESS_EXACT,tiago_semi_analytic,c96a32d,median-body-4344-torso015-J1-root-robot-zminus020-v5,wrist_center,gripper_grasping_frame,seed-0-wrist-0,3.6681999918073416,,0.9140787833369737,-0.16149877858590897,-2.060946940463553,2.1864461830510646,0.02907084212582145,-0.7401693634266295,-1.8980688196535231,2.989366980140908e-13,3.031615266428724e-14,2.5444437451708134e-14,9.725604309615195,0.40067910244069127,0.4128638405860988,0.7159686216176582,reachable_success,118.33464405149891,11.248948020674929
486,withdrawal,middle,0.7637472535000001,20.0,False,tiago_sew,SUCCESS_EXACT,tiago_semi_analytic,c96a32d,median-body-4344-torso015-J1-root-robot-zminus020-v5,wrist_center,gripper_grasping_frame,seed-0-wrist-0,3.4333999501541257,,0.8968207252239689,-0.17598553418291976,-2.0662970630177417,2.214709326311117,0.011024144229298649,-0.7687610774900784,-1.8921151475757423,1.604310686145019e-12,1.6142470893063238e-14,5.088887490341627e-14,8.106245485040585,0.3987502412699373,0.40341060241369997,0.7103310135565958,reachable_success,119.3686436751173,11.590068303336656
487,withdrawal,middle,0.7616421204999999,20.0,False,tiago_sew,SUCCESS_EXACT,tiago_semi_analytic,c96a32d,median-body-4344-torso015-J1-root-robot-zminus020-v5,wrist_center,gripper_grasping_frame,seed-0-wrist-0,3.404199960641563,,0.8790484223096351,-0.19192228193393832,-2.0722007433282683,2.24338789784617,-0.006909480874330853,-0.7976364954992046,-1.891782396733996,3.490190519305714e-11,1.5304404357258264e-14,1.6029995594576124e-12,6.463084373618014,0.3970003093190698,0.3936831128031617,0.7049166760199118,reachable_success,119.6043965194741,11.609133522198146
488,withdrawal,middle,0.7595594784999999,20.0,False,tiago_sew,SUCCESS_EXACT,tiago_semi_analytic,c96a32d,median-body-4344-torso015-J1-root-robot-zminus020-v5,wrist_center,gripper_grasping_frame,seed-0-wrist-0,3.2428998965770006,,0.8613554386748962,-0.20867472352149638,-2.078555020719149,2.271658773309921,-0.022441068271998432,-0.8285543345037483,-1.897170974280959,1.0039360518953592e-09,5.747936631564886e-14,4.6028987350140013e-11,4.843282526405137,0.3952836872251313,0.38380448130862715,0.699373021645503,reachable_success,118.71450211244915,11.300390771178202
489,withdrawal,middle,0.7571787114999999,20.0,False,tiago_sew,SUCCESS_EXACT,tiago_semi_analytic,c96a32d,median-body-4344-torso015-J1-root-robot-zminus020-v5,wrist_center,gripper_grasping_frame,seed-0-wrist-0,4.192000022158027,,0.8428693538194917,-0.22553463896933743,-2.0835999603287645,2.300184519281013,-0.03375392100279839,-0.8580358907179013,-1.9057832887844732,1.1339346653929206e-07,7.690561651917765e-14,5.374374078549792e-09,3.208877674799245,0.3929991467905089,0.37370486817352233,0.6936148346512038,reachable_success,118.06632339672127,10.806941498287532
490,withdrawal,middle,0.7545257265,20.0,False,tiago_sew,SUCCESS_EXACT,tiago_semi_analytic,c96a32d,median-body-4344-torso015-J1-root-robot-zminus020-v5,wrist_center,gripper_grasping_frame,seed-0-wrist-0,4.310599993914366,,0.8243992423070068,-0.24201373718813515,-2.0869752455642607,2.328465351661816,-0.04658211292489156,-0.8898237884253777,-1.905870582556659,4.405381897967228e-10,4.829942379584553e-14,2.1602327396500206e-11,1.5885053382623155,0.3910364724608665,0.36370708144564284,0.6869997507997527,reachable_success,117.33132214080152,10.801939933563506
491,withdrawal,middle,0.7519035345,20.0,False,tiago_sew,SUCCESS_EXACT,tiago_semi_analytic,c96a32d,median-body-4344-torso015-J1-root-robot-zminus020-v5,wrist_center,gripper_grasping_frame,seed-0-wrist-0,6.463299971073866,,0.8069727782776527,-0.2604109357801984,-2.091307156158216,2.3557049993351873,-0.059534865133535675,-0.9181329912901024,-1.9028089680675953,6.28988529908599e-06,5.691490037932487e-14,3.168771362479631e-07,0.027788491154795116,0.3891496481541017,0.3542631620887974,0.6815831619406001,reachable_success,116.58918410616745,10.977357522282967
492,withdrawal,middle,0.7492551275,20.0,False,tiago_sew,NUMERICAL_FAILURE,tiago_semi_analytic,c96a32d,median-body-4344-torso015-J1-root-robot-zminus020-v5,wrist_center,gripper_grasping_frame,,163.25270000379533,no exact or boundary-refined wrist branch met strict wrist-center/orientation/SEW tolerances,,,,,,,,,,,,,,,oracle_inconclusive,,
493,withdrawal,middle,0.7462881775,20.0,False,tiago_sew,NUMERICAL_FAILURE,tiago_semi_analytic,c96a32d,median-body-4344-torso015-J1-root-robot-zminus020-v5,wrist_center,gripper_grasping_frame,,182.57509998511523,no exact or boundary-refined wrist branch met strict wrist-center/orientation/SEW tolerances,,,,,,,,,,,,,,,oracle_inconclusive,,
494,withdrawal,middle,0.7431755675,20.0,False,tiago_sew,NUMERICAL_FAILURE,tiago_semi_analytic,c96a32d,median-body-4344-torso015-J1-root-robot-zminus020-v5,wrist_center,gripper_grasping_frame,,168.77520002890378,no exact or boundary-refined wrist branch met strict wrist-center/orientation/SEW tolerances,,,,,,,,,,,,,,,oracle_inconclusive,,
495,withdrawal,middle,0.7400906375,20.0,False,tiago_sew,NUMERICAL_FAILURE,tiago_semi_analytic,c96a32d,median-body-4344-torso015-J1-root-robot-zminus020-v5,wrist_center,gripper_grasping_frame,,173.33480005618185,no exact or boundary-refined wrist branch met strict wrist-center/orientation/SEW tolerances,,,,,,,,,,,,,,,oracle_inconclusive,,
496,withdrawal,middle,0.7367564245,20.0,False,tiago_sew,NUMERICAL_FAILURE,tiago_semi_analytic,c96a32d,median-body-4344-torso015-J1-root-robot-zminus020-v5,wrist_center,gripper_grasping_frame,,183.18130006082356,no exact or boundary-refined wrist branch met strict wrist-center/orientation/SEW tolerances,,,,,,,,,,,,,,,oracle_inconclusive,,
497,withdrawal,middle,0.7334400335,20.0,False,tiago_sew,NUMERICAL_FAILURE,tiago_semi_analytic,c96a32d,median-body-4344-torso015-J1-root-robot-zminus020-v5,wrist_center,gripper_grasping_frame,,348.29939994961023,no exact or boundary-refined wrist branch met strict wrist-center/orientation/SEW tolerances,,,,,,,,,,,,,,,oracle_inconclusive,,
498,withdrawal,middle,0.7300328375,20.0,False,tiago_sew,NUMERICAL_FAILURE,tiago_semi_analytic,c96a32d,median-body-4344-torso015-J1-root-robot-zminus020-v5,wrist_center,gripper_grasping_frame,,360.88809999637306,no exact or boundary-refined wrist branch met strict wrist-center/orientation/SEW tolerances,,,,,,,,,,,,,,,oracle_inconclusive,,
499,withdrawal,middle,0.7266297605,20.0,False,tiago_sew,NUMERICAL_FAILURE,tiago_semi_analytic,c96a32d,median-body-4344-torso015-J1-root-robot-zminus020-v5,wrist_center,gripper_grasping_frame,,351.15260002203286,no exact or boundary-refined wrist branch met strict wrist-center/orientation/SEW tolerances,,,,,,,,,,,,,,,oracle_inconclusive,,
500,withdrawal,middle,0.7230383455,20.0,False,tiago_sew,NUMERICAL_FAILURE,tiago_semi_analytic,c96a32d,median-body-4344-torso015-J1-root-robot-zminus020-v5,wrist_center,gripper_grasping_frame,,371.61959998775274,no exact or boundary-refined wrist branch met strict wrist-center/orientation/SEW tolerances,,,,,,,,,,,,,,,oracle_inconclusive,,
501,withdrawal,middle,0.7194678955,20.0,False,tiago_sew,NUMERICAL_FAILURE,tiago_semi_analytic,c96a32d,median-body-4344-torso015-J1-root-robot-zminus020-v5,wrist_center,gripper_grasping_frame,,300.7536999648437,no exact or boundary-refined wrist branch met strict wrist-center/orientation/SEW tolerances,,,,,,,,,,,,,,,oracle_inconclusive,,
502,withdrawal,low,0.7157329715,20.0,False,tiago_sew,NUMERICAL_FAILURE,tiago_semi_analytic,c96a32d,median-body-4344-torso015-J1-root-robot-zminus020-v5,wrist_center,gripper_grasping_frame,,291.79889999795705,no exact or boundary-refined wrist branch met strict wrist-center/orientation/SEW tolerances,,,,,,,,,,,,,,,oracle_inconclusive,,
503,withdrawal,low,0.7120044255,20.0,False,tiago_sew,NUMERICAL_FAILURE,tiago_semi_analytic,c96a32d,median-body-4344-torso015-J1-root-robot-zminus020-v5,wrist_center,gripper_grasping_frame,,259.5329999458045,no exact or boundary-refined wrist branch met strict wrist-center/orientation/SEW tolerances,,,,,,,,,,,,,,,oracle_inconclusive,,
504,withdrawal,low,0.7081760715000001,20.0,False,tiago_sew,NUMERICAL_FAILURE,tiago_semi_analytic,c96a32d,median-body-4344-torso015-J1-root-robot-zminus020-v5,wrist_center,gripper_grasping_frame,,337.38369995262474,no exact or boundary-refined wrist branch met strict wrist-center/orientation/SEW tolerances,,,,,,,,,,,,,,,oracle_inconclusive,,
505,withdrawal,low,0.7047968145,20.0,False,tiago_sew,NUMERICAL_FAILURE,tiago_semi_analytic,c96a32d,median-body-4344-torso015-J1-root-robot-zminus020-v5,wrist_center,gripper_grasping_frame,,323.05379991885275,no exact or boundary-refined wrist branch met strict wrist-center/orientation/SEW tolerances,,,,,,,,,,,,,,,oracle_inconclusive,,
506,withdrawal,low,0.7009085395,20.0,False,tiago_sew,NUMERICAL_FAILURE,tiago_semi_analytic,c96a32d,median-body-4344-torso015-J1-root-robot-zminus020-v5,wrist_center,gripper_grasping_frame,,428.02640004083514,no exact or boundary-refined wrist branch met strict wrist-center/orientation/SEW tolerances,,,,,,,,,,,,,,,oracle_inconclusive,,
507,withdrawal,low,0.6974098814999999,20.0,False,tiago_sew,NUMERICAL_FAILURE,tiago_semi_analytic,c96a32d,median-body-4344-torso015-J1-root-robot-zminus020-v5,wrist_center,gripper_grasping_frame,,406.6545999376103,no exact or boundary-refined wrist branch met strict wrist-center/orientation/SEW tolerances,,,,,,,,,,,,,,,oracle_inconclusive,,
508,withdrawal,low,0.6936666874999999,20.0,False,tiago_sew,NUMERICAL_FAILURE,tiago_semi_analytic,c96a32d,median-body-4344-torso015-J1-root-robot-zminus020-v5,wrist_center,gripper_grasping_frame,,442.4270000308752,no exact or boundary-refined wrist branch met strict wrist-center/orientation/SEW tolerances,,,,,,,,,,,,,,,oracle_inconclusive,,
509,withdrawal,low,0.6899167024999999,20.0,False,tiago_sew,NUMERICAL_FAILURE,tiago_semi_analytic,c96a32d,median-body-4344-torso015-J1-root-robot-zminus020-v5,wrist_center,gripper_grasping_frame,,455.4369000252336,no exact or boundary-refined wrist branch met strict wrist-center/orientation/SEW tolerances,,,,,,,,,,,,,,,oracle_inconclusive,,
510,withdrawal,low,0.6862464755,20.0,False,tiago_sew,NUMERICAL_FAILURE,tiago_semi_analytic,c96a32d,median-body-4344-torso015-J1-root-robot-zminus020-v5,wrist_center,gripper_grasping_frame,,433.23500000406057,no exact or boundary-refined wrist branch met strict wrist-center/orientation/SEW tolerances,,,,,,,,,,,,,,,oracle_inconclusive,,
511,withdrawal,low,0.6825678255000001,20.0,False,tiago_sew,NUMERICAL_FAILURE,tiago_semi_analytic,c96a32d,median-body-4344-torso015-J1-root-robot-zminus020-v5,wrist_center,gripper_grasping_frame,,455.232199979946,no exact or boundary-refined wrist branch met strict wrist-center/orientation/SEW tolerances,,,,,,,,,,,,,,,oracle_inconclusive,,
512,withdrawal,low,0.6791035615,20.0,False,tiago_sew,NUMERICAL_FAILURE,tiago_semi_analytic,c96a32d,median-body-4344-torso015-J1-root-robot-zminus020-v5,wrist_center,gripper_grasping_frame,,478.20260003209114,no exact or boundary-refined wrist branch met strict wrist-center/orientation/SEW tolerances,,,,,,,,,,,,,,,oracle_inconclusive,,
513,withdrawal,low,0.6755286255,20.0,False,tiago_sew,NUMERICAL_FAILURE,tiago_semi_analytic,c96a32d,median-body-4344-torso015-J1-root-robot-zminus020-v5,wrist_center,gripper_grasping_frame,,494.8223000392318,no exact or boundary-refined wrist branch met strict wrist-center/orientation/SEW tolerances,,,,,,,,,,,,,,,oracle_inconclusive,,
514,withdrawal,low,0.6720131994999999,20.0,False,tiago_sew,NUMERICAL_FAILURE,tiago_semi_analytic,c96a32d,median-body-4344-torso015-J1-root-robot-zminus020-v5,wrist_center,gripper_grasping_frame,,506.46509998477995,no exact or boundary-refined wrist branch met strict wrist-center/orientation/SEW tolerances,,,,,,,,,,,,,,,oracle_inconclusive,,
515,withdrawal,low,0.6688006445,20.0,False,tiago_sew,NUMERICAL_FAILURE,tiago_semi_analytic,c96a32d,median-body-4344-torso015-J1-root-robot-zminus020-v5,wrist_center,gripper_grasping_frame,,396.70120005030185,no exact or boundary-refined wrist branch met strict wrist-center/orientation/SEW tolerances,,,,,,,,,,,,,,,oracle_inconclusive,,
516,withdrawal,low,0.6655952155,20.0,False,tiago_sew,NUMERICAL_FAILURE,tiago_semi_analytic,c96a32d,median-body-4344-torso015-J1-root-robot-zminus020-v5,wrist_center,gripper_grasping_frame,,471.09859995543957,no exact or boundary-refined wrist branch met strict wrist-center/orientation/SEW tolerances,,,,,,,,,,,,,,,oracle_inconclusive,,
517,withdrawal,low,0.6626894225,20.0,False,tiago_sew,NUMERICAL_FAILURE,tiago_semi_analytic,c96a32d,median-body-4344-torso015-J1-root-robot-zminus020-v5,wrist_center,gripper_grasping_frame,,536.9844000088051,no exact or boundary-refined wrist branch met strict wrist-center/orientation/SEW tolerances,,,,,,,,,,,,,,,oracle_inconclusive,,
518,withdrawal,low,0.6597145545,20.0,False,tiago_sew,NUMERICAL_FAILURE,tiago_semi_analytic,c96a32d,median-body-4344-torso015-J1-root-robot-zminus020-v5,wrist_center,gripper_grasping_frame,,526.0433999355882,no exact or boundary-refined wrist branch met strict wrist-center/orientation/SEW tolerances,,,,,,,,,,,,,,,oracle_inconclusive,,
519,withdrawal,low,0.6569936985,20.0,False,tiago_sew,NUMERICAL_FAILURE,tiago_semi_analytic,c96a32d,median-body-4344-torso015-J1-root-robot-zminus020-v5,wrist_center,gripper_grasping_frame,,554.7669000225142,no exact or boundary-refined wrist branch met strict wrist-center/orientation/SEW tolerances,,,,,,,,,,,,,,,oracle_inconclusive,,
520,withdrawal,low,0.6545324555,20.0,False,tiago_sew,NUMERICAL_FAILURE,tiago_semi_analytic,c96a32d,median-body-4344-torso015-J1-root-robot-zminus020-v5,wrist_center,gripper_grasping_frame,,719.6948999771848,no exact or boundary-refined wrist branch met strict wrist-center/orientation/SEW tolerances,,,,,,,,,,,,,,,oracle_inconclusive,,
521,withdrawal,low,0.6521990815,20.0,False,tiago_sew,NUMERICAL_FAILURE,tiago_semi_analytic,c96a32d,median-body-4344-torso015-J1-root-robot-zminus020-v5,wrist_center,gripper_grasping_frame,,838.4296000003815,no exact or boundary-refined wrist branch met strict wrist-center/orientation/SEW tolerances,,,,,,,,,,,,,,,oracle_inconclusive,,
522,withdrawal,low,0.6500365145,20.0,False,tiago_sew,NUMERICAL_FAILURE,tiago_semi_analytic,c96a32d,median-body-4344-torso015-J1-root-robot-zminus020-v5,wrist_center,gripper_grasping_frame,,1325.2154999645427,no exact or boundary-refined wrist branch met strict wrist-center/orientation/SEW tolerances,,,,,,,,,,,,,,,oracle_inconclusive,,
523,withdrawal,low,0.6481962434999999,20.0,False,tiago_sew,NUMERICAL_FAILURE,tiago_semi_analytic,c96a32d,median-body-4344-torso015-J1-root-robot-zminus020-v5,wrist_center,gripper_grasping_frame,,692.3139999853447,no exact or boundary-refined wrist branch met strict wrist-center/orientation/SEW tolerances,,,,,,,,,,,,,,,oracle_inconclusive,,
524,withdrawal,low,0.6461966555,20.0,False,tiago_sew,NUMERICAL_FAILURE,tiago_semi_analytic,c96a32d,median-body-4344-torso015-J1-root-robot-zminus020-v5,wrist_center,gripper_grasping_frame,,570.5132000148296,no exact or boundary-refined wrist branch met strict wrist-center/orientation/SEW tolerances,,,,,,,,,,,,,,,oracle_inconclusive,,
525,withdrawal,low,0.6442877505,20.0,False,tiago_sew,NUMERICAL_FAILURE,tiago_semi_analytic,c96a32d,median-body-4344-torso015-J1-root-robot-zminus020-v5,wrist_center,gripper_grasping_frame,,490.4975000536069,no exact or boundary-refined wrist branch met strict wrist-center/orientation/SEW tolerances,,,,,,,,,,,,,,,oracle_inconclusive,,
526,withdrawal,low,0.6422313534999999,20.0,False,tiago_sew,NUMERICAL_FAILURE,tiago_semi_analytic,c96a32d,median-body-4344-torso015-J1-root-robot-zminus020-v5,wrist_center,gripper_grasping_frame,,490.79229997005314,no exact or boundary-refined wrist branch met strict wrist-center/orientation/SEW tolerances,,,,,,,,,,,,,,,oracle_inconclusive,,
527,withdrawal,low,0.6409184725,20.0,False,tiago_sew,NUMERICAL_FAILURE,tiago_semi_analytic,c96a32d,median-body-4344-torso015-J1-root-robot-zminus020-v5,wrist_center,gripper_grasping_frame,,550.4864000249654,no exact or boundary-refined wrist branch met strict wrist-center/orientation/SEW tolerances,,,,,,,,,,,,,,,oracle_inconclusive,,
528,withdrawal,low,0.6391824495,20.0,False,tiago_sew,NUMERICAL_FAILURE,tiago_semi_analytic,c96a32d,median-body-4344-torso015-J1-root-robot-zminus020-v5,wrist_center,gripper_grasping_frame,,512.0009999955073,no exact or boundary-refined wrist branch met strict wrist-center/orientation/SEW tolerances,,,,,,,,,,,,,,,oracle_inconclusive,,
529,withdrawal,low,0.6380029755,20.0,False,tiago_sew,NUMERICAL_FAILURE,tiago_semi_analytic,c96a32d,median-body-4344-torso015-J1-root-robot-zminus020-v5,wrist_center,gripper_grasping_frame,,491.1777999950573,no exact or boundary-refined wrist branch met strict wrist-center/orientation/SEW tolerances,,,,,,,,,,,,,,,oracle_inconclusive,,
530,withdrawal,low,0.6367430725000001,20.0,False,tiago_sew,NUMERICAL_FAILURE,tiago_semi_analytic,c96a32d,median-body-4344-torso015-J1-root-robot-zminus020-v5,wrist_center,gripper_grasping_frame,,468.8901000190526,no exact or boundary-refined wrist branch met strict wrist-center/orientation/SEW tolerances,,,,,,,,,,,,,,,oracle_inconclusive,,
531,withdrawal,low,0.6357197875,20.0,False,tiago_sew,NUMERICAL_FAILURE,tiago_semi_analytic,c96a32d,median-body-4344-torso015-J1-root-robot-zminus020-v5,wrist_center,gripper_grasping_frame,,440.2948999777436,no exact or boundary-refined wrist branch met strict wrist-center/orientation/SEW tolerances,,,,,,,,,,,,,,,oracle_inconclusive,,
532,withdrawal,low,0.6347793735,20.0,False,tiago_sew,NUMERICAL_FAILURE,tiago_semi_analytic,c96a32d,median-body-4344-torso015-J1-root-robot-zminus020-v5,wrist_center,gripper_grasping_frame,,455.1548999734223,no exact or boundary-refined wrist branch met strict wrist-center/orientation/SEW tolerances,,,,,,,,,,,,,,,oracle_inconclusive,,
533,withdrawal,low,0.6340029755,20.0,False,tiago_sew,NUMERICAL_FAILURE,tiago_semi_analytic,c96a32d,median-body-4344-torso015-J1-root-robot-zminus020-v5,wrist_center,gripper_grasping_frame,,484.53979997429997,no exact or boundary-refined wrist branch met strict wrist-center/orientation/SEW tolerances,,,,,,,,,,,,,,,oracle_inconclusive,,
534,withdrawal,low,0.6332664944999999,20.0,False,tiago_sew,NUMERICAL_FAILURE,tiago_semi_analytic,c96a32d,median-body-4344-torso015-J1-root-robot-zminus020-v5,wrist_center,gripper_grasping_frame,,476.94680001586676,no exact or boundary-refined wrist branch met strict wrist-center/orientation/SEW tolerances,,,,,,,,,,,,,,,oracle_inconclusive,,
535,withdrawal,low,0.6326483915,20.0,False,tiago_sew,NUMERICAL_FAILURE,tiago_semi_analytic,c96a32d,median-body-4344-torso015-J1-root-robot-zminus020-v5,wrist_center,gripper_grasping_frame,,538.5089999763295,no exact or boundary-refined wrist branch met strict wrist-center/orientation/SEW tolerances,,,,,,,,,,,,,,,oracle_inconclusive,,
536,withdrawal,low,0.6323486485,20.0,False,tiago_sew,NUMERICAL_FAILURE,tiago_semi_analytic,c96a32d,median-body-4344-torso015-J1-root-robot-zminus020-v5,wrist_center,gripper_grasping_frame,,536.3428000127897,no exact or boundary-refined wrist branch met strict wrist-center/orientation/SEW tolerances,,,,,,,,,,,,,,,oracle_inconclusive,,
537,withdrawal,low,0.6318393405,20.0,False,tiago_sew,NUMERICAL_FAILURE,tiago_semi_analytic,c96a32d,median-body-4344-torso015-J1-root-robot-zminus020-v5,wrist_center,gripper_grasping_frame,,489.13809994701296,no exact or boundary-refined wrist branch met strict wrist-center/orientation/SEW tolerances,,,,,,,,,,,,,,,oracle_inconclusive,,
538,withdrawal,low,0.6313863675,20.0,False,tiago_sew,NUMERICAL_FAILURE,tiago_semi_analytic,c96a32d,median-body-4344-torso015-J1-root-robot-zminus020-v5,wrist_center,gripper_grasping_frame,,533.1133999861777,no exact or boundary-refined wrist branch met strict wrist-center/orientation/SEW tolerances,,,,,,,,,,,,,,,oracle_inconclusive,,
539,withdrawal,low,0.6311635895,20.0,False,tiago_sew,NUMERICAL_FAILURE,tiago_semi_analytic,c96a32d,median-body-4344-torso015-J1-root-robot-zminus020-v5,wrist_center,gripper_grasping_frame,,537.4507000669837,no exact or boundary-refined wrist branch met strict wrist-center/orientation/SEW tolerances,,,,,,,,,,,,,,,oracle_inconclusive,,
540,withdrawal,low,0.6310594485,20.0,False,tiago_sew,NUMERICAL_FAILURE,tiago_semi_analytic,c96a32d,median-body-4344-torso015-J1-root-robot-zminus020-v5,wrist_center,gripper_grasping_frame,,479.75689999293536,no exact or boundary-refined wrist branch met strict wrist-center/orientation/SEW tolerances,,,,,,,,,,,,,,,oracle_inconclusive,,
541,withdrawal,low,0.6309295655,20.0,False,tiago_sew,NUMERICAL_FAILURE,tiago_semi_analytic,c96a32d,median-body-4344-torso015-J1-root-robot-zminus020-v5,wrist_center,gripper_grasping_frame,,503.450799966231,no exact or boundary-refined wrist branch met strict wrist-center/orientation/SEW tolerances,,,,,,,,,,,,,,,oracle_inconclusive,,
542,withdrawal,low,0.6309302215,20.0,False,tiago_sew,NUMERICAL_FAILURE,tiago_semi_analytic,c96a32d,median-body-4344-torso015-J1-root-robot-zminus020-v5,wrist_center,gripper_grasping_frame,,517.4996999558061,no exact or boundary-refined wrist branch met strict wrist-center/orientation/SEW tolerances,,,,,,,,,,,,,,,oracle_inconclusive,,
543,withdrawal,low,0.6310173795,20.0,False,tiago_sew,NUMERICAL_FAILURE,tiago_semi_analytic,c96a32d,median-body-4344-torso015-J1-root-robot-zminus020-v5,wrist_center,gripper_grasping_frame,,459.11299996078014,no exact or boundary-refined wrist branch met strict wrist-center/orientation/SEW tolerances,,,,,,,,,,,,,,,oracle_inconclusive,,
544,withdrawal,low,0.6311520995,20.0,False,tiago_sew,NUMERICAL_FAILURE,tiago_semi_analytic,c96a32d,median-body-4344-torso015-J1-root-robot-zminus020-v5,wrist_center,gripper_grasping_frame,,411.5559000056237,no exact or boundary-refined wrist branch met strict wrist-center/orientation/SEW tolerances,,,,,,,,,,,,,,,oracle_inconclusive,,
545,withdrawal,low,0.6315720524999999,20.0,False,tiago_sew,NUMERICAL_FAILURE,tiago_semi_analytic,c96a32d,median-body-4344-torso015-J1-root-robot-zminus020-v5,wrist_center,gripper_grasping_frame,,397.2347000380978,no exact or boundary-refined wrist branch met strict wrist-center/orientation/SEW tolerances,,,,,,,,,,,,,,,oracle_inconclusive,,
546,withdrawal,low,0.6317978515,20.0,False,tiago_sew,NUMERICAL_FAILURE,tiago_semi_analytic,c96a32d,median-body-4344-torso015-J1-root-robot-zminus020-v5,wrist_center,gripper_grasping_frame,,414.44269998464733,no exact or boundary-refined wrist branch met strict wrist-center/orientation/SEW tolerances,,,,,,,,,,,,,,,oracle_inconclusive,,
