frame,event,wrist_height_phase,wrist_z_world_m,method,status,backend,model_revision,calibration_revision,position_target_frame,orientation_target_frame,branch_id,solve_time_ms,message,arm_1_joint,arm_2_joint,arm_3_joint,arm_4_joint,arm_5_joint,arm_6_joint,arm_7_joint,wrist_center_position_error_mm,ee_orientation_error_deg,sew_angle_error_deg,joint_limit_margin_deg,grasping_frame_position_x_m,grasping_frame_position_y_m,grasping_frame_position_z_m,classification,j5_limit_margin_deg,j7_limit_margin_deg
246,transfer,low,0.5391029055,tiago_sew,NUMERICAL_FAILURE,tiago_semi_analytic,c96a32d,median-body-4344-torso015-J1-root-robot-zminus020-v5,wrist_center,gripper_grasping_frame,,1126.1297999881208,no exact or boundary-refined wrist branch met strict wrist-center/orientation/SEW tolerances,,,,,,,,,,,,,,,oracle_inconclusive,,
247,transfer,low,0.5414948964999999,tiago_sew,NUMERICAL_FAILURE,tiago_semi_analytic,c96a32d,median-body-4344-torso015-J1-root-robot-zminus020-v5,wrist_center,gripper_grasping_frame,,1498.9304000046104,no exact or boundary-refined wrist branch met strict wrist-center/orientation/SEW tolerances,,,,,,,,,,,,,,,oracle_inconclusive,,
248,transfer,low,0.5440187955,tiago_sew,NUMERICAL_FAILURE,tiago_semi_analytic,c96a32d,median-body-4344-torso015-J1-root-robot-zminus020-v5,wrist_center,gripper_grasping_frame,,1390.1296999538317,no exact or boundary-refined wrist branch met strict wrist-center/orientation/SEW tolerances,,,,,,,,,,,,,,,oracle_inconclusive,,
249,transfer,low,0.5467581635,tiago_sew,NUMERICAL_FAILURE,tiago_semi_analytic,c96a32d,median-body-4344-torso015-J1-root-robot-zminus020-v5,wrist_center,gripper_grasping_frame,,1030.5363000370562,no exact or boundary-refined wrist branch met strict wrist-center/orientation/SEW tolerances,,,,,,,,,,,,,,,oracle_inconclusive,,
250,transfer,low,0.5497920995,tiago_sew,NUMERICAL_FAILURE,tiago_semi_analytic,c96a32d,median-body-4344-torso015-J1-root-robot-zminus020-v5,wrist_center,gripper_grasping_frame,,807.7844000654295,no exact or boundary-refined wrist branch met strict wrist-center/orientation/SEW tolerances,,,,,,,,,,,,,,,oracle_inconclusive,,
251,transfer,low,0.5527286875,tiago_sew,NUMERICAL_FAILURE,tiago_semi_analytic,c96a32d,median-body-4344-torso015-J1-root-robot-zminus020-v5,wrist_center,gripper_grasping_frame,,677.0321000367403,no exact or boundary-refined wrist branch met strict wrist-center/orientation/SEW tolerances,,,,,,,,,,,,,,,oracle_inconclusive,,
252,transfer,low,0.5561167455,tiago_sew,NUMERICAL_FAILURE,tiago_semi_analytic,c96a32d,median-body-4344-torso015-J1-root-robot-zminus020-v5,wrist_center,gripper_grasping_frame,,538.5750000132248,no exact or boundary-refined wrist branch met strict wrist-center/orientation/SEW tolerances,,,,,,,,,,,,,,,oracle_inconclusive,,
253,transfer,low,0.5594463195,tiago_sew,NUMERICAL_FAILURE,tiago_semi_analytic,c96a32d,median-body-4344-torso015-J1-root-robot-zminus020-v5,wrist_center,gripper_grasping_frame,,497.25869996473193,no exact or boundary-refined wrist branch met strict wrist-center/orientation/SEW tolerances,,,,,,,,,,,,,,,oracle_inconclusive,,
254,transfer,low,0.5634185415,tiago_sew,NUMERICAL_FAILURE,tiago_semi_analytic,c96a32d,median-body-4344-torso015-J1-root-robot-zminus020-v5,wrist_center,gripper_grasping_frame,,461.2228999612853,no exact or boundary-refined wrist branch met strict wrist-center/orientation/SEW tolerances,,,,,,,,,,,,,,,oracle_inconclusive,,
255,transfer,low,0.5671762395,tiago_sew,NUMERICAL_FAILURE,tiago_semi_analytic,c96a32d,median-body-4344-torso015-J1-root-robot-zminus020-v5,wrist_center,gripper_grasping_frame,,428.313700016588,no exact or boundary-refined wrist branch met strict wrist-center/orientation/SEW tolerances,,,,,,,,,,,,,,,oracle_inconclusive,,
256,transfer,low,0.5715490114999999,tiago_sew,NUMERICAL_FAILURE,tiago_semi_analytic,c96a32d,median-body-4344-torso015-J1-root-robot-zminus020-v5,wrist_center,gripper_grasping_frame,,442.66190007328987,no exact or boundary-refined wrist branch met strict wrist-center/orientation/SEW tolerances,,,,,,,,,,,,,,,oracle_inconclusive,,
257,transfer,low,0.5757935565,tiago_sew,NUMERICAL_FAILURE,tiago_semi_analytic,c96a32d,median-body-4344-torso015-J1-root-robot-zminus020-v5,wrist_center,gripper_grasping_frame,,414.9721999419853,no exact or boundary-refined wrist branch met strict wrist-center/orientation/SEW tolerances,,,,,,,,,,,,,,,oracle_inconclusive,,
258,transfer,low,0.5799008405,tiago_sew,NUMERICAL_FAILURE,tiago_semi_analytic,c96a32d,median-body-4344-torso015-J1-root-robot-zminus020-v5,wrist_center,gripper_grasping_frame,,402.76049997191876,no exact or boundary-refined wrist branch met strict wrist-center/orientation/SEW tolerances,,,,,,,,,,,,,,,oracle_inconclusive,,
259,transfer,low,0.5845581745,tiago_sew,NUMERICAL_FAILURE,tiago_semi_analytic,c96a32d,median-body-4344-torso015-J1-root-robot-zminus020-v5,wrist_center,gripper_grasping_frame,,349.1288999794051,no exact or boundary-refined wrist branch met strict wrist-center/orientation/SEW tolerances,,,,,,,,,,,,,,,oracle_inconclusive,,
260,transfer,low,0.5893740775,tiago_sew,NUMERICAL_FAILURE,tiago_semi_analytic,c96a32d,median-body-4344-torso015-J1-root-robot-zminus020-v5,wrist_center,gripper_grasping_frame,,338.55720004066825,no exact or boundary-refined wrist branch met strict wrist-center/orientation/SEW tolerances,,,,,,,,,,,,,,,oracle_inconclusive,,
261,transfer,low,0.5941267855,tiago_sew,NUMERICAL_FAILURE,tiago_semi_analytic,c96a32d,median-body-4344-torso015-J1-root-robot-zminus020-v5,wrist_center,gripper_grasping_frame,,351.05159995146096,no exact or boundary-refined wrist branch met strict wrist-center/orientation/SEW tolerances,,,,,,,,,,,,,,,oracle_inconclusive,,
262,transfer,low,0.5992256855,tiago_sew,NUMERICAL_FAILURE,tiago_semi_analytic,c96a32d,median-body-4344-torso015-J1-root-robot-zminus020-v5,wrist_center,gripper_grasping_frame,,318.1622000411153,no exact or boundary-refined wrist branch met strict wrist-center/orientation/SEW tolerances,,,,,,,,,,,,,,,oracle_inconclusive,,
263,transfer,low,0.6042907184999999,tiago_sew,NUMERICAL_FAILURE,tiago_semi_analytic,c96a32d,median-body-4344-torso015-J1-root-robot-zminus020-v5,wrist_center,gripper_grasping_frame,,303.5434999037534,no exact or boundary-refined wrist branch met strict wrist-center/orientation/SEW tolerances,,,,,,,,,,,,,,,oracle_inconclusive,,
264,transfer,low,0.6095669555,tiago_sew,NUMERICAL_FAILURE,tiago_semi_analytic,c96a32d,median-body-4344-torso015-J1-root-robot-zminus020-v5,wrist_center,gripper_grasping_frame,,298.9839999936521,no exact or boundary-refined wrist branch met strict wrist-center/orientation/SEW tolerances,,,,,,,,,,,,,,,oracle_inconclusive,,
265,transfer,low,0.6145818785,tiago_sew,NUMERICAL_FAILURE,tiago_semi_analytic,c96a32d,median-body-4344-torso015-J1-root-robot-zminus020-v5,wrist_center,gripper_grasping_frame,,292.8432999178767,no exact or boundary-refined wrist branch met strict wrist-center/orientation/SEW tolerances,,,,,,,,,,,,,,,oracle_inconclusive,,
266,transfer,low,0.6199098515,tiago_sew,NUMERICAL_FAILURE,tiago_semi_analytic,c96a32d,median-body-4344-torso015-J1-root-robot-zminus020-v5,wrist_center,gripper_grasping_frame,,272.68729999195784,no exact or boundary-refined wrist branch met strict wrist-center/orientation/SEW tolerances,,,,,,,,,,,,,,,oracle_inconclusive,,
267,transfer,low,0.6249511114999999,tiago_sew,NUMERICAL_FAILURE,tiago_semi_analytic,c96a32d,median-body-4344-torso015-J1-root-robot-zminus020-v5,wrist_center,gripper_grasping_frame,,264.0083999140188,no exact or boundary-refined wrist branch met strict wrist-center/orientation/SEW tolerances,,,,,,,,,,,,,,,oracle_inconclusive,,
268,transfer,low,0.6300454405,tiago_sew,NUMERICAL_FAILURE,tiago_semi_analytic,c96a32d,median-body-4344-torso015-J1-root-robot-zminus020-v5,wrist_center,gripper_grasping_frame,,257.06900004297495,no exact or boundary-refined wrist branch met strict wrist-center/orientation/SEW tolerances,,,,,,,,,,,,,,,oracle_inconclusive,,
269,transfer,low,0.6349883574999999,tiago_sew,NUMERICAL_FAILURE,tiago_semi_analytic,c96a32d,median-body-4344-torso015-J1-root-robot-zminus020-v5,wrist_center,gripper_grasping_frame,,250.76760002411902,no exact or boundary-refined wrist branch met strict wrist-center/orientation/SEW tolerances,,,,,,,,,,,,,,,oracle_inconclusive,,
270,transfer,low,0.6401263884999999,tiago_sew,NUMERICAL_FAILURE,tiago_semi_analytic,c96a32d,median-body-4344-torso015-J1-root-robot-zminus020-v5,wrist_center,gripper_grasping_frame,,409.5153999514878,no exact or boundary-refined wrist branch met strict wrist-center/orientation/SEW tolerances,,,,,,,,,,,,,,,oracle_inconclusive,,
271,transfer,low,0.6449289855,tiago_sew,NUMERICAL_FAILURE,tiago_semi_analytic,c96a32d,median-body-4344-torso015-J1-root-robot-zminus020-v5,wrist_center,gripper_grasping_frame,,413.97400002460927,no exact or boundary-refined wrist branch met strict wrist-center/orientation/SEW tolerances,,,,,,,,,,,,,,,oracle_inconclusive,,
272,transfer,low,0.6496673585,tiago_sew,NUMERICAL_FAILURE,tiago_semi_analytic,c96a32d,median-body-4344-torso015-J1-root-robot-zminus020-v5,wrist_center,gripper_grasping_frame,,398.2801999663934,no exact or boundary-refined wrist branch met strict wrist-center/orientation/SEW tolerances,,,,,,,,,,,,,,,oracle_inconclusive,,
273,transfer,low,0.6542023925,tiago_sew,NUMERICAL_FAILURE,tiago_semi_analytic,c96a32d,median-body-4344-torso015-J1-root-robot-zminus020-v5,wrist_center,gripper_grasping_frame,,385.8251000056043,no exact or boundary-refined wrist branch met strict wrist-center/orientation/SEW tolerances,,,,,,,,,,,,,,,oracle_inconclusive,,
274,transfer,low,0.6580980985,tiago_sew,NUMERICAL_FAILURE,tiago_semi_analytic,c96a32d,median-body-4344-torso015-J1-root-robot-zminus020-v5,wrist_center,gripper_grasping_frame,,391.11580001190305,no exact or boundary-refined wrist branch met strict wrist-center/orientation/SEW tolerances,,,,,,,,,,,,,,,oracle_inconclusive,,
275,transfer,low,0.6620984195,tiago_sew,NUMERICAL_FAILURE,tiago_semi_analytic,c96a32d,median-body-4344-torso015-J1-root-robot-zminus020-v5,wrist_center,gripper_grasping_frame,,341.6397999972105,no exact or boundary-refined wrist branch met strict wrist-center/orientation/SEW tolerances,,,,,,,,,,,,,,,oracle_inconclusive,,
276,transfer,low,0.6656996005,tiago_sew,NUMERICAL_FAILURE,tiago_semi_analytic,c96a32d,median-body-4344-torso015-J1-root-robot-zminus020-v5,wrist_center,gripper_grasping_frame,,361.7001000093296,no exact or boundary-refined wrist branch met strict wrist-center/orientation/SEW tolerances,,,,,,,,,,,,,,,oracle_inconclusive,,
277,transfer,low,0.6692936094999999,tiago_sew,NUMERICAL_FAILURE,tiago_semi_analytic,c96a32d,median-body-4344-torso015-J1-root-robot-zminus020-v5,wrist_center,gripper_grasping_frame,,373.29259992111474,no exact or boundary-refined wrist branch met strict wrist-center/orientation/SEW tolerances,,,,,,,,,,,,,,,oracle_inconclusive,,
278,transfer,low,0.6724705815,tiago_sew,NUMERICAL_FAILURE,tiago_semi_analytic,c96a32d,median-body-4344-torso015-J1-root-robot-zminus020-v5,wrist_center,gripper_grasping_frame,,369.9663000879809,no exact or boundary-refined wrist branch met strict wrist-center/orientation/SEW tolerances,,,,,,,,,,,,,,,oracle_inconclusive,,
279,transfer,low,0.6756038515,tiago_sew,NUMERICAL_FAILURE,tiago_semi_analytic,c96a32d,median-body-4344-torso015-J1-root-robot-zminus020-v5,wrist_center,gripper_grasping_frame,,358.9941000100225,no exact or boundary-refined wrist branch met strict wrist-center/orientation/SEW tolerances,,,,,,,,,,,,,,,oracle_inconclusive,,
280,transfer,low,0.6786935425,tiago_sew,NUMERICAL_FAILURE,tiago_semi_analytic,c96a32d,median-body-4344-torso015-J1-root-robot-zminus020-v5,wrist_center,gripper_grasping_frame,,353.3055998850614,no exact or boundary-refined wrist branch met strict wrist-center/orientation/SEW tolerances,,,,,,,,,,,,,,,oracle_inconclusive,,
281,transfer,low,0.6813432615,tiago_sew,NUMERICAL_FAILURE,tiago_semi_analytic,c96a32d,median-body-4344-torso015-J1-root-robot-zminus020-v5,wrist_center,gripper_grasping_frame,,354.43060006946325,no exact or boundary-refined wrist branch met strict wrist-center/orientation/SEW tolerances,,,,,,,,,,,,,,,oracle_inconclusive,,
282,transfer,low,0.6840066535,tiago_sew,NUMERICAL_FAILURE,tiago_semi_analytic,c96a32d,median-body-4344-torso015-J1-root-robot-zminus020-v5,wrist_center,gripper_grasping_frame,,345.2409999445081,no exact or boundary-refined wrist branch met strict wrist-center/orientation/SEW tolerances,,,,,,,,,,,,,,,oracle_inconclusive,,
283,transfer,low,0.6863383945,tiago_sew,NUMERICAL_FAILURE,tiago_semi_analytic,c96a32d,median-body-4344-torso015-J1-root-robot-zminus020-v5,wrist_center,gripper_grasping_frame,,350.61029996722937,no exact or boundary-refined wrist branch met strict wrist-center/orientation/SEW tolerances,,,,,,,,,,,,,,,oracle_inconclusive,,
284,transfer,low,0.6886425785,tiago_sew,NUMERICAL_FAILURE,tiago_semi_analytic,c96a32d,median-body-4344-torso015-J1-root-robot-zminus020-v5,wrist_center,gripper_grasping_frame,,338.6579999933019,no exact or boundary-refined wrist branch met strict wrist-center/orientation/SEW tolerances,,,,,,,,,,,,,,,oracle_inconclusive,,
285,transfer,low,0.6909087225,tiago_sew,NUMERICAL_FAILURE,tiago_semi_analytic,c96a32d,median-body-4344-torso015-J1-root-robot-zminus020-v5,wrist_center,gripper_grasping_frame,,338.96089997142553,no exact or boundary-refined wrist branch met strict wrist-center/orientation/SEW tolerances,,,,,,,,,,,,,,,oracle_inconclusive,,
286,transfer,low,0.6929632415,tiago_sew,NUMERICAL_FAILURE,tiago_semi_analytic,c96a32d,median-body-4344-torso015-J1-root-robot-zminus020-v5,wrist_center,gripper_grasping_frame,,338.796199997887,no exact or boundary-refined wrist branch met strict wrist-center/orientation/SEW tolerances,,,,,,,,,,,,,,,oracle_inconclusive,,
287,transfer,low,0.6949409485,tiago_sew,NUMERICAL_FAILURE,tiago_semi_analytic,c96a32d,median-body-4344-torso015-J1-root-robot-zminus020-v5,wrist_center,gripper_grasping_frame,,338.80320005118847,no exact or boundary-refined wrist branch met strict wrist-center/orientation/SEW tolerances,,,,,,,,,,,,,,,oracle_inconclusive,,
288,transfer,low,0.6967947695,tiago_sew,NUMERICAL_FAILURE,tiago_semi_analytic,c96a32d,median-body-4344-torso015-J1-root-robot-zminus020-v5,wrist_center,gripper_grasping_frame,,354.0953000774607,no exact or boundary-refined wrist branch met strict wrist-center/orientation/SEW tolerances,,,,,,,,,,,,,,,oracle_inconclusive,,
289,transfer,low,0.6984560705,tiago_sew,NUMERICAL_FAILURE,tiago_semi_analytic,c96a32d,median-body-4344-torso015-J1-root-robot-zminus020-v5,wrist_center,gripper_grasping_frame,,350.2184000099078,no exact or boundary-refined wrist branch met strict wrist-center/orientation/SEW tolerances,,,,,,,,,,,,,,,oracle_inconclusive,,
290,transfer,low,0.7002297365,tiago_sew,NUMERICAL_FAILURE,tiago_semi_analytic,c96a32d,median-body-4344-torso015-J1-root-robot-zminus020-v5,wrist_center,gripper_grasping_frame,,325.60799992643297,no exact or boundary-refined wrist branch met strict wrist-center/orientation/SEW tolerances,,,,,,,,,,,,,,,oracle_inconclusive,,
291,transfer,low,0.7019214025,tiago_sew,NUMERICAL_FAILURE,tiago_semi_analytic,c96a32d,median-body-4344-torso015-J1-root-robot-zminus020-v5,wrist_center,gripper_grasping_frame,,333.8358000619337,no exact or boundary-refined wrist branch met strict wrist-center/orientation/SEW tolerances,,,,,,,,,,,,,,,oracle_inconclusive,,
292,transfer,low,0.7035164945,tiago_sew,NUMERICAL_FAILURE,tiago_semi_analytic,c96a32d,median-body-4344-torso015-J1-root-robot-zminus020-v5,wrist_center,gripper_grasping_frame,,340.8653999213129,no exact or boundary-refined wrist branch met strict wrist-center/orientation/SEW tolerances,,,,,,,,,,,,,,,oracle_inconclusive,,
293,transfer,low,0.7051006475,tiago_sew,NUMERICAL_FAILURE,tiago_semi_analytic,c96a32d,median-body-4344-torso015-J1-root-robot-zminus020-v5,wrist_center,gripper_grasping_frame,,335.0382000207901,no exact or boundary-refined wrist branch met strict wrist-center/orientation/SEW tolerances,,,,,,,,,,,,,,,oracle_inconclusive,,
294,transfer,low,0.7065601045,tiago_sew,NUMERICAL_FAILURE,tiago_semi_analytic,c96a32d,median-body-4344-torso015-J1-root-robot-zminus020-v5,wrist_center,gripper_grasping_frame,,331.2316000228748,no exact or boundary-refined wrist branch met strict wrist-center/orientation/SEW tolerances,,,,,,,,,,,,,,,oracle_inconclusive,,
295,transfer,low,0.7079556585,tiago_sew,NUMERICAL_FAILURE,tiago_semi_analytic,c96a32d,median-body-4344-torso015-J1-root-robot-zminus020-v5,wrist_center,gripper_grasping_frame,,376.31369999144226,no exact or boundary-refined wrist branch met strict wrist-center/orientation/SEW tolerances,,,,,,,,,,,,,,,oracle_inconclusive,,
296,transfer,low,0.7093632665,tiago_sew,SUCCESS_EXACT,tiago_semi_analytic,c96a32d,median-body-4344-torso015-J1-root-robot-zminus020-v5,wrist_center,gripper_grasping_frame,seed-0-wrist-1,9.112800005823374,,1.1870880534952788,-0.07320482454715906,-2.2566853324428093,2.3561899999999976,0.42405939868253606,-0.49356076903200474,-1.6940774862775143,0.6483743907099091,9.509864460401551e-14,0.035882520752166476,1.2722218725854067e-13,0.30318950846240034,0.308934072004462,0.7156597757144367,reachable_success,95.70346680483475,22.9367904803664
297,transfer,low,0.7106765445000001,tiago_sew,SUCCESS_EXACT,tiago_semi_analytic,c96a32d,median-body-4344-torso015-J1-root-robot-zminus020-v5,wrist_center,gripper_grasping_frame,seed-0-wrist-0,3.473700024187565,,1.1940987012685487,-0.0696918391545639,-2.256005391805318,2.350374833053999,0.4250801449009747,-0.4934115151302012,-1.6957884958508966,5.551115123125783e-14,4.550035225525624e-14,2.5444437451708134e-14,0.33318452316982067,0.3030315862673628,0.3114292056728335,0.716513492718659,reachable_success,95.64498235456428,22.838756853105114
298,transfer,low,0.7119821325,tiago_sew,SUCCESS_EXACT,tiago_semi_analytic,c96a32d,median-body-4344-torso015-J1-root-robot-zminus020-v5,wrist_center,gripper_grasping_frame,seed-0-wrist-0,3.1597999623045325,,1.2002181566863148,-0.06449457777953757,-2.254699765592133,2.341948587700863,0.43222745466945156,-0.4906680109313335,-1.7043250094856068,1.6653345369377348e-13,2.969210798832103e-14,0.0,0.8159728190462398,0.30347393365404096,0.31397977750984096,0.7181452592006954,reachable_success,95.23547166995793,22.34965065008034
299,transfer,low,0.7133957365,tiago_sew,SUCCESS_EXACT,tiago_semi_analytic,c96a32d,median-body-4344-torso015-J1-root-robot-zminus020-v5,wrist_center,gripper_grasping_frame,seed-0-wrist-0,2.758100046776235,,1.2069626830991056,-0.05929159461807977,-2.2539217058000185,2.3335264360727686,0.4372820339172554,-0.49004274574335094,-1.710211990091663,1.1443916996305594e-13,5.932427146252831e-14,2.5444437451708134e-14,1.2985265617552868,0.3038740254193889,0.3167000246016834,0.7195311748358876,reachable_success,94.94586561184435,22.012351507277952
300,transfer,low,0.7147060245,tiago_sew,SUCCESS_EXACT,tiago_semi_analytic,c96a32d,median-body-4344-torso015-J1-root-robot-zminus020-v5,wrist_center,gripper_grasping_frame,seed-0-wrist-0,3.0460000270977616,,1.2134073495174582,-0.054382119804742994,-2.25299521821221,2.3254721063383066,0.43823447719670794,-0.48859038148965617,-1.7142815724993525,2.0206364052201327e-13,5.292807501686942e-14,0.0,1.7600056623466824,0.30458319376464454,0.3195014505713632,0.7209911138688807,reachable_success,94.89129463170613,21.779181610936654
301,transfer,low,0.7161315155,tiago_sew,SUCCESS_EXACT,tiago_semi_analytic,c96a32d,median-body-4344-torso015-J1-root-robot-zminus020-v5,wrist_center,gripper_grasping_frame,seed-0-wrist-0,3.51279997266829,,1.221013407813842,-0.05013807144127717,-2.253000692344358,2.3173804366346302,0.43618165611005866,-0.4891024724000048,-1.713683235191155,1.7772239894833365e-13,5.914771446964063e-14,0.0,2.2236241855812113,0.3052533476193833,0.3225264866055497,0.7224042565087847,reachable_success,95.0089126160666,21.81346381342159
302,transfer,middle,0.7174412695,tiago_sew,SUCCESS_EXACT,tiago_semi_analytic,c96a32d,median-body-4344-torso015-J1-root-robot-zminus020-v5,wrist_center,gripper_grasping_frame,seed-0-wrist-0,3.3228000393137336,,1.2270961097934054,-0.044849606589376506,-2.251811496055111,2.309321314343458,0.44109450436982645,-0.4896845313136575,-1.720769710150992,1.7772239894833365e-13,5.867873325933453e-14,2.5444437451708134e-14,2.6853778794451757,0.3056418848549224,0.3251616555492908,0.7233449629837073,reachable_success,94.7274271453937,21.40743870659779
303,transfer,middle,0.7186700595,tiago_sew,SUCCESS_EXACT,tiago_semi_analytic,c96a32d,median-body-4344-torso015-J1-root-robot-zminus020-v5,wrist_center,gripper_grasping_frame,seed-0-wrist-0,3.3137000864371657,,1.2338707361312795,-0.04078190610067333,-2.250871607924833,2.3011096166582803,0.4431272342891157,-0.4887262174726761,-1.7279023679680892,0.0,3.354909794211833e-14,2.5444437451708134e-14,3.1558734994432127,0.30628455456538145,0.32798156313720667,0.7247675537958388,reachable_success,94.61096030012845,20.99876751696713
304,transfer,middle,0.7200642855,tiago_sew,SUCCESS_EXACT,tiago_semi_analytic,c96a32d,median-body-4344-torso015-J1-root-robot-zminus020-v5,wrist_center,gripper_grasping_frame,seed-0-wrist-0,3.289800020866096,,1.2397503833332677,-0.03468689626204128,-2.249347698080471,2.292624450999676,0.44661630728857205,-0.49284796887494986,-1.7332635846622475,1.3597399555105182e-13,4.7270881714294045e-14,2.5444437451708134e-14,3.642037680150592,0.3068825673836105,0.33082507459814503,0.724941643642222,reachable_success,94.41105114284656,20.69159242733678
305,transfer,middle,0.7211980445,tiago_sew,SUCCESS_EXACT,tiago_semi_analytic,c96a32d,median-body-4344-torso015-J1-root-robot-zminus020-v5,wrist_center,gripper_grasping_frame,seed-0-wrist-0,2.7441999409347773,,1.2456909785281285,-0.030129381263965853,-2.2478249635283216,2.2847596387380533,0.4470046263478116,-0.4951126457242574,-1.737354047512011,2.288783399261119e-13,4.8330051843005817e-14,0.0,4.092658229404301,0.30768249628232036,0.3336459251971978,0.7254223403374587,reachable_success,94.38880209964765,20.45722616979027
306,transfer,middle,0.7224806675,tiago_sew,SUCCESS_EXACT,tiago_semi_analytic,c96a32d,median-body-4344-torso015-J1-root-robot-zminus020-v5,wrist_center,gripper_grasping_frame,seed-0-wrist-0,2.8500999324023724,,1.2521285207960509,-0.02579288946127556,-2.2468382317458016,2.2763200251416182,0.4527103557602401,-0.493274798007421,-1.7447674518775163,3.7238012298709096e-13,5.472490834139614e-14,0.0,4.576212469201257,0.30810398479640266,0.33628799311606083,0.7270570033501277,reachable_success,94.06188788527183,20.032469387822964
307,transfer,middle,0.7238728025,tiago_sew,SUCCESS_EXACT,tiago_semi_analytic,c96a32d,median-body-4344-torso015-J1-root-robot-zminus020-v5,wrist_center,gripper_grasping_frame,seed-0-wrist-0,3.3509000204503536,,1.2584883921932133,-0.020355396547594978,-2.245603410285007,2.2677199287032264,0.4584396420749943,-0.48937324445980135,-1.7529510570121092,1.6653345369377348e-13,7.298400406221483e-14,0.0,5.0689616985266035,0.30843656756187254,0.3390299950363602,0.7290471814186266,reachable_success,93.73362395981435,19.5635833524092
308,transfer,middle,0.7250418095,tiago_sew,SUCCESS_EXACT,tiago_semi_analytic,c96a32d,median-body-4344-torso015-J1-root-robot-zminus020-v5,wrist_center,gripper_grasping_frame,seed-0-wrist-0,3.5030998988077044,,1.2649148290375396,-0.01636331415730724,-2.2444388563870286,2.2595908780034892,0.4628500330176557,-0.4903851021988981,-1.757380840087686,7.850462293418876e-14,6.199185570099056e-14,0.0,5.534721995069409,0.30885993942003276,0.3417225441516925,0.7299880395794875,reachable_success,93.48092717279714,19.309775478020164
309,transfer,middle,0.7262054595,tiago_sew,SUCCESS_EXACT,tiago_semi_analytic,c96a32d,median-body-4344-torso015-J1-root-robot-zminus020-v5,wrist_center,gripper_grasping_frame,seed-0-wrist-0,3.4447999205440283,,1.2700537585392393,-0.010654342556996177,-2.2417928061482755,2.2506814525355954,0.4737566116523668,-0.48577953828141585,-1.7688569676801444,2.1677797545656836e-13,2.436436070321333e-14,2.5444437451708134e-14,6.045194472266096,0.3092831511396199,0.3442619002750018,0.7316992966194951,reachable_success,92.85602624810063,18.652241801818665
310,transfer,middle,0.7274549865,tiago_sew,SUCCESS_EXACT,tiago_semi_analytic,c96a32d,median-body-4344-torso015-J1-root-robot-zminus020-v5,wrist_center,gripper_grasping_frame,seed-0-wrist-0,3.223799983970821,,1.276154559696068,-0.00583806245874108,-2.240197157512296,2.2419769716820976,0.4782778600205342,-0.4864949618278942,-1.7731733336637996,5.551115123125783e-14,4.651515227734587e-14,0.0,6.543924488023949,0.30989928147529544,0.3470799601792154,0.7326607365180792,reachable_success,92.59697779847423,18.40493224812139
311,transfer,middle,0.7286451414999999,tiago_sew,SUCCESS_EXACT,tiago_semi_analytic,c96a32d,median-body-4344-torso015-J1-root-robot-zminus020-v5,wrist_center,gripper_grasping_frame,seed-0-wrist-0,3.075400018133223,,1.2819854951944283,-0.0004207603358896226,-2.238026550501028,2.233421817011461,0.4840636814195123,-0.48281795033901487,-1.778411356374388,2.1677797545656836e-13,8.102743630151231e-14,0.0,7.03409874373306,0.3103737947719301,0.3498826035670019,0.7342915555931606,reachable_success,92.2654746512963,18.104815653811002
312,transfer,middle,0.7296663365,tiago_sew,SUCCESS_EXACT,tiago_semi_analytic,c96a32d,median-body-4344-torso015-J1-root-robot-zminus020-v5,wrist_center,gripper_grasping_frame,seed-0-wrist-0,2.7338999789208174,,1.287792398377613,0.004373796095839551,-2.23555021840537,2.225030163925501,0.4816974579182398,-0.4863918981184394,-1.7782972973303668,1.494683490070454e-13,3.4098594058150473e-14,2.5444437451708134e-14,7.5149050486965026,0.3115192433615209,0.3530772550728404,0.734269061292277,reachable_success,92.40104927130389,18.11135075564871
313,transfer,middle,0.7309205624999999,tiago_sew,SUCCESS_EXACT,tiago_semi_analytic,c96a32d,median-body-4344-torso015-J1-root-robot-zminus020-v5,wrist_center,gripper_grasping_frame,seed-0-wrist-0,3.1015999848023057,,1.2932700904577419,0.011136978251311705,-2.2324215048598237,2.2156487468123256,0.4821405098573228,-0.48736334959216565,-1.7787869216090604,1.2412670766236365e-13,3.7188512013472836e-14,2.5444437451708134e-14,8.052420655133258,0.31266770865754806,0.3564091656244894,0.7347314501238893,reachable_success,92.37566426508934,18.083297350932433
314,transfer,middle,0.7320657655,tiago_sew,SUCCESS_EXACT,tiago_semi_analytic,c96a32d,median-body-4344-torso015-J1-root-robot-zminus020-v5,wrist_center,gripper_grasping_frame,seed-0-wrist-0,3.1745999585837126,,1.2986837627823526,0.0157889508595866,-2.230283177238654,2.2066166984554316,0.48833298107457157,-0.48052991752445706,-1.7891368881582919,1.3877787807814457e-13,5.840785891745607e-14,2.5444437451708134e-14,8.569918906341353,0.31356311700716555,0.35913870382142976,0.7371370859935069,reachable_success,92.02086179958475,17.49028794955989
315,transfer,middle,0.7333646245,tiago_sew,SUCCESS_EXACT,tiago_semi_analytic,c96a32d,median-body-4344-torso015-J1-root-robot-zminus020-v5,wrist_center,gripper_grasping_frame,seed-0-wrist-0,3.1716000521555543,,1.305095488515116,0.021674487642609905,-2.227661673236695,2.1967552719864183,0.49374362203141464,-0.4812076254197173,-1.793041134444529,2.7755575615628914e-13,5.400962389700175e-14,0.0,9.134937022994414,0.31427137476158373,0.36238950126792446,0.7379736588267227,reachable_success,91.71085490829702,17.266591115178876
316,transfer,middle,0.7347269285,tiago_sew,SUCCESS_EXACT,tiago_semi_analytic,c96a32d,median-body-4344-torso015-J1-root-robot-zminus020-v5,wrist_center,gripper_grasping_frame,seed-0-wrist-0,3.365500015206635,,1.3115063034269747,0.025804536723784268,-2.2264199030978102,2.1868936422021936,0.4942227195541977,-0.4787382871541297,-1.7945236173975019,1.2412670766236365e-13,3.7559069472662833e-14,2.5444437451708134e-14,9.699966788750997,0.31563425874989903,0.3655499466972383,0.7399616119651264,reachable_success,91.68340464226637,17.181651098773436
317,transfer,middle,0.7359221045,tiago_sew,SUCCESS_EXACT,tiago_semi_analytic,c96a32d,median-body-4344-torso015-J1-root-robot-zminus020-v5,wrist_center,gripper_grasping_frame,seed-0-wrist-0,2.918599988333881,,1.3164409898174232,0.03315929528683959,-2.2221220504728674,2.176419389959798,0.505999159370567,-0.4824155964634147,-1.8030802697171548,1.1443916996305594e-13,4.047665917114768e-14,0.0,10.300097235795711,0.31635586734917387,0.3686206400856087,0.7397132081449136,reachable_success,91.00866434309859,16.691391034096497
318,transfer,middle,0.7371822205,tiago_sew,SUCCESS_EXACT,tiago_semi_analytic,c96a32d,median-body-4344-torso015-J1-root-robot-zminus020-v5,wrist_center,gripper_grasping_frame,seed-0-wrist-0,3.9687000680714846,,1.3224588349566326,0.03804722404144221,-2.219735670118462,2.166086984320475,0.5156711028668379,-0.4761825079230886,-1.8145646521711205,2.7894008272968644e-13,4.2200565645471203e-14,2.5444437451708134e-14,10.892100471146092,0.3172535105781962,0.3715872471282794,0.7421989708297364,reachable_success,90.45450280107326,16.03338438917017
319,transfer,middle,0.7384448855,tiago_sew,SUCCESS_EXACT,tiago_semi_analytic,c96a32d,median-body-4344-torso015-J1-root-robot-zminus020-v5,wrist_center,gripper_grasping_frame,seed-0-wrist-0,2.7420000405982137,,1.328543242819853,0.04318793499960327,-2.217180316157075,2.155701947034593,0.5204535517629041,-0.4795025510585593,-1.8219110187640268,4.0125770192081414e-13,3.3158117488756147e-14,2.5444437451708134e-14,11.487119277713115,0.31836575383898597,0.3748186313976014,0.7426369474128722,reachable_success,90.18048866359167,15.612468588640734
320,transfer,middle,0.7398752905,tiago_sew,SUCCESS_EXACT,tiago_semi_analytic,c96a32d,median-body-4344-torso015-J1-root-robot-zminus020-v5,wrist_center,gripper_grasping_frame,seed-0-wrist-0,3.311699954792857,,1.333517017380982,0.049311970274167054,-2.2140644227954893,2.143866759548157,0.5295153938662889,-0.4795265128390347,-1.8317346325673176,1.688305753616065e-13,8.379412060938412e-14,0.0,12.165225570431954,0.32004603657319486,0.37794984167749934,0.7438679730188891,reachable_success,89.66128335645378,15.049616978145714
321,transfer,middle,0.7410793915,tiago_sew,SUCCESS_EXACT,tiago_semi_analytic,c96a32d,median-body-4344-torso015-J1-root-robot-zminus020-v5,wrist_center,gripper_grasping_frame,seed-0-wrist-0,3.178599989041686,,1.3393559104757664,0.05400376821818869,-2.2113453327403305,2.1330078901684772,0.5357719645980978,-0.47754763486314333,-1.841428202718932,1.2719202621569003e-13,3.0096836009466275e-14,2.5444437451708134e-14,12.787392956171438,0.3214803754681411,0.38115277328929353,0.7454417917325906,reachable_success,89.30280825929604,14.494216320044224
322,transfer,middle,0.7423973085,tiago_sew,SUCCESS_EXACT,tiago_semi_analytic,c96a32d,median-body-4344-torso015-J1-root-robot-zminus020-v5,wrist_center,gripper_grasping_frame,seed-0-wrist-0,3.428200026974082,,1.3452031327853395,0.06013359062134556,-2.207916846679532,2.1215356199231703,0.5398578164683254,-0.4768052144047634,-1.8464726523895028,1.3877787807814457e-13,3.202544639651751e-14,0.0,13.44470562266104,0.3231034800736815,0.3847229645134943,0.7466056752240322,reachable_success,89.06870619141637,14.205190643954356
323,transfer,middle,0.7437581175,tiago_sew,SUCCESS_EXACT,tiago_semi_analytic,c96a32d,median-body-4344-torso015-J1-root-robot-zminus020-v5,wrist_center,gripper_grasping_frame,seed-0-wrist-0,3.2981999684125185,,1.3502096164681407,0.06696448117101333,-2.2040538396804945,2.1096995681432382,0.5431029287365101,-0.4743326552161333,-1.8509485434729935,3.248706834302236e-13,9.794024038102728e-14,2.5444437451708134e-14,13.948740975310098,0.3251904358499198,0.38830267189399686,0.7480316785999926,reachable_success,88.88277495440326,13.948740975310098
324,transfer,middle,0.7451652525,tiago_sew,SUCCESS_EXACT,tiago_semi_analytic,c96a32d,median-body-4344-torso015-J1-root-robot-zminus020-v5,wrist_center,gripper_grasping_frame,seed-0-wrist-0,3.1101000495254993,,1.356430100848203,0.07190788513513842,-2.2017309010677826,2.0981336508243436,0.5456783652119355,-0.4726096799270274,-1.8503094967022857,2.498001805406602e-13,3.749885669699564e-14,0.0,13.98535565818312,0.3269824584533235,0.3917948744766507,0.749816879064843,reachable_success,88.73521331395735,13.98535565818312
325,transfer,middle,0.7467193305,tiago_sew,SUCCESS_EXACT,tiago_semi_analytic,c96a32d,median-body-4344-torso015-J1-root-robot-zminus020-v5,wrist_center,gripper_grasping_frame,seed-0-wrist-0,2.64770002104342,,1.3616299021511402,0.07913846833022482,-2.1980799200299463,2.0855594654963516,0.5544665719320498,-0.4725959846277443,-1.8542685989146799,1.2412670766236365e-13,7.543986077031097e-14,2.5444437451708134e-14,13.758515810752028,0.3287014750305578,0.3952174225124703,0.7510436025136297,reachable_success,88.23168615940628,13.758515810752028
326,transfer,middle,0.7481452635,tiago_sew,SUCCESS_EXACT,tiago_semi_analytic,c96a32d,median-body-4344-torso015-J1-root-robot-zminus020-v5,wrist_center,gripper_grasping_frame,seed-0-wrist-0,3.078000037930906,,1.367663157003528,0.08518010703304084,-2.1946486271919565,2.072909524162709,0.5606897329184255,-0.4670669495964157,-1.8586737081360987,1.2412670766236365e-13,5.751903371543724e-14,2.5444437451708134e-14,13.506121644070571,0.33068483314748287,0.39891423191110653,0.7534523614481335,reachable_success,87.87512529965649,13.506121644070571
327,transfer,middle,0.7494385375,tiago_sew,SUCCESS_EXACT,tiago_semi_analytic,c96a32d,median-body-4344-torso015-J1-root-robot-zminus020-v5,wrist_center,gripper_grasping_frame,seed-0-wrist-0,3.234399948269129,,1.373223951233091,0.09153126263409346,-2.190849581424668,2.0611835452691354,0.5750635989050594,-0.4655288550808252,-1.8706443952507685,1.9229626863835638e-13,5.612936152418438e-14,2.5444437451708134e-14,12.820251794528351,0.3316458174431779,0.40206526890735816,0.7548415059762801,reachable_success,87.05156344333571,12.820251794528351
328,transfer,middle,0.7509701845000001,tiago_sew,SUCCESS_EXACT,tiago_semi_analytic,c96a32d,median-body-4344-torso015-J1-root-robot-zminus020-v5,wrist_center,gripper_grasping_frame,seed-0-wrist-0,3.1940999906510115,,1.3782264107242084,0.09853251146164196,-2.1871289208761473,2.048378012936767,0.592793589814204,-0.46109089294186756,-1.8891919711167642,1.2412670766236365e-13,2.3303377545891185e-14,0.0,11.757553977208097,0.3329917109386573,0.4051127584003118,0.7571545316534704,reachable_success,86.03570979343641,11.757553977208097
329,transfer,middle,0.7525186765,tiago_sew,SUCCESS_EXACT,tiago_semi_analytic,c96a32d,median-body-4344-torso015-J1-root-robot-zminus020-v5,wrist_center,gripper_grasping_frame,seed-0-wrist-0,3.25660000089556,,1.384115091151545,0.10363990765508108,-2.184906753020773,2.035981653107475,0.6022262635708717,-0.4663417577741913,-1.8999635206956649,2.288783399261119e-13,3.409327859824783e-14,0.0,11.140389647521168,0.33440765069622425,0.40822298607547924,0.7578594930901751,reachable_success,85.49525739765554,11.140389647521168
330,transfer,middle,0.7539061895,tiago_sew,SUCCESS_EXACT,tiago_semi_analytic,c96a32d,median-body-4344-torso015-J1-root-robot-zminus020-v5,wrist_center,gripper_grasping_frame,seed-0-wrist-0,2.9233000241219997,,1.3900768422401275,0.11023815675825427,-2.180848823790426,2.023150357265583,0.6085369782628653,-0.46588116185189765,-1.9095341160467028,1.9229626863835638e-13,3.6730794524242633e-14,5.088887490341627e-14,10.592034926479172,0.3362555202686755,0.4119957945558792,0.759078339275179,reachable_success,85.1336800800931,10.592034926479172
331,transfer,middle,0.7553989875,tiago_sew,SUCCESS_EXACT,tiago_semi_analytic,c96a32d,median-body-4344-torso015-J1-root-robot-zminus020-v5,wrist_center,gripper_grasping_frame,seed-0-wrist-0,2.7893000515177846,,1.396213377677387,0.11741759528043505,-2.176642230347598,2.0099245789236897,0.6198159501919176,-0.4634632985826421,-1.9232822585276752,1.1102230246251565e-13,4.9426139241047725e-14,2.5444437451708134e-14,9.804324386174933,0.33776746589945095,0.41570995964677443,0.7608299491718085,reachable_success,84.48744259131188,9.804324386174933
332,transfer,middle,0.7570171514999999,tiago_sew,SUCCESS_EXACT,tiago_semi_analytic,c96a32d,median-body-4344-torso015-J1-root-robot-zminus020-v5,wrist_center,gripper_grasping_frame,seed-0-wrist-0,3.216500044800341,,1.4016347769811834,0.1242408704266207,-2.1732682324415156,1.9969953934954991,0.6197742193153686,-0.4640961480889447,-1.922595586349777,1.3597399555105182e-13,6.867490472560861e-14,0.0,9.843667803877556,0.34021378782531975,0.4194842675177286,0.7620504336325693,reachable_success,84.48983359441353,9.843667803877556
333,transfer,middle,0.7586256714999999,tiago_sew,SUCCESS_EXACT,tiago_semi_analytic,c96a32d,median-body-4344-torso015-J1-root-robot-zminus020-v5,wrist_center,gripper_grasping_frame,seed-0-wrist-0,3.2513999613001943,,1.407408456377447,0.12987570660819014,-2.1704105898973527,1.9834073130499696,0.6278845623098803,-0.46862317977221357,-1.9280086494189996,2.5438405243138007e-13,1.3028628931204452e-14,2.5444437451708134e-14,9.53352213577297,0.3421909859712247,0.4228574842895293,0.7629199282725048,reachable_success,84.02514517042451,9.53352213577297
334,transfer,middle,0.7603572085,tiago_sew,SUCCESS_EXACT,tiago_semi_analytic,c96a32d,median-body-4344-torso015-J1-root-robot-zminus020-v5,wrist_center,gripper_grasping_frame,seed-0-wrist-0,3.2285000197589397,,1.4137782826176837,0.13766572643956995,-2.1662377159212016,1.9691304129548028,0.6347659084437676,-0.4666193484899819,-1.935597063813077,1.9229626863835638e-13,4.582524011099069e-14,2.5444437451708134e-14,9.098738017796009,0.34423889135828856,0.4269183970626443,0.7647980901110135,reachable_success,83.6308730795841,9.098738017796009
335,transfer,middle,0.7617933045,tiago_sew,SUCCESS_EXACT,tiago_semi_analytic,c96a32d,median-body-4344-torso015-J1-root-robot-zminus020-v5,wrist_center,gripper_grasping_frame,seed-0-wrist-0,3.065400058403611,,1.419736821599471,0.14401794375342766,-2.1624107436989877,1.956178001644357,0.6465834973565903,-0.46293497020146024,-1.9447047493316285,1.6653345369377348e-13,2.0767950559265036e-14,0.0,8.57690607645059,0.3457990197537134,0.43041465444677934,0.7669470618523433,reachable_success,82.95377511085876,8.57690607645059
336,transfer,middle,0.7635580445,tiago_sew,SUCCESS_EXACT,tiago_semi_analytic,c96a32d,median-body-4344-torso015-J1-root-robot-zminus020-v5,wrist_center,gripper_grasping_frame,seed-0-wrist-0,2.6493000332266092,,1.4261345414572135,0.14983058673938063,-2.159690887336512,1.9418198796913455,0.6555352064506419,-0.4607867961988692,-1.9545305979642205,1.6653345369377348e-13,4.4586688215656294e-14,2.5444437451708134e-14,8.013926419668682,0.34797572653514214,0.4340467243602286,0.7694408991742354,reachable_success,82.44087996034072,8.013926419668682
337,transfer,middle,0.7653545225,tiago_sew,SUCCESS_EXACT,tiago_semi_analytic,c96a32d,median-body-4344-torso015-J1-root-robot-zminus020-v5,wrist_center,gripper_grasping_frame,seed-0-wrist-0,3.074800013564527,,1.4316186585928037,0.15606631591969952,-2.1568895981783225,1.9277924523433507,0.669540135268889,-0.4593777112503492,-1.9727144314369083,1.570092458683775e-13,7.76567284676835e-14,2.5444437451708134e-14,6.972069506314955,0.34986873869339546,0.43719589825037164,0.7718487000533533,reachable_success,81.63845664667403,6.972069506314955
338,transfer,middle,0.7669615784999999,tiago_sew,SUCCESS_EXACT,tiago_semi_analytic,c96a32d,median-body-4344-torso015-J1-root-robot-zminus020-v5,wrist_center,gripper_grasping_frame,seed-0-wrist-0,3.1243000412359834,,1.437768776465672,0.1625404983970055,-2.1531417593543027,1.913688780568079,0.6752500122323086,-0.45915972180706,-1.9789101240119313,1.3597399555105182e-13,2.9826334497995124e-14,0.0,6.617082470605592,0.3521355557083096,0.44102064990169476,0.7734776027100357,reachable_success,81.31130479513111,6.617082470605592
339,transfer,middle,0.7687329105,tiago_sew,SUCCESS_EXACT,tiago_semi_analytic,c96a32d,median-body-4344-torso015-J1-root-robot-zminus020-v5,wrist_center,gripper_grasping_frame,seed-0-wrist-0,3.204299951903522,,1.4445881421013829,0.16783156376076538,-2.150794120817789,1.8993827268533572,0.6811805288634432,-0.46330471372787185,-1.9887635022847245,2.8305244335018377e-13,9.090899367999195e-14,0.0,6.052525481628637,0.354070450893574,0.4446286457162544,0.7748056868479357,reachable_success,80.97151122183496,6.052525481628637
340,transfer,middle,0.7704467475000001,tiago_sew,SUCCESS_EXACT,tiago_semi_analytic,c96a32d,median-body-4344-torso015-J1-root-robot-zminus020-v5,wrist_center,gripper_grasping_frame,seed-0-wrist-0,3.109700046479702,,1.450212483436463,0.17404252987180244,-2.1474242659482257,1.8847804853408774,0.6840285419733201,-0.4703900950769673,-1.9943662106137747,2.5438405243138007e-13,4.4509910748573635e-14,2.5444437451708134e-14,5.731513940531268,0.3566229362200794,0.4482176750989719,0.7751725689178449,reachable_success,80.80833209064109,5.731513940531268
341,transfer,middle,0.7722958685,tiago_sew,SUCCESS_EXACT,tiago_semi_analytic,c96a32d,median-body-4344-torso015-J1-root-robot-zminus020-v5,wrist_center,gripper_grasping_frame,seed-0-wrist-0,2.6810000417754054,,1.4566964546286543,0.1798007507595713,-2.1449646628674093,1.8704228257503064,0.6919738819015513,-0.4709659745720316,-2.0070886265192627,2.3551386880256624e-13,4.094467023962802e-14,0.0,5.002573203936699,0.35860162675346996,0.45171698393592385,0.777292581662136,reachable_success,80.35309764595665,5.002573203936699
342,transfer,middle,0.7738430175,tiago_sew,SUCCESS_EXACT,tiago_semi_analytic,c96a32d,median-body-4344-torso015-J1-root-robot-zminus020-v5,wrist_center,gripper_grasping_frame,seed-0-wrist-0,2.8291000053286552,,1.4630047334920522,0.18583329727423165,-2.1412467402459585,1.8563539536735951,0.7015619486825653,-0.47528360322755336,-2.017948354943779,2.482534153247273e-13,4.9854493224979624e-14,0.0,4.380356598553664,0.3602405944248576,0.455214093670882,0.7781561053195504,reachable_success,79.80374188571497,4.380356598553664
343,transfer,middle,0.7756531675,tiago_sew,SUCCESS_EXACT,tiago_semi_analytic,c96a32d,median-body-4344-torso015-J1-root-robot-zminus020-v5,wrist_center,gripper_grasping_frame,seed-0-wrist-0,3.3083000453189015,,1.4690606392500407,0.191140316973599,-2.1386504836674742,1.8411344003059111,0.7063119450882742,-0.4773247687695754,-2.0268080091342124,2.077037090527612e-13,8.806602190366592e-14,0.0,3.872735805496428,0.3630431943440447,0.4587561281120195,0.7799907316570093,reachable_success,79.53158713896553,3.872735805496428
344,transfer,middle,0.7772374575000001,tiago_sew,SUCCESS_EXACT,tiago_semi_analytic,c96a32d,median-body-4344-torso015-J1-root-robot-zminus020-v5,wrist_center,gripper_grasping_frame,seed-0-wrist-0,3.091000020503998,,1.475976164565745,0.19562095656159245,-2.136456373161314,1.8276878654018005,0.7096924515374936,-0.4753349332730785,-2.03565565130606,2.288783399261119e-13,5.050904497267612e-14,2.5444437451708134e-14,3.365803250407603,0.36511989512008536,0.4623853281194966,0.7823684758816775,reachable_success,79.3378983868085,3.365803250407603
345,transfer,middle,0.7786723935,tiago_sew,SUCCESS_EXACT,tiago_semi_analytic,c96a32d,median-body-4344-torso015-J1-root-robot-zminus020-v5,wrist_center,gripper_grasping_frame,seed-0-wrist-0,3.292699926532805,,1.4818177888731396,0.20236952867537286,-2.1317059271032006,1.813640593085406,0.7255830505369643,-0.4759115620249532,-2.052786042234491,2.989366980140908e-13,5.326912717744009e-14,2.5444437451708134e-14,2.384304148799325,0.36654783658174994,0.4657302967763187,0.7838224040159727,reachable_success,78.42743413020403,2.384304148799325
346,transfer,middle,0.7801612554999999,tiago_sew,SUCCESS_EXACT,tiago_semi_analytic,c96a32d,median-body-4344-torso015-J1-root-robot-zminus020-v5,wrist_center,gripper_grasping_frame,seed-0-wrist-0,2.9762000776827335,,1.487794466597585,0.2067054836908059,-2.1290105102869963,1.7994684391010225,0.7269046695380892,-0.48463992785056487,-2.0573771024623637,3.925231146709438e-13,4.702264932672685e-14,2.5444437451708134e-14,2.1212557742518365,0.368961301827305,0.46904905509022554,0.7839460721448478,reachable_success,78.35171093931528,2.1212557742518365
347,transfer,middle,0.7816918335,tiago_sew,SUCCESS_EXACT,tiago_semi_analytic,c96a32d,median-body-4344-torso015-J1-root-robot-zminus020-v5,wrist_center,gripper_grasping_frame,seed-0-wrist-0,2.7883999282494187,,1.4941771230086358,0.21168121267437448,-2.1261135342157713,1.7857952179226142,0.7260919612977346,-0.4939344471002993,-2.058654120779204,1.570092458683775e-13,3.6469407412058604e-14,0.0,2.048088014335978,0.37096244652627214,0.4725222081972279,0.7837931900478636,reachable_success,78.3982756914631,2.048088014335978
348,transfer,middle,0.7830406495,tiago_sew,SUCCESS_EXACT,tiago_semi_analytic,c96a32d,median-body-4344-torso015-J1-root-robot-zminus020-v5,wrist_center,gripper_grasping_frame,seed-0-wrist-0,3.2215999672189355,,1.4995726852693516,0.21768768944838032,-2.1217105854897147,1.7721782327176188,0.7280052016624294,-0.49510570601258674,-2.0638081164310442,2.7194799110210365e-13,2.923686636992197e-14,2.5444437451708134e-14,1.7527858158567655,0.37356764971687506,0.4760939243036011,0.7847645505067569,reachable_success,78.28865509337201,1.7527858158567655
349,transfer,middle,0.7844298405000001,tiago_sew,SUCCESS_EXACT,tiago_semi_analytic,c96a32d,median-body-4344-torso015-J1-root-robot-zminus020-v5,wrist_center,gripper_grasping_frame,seed-0-wrist-0,3.2013000454753637,,1.5053586831954446,0.22182986676767052,-2.119035673958508,1.758766028492525,0.7315326310023025,-0.5000499907033409,-2.070074277633534,2.7755575615628914e-13,4.365291109518984e-14,0.0,1.3937612252054858,0.3757522563820499,0.4792030160714185,0.7855708715799335,reachable_success,78.08654827966667,1.3937612252054858
350,transfer,middle,0.7855509645000001,tiago_sew,SUCCESS_EXACT,tiago_semi_analytic,c96a32d,median-body-4344-torso015-J1-root-robot-zminus020-v5,wrist_center,gripper_grasping_frame,seed-0-wrist-0,3.246000036597252,,1.5110340742491435,0.22668653376361342,-2.1147669508552553,1.7452893793259707,0.7364760478941239,-0.503900095354683,-2.077628314824567,3.554447978966673e-13,5.988677849017903e-14,2.5444437451708134e-14,0.9609467758744237,0.3779648111665739,0.48254406115051435,0.7860292182668339,reachable_success,77.80331135539163,0.9609467758744237
351,transfer,middle,0.7867948305,tiago_sew,SUCCESS_EXACT,tiago_semi_analytic,c96a32d,median-body-4344-torso015-J1-root-robot-zminus020-v5,wrist_center,gripper_grasping_frame,seed-0-wrist-0,3.202000050805509,,1.51732713630054,0.23161409651368575,-2.111024573149969,1.7323017204117523,0.7324611882041046,-0.5058145952478879,-2.07504831870372,2.482534153247273e-13,4.2372011693511525e-14,0.0,1.1087696647590826,0.3804544161956338,0.4863144888816981,0.7867399396688599,reachable_success,78.03334587096694,1.1087696647590826
352,transfer,middle,0.7879149785,tiago_sew,SUCCESS_EXACT,tiago_semi_analytic,c96a32d,median-body-4344-torso015-J1-root-robot-zminus020-v5,wrist_center,gripper_grasping_frame,seed-0-wrist-0,2.6684000622481108,,1.522441524259445,0.23703221118492576,-2.1063511223043347,1.7191684724288503,0.7416992480339974,-0.5084882575873269,-2.084615861577097,1.3597399555105182e-13,8.506929974550092e-14,2.5444437451708134e-14,0.5605898378041108,0.38237118434479583,0.4893562486770819,0.7874256535437346,reachable_success,77.50404403182473,0.5605898378041108
353,transfer,middle,0.7889873654999999,tiago_sew,SUCCESS_EXACT,tiago_semi_analytic,c96a32d,median-body-4344-torso015-J1-root-robot-zminus020-v5,wrist_center,gripper_grasping_frame,seed-0-wrist-0,3.066800069063902,,1.528673740980009,0.24112674600841874,-2.1024292707583094,1.7053965624246026,0.7502630539571378,-0.5101470552659642,-2.090630663596336,1.6653345369377348e-13,1.8145285148368865e-14,2.5444437451708134e-14,0.21596706749495148,0.38437205866518154,0.4926519759353436,0.7885684748402267,reachable_success,77.01337409585966,0.21596706749495148
354,transfer,middle,0.7900637815,tiago_sew,SUCCESS_EXACT,tiago_semi_analytic,c96a32d,median-body-4344-torso015-J1-root-robot-zminus020-v5,wrist_center,gripper_grasping_frame,seed-0-wrist-0,3.3168999943882227,,1.534162722002349,0.24524323423473984,-2.099013931386502,1.693301413450706,0.744432110344893,-0.5151546475961863,-2.08765514107146,1.570092458683775e-13,6.932927170856506e-14,0.0,0.3864519500164559,0.38690388171115386,0.4959501585805022,0.788509560240857,reachable_success,77.34746255542005,0.3864519500164559
355,transfer,middle,0.7909756164999999,tiago_sew,SUCCESS_EXACT,tiago_semi_analytic,c96a32d,median-body-4344-torso015-J1-root-robot-zminus020-v5,wrist_center,gripper_grasping_frame,seed-14-wrist-0-boundary,310.0560000166297,,1.5398657754811687,0.2507568599002057,-2.0934265727784727,1.6805635620229022,0.7512945110757919,-0.5150218179731756,-2.0943999999999994,0.1804875839104318,0.09366627219160775,0.05515468058564501,2.5444437451708134e-14,0.3887917842490542,0.49940527073186913,0.7892316913222942,reachable_success,76.95427595621204,2.5444437451708134e-14
356,transfer,middle,0.7918914795,tiago_sew,SUCCESS_EXACT,tiago_semi_analytic,c96a32d,median-body-4344-torso015-J1-root-robot-zminus020-v5,wrist_center,gripper_grasping_frame,seed-14-wrist-0-boundary,302.5701000588015,,1.5460979136400292,0.25334332111643176,-2.090475193702847,1.6683357143150943,0.7508777195270285,-0.5170289664246246,-2.0943999999999994,0.511097899075915,0.26476533861372176,0.1551135749114965,2.5444437451708134e-14,0.39102676960244265,0.5026712031319291,0.7899494174203107,reachable_success,76.97815635289291,2.5444437451708134e-14
357,transfer,middle,0.7927408444999999,tiago_sew,SUCCESS_EXACT,tiago_semi_analytic,c96a32d,median-body-4344-torso015-J1-root-robot-zminus020-v5,wrist_center,gripper_grasping_frame,seed-14-wrist-0-boundary,296.7420000350103,,1.551424052611424,0.2562192263739806,-2.087488222050042,1.6576893222561364,0.7472620885231482,-0.521587149472884,-2.0943999999999994,0.8658074894828506,0.4467779578130765,0.2596452643378384,2.5444437451708134e-14,0.39301520912519733,0.5055860505778007,0.7898164029910048,reachable_success,77.1853167496919,2.5444437451708134e-14
358,transfer,middle,0.7937191775,tiago_sew,NUMERICAL_FAILURE,tiago_semi_analytic,c96a32d,median-body-4344-torso015-J1-root-robot-zminus020-v5,wrist_center,gripper_grasping_frame,,298.53280005045235,no exact or boundary-refined wrist branch met strict wrist-center/orientation/SEW tolerances,,,,,,,,,,,,,,,oracle_inconclusive,,
359,transfer,middle,0.7944225165,tiago_sew,NUMERICAL_FAILURE,tiago_semi_analytic,c96a32d,median-body-4344-torso015-J1-root-robot-zminus020-v5,wrist_center,gripper_grasping_frame,,299.1108000278473,no exact or boundary-refined wrist branch met strict wrist-center/orientation/SEW tolerances,,,,,,,,,,,,,,,oracle_inconclusive,,
360,transfer,middle,0.7950935975,tiago_sew,NUMERICAL_FAILURE,tiago_semi_analytic,c96a32d,median-body-4344-torso015-J1-root-robot-zminus020-v5,wrist_center,gripper_grasping_frame,,322.4495000904426,no exact or boundary-refined wrist branch met strict wrist-center/orientation/SEW tolerances,,,,,,,,,,,,,,,oracle_inconclusive,,
361,transfer,middle,0.7957949835,tiago_sew,NUMERICAL_FAILURE,tiago_semi_analytic,c96a32d,median-body-4344-torso015-J1-root-robot-zminus020-v5,wrist_center,gripper_grasping_frame,,308.4972999058664,no exact or boundary-refined wrist branch met strict wrist-center/orientation/SEW tolerances,,,,,,,,,,,,,,,oracle_inconclusive,,
362,transfer,middle,0.7963494265,tiago_sew,NUMERICAL_FAILURE,tiago_semi_analytic,c96a32d,median-body-4344-torso015-J1-root-robot-zminus020-v5,wrist_center,gripper_grasping_frame,,254.91209991741925,no exact or boundary-refined wrist branch met strict wrist-center/orientation/SEW tolerances,,,,,,,,,,,,,,,oracle_inconclusive,,
363,transfer,middle,0.7970233765,tiago_sew,NUMERICAL_FAILURE,tiago_semi_analytic,c96a32d,median-body-4344-torso015-J1-root-robot-zminus020-v5,wrist_center,gripper_grasping_frame,,306.313099921681,no exact or boundary-refined wrist branch met strict wrist-center/orientation/SEW tolerances,,,,,,,,,,,,,,,oracle_inconclusive,,
364,transfer,middle,0.7975969855,tiago_sew,NUMERICAL_FAILURE,tiago_semi_analytic,c96a32d,median-body-4344-torso015-J1-root-robot-zminus020-v5,wrist_center,gripper_grasping_frame,,282.3956999927759,no exact or boundary-refined wrist branch met strict wrist-center/orientation/SEW tolerances,,,,,,,,,,,,,,,oracle_inconclusive,,
365,transfer,middle,0.7981401065,tiago_sew,NUMERICAL_FAILURE,tiago_semi_analytic,c96a32d,median-body-4344-torso015-J1-root-robot-zminus020-v5,wrist_center,gripper_grasping_frame,,297.2525000805035,no exact or boundary-refined wrist branch met strict wrist-center/orientation/SEW tolerances,,,,,,,,,,,,,,,oracle_inconclusive,,
366,transfer,middle,0.7985071715,tiago_sew,NUMERICAL_FAILURE,tiago_semi_analytic,c96a32d,median-body-4344-torso015-J1-root-robot-zminus020-v5,wrist_center,gripper_grasping_frame,,261.32599997799844,no exact or boundary-refined wrist branch met strict wrist-center/orientation/SEW tolerances,,,,,,,,,,,,,,,oracle_inconclusive,,
367,transfer,middle,0.7989514775,tiago_sew,NUMERICAL_FAILURE,tiago_semi_analytic,c96a32d,median-body-4344-torso015-J1-root-robot-zminus020-v5,wrist_center,gripper_grasping_frame,,304.1177000850439,no exact or boundary-refined wrist branch met strict wrist-center/orientation/SEW tolerances,,,,,,,,,,,,,,,oracle_inconclusive,,
368,transfer,high,0.7993283695,tiago_sew,NUMERICAL_FAILURE,tiago_semi_analytic,c96a32d,median-body-4344-torso015-J1-root-robot-zminus020-v5,wrist_center,gripper_grasping_frame,,260.7191000133753,no exact or boundary-refined wrist branch met strict wrist-center/orientation/SEW tolerances,,,,,,,,,,,,,,,oracle_inconclusive,,
369,transfer,high,0.7998353885,tiago_sew,NUMERICAL_FAILURE,tiago_semi_analytic,c96a32d,median-body-4344-torso015-J1-root-robot-zminus020-v5,wrist_center,gripper_grasping_frame,,293.3601000113413,no exact or boundary-refined wrist branch met strict wrist-center/orientation/SEW tolerances,,,,,,,,,,,,,,,oracle_inconclusive,,
370,transfer,high,0.7999938665,tiago_sew,NUMERICAL_FAILURE,tiago_semi_analytic,c96a32d,median-body-4344-torso015-J1-root-robot-zminus020-v5,wrist_center,gripper_grasping_frame,,223.6688999691978,no exact or boundary-refined wrist branch met strict wrist-center/orientation/SEW tolerances,,,,,,,,,,,,,,,oracle_inconclusive,,
371,transfer,high,0.8005650335,tiago_sew,NUMERICAL_FAILURE,tiago_semi_analytic,c96a32d,median-body-4344-torso015-J1-root-robot-zminus020-v5,wrist_center,gripper_grasping_frame,,256.56220002565533,no exact or boundary-refined wrist branch met strict wrist-center/orientation/SEW tolerances,,,,,,,,,,,,,,,oracle_inconclusive,,
372,transfer,high,0.8010246585,tiago_sew,NUMERICAL_FAILURE,tiago_semi_analytic,c96a32d,median-body-4344-torso015-J1-root-robot-zminus020-v5,wrist_center,gripper_grasping_frame,,207.96979998704046,no exact or boundary-refined wrist branch met strict wrist-center/orientation/SEW tolerances,,,,,,,,,,,,,,,oracle_inconclusive,,
373,transfer,high,0.8011165775,tiago_sew,NUMERICAL_FAILURE,tiago_semi_analytic,c96a32d,median-body-4344-torso015-J1-root-robot-zminus020-v5,wrist_center,gripper_grasping_frame,,272.81740005128086,no exact or boundary-refined wrist branch met strict wrist-center/orientation/SEW tolerances,,,,,,,,,,,,,,,oracle_inconclusive,,
374,transfer,high,0.8015430914999999,tiago_sew,NUMERICAL_FAILURE,tiago_semi_analytic,c96a32d,median-body-4344-torso015-J1-root-robot-zminus020-v5,wrist_center,gripper_grasping_frame,,265.9703999524936,no exact or boundary-refined wrist branch met strict wrist-center/orientation/SEW tolerances,,,,,,,,,,,,,,,oracle_inconclusive,,
375,transfer,high,0.8018908695,tiago_sew,NUMERICAL_FAILURE,tiago_semi_analytic,c96a32d,median-body-4344-torso015-J1-root-robot-zminus020-v5,wrist_center,gripper_grasping_frame,,276.4852000400424,no exact or boundary-refined wrist branch met strict wrist-center/orientation/SEW tolerances,,,,,,,,,,,,,,,oracle_inconclusive,,
376,transfer,high,0.8020408325,tiago_sew,NUMERICAL_FAILURE,tiago_semi_analytic,c96a32d,median-body-4344-torso015-J1-root-robot-zminus020-v5,wrist_center,gripper_grasping_frame,,190.94860006589442,no exact or boundary-refined wrist branch met strict wrist-center/orientation/SEW tolerances,,,,,,,,,,,,,,,oracle_inconclusive,,
377,transfer,high,0.8024731445,tiago_sew,NUMERICAL_FAILURE,tiago_semi_analytic,c96a32d,median-body-4344-torso015-J1-root-robot-zminus020-v5,wrist_center,gripper_grasping_frame,,282.27540000807494,no exact or boundary-refined wrist branch met strict wrist-center/orientation/SEW tolerances,,,,,,,,,,,,,,,oracle_inconclusive,,
378,transfer,high,0.8027194824999999,tiago_sew,NUMERICAL_FAILURE,tiago_semi_analytic,c96a32d,median-body-4344-torso015-J1-root-robot-zminus020-v5,wrist_center,gripper_grasping_frame,,287.9843999398872,no exact or boundary-refined wrist branch met strict wrist-center/orientation/SEW tolerances,,,,,,,,,,,,,,,oracle_inconclusive,,
379,transfer,high,0.8029448855,tiago_sew,NUMERICAL_FAILURE,tiago_semi_analytic,c96a32d,median-body-4344-torso015-J1-root-robot-zminus020-v5,wrist_center,gripper_grasping_frame,,191.96620001457632,no exact or boundary-refined wrist branch met strict wrist-center/orientation/SEW tolerances,,,,,,,,,,,,,,,oracle_inconclusive,,
380,transfer,high,0.8032651975,tiago_sew,NUMERICAL_FAILURE,tiago_semi_analytic,c96a32d,median-body-4344-torso015-J1-root-robot-zminus020-v5,wrist_center,gripper_grasping_frame,,291.78080009296536,no exact or boundary-refined wrist branch met strict wrist-center/orientation/SEW tolerances,,,,,,,,,,,,,,,oracle_inconclusive,,
381,transfer,high,0.8035154725,tiago_sew,NUMERICAL_FAILURE,tiago_semi_analytic,c96a32d,median-body-4344-torso015-J1-root-robot-zminus020-v5,wrist_center,gripper_grasping_frame,,168.52370009291917,no exact or boundary-refined wrist branch met strict wrist-center/orientation/SEW tolerances,,,,,,,,,,,,,,,oracle_inconclusive,,
382,transfer,high,0.8036639105,tiago_sew,NUMERICAL_FAILURE,tiago_semi_analytic,c96a32d,median-body-4344-torso015-J1-root-robot-zminus020-v5,wrist_center,gripper_grasping_frame,,166.75680002663285,no exact or boundary-refined wrist branch met strict wrist-center/orientation/SEW tolerances,,,,,,,,,,,,,,,oracle_inconclusive,,
383,transfer,high,0.8039724125000001,tiago_sew,NUMERICAL_FAILURE,tiago_semi_analytic,c96a32d,median-body-4344-torso015-J1-root-robot-zminus020-v5,wrist_center,gripper_grasping_frame,,246.46330007817596,no exact or boundary-refined wrist branch met strict wrist-center/orientation/SEW tolerances,,,,,,,,,,,,,,,oracle_inconclusive,,
384,transfer,high,0.8044049375,tiago_sew,NUMERICAL_FAILURE,tiago_semi_analytic,c96a32d,median-body-4344-torso015-J1-root-robot-zminus020-v5,wrist_center,gripper_grasping_frame,,194.5725999539718,no exact or boundary-refined wrist branch met strict wrist-center/orientation/SEW tolerances,,,,,,,,,,,,,,,oracle_inconclusive,,
385,transfer,high,0.8045001835,tiago_sew,NUMERICAL_FAILURE,tiago_semi_analytic,c96a32d,median-body-4344-torso015-J1-root-robot-zminus020-v5,wrist_center,gripper_grasping_frame,,281.46029997151345,no exact or boundary-refined wrist branch met strict wrist-center/orientation/SEW tolerances,,,,,,,,,,,,,,,oracle_inconclusive,,
386,transfer,high,0.8048937995000001,tiago_sew,NUMERICAL_FAILURE,tiago_semi_analytic,c96a32d,median-body-4344-torso015-J1-root-robot-zminus020-v5,wrist_center,gripper_grasping_frame,,284.6492000389844,no exact or boundary-refined wrist branch met strict wrist-center/orientation/SEW tolerances,,,,,,,,,,,,,,,oracle_inconclusive,,
387,transfer,high,0.8054254765,tiago_sew,NUMERICAL_FAILURE,tiago_semi_analytic,c96a32d,median-body-4344-torso015-J1-root-robot-zminus020-v5,wrist_center,gripper_grasping_frame,,196.36349997017533,no exact or boundary-refined wrist branch met strict wrist-center/orientation/SEW tolerances,,,,,,,,,,,,,,,oracle_inconclusive,,
388,transfer,high,0.8055380255,tiago_sew,NUMERICAL_FAILURE,tiago_semi_analytic,c96a32d,median-body-4344-torso015-J1-root-robot-zminus020-v5,wrist_center,gripper_grasping_frame,,284.4282001024112,no exact or boundary-refined wrist branch met strict wrist-center/orientation/SEW tolerances,,,,,,,,,,,,,,,oracle_inconclusive,,
389,transfer,high,0.8060549625,tiago_sew,NUMERICAL_FAILURE,tiago_semi_analytic,c96a32d,median-body-4344-torso015-J1-root-robot-zminus020-v5,wrist_center,gripper_grasping_frame,,209.59679991938174,no exact or boundary-refined wrist branch met strict wrist-center/orientation/SEW tolerances,,,,,,,,,,,,,,,oracle_inconclusive,,
390,transfer,high,0.8067693485,tiago_sew,NUMERICAL_FAILURE,tiago_semi_analytic,c96a32d,median-body-4344-torso015-J1-root-robot-zminus020-v5,wrist_center,gripper_grasping_frame,,232.7439000364393,no exact or boundary-refined wrist branch met strict wrist-center/orientation/SEW tolerances,,,,,,,,,,,,,,,oracle_inconclusive,,
391,transfer,high,0.8069861455,tiago_sew,NUMERICAL_FAILURE,tiago_semi_analytic,c96a32d,median-body-4344-torso015-J1-root-robot-zminus020-v5,wrist_center,gripper_grasping_frame,,213.70399999432266,no exact or boundary-refined wrist branch met strict wrist-center/orientation/SEW tolerances,,,,,,,,,,,,,,,oracle_inconclusive,,
392,transfer,high,0.8075090635,tiago_sew,NUMERICAL_FAILURE,tiago_semi_analytic,c96a32d,median-body-4344-torso015-J1-root-robot-zminus020-v5,wrist_center,gripper_grasping_frame,,159.45110004395247,no exact or boundary-refined wrist branch met strict wrist-center/orientation/SEW tolerances,,,,,,,,,,,,,,,oracle_inconclusive,,
393,transfer,high,0.8081081545,tiago_sew,NUMERICAL_FAILURE,tiago_semi_analytic,c96a32d,median-body-4344-torso015-J1-root-robot-zminus020-v5,wrist_center,gripper_grasping_frame,,169.4667999399826,no exact or boundary-refined wrist branch met strict wrist-center/orientation/SEW tolerances,,,,,,,,,,,,,,,oracle_inconclusive,,
394,transfer,high,0.8085195615,tiago_sew,NUMERICAL_FAILURE,tiago_semi_analytic,c96a32d,median-body-4344-torso015-J1-root-robot-zminus020-v5,wrist_center,gripper_grasping_frame,,171.11280001699924,no exact or boundary-refined wrist branch met strict wrist-center/orientation/SEW tolerances,,,,,,,,,,,,,,,oracle_inconclusive,,
395,transfer,high,0.8091150205,tiago_sew,NUMERICAL_FAILURE,tiago_semi_analytic,c96a32d,median-body-4344-torso015-J1-root-robot-zminus020-v5,wrist_center,gripper_grasping_frame,,243.9023999031633,no exact or boundary-refined wrist branch met strict wrist-center/orientation/SEW tolerances,,,,,,,,,,,,,,,oracle_inconclusive,,
396,transfer,high,0.8096687315,tiago_sew,NUMERICAL_FAILURE,tiago_semi_analytic,c96a32d,median-body-4344-torso015-J1-root-robot-zminus020-v5,wrist_center,gripper_grasping_frame,,204.2985000880435,no exact or boundary-refined wrist branch met strict wrist-center/orientation/SEW tolerances,,,,,,,,,,,,,,,oracle_inconclusive,,
397,transfer,high,0.8101795655,tiago_sew,NUMERICAL_FAILURE,tiago_semi_analytic,c96a32d,median-body-4344-torso015-J1-root-robot-zminus020-v5,wrist_center,gripper_grasping_frame,,316.6923000244424,no exact or boundary-refined wrist branch met strict wrist-center/orientation/SEW tolerances,,,,,,,,,,,,,,,oracle_inconclusive,,
398,transfer,high,0.8108908085,tiago_sew,NUMERICAL_FAILURE,tiago_semi_analytic,c96a32d,median-body-4344-torso015-J1-root-robot-zminus020-v5,wrist_center,gripper_grasping_frame,,198.90779990237206,no exact or boundary-refined wrist branch met strict wrist-center/orientation/SEW tolerances,,,,,,,,,,,,,,,oracle_inconclusive,,
399,transfer,high,0.8115256655,tiago_sew,NUMERICAL_FAILURE,tiago_semi_analytic,c96a32d,median-body-4344-torso015-J1-root-robot-zminus020-v5,wrist_center,gripper_grasping_frame,,306.97810009587556,no exact or boundary-refined wrist branch met strict wrist-center/orientation/SEW tolerances,,,,,,,,,,,,,,,oracle_inconclusive,,
400,transfer,high,0.8117388915,tiago_sew,NUMERICAL_FAILURE,tiago_semi_analytic,c96a32d,median-body-4344-torso015-J1-root-robot-zminus020-v5,wrist_center,gripper_grasping_frame,,176.72689992468804,no exact or boundary-refined wrist branch met strict wrist-center/orientation/SEW tolerances,,,,,,,,,,,,,,,oracle_inconclusive,,
401,transfer,high,0.8123942565,tiago_sew,NUMERICAL_FAILURE,tiago_semi_analytic,c96a32d,median-body-4344-torso015-J1-root-robot-zminus020-v5,wrist_center,gripper_grasping_frame,,184.27149998024106,no exact or boundary-refined wrist branch met strict wrist-center/orientation/SEW tolerances,,,,,,,,,,,,,,,oracle_inconclusive,,
402,transfer,high,0.8131295475,tiago_sew,NUMERICAL_FAILURE,tiago_semi_analytic,c96a32d,median-body-4344-torso015-J1-root-robot-zminus020-v5,wrist_center,gripper_grasping_frame,,258.6453000549227,no exact or boundary-refined wrist branch met strict wrist-center/orientation/SEW tolerances,,,,,,,,,,,,,,,oracle_inconclusive,,
403,transfer,high,0.8133850715,tiago_sew,NUMERICAL_FAILURE,tiago_semi_analytic,c96a32d,median-body-4344-torso015-J1-root-robot-zminus020-v5,wrist_center,gripper_grasping_frame,,159.4957000343129,no exact or boundary-refined wrist branch met strict wrist-center/orientation/SEW tolerances,,,,,,,,,,,,,,,oracle_inconclusive,,
404,transfer,high,0.8138011475,tiago_sew,NUMERICAL_FAILURE,tiago_semi_analytic,c96a32d,median-body-4344-torso015-J1-root-robot-zminus020-v5,wrist_center,gripper_grasping_frame,,190.59270003344864,no exact or boundary-refined wrist branch met strict wrist-center/orientation/SEW tolerances,,,,,,,,,,,,,,,oracle_inconclusive,,
405,transfer,high,0.8144683534999999,tiago_sew,NUMERICAL_FAILURE,tiago_semi_analytic,c96a32d,median-body-4344-torso015-J1-root-robot-zminus020-v5,wrist_center,gripper_grasping_frame,,244.20810001902282,no exact or boundary-refined wrist branch met strict wrist-center/orientation/SEW tolerances,,,,,,,,,,,,,,,oracle_inconclusive,,
406,transfer,high,0.8149061285,tiago_sew,NUMERICAL_FAILURE,tiago_semi_analytic,c96a32d,median-body-4344-torso015-J1-root-robot-zminus020-v5,wrist_center,gripper_grasping_frame,,182.4868000112474,no exact or boundary-refined wrist branch met strict wrist-center/orientation/SEW tolerances,,,,,,,,,,,,,,,oracle_inconclusive,,
407,transfer,high,0.8150993955,tiago_sew,NUMERICAL_FAILURE,tiago_semi_analytic,c96a32d,median-body-4344-torso015-J1-root-robot-zminus020-v5,wrist_center,gripper_grasping_frame,,300.7400000933558,no exact or boundary-refined wrist branch met strict wrist-center/orientation/SEW tolerances,,,,,,,,,,,,,,,oracle_inconclusive,,
408,transfer,high,0.8153463445,tiago_sew,NUMERICAL_FAILURE,tiago_semi_analytic,c96a32d,median-body-4344-torso015-J1-root-robot-zminus020-v5,wrist_center,gripper_grasping_frame,,217.94979996047914,no exact or boundary-refined wrist branch met strict wrist-center/orientation/SEW tolerances,,,,,,,,,,,,,,,oracle_inconclusive,,
409,transfer,high,0.8155958555,tiago_sew,NUMERICAL_FAILURE,tiago_semi_analytic,c96a32d,median-body-4344-torso015-J1-root-robot-zminus020-v5,wrist_center,gripper_grasping_frame,,182.6862000161782,no exact or boundary-refined wrist branch met strict wrist-center/orientation/SEW tolerances,,,,,,,,,,,,,,,oracle_inconclusive,,
410,transfer,high,0.8159253545,tiago_sew,NUMERICAL_FAILURE,tiago_semi_analytic,c96a32d,median-body-4344-torso015-J1-root-robot-zminus020-v5,wrist_center,gripper_grasping_frame,,208.06930004619062,no exact or boundary-refined wrist branch met strict wrist-center/orientation/SEW tolerances,,,,,,,,,,,,,,,oracle_inconclusive,,
411,transfer,high,0.8162156675,tiago_sew,NUMERICAL_FAILURE,tiago_semi_analytic,c96a32d,median-body-4344-torso015-J1-root-robot-zminus020-v5,wrist_center,gripper_grasping_frame,,344.71670002676547,no exact or boundary-refined wrist branch met strict wrist-center/orientation/SEW tolerances,,,,,,,,,,,,,,,oracle_inconclusive,,
412,transfer,high,0.8162750244999999,tiago_sew,NUMERICAL_FAILURE,tiago_semi_analytic,c96a32d,median-body-4344-torso015-J1-root-robot-zminus020-v5,wrist_center,gripper_grasping_frame,,243.20869997609407,no exact or boundary-refined wrist branch met strict wrist-center/orientation/SEW tolerances,,,,,,,,,,,,,,,oracle_inconclusive,,
413,transfer,high,0.8164742125,tiago_sew,NUMERICAL_FAILURE,tiago_semi_analytic,c96a32d,median-body-4344-torso015-J1-root-robot-zminus020-v5,wrist_center,gripper_grasping_frame,,303.34090010728687,no exact or boundary-refined wrist branch met strict wrist-center/orientation/SEW tolerances,,,,,,,,,,,,,,,oracle_inconclusive,,
414,transfer,high,0.8165259094999999,tiago_sew,NUMERICAL_FAILURE,tiago_semi_analytic,c96a32d,median-body-4344-torso015-J1-root-robot-zminus020-v5,wrist_center,gripper_grasping_frame,,320.74969995301217,no exact or boundary-refined wrist branch met strict wrist-center/orientation/SEW tolerances,,,,,,,,,,,,,,,oracle_inconclusive,,
415,transfer,high,0.8166980285000001,tiago_sew,NUMERICAL_FAILURE,tiago_semi_analytic,c96a32d,median-body-4344-torso015-J1-root-robot-zminus020-v5,wrist_center,gripper_grasping_frame,,261.1466998932883,no exact or boundary-refined wrist branch met strict wrist-center/orientation/SEW tolerances,,,,,,,,,,,,,,,oracle_inconclusive,,
416,transfer,high,0.8168557745,tiago_sew,NUMERICAL_FAILURE,tiago_semi_analytic,c96a32d,median-body-4344-torso015-J1-root-robot-zminus020-v5,wrist_center,gripper_grasping_frame,,340.47149994876236,no exact or boundary-refined wrist branch met strict wrist-center/orientation/SEW tolerances,,,,,,,,,,,,,,,oracle_inconclusive,,
417,transfer,high,0.8168977055,tiago_sew,NUMERICAL_FAILURE,tiago_semi_analytic,c96a32d,median-body-4344-torso015-J1-root-robot-zminus020-v5,wrist_center,gripper_grasping_frame,,336.6930999327451,no exact or boundary-refined wrist branch met strict wrist-center/orientation/SEW tolerances,,,,,,,,,,,,,,,oracle_inconclusive,,
418,transfer,high,0.8170822455,tiago_sew,NUMERICAL_FAILURE,tiago_semi_analytic,c96a32d,median-body-4344-torso015-J1-root-robot-zminus020-v5,wrist_center,gripper_grasping_frame,,195.5747000174597,no exact or boundary-refined wrist branch met strict wrist-center/orientation/SEW tolerances,,,,,,,,,,,,,,,oracle_inconclusive,,
419,transfer,high,0.8170653685,tiago_sew,NUMERICAL_FAILURE,tiago_semi_analytic,c96a32d,median-body-4344-torso015-J1-root-robot-zminus020-v5,wrist_center,gripper_grasping_frame,,331.7292999709025,no exact or boundary-refined wrist branch met strict wrist-center/orientation/SEW tolerances,,,,,,,,,,,,,,,oracle_inconclusive,,
420,transfer,high,0.8172015994999999,tiago_sew,NUMERICAL_FAILURE,tiago_semi_analytic,c96a32d,median-body-4344-torso015-J1-root-robot-zminus020-v5,wrist_center,gripper_grasping_frame,,321.055700071156,no exact or boundary-refined wrist branch met strict wrist-center/orientation/SEW tolerances,,,,,,,,,,,,,,,oracle_inconclusive,,
421,transfer,high,0.8173605344999999,tiago_sew,NUMERICAL_FAILURE,tiago_semi_analytic,c96a32d,median-body-4344-torso015-J1-root-robot-zminus020-v5,wrist_center,gripper_grasping_frame,,322.175299981609,no exact or boundary-refined wrist branch met strict wrist-center/orientation/SEW tolerances,,,,,,,,,,,,,,,oracle_inconclusive,,
422,transfer,high,0.8173518065,tiago_sew,NUMERICAL_FAILURE,tiago_semi_analytic,c96a32d,median-body-4344-torso015-J1-root-robot-zminus020-v5,wrist_center,gripper_grasping_frame,,319.084900082089,no exact or boundary-refined wrist branch met strict wrist-center/orientation/SEW tolerances,,,,,,,,,,,,,,,oracle_inconclusive,,
423,transfer,high,0.8173263555,tiago_sew,NUMERICAL_FAILURE,tiago_semi_analytic,c96a32d,median-body-4344-torso015-J1-root-robot-zminus020-v5,wrist_center,gripper_grasping_frame,,182.80620011501014,no exact or boundary-refined wrist branch met strict wrist-center/orientation/SEW tolerances,,,,,,,,,,,,,,,oracle_inconclusive,,
424,transfer,high,0.8173349305,tiago_sew,NUMERICAL_FAILURE,tiago_semi_analytic,c96a32d,median-body-4344-torso015-J1-root-robot-zminus020-v5,wrist_center,gripper_grasping_frame,,207.03310007229447,no exact or boundary-refined wrist branch met strict wrist-center/orientation/SEW tolerances,,,,,,,,,,,,,,,oracle_inconclusive,,
425,transfer,high,0.8172401734999999,tiago_sew,NUMERICAL_FAILURE,tiago_semi_analytic,c96a32d,median-body-4344-torso015-J1-root-robot-zminus020-v5,wrist_center,gripper_grasping_frame,,313.04999999701977,no exact or boundary-refined wrist branch met strict wrist-center/orientation/SEW tolerances,,,,,,,,,,,,,,,oracle_inconclusive,,
426,transfer,high,0.8172535405,tiago_sew,NUMERICAL_FAILURE,tiago_semi_analytic,c96a32d,median-body-4344-torso015-J1-root-robot-zminus020-v5,wrist_center,gripper_grasping_frame,,212.51809992827475,no exact or boundary-refined wrist branch met strict wrist-center/orientation/SEW tolerances,,,,,,,,,,,,,,,oracle_inconclusive,,
427,transfer,high,0.8172003784999999,tiago_sew,NUMERICAL_FAILURE,tiago_semi_analytic,c96a32d,median-body-4344-torso015-J1-root-robot-zminus020-v5,wrist_center,gripper_grasping_frame,,174.53580000437796,no exact or boundary-refined wrist branch met strict wrist-center/orientation/SEW tolerances,,,,,,,,,,,,,,,oracle_inconclusive,,
428,transfer,high,0.8170500494999999,tiago_sew,NUMERICAL_FAILURE,tiago_semi_analytic,c96a32d,median-body-4344-torso015-J1-root-robot-zminus020-v5,wrist_center,gripper_grasping_frame,,211.0665999352932,no exact or boundary-refined wrist branch met strict wrist-center/orientation/SEW tolerances,,,,,,,,,,,,,,,oracle_inconclusive,,
429,transfer,high,0.8169959105,tiago_sew,NUMERICAL_FAILURE,tiago_semi_analytic,c96a32d,median-body-4344-torso015-J1-root-robot-zminus020-v5,wrist_center,gripper_grasping_frame,,341.0634999163449,no exact or boundary-refined wrist branch met strict wrist-center/orientation/SEW tolerances,,,,,,,,,,,,,,,oracle_inconclusive,,
430,transfer,high,0.8169910895,tiago_sew,NUMERICAL_FAILURE,tiago_semi_analytic,c96a32d,median-body-4344-torso015-J1-root-robot-zminus020-v5,wrist_center,gripper_grasping_frame,,218.20819994900376,no exact or boundary-refined wrist branch met strict wrist-center/orientation/SEW tolerances,,,,,,,,,,,,,,,oracle_inconclusive,,
431,transfer,high,0.8168885195,tiago_sew,NUMERICAL_FAILURE,tiago_semi_analytic,c96a32d,median-body-4344-torso015-J1-root-robot-zminus020-v5,wrist_center,gripper_grasping_frame,,208.09660002123564,no exact or boundary-refined wrist branch met strict wrist-center/orientation/SEW tolerances,,,,,,,,,,,,,,,oracle_inconclusive,,
432,transfer,high,0.8167609865000001,tiago_sew,NUMERICAL_FAILURE,tiago_semi_analytic,c96a32d,median-body-4344-torso015-J1-root-robot-zminus020-v5,wrist_center,gripper_grasping_frame,,177.2473999299109,no exact or boundary-refined wrist branch met strict wrist-center/orientation/SEW tolerances,,,,,,,,,,,,,,,oracle_inconclusive,,
433,transfer,high,0.8164384764999999,tiago_sew,NUMERICAL_FAILURE,tiago_semi_analytic,c96a32d,median-body-4344-torso015-J1-root-robot-zminus020-v5,wrist_center,gripper_grasping_frame,,201.93059998564422,no exact or boundary-refined wrist branch met strict wrist-center/orientation/SEW tolerances,,,,,,,,,,,,,,,oracle_inconclusive,,
434,withdrawal,high,0.8176042484999999,tiago_sew,NUMERICAL_FAILURE,tiago_semi_analytic,c96a32d,median-body-4344-torso015-J1-root-robot-zminus020-v5,wrist_center,gripper_grasping_frame,,234.85630005598068,no exact or boundary-refined wrist branch met strict wrist-center/orientation/SEW tolerances,,,,,,,,,,,,,,,oracle_inconclusive,,
435,withdrawal,high,0.8175350345,tiago_sew,NUMERICAL_FAILURE,tiago_semi_analytic,c96a32d,median-body-4344-torso015-J1-root-robot-zminus020-v5,wrist_center,gripper_grasping_frame,,243.39769990183413,no exact or boundary-refined wrist branch met strict wrist-center/orientation/SEW tolerances,,,,,,,,,,,,,,,oracle_inconclusive,,
436,withdrawal,high,0.8174158025,tiago_sew,NUMERICAL_FAILURE,tiago_semi_analytic,c96a32d,median-body-4344-torso015-J1-root-robot-zminus020-v5,wrist_center,gripper_grasping_frame,,210.10880009271204,no exact or boundary-refined wrist branch met strict wrist-center/orientation/SEW tolerances,,,,,,,,,,,,,,,oracle_inconclusive,,
437,withdrawal,high,0.8172959595,tiago_sew,NUMERICAL_FAILURE,tiago_semi_analytic,c96a32d,median-body-4344-torso015-J1-root-robot-zminus020-v5,wrist_center,gripper_grasping_frame,,184.80649997945875,no exact or boundary-refined wrist branch met strict wrist-center/orientation/SEW tolerances,,,,,,,,,,,,,,,oracle_inconclusive,,
438,withdrawal,high,0.8172320255000001,tiago_sew,NUMERICAL_FAILURE,tiago_semi_analytic,c96a32d,median-body-4344-torso015-J1-root-robot-zminus020-v5,wrist_center,gripper_grasping_frame,,199.3926001014188,no exact or boundary-refined wrist branch met strict wrist-center/orientation/SEW tolerances,,,,,,,,,,,,,,,oracle_inconclusive,,
439,withdrawal,high,0.8171201175,tiago_sew,NUMERICAL_FAILURE,tiago_semi_analytic,c96a32d,median-body-4344-torso015-J1-root-robot-zminus020-v5,wrist_center,gripper_grasping_frame,,225.99070006981492,no exact or boundary-refined wrist branch met strict wrist-center/orientation/SEW tolerances,,,,,,,,,,,,,,,oracle_inconclusive,,
440,withdrawal,high,0.8171036375,tiago_sew,NUMERICAL_FAILURE,tiago_semi_analytic,c96a32d,median-body-4344-torso015-J1-root-robot-zminus020-v5,wrist_center,gripper_grasping_frame,,183.30409994814545,no exact or boundary-refined wrist branch met strict wrist-center/orientation/SEW tolerances,,,,,,,,,,,,,,,oracle_inconclusive,,
441,withdrawal,high,0.8170548095,tiago_sew,NUMERICAL_FAILURE,tiago_semi_analytic,c96a32d,median-body-4344-torso015-J1-root-robot-zminus020-v5,wrist_center,gripper_grasping_frame,,247.8702999651432,no exact or boundary-refined wrist branch met strict wrist-center/orientation/SEW tolerances,,,,,,,,,,,,,,,oracle_inconclusive,,
442,withdrawal,high,0.8170563665,tiago_sew,NUMERICAL_FAILURE,tiago_semi_analytic,c96a32d,median-body-4344-torso015-J1-root-robot-zminus020-v5,wrist_center,gripper_grasping_frame,,225.79270007554442,no exact or boundary-refined wrist branch met strict wrist-center/orientation/SEW tolerances,,,,,,,,,,,,,,,oracle_inconclusive,,
443,withdrawal,high,0.8169669195,tiago_sew,NUMERICAL_FAILURE,tiago_semi_analytic,c96a32d,median-body-4344-torso015-J1-root-robot-zminus020-v5,wrist_center,gripper_grasping_frame,,274.8853999655694,no exact or boundary-refined wrist branch met strict wrist-center/orientation/SEW tolerances,,,,,,,,,,,,,,,oracle_inconclusive,,
444,withdrawal,high,0.8168153385,tiago_sew,NUMERICAL_FAILURE,tiago_semi_analytic,c96a32d,median-body-4344-torso015-J1-root-robot-zminus020-v5,wrist_center,gripper_grasping_frame,,317.1054000267759,no exact or boundary-refined wrist branch met strict wrist-center/orientation/SEW tolerances,,,,,,,,,,,,,,,oracle_inconclusive,,
445,withdrawal,high,0.8165024415,tiago_sew,NUMERICAL_FAILURE,tiago_semi_analytic,c96a32d,median-body-4344-torso015-J1-root-robot-zminus020-v5,wrist_center,gripper_grasping_frame,,326.20290003251284,no exact or boundary-refined wrist branch met strict wrist-center/orientation/SEW tolerances,,,,,,,,,,,,,,,oracle_inconclusive,,
446,withdrawal,high,0.8162549445,tiago_sew,NUMERICAL_FAILURE,tiago_semi_analytic,c96a32d,median-body-4344-torso015-J1-root-robot-zminus020-v5,wrist_center,gripper_grasping_frame,,240.5356999952346,no exact or boundary-refined wrist branch met strict wrist-center/orientation/SEW tolerances,,,,,,,,,,,,,,,oracle_inconclusive,,
447,withdrawal,high,0.8160354925,tiago_sew,NUMERICAL_FAILURE,tiago_semi_analytic,c96a32d,median-body-4344-torso015-J1-root-robot-zminus020-v5,wrist_center,gripper_grasping_frame,,233.5171999875456,no exact or boundary-refined wrist branch met strict wrist-center/orientation/SEW tolerances,,,,,,,,,,,,,,,oracle_inconclusive,,
448,withdrawal,high,0.8159149175,tiago_sew,NUMERICAL_FAILURE,tiago_semi_analytic,c96a32d,median-body-4344-torso015-J1-root-robot-zminus020-v5,wrist_center,gripper_grasping_frame,,248.4223999781534,no exact or boundary-refined wrist branch met strict wrist-center/orientation/SEW tolerances,,,,,,,,,,,,,,,oracle_inconclusive,,
449,withdrawal,high,0.8157933045,tiago_sew,NUMERICAL_FAILURE,tiago_semi_analytic,c96a32d,median-body-4344-torso015-J1-root-robot-zminus020-v5,wrist_center,gripper_grasping_frame,,229.58799998741597,no exact or boundary-refined wrist branch met strict wrist-center/orientation/SEW tolerances,,,,,,,,,,,,,,,oracle_inconclusive,,
450,withdrawal,high,0.8155849915,tiago_sew,NUMERICAL_FAILURE,tiago_semi_analytic,c96a32d,median-body-4344-torso015-J1-root-robot-zminus020-v5,wrist_center,gripper_grasping_frame,,236.63599998690188,no exact or boundary-refined wrist branch met strict wrist-center/orientation/SEW tolerances,,,,,,,,,,,,,,,oracle_inconclusive,,
451,withdrawal,high,0.8150641175,tiago_sew,NUMERICAL_FAILURE,tiago_semi_analytic,c96a32d,median-body-4344-torso015-J1-root-robot-zminus020-v5,wrist_center,gripper_grasping_frame,,192.67650006804615,no exact or boundary-refined wrist branch met strict wrist-center/orientation/SEW tolerances,,,,,,,,,,,,,,,oracle_inconclusive,,
452,withdrawal,high,0.8146621095,tiago_sew,NUMERICAL_FAILURE,tiago_semi_analytic,c96a32d,median-body-4344-torso015-J1-root-robot-zminus020-v5,wrist_center,gripper_grasping_frame,,235.98100000526756,no exact or boundary-refined wrist branch met strict wrist-center/orientation/SEW tolerances,,,,,,,,,,,,,,,oracle_inconclusive,,
453,withdrawal,high,0.8142962345,tiago_sew,NUMERICAL_FAILURE,tiago_semi_analytic,c96a32d,median-body-4344-torso015-J1-root-robot-zminus020-v5,wrist_center,gripper_grasping_frame,,251.6447000671178,no exact or boundary-refined wrist branch met strict wrist-center/orientation/SEW tolerances,,,,,,,,,,,,,,,oracle_inconclusive,,
454,withdrawal,high,0.8137507635,tiago_sew,NUMERICAL_FAILURE,tiago_semi_analytic,c96a32d,median-body-4344-torso015-J1-root-robot-zminus020-v5,wrist_center,gripper_grasping_frame,,329.6631999546662,no exact or boundary-refined wrist branch met strict wrist-center/orientation/SEW tolerances,,,,,,,,,,,,,,,oracle_inconclusive,,
455,withdrawal,high,0.8132080385,tiago_sew,NUMERICAL_FAILURE,tiago_semi_analytic,c96a32d,median-body-4344-torso015-J1-root-robot-zminus020-v5,wrist_center,gripper_grasping_frame,,245.5212000058964,no exact or boundary-refined wrist branch met strict wrist-center/orientation/SEW tolerances,,,,,,,,,,,,,,,oracle_inconclusive,,
456,withdrawal,high,0.8123339235,tiago_sew,NUMERICAL_FAILURE,tiago_semi_analytic,c96a32d,median-body-4344-torso015-J1-root-robot-zminus020-v5,wrist_center,gripper_grasping_frame,,246.95579998660833,no exact or boundary-refined wrist branch met strict wrist-center/orientation/SEW tolerances,,,,,,,,,,,,,,,oracle_inconclusive,,
457,withdrawal,high,0.8117846074999999,tiago_sew,NUMERICAL_FAILURE,tiago_semi_analytic,c96a32d,median-body-4344-torso015-J1-root-robot-zminus020-v5,wrist_center,gripper_grasping_frame,,163.28380000777543,no exact or boundary-refined wrist branch met strict wrist-center/orientation/SEW tolerances,,,,,,,,,,,,,,,oracle_inconclusive,,
458,withdrawal,high,0.8106003415,tiago_sew,NUMERICAL_FAILURE,tiago_semi_analytic,c96a32d,median-body-4344-torso015-J1-root-robot-zminus020-v5,wrist_center,gripper_grasping_frame,,296.5328999562189,no exact or boundary-refined wrist branch met strict wrist-center/orientation/SEW tolerances,,,,,,,,,,,,,,,oracle_inconclusive,,
459,withdrawal,high,0.8098339545,tiago_sew,NUMERICAL_FAILURE,tiago_semi_analytic,c96a32d,median-body-4344-torso015-J1-root-robot-zminus020-v5,wrist_center,gripper_grasping_frame,,193.1412999983877,no exact or boundary-refined wrist branch met strict wrist-center/orientation/SEW tolerances,,,,,,,,,,,,,,,oracle_inconclusive,,
460,withdrawal,high,0.8086800235,tiago_sew,NUMERICAL_FAILURE,tiago_semi_analytic,c96a32d,median-body-4344-torso015-J1-root-robot-zminus020-v5,wrist_center,gripper_grasping_frame,,256.8255999358371,no exact or boundary-refined wrist branch met strict wrist-center/orientation/SEW tolerances,,,,,,,,,,,,,,,oracle_inconclusive,,
461,withdrawal,high,0.8075873105,tiago_sew,SUCCESS_EXACT,tiago_semi_analytic,c96a32d,median-body-4344-torso015-J1-root-robot-zminus020-v5,wrist_center,gripper_grasping_frame,seed-10-wrist-0-boundary,235.72930006776005,,1.7145955889346292,0.3558552458794234,-1.94198905576572,1.3090390507126586,0.6763140188452289,-0.5612206442631092,-2.0943999999999994,0.7319150908141175,0.3170159154907539,0.1434491670053953,2.5444437451708134e-14,0.4688900974354068,0.5946367595800192,0.7885936813691724,reachable_success,81.25034170683676,2.5444437451708134e-14
462,withdrawal,high,0.8063290405000001,tiago_sew,SUCCESS_EXACT,tiago_semi_analytic,c96a32d,median-body-4344-torso015-J1-root-robot-zminus020-v5,wrist_center,gripper_grasping_frame,seed-10-wrist-0-boundary,277.50700002070516,,1.7019097857967769,0.35376963164472847,-1.9455632654700588,1.3300503903840886,0.6776292158828265,-0.5572447866147309,-2.0943999999999994,0.5121978945800263,0.22465069194443874,0.10305510807925546,2.5444437451708134e-14,0.46643519176932313,0.5897042807172878,0.7874070492031072,reachable_success,81.17498646735432,2.5444437451708134e-14
463,withdrawal,high,0.8050871584999999,tiago_sew,SUCCESS_EXACT,tiago_semi_analytic,c96a32d,median-body-4344-torso015-J1-root-robot-zminus020-v5,wrist_center,gripper_grasping_frame,seed-0-wrist-0,3.2500000670552254,,1.6896987767440532,0.35021440545834365,-1.9509959553838068,1.349846968455668,0.6729515956676577,-0.5555830150963699,-2.0916884602825156,1.9229626863835638e-13,4.174808471954709e-14,0.0,0.15535978179393845,0.46470616841730983,0.5847447938632087,0.7861128054028766,reachable_success,81.44299436384857,0.15535978179393845
464,withdrawal,high,0.8037972105,tiago_sew,SUCCESS_EXACT,tiago_semi_analytic,c96a32d,median-body-4344-torso015-J1-root-robot-zminus020-v5,wrist_center,gripper_grasping_frame,seed-0-wrist-0,3.3746000844985247,,1.6770670808782973,0.3457450944216461,-1.9575999994438857,1.3725727904285665,0.6679186943109596,-0.5542091204603325,-2.0883415242722663,2.989366980140908e-13,6.404577723755904e-14,0.0,0.3471250894815823,0.46182852750035575,0.5794414886929748,0.7846047750163161,reachable_success,81.73135837029304,0.3471250894815823
465,withdrawal,high,0.8022009585000001,tiago_sew,SUCCESS_EXACT,tiago_semi_analytic,c96a32d,median-body-4344-torso015-J1-root-robot-zminus020-v5,wrist_center,gripper_grasping_frame,seed-0-wrist-0,3.648199955932796,,1.6633736640487318,0.3401628254375645,-1.9651704092816764,1.398348371642207,0.6520949987563789,-0.5553399834035728,-2.0750882637428454,3.554447978966673e-13,4.0991333942879784e-14,2.5444437451708134e-14,1.106480982604718,0.4590981092019656,0.5736951304711619,0.781929340254984,reachable_success,82.63798934187044,1.106480982604718
466,withdrawal,high,0.8006700135,tiago_sew,SUCCESS_EXACT,tiago_semi_analytic,c96a32d,median-body-4344-torso015-J1-root-robot-zminus020-v5,wrist_center,gripper_grasping_frame,seed-0-wrist-0,3.4328000620007515,,1.6497033506165348,0.33291045130185015,-1.9748181155225322,1.4242913630900085,0.6444004237165819,-0.5489777013996813,-2.074134903907809,4.154074181055224e-13,8.495600172513506e-14,0.0,1.1611044775095931,0.4558814573684409,0.567701545843761,0.7815369777123657,reachable_success,83.0788560167975,1.1611044775095931
467,withdrawal,high,0.7991165465,tiago_sew,SUCCESS_EXACT,tiago_semi_analytic,c96a32d,median-body-4344-torso015-J1-root-robot-zminus020-v5,wrist_center,gripper_grasping_frame,seed-0-wrist-0,3.2128000166267157,,1.6349011730114535,0.3278229598650003,-1.9820084837343224,1.4506074416570283,0.6436908172854197,-0.5456803955521505,-2.075255004253255,2.482534153247273e-13,6.63220931559468e-14,0.0,1.096927455084394,0.45204882737772945,0.5612224148029837,0.7802022614334121,reachable_success,83.11951347041844,1.096927455084394
468,withdrawal,middle,0.7974333495,tiago_sew,SUCCESS_EXACT,tiago_semi_analytic,c96a32d,median-body-4344-torso015-J1-root-robot-zminus020-v5,wrist_center,gripper_grasping_frame,seed-0-wrist-0,2.805599942803383,,1.620641866777233,0.32096342544184403,-1.990723307355886,1.4773376704802923,0.6397391850088234,-0.5407197614666481,-2.073762626608737,4.871083751574258e-13,5.807608925090281e-14,5.088887490341627e-14,1.182434395554959,0.44821923928412244,0.5547764331548847,0.7793001782937982,reachable_success,83.34592532205508,1.182434395554959
469,withdrawal,middle,0.7956394655,tiago_sew,SUCCESS_EXACT,tiago_semi_analytic,c96a32d,median-body-4344-torso015-J1-root-robot-zminus020-v5,wrist_center,gripper_grasping_frame,seed-0-wrist-0,2.9705000342801213,,1.6055638409324708,0.3132104314299764,-2.000387101366571,1.505873132100545,0.6323191293843449,-0.5417814881523917,-2.0666490448954304,1.6364024549834962e-12,6.200506276939073e-14,1.0177774980683254e-13,1.5900126049488532,0.44398356902640496,0.5476498964310184,0.7771019985704305,reachable_success,83.77106319309001,1.5900126049488532
470,withdrawal,middle,0.7938693545,tiago_sew,SUCCESS_EXACT,tiago_semi_analytic,c96a32d,median-body-4344-torso015-J1-root-robot-zminus020-v5,wrist_center,gripper_grasping_frame,seed-0-wrist-0,3.324699937365949,,1.5904984761141545,0.30535562289735413,-2.0101627228576224,1.5345113920620674,0.6242880675706686,-0.538073735571106,-2.0620436941293256,2.4887327500455632e-12,1.3552651050065997e-14,1.0177774980683254e-13,1.8538797670239986,0.4399268291191466,0.5405620775387165,0.7758964206944035,reachable_success,84.23120914002234,1.8538797670239986
471,withdrawal,middle,0.7921180725,tiago_sew,SUCCESS_EXACT,tiago_semi_analytic,c96a32d,median-body-4344-torso015-J1-root-robot-zminus020-v5,wrist_center,gripper_grasping_frame,seed-0-wrist-0,3.604200086556375,,1.574818375554365,0.2985921362800102,-2.01893357936303,1.5634128052210354,0.6168616947720316,-0.5376144747111611,-2.0556334135684597,3.2850221710652974e-12,1.9298705689057496e-14,1.0177774980683254e-13,2.221161788656369,0.4356714940379391,0.5331623452274562,0.7738386553066846,reachable_success,84.656708958475,2.221161788656369
472,withdrawal,middle,0.7903738714999999,tiago_sew,SUCCESS_EXACT,tiago_semi_analytic,c96a32d,median-body-4344-torso015-J1-root-robot-zminus020-v5,wrist_center,gripper_grasping_frame,seed-0-wrist-0,3.24899994302541,,1.55942118684656,0.28915321333574096,-2.0305013390872504,1.593211337901379,0.5962262993773839,-0.5400518920959136,-2.042800670537649,9.110595939411611e-12,1.8336813798677995e-14,3.81666561775622e-13,2.9564238038977373,0.43213291427358935,0.525579906962568,0.7715023412226215,reachable_success,85.839030023172,2.9564238038977373
473,withdrawal,middle,0.7885017095,tiago_sew,SUCCESS_EXACT,tiago_semi_analytic,c96a32d,median-body-4344-torso015-J1-root-robot-zminus020-v5,wrist_center,gripper_grasping_frame,seed-0-wrist-0,3.2036000629886985,,1.5438193149630328,0.2799857668466301,-2.0414160183690497,1.6235689001742637,0.5714122402320729,-0.5443240536566298,-2.029971933902294,2.4183119415839667e-11,7.490361530555862e-14,5.088887490341627e-13,3.6914562695884516,0.4287846534751202,0.5179572359414197,0.7684610087362105,reachable_success,87.26077088478633,3.6914562695884516
474,withdrawal,middle,0.7865282284999999,tiago_sew,SUCCESS_EXACT,tiago_semi_analytic,c96a32d,median-body-4344-torso015-J1-root-robot-zminus020-v5,wrist_center,gripper_grasping_frame,seed-0-wrist-0,3.0881999991834164,,1.5275161441026601,0.2698435306483893,-2.0530232949913523,1.654783780817862,0.546273468041576,-0.5489247037371694,-2.0218371747032426,3.128746568767311e-11,1.2707404720331007e-14,1.0941108104234498e-12,4.157543639049312,0.42550576316897737,0.509861459977603,0.765460441829774,reachable_success,88.70111643344265,4.157543639049312
475,withdrawal,middle,0.7847647405,tiago_sew,SUCCESS_EXACT,tiago_semi_analytic,c96a32d,median-body-4344-torso015-J1-root-robot-zminus020-v5,wrist_center,gripper_grasping_frame,seed-0-wrist-0,2.653099945746362,,1.5114432010276855,0.25990801635150923,-2.0649329899379394,1.68546006638037,0.5098890368486275,-0.5673076609299379,-2.002882108897201,4.99172124893344e-11,5.4749919163233764e-14,1.679332871812737e-12,5.243588910128235,0.4231059035368594,0.5016377674050411,0.7598633186836232,reachable_success,90.78579078078273,5.243588910128235
476,withdrawal,middle,0.7830656745,tiago_sew,SUCCESS_EXACT,tiago_semi_analytic,c96a32d,median-body-4344-torso015-J1-root-robot-zminus020-v5,wrist_center,gripper_grasping_frame,seed-0-wrist-0,3.312300075776875,,1.4959784325550065,0.24893223408094922,-2.07774925237719,1.7156734684432284,0.4692435658580223,-0.5837273817270847,-1.9861778429060442,7.199066543608744e-11,8.261636719932831e-14,2.697110369881062e-12,6.200672851285441,0.42144083583795744,0.493620524210843,0.7551070742049263,reachable_success,93.11460472486584,6.200672851285441
477,withdrawal,middle,0.7812500305,tiago_sew,SUCCESS_EXACT,tiago_semi_analytic,c96a32d,median-body-4344-torso015-J1-root-robot-zminus020-v5,wrist_center,gripper_grasping_frame,seed-0-wrist-0,3.4567000111564994,,1.4793738503255995,0.2386941674181888,-2.089838194288776,1.7470420974751142,0.42694429426362435,-0.5943561470789063,-1.9698470237896455,1.7671679214422938e-10,3.4086590060255996e-14,5.266998552503584e-12,7.13635986264665,0.42018333882488534,0.48546924085870463,0.7513370022155137,reachable_success,95.53817446370245,7.13635986264665
478,withdrawal,middle,0.7792753295,tiago_sew,SUCCESS_EXACT,tiago_semi_analytic,c96a32d,median-body-4344-torso015-J1-root-robot-zminus020-v5,wrist_center,gripper_grasping_frame,seed-0-wrist-0,3.519300022162497,,1.4626418359948967,0.22717602771886497,-2.10222574063261,1.777940695912977,0.3887088590855097,-0.6062144551332675,-1.95628360057509,1.5488110586865922e-10,1.2839191341027537e-13,5.292442989955292e-12,7.913486768590437,0.4190644573896694,0.4770325020239115,0.7475952008058847,reachable_success,97.72890352725446,7.913486768590437
479,withdrawal,middle,0.7774472965,tiago_sew,SUCCESS_EXACT,tiago_semi_analytic,c96a32d,median-body-4344-torso015-J1-root-robot-zminus020-v5,wrist_center,gripper_grasping_frame,seed-0-wrist-0,3.456900012679398,,1.4456307070438448,0.21724498655816743,-2.114241027717359,1.809928767545959,0.38000741164839313,-0.6188254219172538,-1.9667183091694405,7.583106172849735e-10,4.4033137884157694e-14,2.0279216649011382e-11,7.315622005685274,0.4140271141221657,0.4675612268172051,0.7437688672358901,reachable_success,98.22745974105617,7.315622005685274
480,withdrawal,middle,0.7755496825,tiago_sew,SUCCESS_EXACT,tiago_semi_analytic,c96a32d,median-body-4344-torso015-J1-root-robot-zminus020-v5,wrist_center,gripper_grasping_frame,seed-0-wrist-0,3.306400030851364,,1.427971180531014,0.206966074810472,-2.1261911917249967,1.8414368099345253,0.35983497191347347,-0.6301176923965772,-1.9613614678035969,8.034636414663094e-10,3.424780128256645e-14,2.25183271447617e-11,7.622546407469207,0.4109005452337087,0.4582614480691223,0.740235520709136,reachable_success,99.38325540034906,7.622546407469207
481,withdrawal,middle,0.7734488225,tiago_sew,SUCCESS_EXACT,tiago_semi_analytic,c96a32d,median-body-4344-torso015-J1-root-robot-zminus020-v5,wrist_center,gripper_grasping_frame,seed-0-wrist-0,3.066300065256655,,1.4111646724829308,0.19596892702119273,-2.1382260676322757,1.873508555953051,0.3323877144199767,-0.6443199231281378,-1.939304393286795,2.5772977015132573e-09,5.411511100737697e-14,7.38143130474053e-11,8.886323685687511,0.40821830056557984,0.4492758227182837,0.7360681858220869,reachable_success,100.95586741393525,8.886323685687511
482,withdrawal,middle,0.7716724245,tiago_sew,SUCCESS_EXACT,tiago_semi_analytic,c96a32d,median-body-4344-torso015-J1-root-robot-zminus020-v5,wrist_center,gripper_grasping_frame,seed-0-wrist-0,2.7179999742656946,,1.3943764280092008,0.18559241131150264,-2.150521033415784,1.9039269991876946,0.30750537163588465,-0.6652590231449373,-1.9125503689040242,2.4818628746264076e-09,3.6883077213347114e-14,7.999731134817038e-11,10.419216367810378,0.4060832331424801,0.44006020402447577,0.7311031640210348,reachable_success,102.38152063986152,10.419216367810378
483,withdrawal,middle,0.7696868285,tiago_sew,SUCCESS_EXACT,tiago_semi_analytic,c96a32d,median-body-4344-torso015-J1-root-robot-zminus020-v5,wrist_center,gripper_grasping_frame,seed-0-wrist-0,3.2654000679031014,,1.3780897412365174,0.17473563059139544,-2.1625067447281947,1.934323833304633,0.2822925996749017,-0.6894911358271605,-1.8813759881325005,5.244310694933937e-09,2.4894924123637026e-14,1.733275079210358e-10,12.205376814952473,0.40418650431340264,0.43090318553661994,0.7254067545019088,reachable_success,103.82610606305163,12.205376814952473
484,withdrawal,middle,0.7676491395,tiago_sew,SUCCESS_EXACT,tiago_semi_analytic,c96a32d,median-body-4344-torso015-J1-root-robot-zminus020-v5,wrist_center,gripper_grasping_frame,seed-0-wrist-0,3.475199919193983,,1.362098553593758,0.16390993373037238,-2.174258883826137,1.9643008455044175,0.25671803237611446,-0.7080223092563167,-1.851834683454582,9.38292296460074e-09,3.330550415083436e-14,3.281569098146798e-10,13.897968894307278,0.40239782412313385,0.42210768251783104,0.720957685190593,reachable_success,105.29142083214542,13.897968894307278
485,withdrawal,middle,0.7657666624999999,tiago_sew,SUCCESS_EXACT,tiago_semi_analytic,c96a32d,median-body-4344-torso015-J1-root-robot-zminus020-v5,wrist_center,gripper_grasping_frame,seed-0-wrist-0,3.4238999942317605,,1.3464631851093918,0.1517543211851013,-2.187345737885511,1.993400848170446,0.23614147324343815,-0.7324361882067794,-1.8338837626974325,1.1191885465188222e-08,5.979650432186124e-14,4.1484610821264944e-10,14.926480892065731,0.4006791024479758,0.41286384058935,0.7159686216255075,reachable_success,106.47037082734914,14.926480892065731
486,withdrawal,middle,0.7637472535000001,tiago_sew,SUCCESS_EXACT,tiago_semi_analytic,c96a32d,median-body-4344-torso015-J1-root-robot-zminus020-v5,wrist_center,gripper_grasping_frame,seed-0-wrist-0,3.331799991428852,,1.330669799491894,0.14011487479696574,-2.200134273522599,2.0234368400843814,0.21658499553213595,-0.7592643044660452,-1.8205148384761536,3.642430196688597e-08,6.913592094022856e-14,1.429544829349318e-09,15.692463826575231,0.39875024129408226,0.40341060242430526,0.7103310135817186,reachable_success,107.59087446234842,15.692463826575231
487,withdrawal,middle,0.7616421204999999,tiago_sew,SUCCESS_EXACT,tiago_semi_analytic,c96a32d,median-body-4344-torso015-J1-root-robot-zminus020-v5,wrist_center,gripper_grasping_frame,seed-0-wrist-0,3.7130999844521284,,1.3147079895840224,0.12731145192697063,-2.2138234507851764,2.053963432298251,0.19706628528555736,-0.7865175503907484,-1.8121060533147668,1.6653345369377348e-13,7.389035177712326e-14,0.0,16.174251727154925,0.3970003093190397,0.3936831128031488,0.7049166760198985,reachable_success,108.70921418101614,16.174251727154925
488,withdrawal,middle,0.7595594784999999,tiago_sew,SUCCESS_EXACT,tiago_semi_analytic,c96a32d,median-body-4344-torso015-J1-root-robot-zminus020-v5,wrist_center,gripper_grasping_frame,seed-0-wrist-0,4.039800027385354,,1.2991220119659144,0.1139126509628343,-2.2280730527083983,2.0840402100468305,0.18033597195985163,-0.8159066578539451,-1.8093180104667557,1.1443916996305594e-13,3.949306712440217e-14,2.5444437451708134e-14,15.593034359688454,0.3952836872242572,0.38380448130828626,0.6993730216451455,reachable_success,109.66779052451055,16.3339948154476
489,withdrawal,middle,0.7571787114999999,tiago_sew,SUCCESS_EXACT,tiago_semi_analytic,c96a32d,median-body-4344-torso015-J1-root-robot-zminus020-v5,wrist_center,gripper_grasping_frame,seed-0-wrist-0,4.0701000252738595,,1.283014424146271,0.10062161366543938,-2.2415517143421595,2.114611327058014,0.16853337612550767,-0.8437219592572647,-1.8095384652503448,1.2412670766236365e-13,4.872704358728636e-14,2.5444437451708134e-14,13.841438379947043,0.39299914669122465,0.3737048681357094,0.6936148346115696,reachable_success,110.34402945311714,16.321363686774472
490,withdrawal,middle,0.7545257265,tiago_sew,SUCCESS_EXACT,tiago_semi_analytic,c96a32d,median-body-4344-torso015-J1-root-robot-zminus020-v5,wrist_center,gripper_grasping_frame,seed-0-wrist-0,3.8107000291347504,,1.2671215533087397,0.08791891567961901,-2.253779194421623,2.145097725258641,0.15665643244825755,-0.8739928641846602,-1.8015523835303648,2.288783399261119e-13,4.0168854519938127e-14,2.5444437451708134e-14,12.094696430495892,0.391036472460479,0.36370708144549724,0.6869997507996017,reachable_success,111.02452819933816,16.778932464175902
491,withdrawal,middle,0.7519035345,tiago_sew,SUCCESS_EXACT,tiago_semi_analytic,c96a32d,median-body-4344-torso015-J1-root-robot-zminus020-v5,wrist_center,gripper_grasping_frame,seed-0-wrist-0,3.916099900379777,,1.2527107382321756,0.07361300587493542,-2.2669642441501243,2.174583810582355,0.14387862104370486,-0.9010130773043241,-1.7893925210593693,2.498001805406602e-13,6.259599968040428e-14,5.088887490341627e-14,10.40526818708443,0.38914964257729623,0.3542631600778757,0.681583159838674,reachable_success,111.75664286423317,17.475641263223466
492,withdrawal,middle,0.7492551275,tiago_sew,SUCCESS_EXACT,tiago_semi_analytic,c96a32d,median-body-4344-torso015-J1-root-robot-zminus020-v5,wrist_center,gripper_grasping_frame,seed-0-wrist-0,3.8816999876871705,,1.2379963000091458,0.06090880654459285,-2.278909142109721,2.2031901974710815,0.13099015756162302,-0.923201978834987,-1.7699667456589792,8.899114524108742e-13,7.29200629921524e-14,1.0177774980683254e-13,8.76624295124204,0.3873813008399469,0.3452841315489329,0.6768735303817996,reachable_success,112.49509742616495,18.588656207434877
493,withdrawal,middle,0.7462881775,tiago_sew,SUCCESS_EXACT,tiago_semi_analytic,c96a32d,median-body-4344-torso015-J1-root-robot-zminus020-v5,wrist_center,gripper_grasping_frame,seed-0-wrist-0,4.1337000438943505,,1.2239391973282236,0.04751921516915396,-2.290050240087136,2.231621410993265,0.12370487767879723,-0.9481927127561955,-1.74986855332049,1.605232383822878e-11,4.8393171299193553e-14,8.905553108097847e-13,7.1372544099856565,0.3850835997067072,0.33620108626508916,0.671083004192313,reachable_success,112.91251321602242,19.74019780427247
494,withdrawal,middle,0.7431755675,tiago_sew,SUCCESS_EXACT,tiago_semi_analytic,c96a32d,median-body-4344-torso015-J1-root-robot-zminus020-v5,wrist_center,gripper_grasping_frame,seed-0-wrist-0,4.062299965880811,,1.2096373311177016,0.03529707854292267,-2.2996059929625683,2.2592064043067155,0.11323126381800996,-0.9798612929441801,-1.7206693460083908,2.8988074653590606e-10,9.211740589560276e-14,1.5317551345928296e-11,5.556750715228337,0.38432617641928596,0.32703294076070655,0.6639589551491347,reachable_success,113.51260708649525,21.41318914838329
495,withdrawal,middle,0.7400906375,tiago_sew,SUCCESS_EXACT,tiago_semi_analytic,c96a32d,median-body-4344-torso015-J1-root-robot-zminus020-v5,wrist_center,gripper_grasping_frame,seed-0-wrist-0,4.112599999643862,,1.1953271170362485,0.022880929211408847,-2.309890067705853,2.2869702906673437,0.10719580850715316,-1.0028338718130558,-1.6939972906279408,1.597965093424353e-08,7.540412608971142e-14,8.569940978109817e-10,3.96599720388351,0.38215139755498245,0.3181407082529195,0.6583779839527466,reachable_success,113.85841320324717,22.941385352622273
496,withdrawal,middle,0.7367564245,tiago_sew,SUCCESS_EXACT,tiago_semi_analytic,c96a32d,median-body-4344-torso015-J1-root-robot-zminus020-v5,wrist_center,gripper_grasping_frame,seed-0-wrist-0,4.398499964736402,,1.1818340469378728,0.008925983027149425,-2.3202214694300927,2.314745377703984,0.10429711791588137,-1.0283183148093311,-1.6714461673789396,4.0053709487069575e-13,8.57773012757197e-14,2.5444437451708134e-14,2.374601941075501,0.3796923730800491,0.30914357962080014,0.6521387485582268,reachable_success,114.02449594024132,24.233469538069393
497,withdrawal,middle,0.7334400335,tiago_sew,SUCCESS_EXACT,tiago_semi_analytic,c96a32d,median-body-4344-torso015-J1-root-robot-zminus020-v5,wrist_center,gripper_grasping_frame,seed-0-wrist-0,5.2643000381067395,,1.1685758344726622,-0.004903087897577397,-2.3311335650070917,2.3427302047536678,0.10564523734116715,-1.0587997343056639,-1.6481847102919094,1.3756717229751221e-11,4.0989112245806786e-14,7.124442486478278e-13,0.7711894607250722,0.3769555673666168,0.2996213996509404,0.6449404323866991,reachable_success,113.94725438689284,25.5662528544809
498,withdrawal,middle,0.7300328375,tiago_sew,NUMERICAL_FAILURE,tiago_semi_analytic,c96a32d,median-body-4344-torso015-J1-root-robot-zminus020-v5,wrist_center,gripper_grasping_frame,,243.491500033997,no exact or boundary-refined wrist branch met strict wrist-center/orientation/SEW tolerances,,,,,,,,,,,,,,,oracle_inconclusive,,
499,withdrawal,middle,0.7266297605,tiago_sew,NUMERICAL_FAILURE,tiago_semi_analytic,c96a32d,median-body-4344-torso015-J1-root-robot-zminus020-v5,wrist_center,gripper_grasping_frame,,346.0933999158442,no exact or boundary-refined wrist branch met strict wrist-center/orientation/SEW tolerances,,,,,,,,,,,,,,,oracle_inconclusive,,
500,withdrawal,middle,0.7230383455,tiago_sew,NUMERICAL_FAILURE,tiago_semi_analytic,c96a32d,median-body-4344-torso015-J1-root-robot-zminus020-v5,wrist_center,gripper_grasping_frame,,360.5999000137672,no exact or boundary-refined wrist branch met strict wrist-center/orientation/SEW tolerances,,,,,,,,,,,,,,,oracle_inconclusive,,
501,withdrawal,middle,0.7194678955,tiago_sew,NUMERICAL_FAILURE,tiago_semi_analytic,c96a32d,median-body-4344-torso015-J1-root-robot-zminus020-v5,wrist_center,gripper_grasping_frame,,186.28120003268123,no exact or boundary-refined wrist branch met strict wrist-center/orientation/SEW tolerances,,,,,,,,,,,,,,,oracle_inconclusive,,
502,withdrawal,low,0.7157329715,tiago_sew,NUMERICAL_FAILURE,tiago_semi_analytic,c96a32d,median-body-4344-torso015-J1-root-robot-zminus020-v5,wrist_center,gripper_grasping_frame,,190.55629998911172,no exact or boundary-refined wrist branch met strict wrist-center/orientation/SEW tolerances,,,,,,,,,,,,,,,oracle_inconclusive,,
503,withdrawal,low,0.7120044255,tiago_sew,NUMERICAL_FAILURE,tiago_semi_analytic,c96a32d,median-body-4344-torso015-J1-root-robot-zminus020-v5,wrist_center,gripper_grasping_frame,,192.9825000697747,no exact or boundary-refined wrist branch met strict wrist-center/orientation/SEW tolerances,,,,,,,,,,,,,,,oracle_inconclusive,,
504,withdrawal,low,0.7081760715000001,tiago_sew,NUMERICAL_FAILURE,tiago_semi_analytic,c96a32d,median-body-4344-torso015-J1-root-robot-zminus020-v5,wrist_center,gripper_grasping_frame,,215.1816999539733,no exact or boundary-refined wrist branch met strict wrist-center/orientation/SEW tolerances,,,,,,,,,,,,,,,oracle_inconclusive,,
505,withdrawal,low,0.7047968145,tiago_sew,NUMERICAL_FAILURE,tiago_semi_analytic,c96a32d,median-body-4344-torso015-J1-root-robot-zminus020-v5,wrist_center,gripper_grasping_frame,,211.8985999841243,no exact or boundary-refined wrist branch met strict wrist-center/orientation/SEW tolerances,,,,,,,,,,,,,,,oracle_inconclusive,,
506,withdrawal,low,0.7009085395,tiago_sew,NUMERICAL_FAILURE,tiago_semi_analytic,c96a32d,median-body-4344-torso015-J1-root-robot-zminus020-v5,wrist_center,gripper_grasping_frame,,219.98410008382052,no exact or boundary-refined wrist branch met strict wrist-center/orientation/SEW tolerances,,,,,,,,,,,,,,,oracle_inconclusive,,
507,withdrawal,low,0.6974098814999999,tiago_sew,NUMERICAL_FAILURE,tiago_semi_analytic,c96a32d,median-body-4344-torso015-J1-root-robot-zminus020-v5,wrist_center,gripper_grasping_frame,,236.7401000810787,no exact or boundary-refined wrist branch met strict wrist-center/orientation/SEW tolerances,,,,,,,,,,,,,,,oracle_inconclusive,,
508,withdrawal,low,0.6936666874999999,tiago_sew,NUMERICAL_FAILURE,tiago_semi_analytic,c96a32d,median-body-4344-torso015-J1-root-robot-zminus020-v5,wrist_center,gripper_grasping_frame,,233.80579997319728,no exact or boundary-refined wrist branch met strict wrist-center/orientation/SEW tolerances,,,,,,,,,,,,,,,oracle_inconclusive,,
509,withdrawal,low,0.6899167024999999,tiago_sew,NUMERICAL_FAILURE,tiago_semi_analytic,c96a32d,median-body-4344-torso015-J1-root-robot-zminus020-v5,wrist_center,gripper_grasping_frame,,242.28219990618527,no exact or boundary-refined wrist branch met strict wrist-center/orientation/SEW tolerances,,,,,,,,,,,,,,,oracle_inconclusive,,
510,withdrawal,low,0.6862464755,tiago_sew,NUMERICAL_FAILURE,tiago_semi_analytic,c96a32d,median-body-4344-torso015-J1-root-robot-zminus020-v5,wrist_center,gripper_grasping_frame,,257.04260007478297,no exact or boundary-refined wrist branch met strict wrist-center/orientation/SEW tolerances,,,,,,,,,,,,,,,oracle_inconclusive,,
511,withdrawal,low,0.6825678255000001,tiago_sew,NUMERICAL_FAILURE,tiago_semi_analytic,c96a32d,median-body-4344-torso015-J1-root-robot-zminus020-v5,wrist_center,gripper_grasping_frame,,250.26919995434582,no exact or boundary-refined wrist branch met strict wrist-center/orientation/SEW tolerances,,,,,,,,,,,,,,,oracle_inconclusive,,
512,withdrawal,low,0.6791035615,tiago_sew,NUMERICAL_FAILURE,tiago_semi_analytic,c96a32d,median-body-4344-torso015-J1-root-robot-zminus020-v5,wrist_center,gripper_grasping_frame,,255.60270005371422,no exact or boundary-refined wrist branch met strict wrist-center/orientation/SEW tolerances,,,,,,,,,,,,,,,oracle_inconclusive,,
513,withdrawal,low,0.6755286255,tiago_sew,NUMERICAL_FAILURE,tiago_semi_analytic,c96a32d,median-body-4344-torso015-J1-root-robot-zminus020-v5,wrist_center,gripper_grasping_frame,,294.3416000343859,no exact or boundary-refined wrist branch met strict wrist-center/orientation/SEW tolerances,,,,,,,,,,,,,,,oracle_inconclusive,,
514,withdrawal,low,0.6720131994999999,tiago_sew,NUMERICAL_FAILURE,tiago_semi_analytic,c96a32d,median-body-4344-torso015-J1-root-robot-zminus020-v5,wrist_center,gripper_grasping_frame,,279.5058999909088,no exact or boundary-refined wrist branch met strict wrist-center/orientation/SEW tolerances,,,,,,,,,,,,,,,oracle_inconclusive,,
515,withdrawal,low,0.6688006445,tiago_sew,NUMERICAL_FAILURE,tiago_semi_analytic,c96a32d,median-body-4344-torso015-J1-root-robot-zminus020-v5,wrist_center,gripper_grasping_frame,,278.10950006823987,no exact or boundary-refined wrist branch met strict wrist-center/orientation/SEW tolerances,,,,,,,,,,,,,,,oracle_inconclusive,,
516,withdrawal,low,0.6655952155,tiago_sew,NUMERICAL_FAILURE,tiago_semi_analytic,c96a32d,median-body-4344-torso015-J1-root-robot-zminus020-v5,wrist_center,gripper_grasping_frame,,285.746100009419,no exact or boundary-refined wrist branch met strict wrist-center/orientation/SEW tolerances,,,,,,,,,,,,,,,oracle_inconclusive,,
517,withdrawal,low,0.6626894225,tiago_sew,NUMERICAL_FAILURE,tiago_semi_analytic,c96a32d,median-body-4344-torso015-J1-root-robot-zminus020-v5,wrist_center,gripper_grasping_frame,,287.8416000166908,no exact or boundary-refined wrist branch met strict wrist-center/orientation/SEW tolerances,,,,,,,,,,,,,,,oracle_inconclusive,,
518,withdrawal,low,0.6597145545,tiago_sew,NUMERICAL_FAILURE,tiago_semi_analytic,c96a32d,median-body-4344-torso015-J1-root-robot-zminus020-v5,wrist_center,gripper_grasping_frame,,295.2982001006603,no exact or boundary-refined wrist branch met strict wrist-center/orientation/SEW tolerances,,,,,,,,,,,,,,,oracle_inconclusive,,
519,withdrawal,low,0.6569936985,tiago_sew,NUMERICAL_FAILURE,tiago_semi_analytic,c96a32d,median-body-4344-torso015-J1-root-robot-zminus020-v5,wrist_center,gripper_grasping_frame,,301.9203000003472,no exact or boundary-refined wrist branch met strict wrist-center/orientation/SEW tolerances,,,,,,,,,,,,,,,oracle_inconclusive,,
520,withdrawal,low,0.6545324555,tiago_sew,NUMERICAL_FAILURE,tiago_semi_analytic,c96a32d,median-body-4344-torso015-J1-root-robot-zminus020-v5,wrist_center,gripper_grasping_frame,,332.1531000547111,no exact or boundary-refined wrist branch met strict wrist-center/orientation/SEW tolerances,,,,,,,,,,,,,,,oracle_inconclusive,,
521,withdrawal,low,0.6521990815,tiago_sew,NUMERICAL_FAILURE,tiago_semi_analytic,c96a32d,median-body-4344-torso015-J1-root-robot-zminus020-v5,wrist_center,gripper_grasping_frame,,317.4107999075204,no exact or boundary-refined wrist branch met strict wrist-center/orientation/SEW tolerances,,,,,,,,,,,,,,,oracle_inconclusive,,
522,withdrawal,low,0.6500365145,tiago_sew,NUMERICAL_FAILURE,tiago_semi_analytic,c96a32d,median-body-4344-torso015-J1-root-robot-zminus020-v5,wrist_center,gripper_grasping_frame,,319.1141999559477,no exact or boundary-refined wrist branch met strict wrist-center/orientation/SEW tolerances,,,,,,,,,,,,,,,oracle_inconclusive,,
523,withdrawal,low,0.6481962434999999,tiago_sew,NUMERICAL_FAILURE,tiago_semi_analytic,c96a32d,median-body-4344-torso015-J1-root-robot-zminus020-v5,wrist_center,gripper_grasping_frame,,324.56249999813735,no exact or boundary-refined wrist branch met strict wrist-center/orientation/SEW tolerances,,,,,,,,,,,,,,,oracle_inconclusive,,
524,withdrawal,low,0.6461966555,tiago_sew,NUMERICAL_FAILURE,tiago_semi_analytic,c96a32d,median-body-4344-torso015-J1-root-robot-zminus020-v5,wrist_center,gripper_grasping_frame,,331.14290004596114,no exact or boundary-refined wrist branch met strict wrist-center/orientation/SEW tolerances,,,,,,,,,,,,,,,oracle_inconclusive,,
525,withdrawal,low,0.6442877505,tiago_sew,NUMERICAL_FAILURE,tiago_semi_analytic,c96a32d,median-body-4344-torso015-J1-root-robot-zminus020-v5,wrist_center,gripper_grasping_frame,,331.8712000036612,no exact or boundary-refined wrist branch met strict wrist-center/orientation/SEW tolerances,,,,,,,,,,,,,,,oracle_inconclusive,,
526,withdrawal,low,0.6422313534999999,tiago_sew,NUMERICAL_FAILURE,tiago_semi_analytic,c96a32d,median-body-4344-torso015-J1-root-robot-zminus020-v5,wrist_center,gripper_grasping_frame,,354.10660004708916,no exact or boundary-refined wrist branch met strict wrist-center/orientation/SEW tolerances,,,,,,,,,,,,,,,oracle_inconclusive,,
527,withdrawal,low,0.6409184725,tiago_sew,NUMERICAL_FAILURE,tiago_semi_analytic,c96a32d,median-body-4344-torso015-J1-root-robot-zminus020-v5,wrist_center,gripper_grasping_frame,,346.65410011075437,no exact or boundary-refined wrist branch met strict wrist-center/orientation/SEW tolerances,,,,,,,,,,,,,,,oracle_inconclusive,,
528,withdrawal,low,0.6391824495,tiago_sew,NUMERICAL_FAILURE,tiago_semi_analytic,c96a32d,median-body-4344-torso015-J1-root-robot-zminus020-v5,wrist_center,gripper_grasping_frame,,349.62110000196844,no exact or boundary-refined wrist branch met strict wrist-center/orientation/SEW tolerances,,,,,,,,,,,,,,,oracle_inconclusive,,
529,withdrawal,low,0.6380029755,tiago_sew,NUMERICAL_FAILURE,tiago_semi_analytic,c96a32d,median-body-4344-torso015-J1-root-robot-zminus020-v5,wrist_center,gripper_grasping_frame,,356.3743999693543,no exact or boundary-refined wrist branch met strict wrist-center/orientation/SEW tolerances,,,,,,,,,,,,,,,oracle_inconclusive,,
530,withdrawal,low,0.6367430725000001,tiago_sew,NUMERICAL_FAILURE,tiago_semi_analytic,c96a32d,median-body-4344-torso015-J1-root-robot-zminus020-v5,wrist_center,gripper_grasping_frame,,363.36009996011853,no exact or boundary-refined wrist branch met strict wrist-center/orientation/SEW tolerances,,,,,,,,,,,,,,,oracle_inconclusive,,
531,withdrawal,low,0.6357197875,tiago_sew,NUMERICAL_FAILURE,tiago_semi_analytic,c96a32d,median-body-4344-torso015-J1-root-robot-zminus020-v5,wrist_center,gripper_grasping_frame,,372.9950999841094,no exact or boundary-refined wrist branch met strict wrist-center/orientation/SEW tolerances,,,,,,,,,,,,,,,oracle_inconclusive,,
532,withdrawal,low,0.6347793735,tiago_sew,NUMERICAL_FAILURE,tiago_semi_analytic,c96a32d,median-body-4344-torso015-J1-root-robot-zminus020-v5,wrist_center,gripper_grasping_frame,,387.0945000089705,no exact or boundary-refined wrist branch met strict wrist-center/orientation/SEW tolerances,,,,,,,,,,,,,,,oracle_inconclusive,,
533,withdrawal,low,0.6340029755,tiago_sew,NUMERICAL_FAILURE,tiago_semi_analytic,c96a32d,median-body-4344-torso015-J1-root-robot-zminus020-v5,wrist_center,gripper_grasping_frame,,390.8648000797257,no exact or boundary-refined wrist branch met strict wrist-center/orientation/SEW tolerances,,,,,,,,,,,,,,,oracle_inconclusive,,
534,withdrawal,low,0.6332664944999999,tiago_sew,NUMERICAL_FAILURE,tiago_semi_analytic,c96a32d,median-body-4344-torso015-J1-root-robot-zminus020-v5,wrist_center,gripper_grasping_frame,,389.84980003442615,no exact or boundary-refined wrist branch met strict wrist-center/orientation/SEW tolerances,,,,,,,,,,,,,,,oracle_inconclusive,,
535,withdrawal,low,0.6326483915,tiago_sew,NUMERICAL_FAILURE,tiago_semi_analytic,c96a32d,median-body-4344-torso015-J1-root-robot-zminus020-v5,wrist_center,gripper_grasping_frame,,379.0676000062376,no exact or boundary-refined wrist branch met strict wrist-center/orientation/SEW tolerances,,,,,,,,,,,,,,,oracle_inconclusive,,
536,withdrawal,low,0.6323486485,tiago_sew,NUMERICAL_FAILURE,tiago_semi_analytic,c96a32d,median-body-4344-torso015-J1-root-robot-zminus020-v5,wrist_center,gripper_grasping_frame,,383.9372000657022,no exact or boundary-refined wrist branch met strict wrist-center/orientation/SEW tolerances,,,,,,,,,,,,,,,oracle_inconclusive,,
537,withdrawal,low,0.6318393405,tiago_sew,NUMERICAL_FAILURE,tiago_semi_analytic,c96a32d,median-body-4344-torso015-J1-root-robot-zminus020-v5,wrist_center,gripper_grasping_frame,,388.1529999198392,no exact or boundary-refined wrist branch met strict wrist-center/orientation/SEW tolerances,,,,,,,,,,,,,,,oracle_inconclusive,,
538,withdrawal,low,0.6313863675,tiago_sew,NUMERICAL_FAILURE,tiago_semi_analytic,c96a32d,median-body-4344-torso015-J1-root-robot-zminus020-v5,wrist_center,gripper_grasping_frame,,403.9704999886453,no exact or boundary-refined wrist branch met strict wrist-center/orientation/SEW tolerances,,,,,,,,,,,,,,,oracle_inconclusive,,
539,withdrawal,low,0.6311635895,tiago_sew,NUMERICAL_FAILURE,tiago_semi_analytic,c96a32d,median-body-4344-torso015-J1-root-robot-zminus020-v5,wrist_center,gripper_grasping_frame,,386.51710003614426,no exact or boundary-refined wrist branch met strict wrist-center/orientation/SEW tolerances,,,,,,,,,,,,,,,oracle_inconclusive,,
540,withdrawal,low,0.6310594485,tiago_sew,NUMERICAL_FAILURE,tiago_semi_analytic,c96a32d,median-body-4344-torso015-J1-root-robot-zminus020-v5,wrist_center,gripper_grasping_frame,,393.8924000831321,no exact or boundary-refined wrist branch met strict wrist-center/orientation/SEW tolerances,,,,,,,,,,,,,,,oracle_inconclusive,,
541,withdrawal,low,0.6309295655,tiago_sew,NUMERICAL_FAILURE,tiago_semi_analytic,c96a32d,median-body-4344-torso015-J1-root-robot-zminus020-v5,wrist_center,gripper_grasping_frame,,391.39799994882196,no exact or boundary-refined wrist branch met strict wrist-center/orientation/SEW tolerances,,,,,,,,,,,,,,,oracle_inconclusive,,
542,withdrawal,low,0.6309302215,tiago_sew,NUMERICAL_FAILURE,tiago_semi_analytic,c96a32d,median-body-4344-torso015-J1-root-robot-zminus020-v5,wrist_center,gripper_grasping_frame,,441.1943999584764,no exact or boundary-refined wrist branch met strict wrist-center/orientation/SEW tolerances,,,,,,,,,,,,,,,oracle_inconclusive,,
543,withdrawal,low,0.6310173795,tiago_sew,NUMERICAL_FAILURE,tiago_semi_analytic,c96a32d,median-body-4344-torso015-J1-root-robot-zminus020-v5,wrist_center,gripper_grasping_frame,,541.1608999129385,no exact or boundary-refined wrist branch met strict wrist-center/orientation/SEW tolerances,,,,,,,,,,,,,,,oracle_inconclusive,,
544,withdrawal,low,0.6311520995,tiago_sew,NUMERICAL_FAILURE,tiago_semi_analytic,c96a32d,median-body-4344-torso015-J1-root-robot-zminus020-v5,wrist_center,gripper_grasping_frame,,512.0454999851063,no exact or boundary-refined wrist branch met strict wrist-center/orientation/SEW tolerances,,,,,,,,,,,,,,,oracle_inconclusive,,
545,withdrawal,low,0.6315720524999999,tiago_sew,NUMERICAL_FAILURE,tiago_semi_analytic,c96a32d,median-body-4344-torso015-J1-root-robot-zminus020-v5,wrist_center,gripper_grasping_frame,,438.6089000618085,no exact or boundary-refined wrist branch met strict wrist-center/orientation/SEW tolerances,,,,,,,,,,,,,,,oracle_inconclusive,,
546,withdrawal,low,0.6317978515,tiago_sew,NUMERICAL_FAILURE,tiago_semi_analytic,c96a32d,median-body-4344-torso015-J1-root-robot-zminus020-v5,wrist_center,gripper_grasping_frame,,385.33670001197606,no exact or boundary-refined wrist branch met strict wrist-center/orientation/SEW tolerances,,,,,,,,,,,,,,,oracle_inconclusive,,
