frame,event,wrist_height_phase,wrist_z_world_m,base_yaw_deg,joint_limit_aware,method,status,backend,model_revision,calibration_revision,position_target_frame,orientation_target_frame,branch_id,solve_time_ms,message,arm_1_joint,arm_2_joint,arm_3_joint,arm_4_joint,arm_5_joint,arm_6_joint,arm_7_joint,wrist_center_position_error_mm,ee_orientation_error_deg,sew_angle_error_deg,joint_limit_margin_deg,grasping_frame_position_x_m,grasping_frame_position_y_m,grasping_frame_position_z_m,classification,j5_limit_margin_deg,j7_limit_margin_deg
246,transfer,low,0.5391029055,-10.0,False,tiago_sew,NUMERICAL_FAILURE,tiago_semi_analytic,c96a32d,median-body-4344-torso015-J1-root-robot-zminus020-v5,wrist_center,gripper_grasping_frame,,171.94549995474517,no exact or boundary-refined wrist branch met strict wrist-center/orientation/SEW tolerances,,,,,,,,,,,,,,,oracle_inconclusive,,
247,transfer,low,0.5414948964999999,-10.0,False,tiago_sew,NUMERICAL_FAILURE,tiago_semi_analytic,c96a32d,median-body-4344-torso015-J1-root-robot-zminus020-v5,wrist_center,gripper_grasping_frame,,176.20699992403388,no exact or boundary-refined wrist branch met strict wrist-center/orientation/SEW tolerances,,,,,,,,,,,,,,,oracle_inconclusive,,
248,transfer,low,0.5440187955,-10.0,False,tiago_sew,NUMERICAL_FAILURE,tiago_semi_analytic,c96a32d,median-body-4344-torso015-J1-root-robot-zminus020-v5,wrist_center,gripper_grasping_frame,,175.42109999340028,no exact or boundary-refined wrist branch met strict wrist-center/orientation/SEW tolerances,,,,,,,,,,,,,,,oracle_inconclusive,,
249,transfer,low,0.5467581635,-10.0,False,tiago_sew,NUMERICAL_FAILURE,tiago_semi_analytic,c96a32d,median-body-4344-torso015-J1-root-robot-zminus020-v5,wrist_center,gripper_grasping_frame,,178.6101000616327,no exact or boundary-refined wrist branch met strict wrist-center/orientation/SEW tolerances,,,,,,,,,,,,,,,oracle_inconclusive,,
250,transfer,low,0.5497920995,-10.0,False,tiago_sew,NUMERICAL_FAILURE,tiago_semi_analytic,c96a32d,median-body-4344-torso015-J1-root-robot-zminus020-v5,wrist_center,gripper_grasping_frame,,182.84630007110536,no exact or boundary-refined wrist branch met strict wrist-center/orientation/SEW tolerances,,,,,,,,,,,,,,,oracle_inconclusive,,
251,transfer,low,0.5527286875,-10.0,False,tiago_sew,NUMERICAL_FAILURE,tiago_semi_analytic,c96a32d,median-body-4344-torso015-J1-root-robot-zminus020-v5,wrist_center,gripper_grasping_frame,,185.40060007944703,no exact or boundary-refined wrist branch met strict wrist-center/orientation/SEW tolerances,,,,,,,,,,,,,,,oracle_inconclusive,,
252,transfer,low,0.5561167455,-10.0,False,tiago_sew,NUMERICAL_FAILURE,tiago_semi_analytic,c96a32d,median-body-4344-torso015-J1-root-robot-zminus020-v5,wrist_center,gripper_grasping_frame,,189.59650001488626,no exact or boundary-refined wrist branch met strict wrist-center/orientation/SEW tolerances,,,,,,,,,,,,,,,oracle_inconclusive,,
253,transfer,low,0.5594463195,-10.0,False,tiago_sew,NUMERICAL_FAILURE,tiago_semi_analytic,c96a32d,median-body-4344-torso015-J1-root-robot-zminus020-v5,wrist_center,gripper_grasping_frame,,195.46179997269064,no exact or boundary-refined wrist branch met strict wrist-center/orientation/SEW tolerances,,,,,,,,,,,,,,,oracle_inconclusive,,
254,transfer,low,0.5634185415,-10.0,False,tiago_sew,NUMERICAL_FAILURE,tiago_semi_analytic,c96a32d,median-body-4344-torso015-J1-root-robot-zminus020-v5,wrist_center,gripper_grasping_frame,,200.47809998504817,no exact or boundary-refined wrist branch met strict wrist-center/orientation/SEW tolerances,,,,,,,,,,,,,,,oracle_inconclusive,,
255,transfer,low,0.5671762395,-10.0,False,tiago_sew,NUMERICAL_FAILURE,tiago_semi_analytic,c96a32d,median-body-4344-torso015-J1-root-robot-zminus020-v5,wrist_center,gripper_grasping_frame,,226.72279994003475,no exact or boundary-refined wrist branch met strict wrist-center/orientation/SEW tolerances,,,,,,,,,,,,,,,oracle_inconclusive,,
256,transfer,low,0.5715490114999999,-10.0,False,tiago_sew,NUMERICAL_FAILURE,tiago_semi_analytic,c96a32d,median-body-4344-torso015-J1-root-robot-zminus020-v5,wrist_center,gripper_grasping_frame,,249.41520008724183,no exact or boundary-refined wrist branch met strict wrist-center/orientation/SEW tolerances,,,,,,,,,,,,,,,oracle_inconclusive,,
257,transfer,low,0.5757935565,-10.0,False,tiago_sew,NUMERICAL_FAILURE,tiago_semi_analytic,c96a32d,median-body-4344-torso015-J1-root-robot-zminus020-v5,wrist_center,gripper_grasping_frame,,268.5531999450177,no exact or boundary-refined wrist branch met strict wrist-center/orientation/SEW tolerances,,,,,,,,,,,,,,,oracle_inconclusive,,
258,transfer,low,0.5799008405,-10.0,False,tiago_sew,NUMERICAL_FAILURE,tiago_semi_analytic,c96a32d,median-body-4344-torso015-J1-root-robot-zminus020-v5,wrist_center,gripper_grasping_frame,,277.0098000764847,no exact or boundary-refined wrist branch met strict wrist-center/orientation/SEW tolerances,,,,,,,,,,,,,,,oracle_inconclusive,,
259,transfer,low,0.5845581745,-10.0,False,tiago_sew,NUMERICAL_FAILURE,tiago_semi_analytic,c96a32d,median-body-4344-torso015-J1-root-robot-zminus020-v5,wrist_center,gripper_grasping_frame,,285.59690003748983,no exact or boundary-refined wrist branch met strict wrist-center/orientation/SEW tolerances,,,,,,,,,,,,,,,oracle_inconclusive,,
260,transfer,low,0.5893740775,-10.0,False,tiago_sew,NUMERICAL_FAILURE,tiago_semi_analytic,c96a32d,median-body-4344-torso015-J1-root-robot-zminus020-v5,wrist_center,gripper_grasping_frame,,316.1417000228539,no exact or boundary-refined wrist branch met strict wrist-center/orientation/SEW tolerances,,,,,,,,,,,,,,,oracle_inconclusive,,
261,transfer,low,0.5941267855,-10.0,False,tiago_sew,NUMERICAL_FAILURE,tiago_semi_analytic,c96a32d,median-body-4344-torso015-J1-root-robot-zminus020-v5,wrist_center,gripper_grasping_frame,,405.8617000700906,no exact or boundary-refined wrist branch met strict wrist-center/orientation/SEW tolerances,,,,,,,,,,,,,,,oracle_inconclusive,,
262,transfer,low,0.5992256855,-10.0,False,tiago_sew,NUMERICAL_FAILURE,tiago_semi_analytic,c96a32d,median-body-4344-torso015-J1-root-robot-zminus020-v5,wrist_center,gripper_grasping_frame,,408.5000000195578,no exact or boundary-refined wrist branch met strict wrist-center/orientation/SEW tolerances,,,,,,,,,,,,,,,oracle_inconclusive,,
263,transfer,low,0.6042907184999999,-10.0,False,tiago_sew,NUMERICAL_FAILURE,tiago_semi_analytic,c96a32d,median-body-4344-torso015-J1-root-robot-zminus020-v5,wrist_center,gripper_grasping_frame,,378.6654000869021,no exact or boundary-refined wrist branch met strict wrist-center/orientation/SEW tolerances,,,,,,,,,,,,,,,oracle_inconclusive,,
264,transfer,low,0.6095669555,-10.0,False,tiago_sew,NUMERICAL_FAILURE,tiago_semi_analytic,c96a32d,median-body-4344-torso015-J1-root-robot-zminus020-v5,wrist_center,gripper_grasping_frame,,384.1171999229118,no exact or boundary-refined wrist branch met strict wrist-center/orientation/SEW tolerances,,,,,,,,,,,,,,,oracle_inconclusive,,
265,transfer,low,0.6145818785,-10.0,False,tiago_sew,NUMERICAL_FAILURE,tiago_semi_analytic,c96a32d,median-body-4344-torso015-J1-root-robot-zminus020-v5,wrist_center,gripper_grasping_frame,,394.5584000321105,no exact or boundary-refined wrist branch met strict wrist-center/orientation/SEW tolerances,,,,,,,,,,,,,,,oracle_inconclusive,,
266,transfer,low,0.6199098515,-10.0,False,tiago_sew,NUMERICAL_FAILURE,tiago_semi_analytic,c96a32d,median-body-4344-torso015-J1-root-robot-zminus020-v5,wrist_center,gripper_grasping_frame,,396.1843999568373,no exact or boundary-refined wrist branch met strict wrist-center/orientation/SEW tolerances,,,,,,,,,,,,,,,oracle_inconclusive,,
267,transfer,low,0.6249511114999999,-10.0,False,tiago_sew,NUMERICAL_FAILURE,tiago_semi_analytic,c96a32d,median-body-4344-torso015-J1-root-robot-zminus020-v5,wrist_center,gripper_grasping_frame,,385.8056999742985,no exact or boundary-refined wrist branch met strict wrist-center/orientation/SEW tolerances,,,,,,,,,,,,,,,oracle_inconclusive,,
268,transfer,low,0.6300454405,-10.0,False,tiago_sew,NUMERICAL_FAILURE,tiago_semi_analytic,c96a32d,median-body-4344-torso015-J1-root-robot-zminus020-v5,wrist_center,gripper_grasping_frame,,340.38509998936206,no exact or boundary-refined wrist branch met strict wrist-center/orientation/SEW tolerances,,,,,,,,,,,,,,,oracle_inconclusive,,
269,transfer,low,0.6349883574999999,-10.0,False,tiago_sew,NUMERICAL_FAILURE,tiago_semi_analytic,c96a32d,median-body-4344-torso015-J1-root-robot-zminus020-v5,wrist_center,gripper_grasping_frame,,319.3137999624014,no exact or boundary-refined wrist branch met strict wrist-center/orientation/SEW tolerances,,,,,,,,,,,,,,,oracle_inconclusive,,
270,transfer,low,0.6401263884999999,-10.0,False,tiago_sew,NUMERICAL_FAILURE,tiago_semi_analytic,c96a32d,median-body-4344-torso015-J1-root-robot-zminus020-v5,wrist_center,gripper_grasping_frame,,303.1052000587806,no exact or boundary-refined wrist branch met strict wrist-center/orientation/SEW tolerances,,,,,,,,,,,,,,,oracle_inconclusive,,
271,transfer,low,0.6449289855,-10.0,False,tiago_sew,NUMERICAL_FAILURE,tiago_semi_analytic,c96a32d,median-body-4344-torso015-J1-root-robot-zminus020-v5,wrist_center,gripper_grasping_frame,,291.24779999256134,no exact or boundary-refined wrist branch met strict wrist-center/orientation/SEW tolerances,,,,,,,,,,,,,,,oracle_inconclusive,,
272,transfer,low,0.6496673585,-10.0,False,tiago_sew,NUMERICAL_FAILURE,tiago_semi_analytic,c96a32d,median-body-4344-torso015-J1-root-robot-zminus020-v5,wrist_center,gripper_grasping_frame,,280.51770001184195,no exact or boundary-refined wrist branch met strict wrist-center/orientation/SEW tolerances,,,,,,,,,,,,,,,oracle_inconclusive,,
273,transfer,low,0.6542023925,-10.0,False,tiago_sew,NUMERICAL_FAILURE,tiago_semi_analytic,c96a32d,median-body-4344-torso015-J1-root-robot-zminus020-v5,wrist_center,gripper_grasping_frame,,268.49210006184876,no exact or boundary-refined wrist branch met strict wrist-center/orientation/SEW tolerances,,,,,,,,,,,,,,,oracle_inconclusive,,
274,transfer,low,0.6580980985,-10.0,False,tiago_sew,NUMERICAL_FAILURE,tiago_semi_analytic,c96a32d,median-body-4344-torso015-J1-root-robot-zminus020-v5,wrist_center,gripper_grasping_frame,,272.7543000364676,no exact or boundary-refined wrist branch met strict wrist-center/orientation/SEW tolerances,,,,,,,,,,,,,,,oracle_inconclusive,,
275,transfer,low,0.6620984195,-10.0,False,tiago_sew,NUMERICAL_FAILURE,tiago_semi_analytic,c96a32d,median-body-4344-torso015-J1-root-robot-zminus020-v5,wrist_center,gripper_grasping_frame,,259.7506999736652,no exact or boundary-refined wrist branch met strict wrist-center/orientation/SEW tolerances,,,,,,,,,,,,,,,oracle_inconclusive,,
276,transfer,low,0.6656996005,-10.0,False,tiago_sew,NUMERICAL_FAILURE,tiago_semi_analytic,c96a32d,median-body-4344-torso015-J1-root-robot-zminus020-v5,wrist_center,gripper_grasping_frame,,248.3924999833107,no exact or boundary-refined wrist branch met strict wrist-center/orientation/SEW tolerances,,,,,,,,,,,,,,,oracle_inconclusive,,
277,transfer,low,0.6692936094999999,-10.0,False,tiago_sew,NUMERICAL_FAILURE,tiago_semi_analytic,c96a32d,median-body-4344-torso015-J1-root-robot-zminus020-v5,wrist_center,gripper_grasping_frame,,243.126800050959,no exact or boundary-refined wrist branch met strict wrist-center/orientation/SEW tolerances,,,,,,,,,,,,,,,oracle_inconclusive,,
278,transfer,low,0.6724705815,-10.0,False,tiago_sew,NUMERICAL_FAILURE,tiago_semi_analytic,c96a32d,median-body-4344-torso015-J1-root-robot-zminus020-v5,wrist_center,gripper_grasping_frame,,245.02389994449914,no exact or boundary-refined wrist branch met strict wrist-center/orientation/SEW tolerances,,,,,,,,,,,,,,,oracle_inconclusive,,
279,transfer,low,0.6756038515,-10.0,False,tiago_sew,NUMERICAL_FAILURE,tiago_semi_analytic,c96a32d,median-body-4344-torso015-J1-root-robot-zminus020-v5,wrist_center,gripper_grasping_frame,,238.74529998283833,no exact or boundary-refined wrist branch met strict wrist-center/orientation/SEW tolerances,,,,,,,,,,,,,,,oracle_inconclusive,,
280,transfer,low,0.6786935425,-10.0,False,tiago_sew,NUMERICAL_FAILURE,tiago_semi_analytic,c96a32d,median-body-4344-torso015-J1-root-robot-zminus020-v5,wrist_center,gripper_grasping_frame,,225.49440001603216,no exact or boundary-refined wrist branch met strict wrist-center/orientation/SEW tolerances,,,,,,,,,,,,,,,oracle_inconclusive,,
281,transfer,low,0.6813432615,-10.0,False,tiago_sew,NUMERICAL_FAILURE,tiago_semi_analytic,c96a32d,median-body-4344-torso015-J1-root-robot-zminus020-v5,wrist_center,gripper_grasping_frame,,223.0997000588104,no exact or boundary-refined wrist branch met strict wrist-center/orientation/SEW tolerances,,,,,,,,,,,,,,,oracle_inconclusive,,
282,transfer,low,0.6840066535,-10.0,False,tiago_sew,NUMERICAL_FAILURE,tiago_semi_analytic,c96a32d,median-body-4344-torso015-J1-root-robot-zminus020-v5,wrist_center,gripper_grasping_frame,,222.03589999116957,no exact or boundary-refined wrist branch met strict wrist-center/orientation/SEW tolerances,,,,,,,,,,,,,,,oracle_inconclusive,,
283,transfer,low,0.6863383945,-10.0,False,tiago_sew,NUMERICAL_FAILURE,tiago_semi_analytic,c96a32d,median-body-4344-torso015-J1-root-robot-zminus020-v5,wrist_center,gripper_grasping_frame,,232.5694999890402,no exact or boundary-refined wrist branch met strict wrist-center/orientation/SEW tolerances,,,,,,,,,,,,,,,oracle_inconclusive,,
284,transfer,low,0.6886425785,-10.0,False,tiago_sew,NUMERICAL_FAILURE,tiago_semi_analytic,c96a32d,median-body-4344-torso015-J1-root-robot-zminus020-v5,wrist_center,gripper_grasping_frame,,211.97020006366074,no exact or boundary-refined wrist branch met strict wrist-center/orientation/SEW tolerances,,,,,,,,,,,,,,,oracle_inconclusive,,
285,transfer,low,0.6909087225,-10.0,False,tiago_sew,NUMERICAL_FAILURE,tiago_semi_analytic,c96a32d,median-body-4344-torso015-J1-root-robot-zminus020-v5,wrist_center,gripper_grasping_frame,,206.72919997014105,no exact or boundary-refined wrist branch met strict wrist-center/orientation/SEW tolerances,,,,,,,,,,,,,,,oracle_inconclusive,,
286,transfer,low,0.6929632415,-10.0,False,tiago_sew,NUMERICAL_FAILURE,tiago_semi_analytic,c96a32d,median-body-4344-torso015-J1-root-robot-zminus020-v5,wrist_center,gripper_grasping_frame,,201.4552999753505,no exact or boundary-refined wrist branch met strict wrist-center/orientation/SEW tolerances,,,,,,,,,,,,,,,oracle_inconclusive,,
287,transfer,low,0.6949409485,-10.0,False,tiago_sew,NUMERICAL_FAILURE,tiago_semi_analytic,c96a32d,median-body-4344-torso015-J1-root-robot-zminus020-v5,wrist_center,gripper_grasping_frame,,197.13899993803352,no exact or boundary-refined wrist branch met strict wrist-center/orientation/SEW tolerances,,,,,,,,,,,,,,,oracle_inconclusive,,
288,transfer,low,0.6967947695,-10.0,False,tiago_sew,NUMERICAL_FAILURE,tiago_semi_analytic,c96a32d,median-body-4344-torso015-J1-root-robot-zminus020-v5,wrist_center,gripper_grasping_frame,,198.25829996261746,no exact or boundary-refined wrist branch met strict wrist-center/orientation/SEW tolerances,,,,,,,,,,,,,,,oracle_inconclusive,,
289,transfer,low,0.6984560705,-10.0,False,tiago_sew,NUMERICAL_FAILURE,tiago_semi_analytic,c96a32d,median-body-4344-torso015-J1-root-robot-zminus020-v5,wrist_center,gripper_grasping_frame,,192.41380004677922,no exact or boundary-refined wrist branch met strict wrist-center/orientation/SEW tolerances,,,,,,,,,,,,,,,oracle_inconclusive,,
290,transfer,low,0.7002297365,-10.0,False,tiago_sew,NUMERICAL_FAILURE,tiago_semi_analytic,c96a32d,median-body-4344-torso015-J1-root-robot-zminus020-v5,wrist_center,gripper_grasping_frame,,187.14339996222407,no exact or boundary-refined wrist branch met strict wrist-center/orientation/SEW tolerances,,,,,,,,,,,,,,,oracle_inconclusive,,
291,transfer,low,0.7019214025,-10.0,False,tiago_sew,NUMERICAL_FAILURE,tiago_semi_analytic,c96a32d,median-body-4344-torso015-J1-root-robot-zminus020-v5,wrist_center,gripper_grasping_frame,,186.08849996235222,no exact or boundary-refined wrist branch met strict wrist-center/orientation/SEW tolerances,,,,,,,,,,,,,,,oracle_inconclusive,,
292,transfer,low,0.7035164945,-10.0,False,tiago_sew,NUMERICAL_FAILURE,tiago_semi_analytic,c96a32d,median-body-4344-torso015-J1-root-robot-zminus020-v5,wrist_center,gripper_grasping_frame,,184.48369996622205,no exact or boundary-refined wrist branch met strict wrist-center/orientation/SEW tolerances,,,,,,,,,,,,,,,oracle_inconclusive,,
293,transfer,low,0.7051006475,-10.0,False,tiago_sew,NUMERICAL_FAILURE,tiago_semi_analytic,c96a32d,median-body-4344-torso015-J1-root-robot-zminus020-v5,wrist_center,gripper_grasping_frame,,196.51939999312162,no exact or boundary-refined wrist branch met strict wrist-center/orientation/SEW tolerances,,,,,,,,,,,,,,,oracle_inconclusive,,
294,transfer,low,0.7065601045,-10.0,False,tiago_sew,NUMERICAL_FAILURE,tiago_semi_analytic,c96a32d,median-body-4344-torso015-J1-root-robot-zminus020-v5,wrist_center,gripper_grasping_frame,,181.7851000232622,no exact or boundary-refined wrist branch met strict wrist-center/orientation/SEW tolerances,,,,,,,,,,,,,,,oracle_inconclusive,,
295,transfer,low,0.7079556585,-10.0,False,tiago_sew,NUMERICAL_FAILURE,tiago_semi_analytic,c96a32d,median-body-4344-torso015-J1-root-robot-zminus020-v5,wrist_center,gripper_grasping_frame,,177.4102000053972,no exact or boundary-refined wrist branch met strict wrist-center/orientation/SEW tolerances,,,,,,,,,,,,,,,oracle_inconclusive,,
296,transfer,low,0.7093632665,-10.0,False,tiago_sew,NUMERICAL_FAILURE,tiago_semi_analytic,c96a32d,median-body-4344-torso015-J1-root-robot-zminus020-v5,wrist_center,gripper_grasping_frame,,176.78909993264824,no exact or boundary-refined wrist branch met strict wrist-center/orientation/SEW tolerances,,,,,,,,,,,,,,,oracle_inconclusive,,
297,transfer,low,0.7106765445000001,-10.0,False,tiago_sew,NUMERICAL_FAILURE,tiago_semi_analytic,c96a32d,median-body-4344-torso015-J1-root-robot-zminus020-v5,wrist_center,gripper_grasping_frame,,174.85000006854534,no exact or boundary-refined wrist branch met strict wrist-center/orientation/SEW tolerances,,,,,,,,,,,,,,,oracle_inconclusive,,
298,transfer,low,0.7119821325,-10.0,False,tiago_sew,NUMERICAL_FAILURE,tiago_semi_analytic,c96a32d,median-body-4344-torso015-J1-root-robot-zminus020-v5,wrist_center,gripper_grasping_frame,,169.78070000186563,no exact or boundary-refined wrist branch met strict wrist-center/orientation/SEW tolerances,,,,,,,,,,,,,,,oracle_inconclusive,,
299,transfer,low,0.7133957365,-10.0,False,tiago_sew,NUMERICAL_FAILURE,tiago_semi_analytic,c96a32d,median-body-4344-torso015-J1-root-robot-zminus020-v5,wrist_center,gripper_grasping_frame,,169.86630007158965,no exact or boundary-refined wrist branch met strict wrist-center/orientation/SEW tolerances,,,,,,,,,,,,,,,oracle_inconclusive,,
300,transfer,low,0.7147060245,-10.0,False,tiago_sew,NUMERICAL_FAILURE,tiago_semi_analytic,c96a32d,median-body-4344-torso015-J1-root-robot-zminus020-v5,wrist_center,gripper_grasping_frame,,172.52759996335953,no exact or boundary-refined wrist branch met strict wrist-center/orientation/SEW tolerances,,,,,,,,,,,,,,,oracle_inconclusive,,
301,transfer,low,0.7161315155,-10.0,False,tiago_sew,NUMERICAL_FAILURE,tiago_semi_analytic,c96a32d,median-body-4344-torso015-J1-root-robot-zminus020-v5,wrist_center,gripper_grasping_frame,,169.584900024347,no exact or boundary-refined wrist branch met strict wrist-center/orientation/SEW tolerances,,,,,,,,,,,,,,,oracle_inconclusive,,
302,transfer,middle,0.7174412695,-10.0,False,tiago_sew,NUMERICAL_FAILURE,tiago_semi_analytic,c96a32d,median-body-4344-torso015-J1-root-robot-zminus020-v5,wrist_center,gripper_grasping_frame,,166.69749992433935,no exact or boundary-refined wrist branch met strict wrist-center/orientation/SEW tolerances,,,,,,,,,,,,,,,oracle_inconclusive,,
303,transfer,middle,0.7186700595,-10.0,False,tiago_sew,NUMERICAL_FAILURE,tiago_semi_analytic,c96a32d,median-body-4344-torso015-J1-root-robot-zminus020-v5,wrist_center,gripper_grasping_frame,,165.23590008728206,no exact or boundary-refined wrist branch met strict wrist-center/orientation/SEW tolerances,,,,,,,,,,,,,,,oracle_inconclusive,,
304,transfer,middle,0.7200642855,-10.0,False,tiago_sew,NUMERICAL_FAILURE,tiago_semi_analytic,c96a32d,median-body-4344-torso015-J1-root-robot-zminus020-v5,wrist_center,gripper_grasping_frame,,166.62410006392747,no exact or boundary-refined wrist branch met strict wrist-center/orientation/SEW tolerances,,,,,,,,,,,,,,,oracle_inconclusive,,
305,transfer,middle,0.7211980445,-10.0,False,tiago_sew,NUMERICAL_FAILURE,tiago_semi_analytic,c96a32d,median-body-4344-torso015-J1-root-robot-zminus020-v5,wrist_center,gripper_grasping_frame,,181.40300002414733,no exact or boundary-refined wrist branch met strict wrist-center/orientation/SEW tolerances,,,,,,,,,,,,,,,oracle_inconclusive,,
306,transfer,middle,0.7224806675,-10.0,False,tiago_sew,NUMERICAL_FAILURE,tiago_semi_analytic,c96a32d,median-body-4344-torso015-J1-root-robot-zminus020-v5,wrist_center,gripper_grasping_frame,,164.71629997249693,no exact or boundary-refined wrist branch met strict wrist-center/orientation/SEW tolerances,,,,,,,,,,,,,,,oracle_inconclusive,,
307,transfer,middle,0.7238728025,-10.0,False,tiago_sew,NUMERICAL_FAILURE,tiago_semi_analytic,c96a32d,median-body-4344-torso015-J1-root-robot-zminus020-v5,wrist_center,gripper_grasping_frame,,171.33869999088347,no exact or boundary-refined wrist branch met strict wrist-center/orientation/SEW tolerances,,,,,,,,,,,,,,,oracle_inconclusive,,
308,transfer,middle,0.7250418095,-10.0,False,tiago_sew,NUMERICAL_FAILURE,tiago_semi_analytic,c96a32d,median-body-4344-torso015-J1-root-robot-zminus020-v5,wrist_center,gripper_grasping_frame,,168.24070003349334,no exact or boundary-refined wrist branch met strict wrist-center/orientation/SEW tolerances,,,,,,,,,,,,,,,oracle_inconclusive,,
309,transfer,middle,0.7262054595,-10.0,False,tiago_sew,NUMERICAL_FAILURE,tiago_semi_analytic,c96a32d,median-body-4344-torso015-J1-root-robot-zminus020-v5,wrist_center,gripper_grasping_frame,,172.89559997152537,no exact or boundary-refined wrist branch met strict wrist-center/orientation/SEW tolerances,,,,,,,,,,,,,,,oracle_inconclusive,,
310,transfer,middle,0.7274549865,-10.0,False,tiago_sew,NUMERICAL_FAILURE,tiago_semi_analytic,c96a32d,median-body-4344-torso015-J1-root-robot-zminus020-v5,wrist_center,gripper_grasping_frame,,205.97669994458556,no exact or boundary-refined wrist branch met strict wrist-center/orientation/SEW tolerances,,,,,,,,,,,,,,,oracle_inconclusive,,
311,transfer,middle,0.7286451414999999,-10.0,False,tiago_sew,SUCCESS_EXACT,tiago_semi_analytic,c96a32d,median-body-4344-torso015-J1-root-robot-zminus020-v5,wrist_center,gripper_grasping_frame,seed-0-wrist-1,10.180899989791214,,1.482362578063093,-0.3391669874391059,-2.033788746902566,2.3561899999999993,0.16277552123941685,-0.5366008186169324,-1.8245766094092124,0.9008352334481884,6.21602474491822e-14,0.04306307715480853,2.5444437451708134e-14,0.31114061472963955,0.3503043509118475,0.7345051450296876,reachable_success,110.67393023713893,15.459741494762048
312,transfer,middle,0.7296663365,-10.0,False,tiago_sew,SUCCESS_EXACT,tiago_semi_analytic,c96a32d,median-body-4344-torso015-J1-root-robot-zminus020-v5,wrist_center,gripper_grasping_frame,seed-0-wrist-0,3.250099951401353,,1.4886367222142318,-0.3345402629362333,-2.0343775351308873,2.351223152948269,0.1550798375482958,-0.5390519980725603,-1.8168864819390276,1.6653345369377348e-13,9.959489414455048e-14,2.5444437451708134e-14,0.2845793735511826,0.3115192433615207,0.35307725507284005,0.7342690612922765,reachable_success,111.11486043310782,15.900353342721255
313,transfer,middle,0.7309205624999999,-10.0,False,tiago_sew,SUCCESS_EXACT,tiago_semi_analytic,c96a32d,median-body-4344-torso015-J1-root-robot-zminus020-v5,wrist_center,gripper_grasping_frame,seed-0-wrist-0,3.4626000560820103,,1.4949943010696296,-0.32633631522919493,-2.034527260901537,2.342486457764591,0.15386754994591234,-0.5381487255774227,-1.8130181417853954,1.1443916996305594e-13,8.527835897056638e-14,0.0,0.7851551344681821,0.3126677086575479,0.3564091656244893,0.7347314501238893,reachable_success,111.18431939628043,16.121992907245364
314,transfer,middle,0.7320657655,-10.0,False,tiago_sew,SUCCESS_EXACT,tiago_semi_analytic,c96a32d,median-body-4344-torso015-J1-root-robot-zminus020-v5,wrist_center,gripper_grasping_frame,seed-0-wrist-0,3.0766999116167426,,1.5009303132544627,-0.3203631527351162,-2.035532962604636,2.3339308642753482,0.1598676137782289,-0.5296890703928465,-1.8204320189327987,1.0007415106216802e-13,8.974402788768332e-14,0.0,1.2753545326314089,0.31356311700716555,0.35913870382142954,0.7371370859935068,reachable_success,110.8405410618796,15.697209036870667
315,transfer,middle,0.7333646245,-10.0,False,tiago_sew,SUCCESS_EXACT,tiago_semi_analytic,c96a32d,median-body-4344-torso015-J1-root-robot-zminus020-v5,wrist_center,gripper_grasping_frame,seed-0-wrist-0,3.4486999502405524,,1.508035738906373,-0.31312825368571884,-2.036315374986245,2.3246610319022354,0.1640585958208085,-0.5286359295663412,-1.8203220443645591,1.6653345369377348e-13,4.928206335091696e-14,0.0,1.8064768044045156,0.31427137476158334,0.3623895012679246,0.7379736588267227,reachable_success,110.60041547882467,15.703510115484567
316,transfer,middle,0.7347269285,-10.0,False,tiago_sew,SUCCESS_EXACT,tiago_semi_analytic,c96a32d,median-body-4344-torso015-J1-root-robot-zminus020-v5,wrist_center,gripper_grasping_frame,seed-0-wrist-0,3.7532999413087964,,1.5148517583109962,-0.3077173783152133,-2.038478997033836,2.3154353600280357,0.16526684272794911,-0.5244520752360402,-1.819705128273938,1.3877787807814457e-13,7.49031413292111e-14,2.5444437451708134e-14,2.3350688659687036,0.31563425874989914,0.3655499466972381,0.7399616119651262,reachable_success,110.53118803043579,15.738856803790867
317,transfer,middle,0.7359221045,-10.0,False,tiago_sew,SUCCESS_EXACT,tiago_semi_analytic,c96a32d,median-body-4344-torso015-J1-root-robot-zminus020-v5,wrist_center,gripper_grasping_frame,seed-0-wrist-0,3.3922999864444137,,1.5205533636234816,-0.298711624372276,-2.037440746126357,2.3054126000172066,0.17420907938754837,-0.5260578847403252,-1.8226097204831708,0.0,4.26164118969477e-14,0.0,2.909330713661708,0.31635586734917376,0.3686206400856087,0.7397132081449136,reachable_success,110.01883561043358,15.57243592899525
318,transfer,middle,0.7371822205,-10.0,False,tiago_sew,SUCCESS_EXACT,tiago_semi_analytic,c96a32d,median-body-4344-torso015-J1-root-robot-zminus020-v5,wrist_center,gripper_grasping_frame,seed-0-wrist-0,3.4142000367864966,,1.526990343720144,-0.2924241102048373,-2.0383855679114147,2.2955473117937335,0.18353324623387124,-0.5180128459452407,-1.8308971777225107,1.0007415106216802e-13,8.67821030771338e-14,2.5444437451708134e-14,3.4745700925468306,0.3172535105781959,0.37158724712827906,0.7421989708297362,reachable_success,109.48460020266347,15.097599606285932
319,transfer,middle,0.7384448855,-10.0,False,tiago_sew,SUCCESS_EXACT,tiago_semi_analytic,c96a32d,median-body-4344-torso015-J1-root-robot-zminus020-v5,wrist_center,gripper_grasping_frame,seed-0-wrist-0,3.063600044697523,,1.5335084117944304,-0.2859107761580033,-2.0391153550443915,2.2856320858557777,0.18783921696462302,-0.5194825169337407,-1.8350817015471819,3.295791996826257e-13,6.388514357670365e-14,2.5444437451708134e-14,4.042670691710341,0.3183657538389854,0.3748186313976014,0.742636947412872,reachable_success,109.23788625308454,14.857844051860335
320,transfer,middle,0.7398752905,-10.0,False,tiago_sew,SUCCESS_EXACT,tiago_semi_analytic,c96a32d,median-body-4344-torso015-J1-root-robot-zminus020-v5,wrist_center,gripper_grasping_frame,seed-0-wrist-0,2.7236000169068575,,1.538925103362414,-0.27801537247578556,-2.0395084340446235,2.2743916265832183,0.19601563452857995,-0.5171439983408956,-1.8408928496741872,1.570092458683775e-13,2.846693581607787e-14,0.0,4.686701567816689,0.32004603657319525,0.3779498416774994,0.7438679730188892,reachable_success,108.76941203513316,14.524889790057575
321,transfer,middle,0.7410793915,-10.0,False,tiago_sew,SUCCESS_EXACT,tiago_semi_analytic,c96a32d,median-body-4344-torso015-J1-root-robot-zminus020-v5,wrist_center,gripper_grasping_frame,seed-0-wrist-0,3.1995000317692757,,1.5450441735239253,-0.27188701540210636,-2.0400509443619415,2.263873666487278,0.20233327012595703,-0.5132131037057808,-1.847946056401634,2.5438405243138007e-13,7.329013442867524e-14,2.5444437451708134e-14,5.289336290401077,0.3214803754681412,0.3811527732892933,0.7454417917325903,reachable_success,108.40743817890184,14.1207708125416
322,transfer,middle,0.7423973085,-10.0,False,tiago_sew,SUCCESS_EXACT,tiago_semi_analytic,c96a32d,median-body-4344-torso015-J1-root-robot-zminus020-v5,wrist_center,gripper_grasping_frame,seed-0-wrist-0,3.207299974747002,,1.5513243557443286,-0.2642313845137867,-2.039960500502854,2.2528641681466004,0.2057346685034469,-0.5103340486647814,-1.8495648192312117,2.1677797545656836e-13,4.2093828926881397e-14,5.088887490341627e-14,5.920134079878189,0.3231034800736814,0.38472296451349464,0.7466056752240319,reachable_success,108.21255240742903,14.028022534374134
323,transfer,middle,0.7437581175,-10.0,False,tiago_sew,SUCCESS_EXACT,tiago_semi_analytic,c96a32d,median-body-4344-torso015-J1-root-robot-zminus020-v5,wrist_center,gripper_grasping_frame,seed-0-wrist-0,3.199300030246377,,1.5567882798344879,-0.25573730875666156,-2.0393845453539314,2.2415553955136334,0.20792512887728964,-0.5055171342531577,-1.850200603950241,2.2377260456559047e-13,6.017622170275123e-14,2.5444437451708134e-14,6.568079023220248,0.32519043584991997,0.3883026718939971,0.7480316785999924,reachable_success,108.0870482728172,13.991594753294848
324,transfer,middle,0.7451652525,-10.0,False,tiago_sew,SUCCESS_EXACT,tiago_semi_analytic,c96a32d,median-body-4344-torso015-J1-root-robot-zminus020-v5,wrist_center,gripper_grasping_frame,seed-0-wrist-0,3.1560000497847795,,1.5632421373147924,-0.24940220488202064,-2.040381449979329,2.2305327991296364,0.21081603650510727,-0.5018042729135983,-1.847179562869579,2.3551386880256624e-13,9.530313114988871e-14,2.5444437451708134e-14,7.199627275299435,0.32698245845332324,0.3917948744766504,0.7498168790648428,reachable_success,107.92141146678107,14.164687656952417
325,transfer,middle,0.7467193305,-10.0,False,tiago_sew,SUCCESS_EXACT,tiago_semi_analytic,c96a32d,median-body-4344-torso015-J1-root-robot-zminus020-v5,wrist_center,gripper_grasping_frame,seed-0-wrist-0,2.771900035440922,,1.5688726706799614,-0.24049697396102038,-2.0401086446239947,2.218673466766752,0.21822047241451248,-0.49934458310543084,-1.846843735019645,4.577566798522238e-13,6.247394927928656e-14,5.088887490341627e-14,7.879116967535634,0.3287014750305579,0.3952174225124703,0.7510436025136302,reachable_success,107.49716853949704,14.183929175396596
326,transfer,middle,0.7481452635,-10.0,False,tiago_sew,SUCCESS_EXACT,tiago_semi_analytic,c96a32d,median-body-4344-torso015-J1-root-robot-zminus020-v5,wrist_center,gripper_grasping_frame,seed-0-wrist-0,2.774600056000054,,1.5751615958332585,-0.2329001362198871,-2.040081489465731,2.2065187330956166,0.2239859073020618,-0.4915348134575708,-1.8480224365920979,1.6653345369377348e-13,4.959023156577034e-14,0.0,8.575531907997233,0.3306848331474828,0.39891423191110653,0.7534523614481337,reachable_success,107.16683345338298,14.116394549989609
327,transfer,middle,0.7494385375,-10.0,False,tiago_sew,SUCCESS_EXACT,tiago_semi_analytic,c96a32d,median-body-4344-torso015-J1-root-robot-zminus020-v5,wrist_center,gripper_grasping_frame,seed-0-wrist-0,3.268499975092709,,1.5810306334415207,-0.22512780288155884,-2.0393576245393854,2.19523748570829,0.2370362350366113,-0.48780382626310104,-1.8561652480346877,2.288783399261119e-13,6.587199457967243e-14,2.5444437451708134e-14,9.221899770934028,0.3316458174431779,0.40206526890735805,0.7548415059762799,reachable_success,106.41910475293076,13.649845820958376
328,transfer,middle,0.7509701845000001,-10.0,False,tiago_sew,SUCCESS_EXACT,tiago_semi_analytic,c96a32d,median-body-4344-torso015-J1-root-robot-zminus020-v5,wrist_center,gripper_grasping_frame,seed-0-wrist-0,3.1359000131487846,,1.586327404385661,-0.21651235752130168,-2.0388761548021175,2.183113835700642,0.25317282775546524,-0.4808105321957994,-1.8703534149447485,2.077037090527612e-13,2.7969810199799404e-14,2.5444437451708134e-14,9.916533748666009,0.33299171093865726,0.40511275840031147,0.7571545316534704,reachable_success,105.49454609441891,12.836923737984725
329,transfer,middle,0.7525186765,-10.0,False,tiago_sew,SUCCESS_EXACT,tiago_semi_analytic,c96a32d,median-body-4344-torso015-J1-root-robot-zminus020-v5,wrist_center,gripper_grasping_frame,seed-0-wrist-0,3.1632999889552593,,1.5923032944150346,-0.21003386023777068,-2.039869715148398,2.1714026842957326,0.26309187114713684,-0.4838996550701866,-1.8789549540626709,1.2412670766236365e-13,8.092879191084852e-14,2.5444437451708134e-14,10.58753329740603,0.3344076506962241,0.4082229860754792,0.7578594930901752,reachable_success,104.92622677126899,12.344091849211091
330,transfer,middle,0.7539061895,-10.0,False,tiago_sew,SUCCESS_EXACT,tiago_semi_analytic,c96a32d,median-body-4344-torso015-J1-root-robot-zminus020-v5,wrist_center,gripper_grasping_frame,seed-0-wrist-0,3.1758000841364264,,1.5984772922402037,-0.20198748008536274,-2.0390079152116005,2.159044521703067,0.26876774157693983,-0.4811309084138493,-1.8854005493462989,3.885780586188048e-13,4.351195615689293e-14,5.088887490341627e-14,11.295603856502208,0.33625552026867545,0.411995794555879,0.7590783392751785,reachable_success,104.60102335057817,11.97478644300978
331,transfer,middle,0.7553989875,-10.0,False,tiago_sew,SUCCESS_EXACT,tiago_semi_analytic,c96a32d,median-body-4344-torso015-J1-root-robot-zminus020-v5,wrist_center,gripper_grasping_frame,seed-0-wrist-0,2.690900000743568,,1.6048554615328297,-0.19336252614890137,-2.038044281584841,2.1464014445985446,0.2788853724103171,-0.4762806896505407,-1.8954774086280164,2.989366980140908e-13,5.601577901272549e-14,2.5444437451708134e-14,11.397424935420135,0.33776746589945117,0.4157099596467745,0.7608299491718085,reachable_success,104.02132580515423,11.397424935420135
332,transfer,middle,0.7570171514999999,-10.0,False,tiago_sew,SUCCESS_EXACT,tiago_semi_analytic,c96a32d,median-body-4344-torso015-J1-root-robot-zminus020-v5,wrist_center,gripper_grasping_frame,seed-0-wrist-0,3.16920003388077,,1.6104556624852622,-0.18513211809940094,-2.0377768465625477,2.134263302690942,0.27833696817292,-0.47465236011836964,-1.8917990886468345,3.1031676915590914e-13,3.230779448879547e-14,0.0,11.608177146040495,0.34021378782531947,0.4194842675177288,0.7620504336325699,reachable_success,104.05274705342417,11.608177146040495
333,transfer,middle,0.7586256714999999,-10.0,False,tiago_sew,SUCCESS_EXACT,tiago_semi_analytic,c96a32d,median-body-4344-torso015-J1-root-robot-zminus020-v5,wrist_center,gripper_grasping_frame,seed-0-wrist-0,3.1783999875187874,,1.616211270864278,-0.17806971144568565,-2.0381592091229117,2.1213747070237776,0.28715227735769666,-0.4768208153281752,-1.8952934850925143,1.494683490070454e-13,6.007254028550223e-14,2.5444437451708134e-14,11.40796297775753,0.34219098597122444,0.42285748428952885,0.7629199282725044,reachable_success,103.54766704203355,11.40796297775753
334,transfer,middle,0.7603572085,-10.0,False,tiago_sew,SUCCESS_EXACT,tiago_semi_analytic,c96a32d,median-body-4344-torso015-J1-root-robot-zminus020-v5,wrist_center,gripper_grasping_frame,seed-0-wrist-0,2.9436000622808933,,1.6227608689772448,-0.1688441917308491,-2.0373261209906413,2.107913137830446,0.2929458372080216,-0.47230994725282827,-1.8992527199444105,1.0007415106216802e-13,3.881902032992456e-14,5.088887490341627e-14,11.181115530642774,0.34423889135828845,0.42691839706264445,0.7647980901110135,reachable_success,103.21572051425349,11.181115530642774
335,transfer,middle,0.7617933045,-10.0,False,tiago_sew,SUCCESS_EXACT,tiago_semi_analytic,c96a32d,median-body-4344-torso015-J1-root-robot-zminus020-v5,wrist_center,gripper_grasping_frame,seed-0-wrist-0,2.9111000476405025,,1.6287761755376315,-0.1612308321820919,-2.0364948010703023,2.09552968192469,0.30406236843437284,-0.4663311635695089,-1.9054642011673835,1.1102230246251565e-13,1.048253449255266e-13,0.0,10.825223872041663,0.34579901975371324,0.43041465444677895,0.766947061852343,reachable_success,102.57879019215818,10.825223872041663
336,transfer,middle,0.7635580445,-10.0,False,tiago_sew,SUCCESS_EXACT,tiago_semi_analytic,c96a32d,median-body-4344-torso015-J1-root-robot-zminus020-v5,wrist_center,gripper_grasping_frame,seed-0-wrist-0,2.718099975027144,,1.6350808371386438,-0.15408500728072191,-2.0370830938307445,2.082013340249207,0.31337394766052995,-0.4618152233120738,-1.9131469398288177,2.5438405243138007e-13,8.21740994871796e-14,2.5444437451708134e-14,10.385035371639496,0.34797572653514197,0.4340467243602285,0.7694408991742352,reachable_success,102.04527600189768,10.385035371639496
337,transfer,middle,0.7653545225,-10.0,False,tiago_sew,SUCCESS_EXACT,tiago_semi_analytic,c96a32d,median-body-4344-torso015-J1-root-robot-zminus020-v5,wrist_center,gripper_grasping_frame,seed-0-wrist-0,3.1607000855728984,,1.6404939369768086,-0.14651448658378205,-2.037408581530663,2.068941002275479,0.32740616841425974,-0.45788531485439465,-1.928930840133086,3.37661150723213e-13,5.058829469421961e-14,2.5444437451708134e-14,9.480684499949664,0.3498687386933951,0.4371958982503716,0.7718487000533533,reachable_success,101.24128897551309,9.480684499949664
338,transfer,middle,0.7669615784999999,-10.0,False,tiago_sew,SUCCESS_EXACT,tiago_semi_analytic,c96a32d,median-body-4344-torso015-J1-root-robot-zminus020-v5,wrist_center,gripper_grasping_frame,seed-0-wrist-0,3.3055999083444476,,1.646582020165552,-0.13876699076102317,-2.036779622922474,2.055553579889925,0.33307885369762147,-0.4553511635332601,-1.9328247044677385,2.482534153247273e-13,5.180473783168637e-14,2.5444437451708134e-14,9.257582507577562,0.3521355557083094,0.4410206499016946,0.7734776027100352,reachable_success,100.91626805027049,9.257582507577562
339,transfer,middle,0.7687329105,-10.0,False,tiago_sew,SUCCESS_EXACT,tiago_semi_analytic,c96a32d,median-body-4344-torso015-J1-root-robot-zminus020-v5,wrist_center,gripper_grasping_frame,seed-0-wrist-0,3.278000047430396,,1.6532077749560092,-0.13232710450579518,-2.037640083530761,2.0421207603489533,0.34037114113110967,-0.45736357597693456,-1.941693708203517,2.8305244335018377e-13,3.3472632640638353e-14,2.5444437451708134e-14,8.749426025031688,0.3540704508935739,0.4446286457162547,0.774805686847936,reachable_success,100.49845075733532,8.749426025031688
340,transfer,middle,0.7704467475000001,-10.0,False,tiago_sew,SUCCESS_EXACT,tiago_semi_analytic,c96a32d,median-body-4344-torso015-J1-root-robot-zminus020-v5,wrist_center,gripper_grasping_frame,seed-0-wrist-0,3.086899989284575,,1.658656609845585,-0.12481913946964845,-2.037377085878113,2.028370071936212,0.3443139042516994,-0.46212218759073753,-1.9460015065571987,3.764949453935611e-13,1.0555789320045145e-13,5.088887490341627e-14,8.502607360372325,0.35662293622007946,0.4482176750989719,0.7751725689178445,reachable_success,100.2725470709057,8.502607360372325
341,transfer,middle,0.7722958685,-10.0,False,tiago_sew,SUCCESS_EXACT,tiago_semi_analytic,c96a32d,median-body-4344-torso015-J1-root-robot-zminus020-v5,wrist_center,gripper_grasping_frame,seed-0-wrist-0,2.674699993804097,,1.6649447807713331,-0.11795963380523145,-2.038033137862392,2.015020803928627,0.35295680751609737,-0.4605031782690987,-1.957208606034384,1.570092458683775e-13,8.029455798845696e-14,0.0,7.860487859746333,0.35860162675346957,0.45171698393592385,0.7772925816621359,reachable_success,99.77734519111586,7.860487859746333
342,transfer,middle,0.7738430175,-10.0,False,tiago_sew,SUCCESS_EXACT,tiago_semi_analytic,c96a32d,median-body-4344-torso015-J1-root-robot-zminus020-v5,wrist_center,gripper_grasping_frame,seed-0-wrist-0,2.930799964815378,,1.671071092774497,-0.11082383860318545,-2.037293149453185,2.0016521821032556,0.3634132170715949,-0.4625688409011346,-1.9668909546726114,5.438959822042073e-13,2.286107692844853e-14,7.63333123551244e-14,7.305730147001665,0.3602405944248582,0.4552140936708824,0.7781561053195499,reachable_success,99.17823705472559,7.305730147001665
343,transfer,middle,0.7756531675,-10.0,False,tiago_sew,SUCCESS_EXACT,tiago_semi_analytic,c96a32d,median-body-4344-torso015-J1-root-robot-zminus020-v5,wrist_center,gripper_grasping_frame,seed-0-wrist-0,3.2021000515669584,,1.6767793430223483,-0.10433085121259839,-2.0378601465454893,1.9873839265930835,0.36957761961830693,-0.4623720544823211,-1.9748870786023076,2.7755575615628914e-13,9.474933780667542e-14,0.0,6.847585993366511,0.36304319434404436,0.45875612811201927,0.7799907316570094,reachable_success,98.82504280557929,6.847585993366511
344,transfer,middle,0.7772374575000001,-10.0,False,tiago_sew,SUCCESS_EXACT,tiago_semi_analytic,c96a32d,median-body-4344-torso015-J1-root-robot-zminus020-v5,wrist_center,gripper_grasping_frame,seed-0-wrist-0,3.196000005118549,,1.6833973106388564,-0.09899174429176198,-2.038549582929263,1.9747212637843616,0.3737952749022826,-0.4586613313159753,-1.9827559590021373,2.0014830212433604e-13,7.844540045111039e-14,2.5444437451708134e-14,6.396732356963054,0.365119895120085,0.4623853281194966,0.7823684758816775,reachable_success,98.58338895836643,6.396732356963054
345,transfer,middle,0.7786723935,-10.0,False,tiago_sew,SUCCESS_EXACT,tiago_semi_analytic,c96a32d,median-body-4344-torso015-J1-root-robot-zminus020-v5,wrist_center,gripper_grasping_frame,seed-0-wrist-0,3.279200056567788,,1.6890540884111627,-0.09117040484459697,-2.036632346465826,1.9613229003389228,0.38986229114680393,-0.4567630982392137,-1.9982999227332954,1.1102230246251565e-13,6.224806816124905e-14,2.5444437451708134e-14,5.5061288382632725,0.3665478365817499,0.465730296776319,0.7838224040159725,reachable_success,97.66281673818722,5.5061288382632725
346,transfer,middle,0.7801612554999999,-10.0,False,tiago_sew,SUCCESS_EXACT,tiago_semi_analytic,c96a32d,median-body-4344-torso015-J1-root-robot-zminus020-v5,wrist_center,gripper_grasping_frame,seed-0-wrist-0,2.9972000047564507,,1.6946153893046385,-0.08583845139882142,-2.0368107604035623,1.9478521286602986,0.3935787537594062,-0.4636247390457018,-2.003285291318468,4.154074181055224e-13,1.0920994531492752e-13,2.5444437451708134e-14,5.220488259015775,0.36896130182730513,0.46904905509022526,0.7839460721448477,reachable_success,97.44987911576695,5.220488259015775
347,transfer,middle,0.7816918335,-10.0,False,tiago_sew,SUCCESS_EXACT,tiago_semi_analytic,c96a32d,median-body-4344-torso015-J1-root-robot-zminus020-v5,wrist_center,gripper_grasping_frame,seed-0-wrist-0,2.7142000617459416,,1.7006705817290295,-0.08000076374630168,-2.0367116521741804,1.9349662169484516,0.39445889604591855,-0.47120346451012596,-2.0043878998817037,1.3597399555105182e-13,3.032234694361846e-14,5.088887490341627e-14,5.157313441887384,0.3709624465262722,0.472522208197228,0.7837931900478639,reachable_success,97.3994506773788,5.157313441887384
348,transfer,middle,0.7830406495,-10.0,False,tiago_sew,SUCCESS_EXACT,tiago_semi_analytic,c96a32d,median-body-4344-torso015-J1-root-robot-zminus020-v5,wrist_center,gripper_grasping_frame,seed-0-wrist-0,3.285599988885224,,1.7057835286935363,-0.07302268958485805,-2.034977335113392,1.9219937215876228,0.3964813803302043,-0.47039246586247163,-2.0079763582894925,1.1102230246251565e-13,7.351922711925986e-14,0.0,4.951709920162852,0.3735676497168746,0.47609392430360054,0.7847645505067566,reachable_success,97.28357086375769,4.951709920162852
349,transfer,middle,0.7844298405000001,-10.0,False,tiago_sew,SUCCESS_EXACT,tiago_semi_analytic,c96a32d,median-body-4344-torso015-J1-root-robot-zminus020-v5,wrist_center,gripper_grasping_frame,seed-0-wrist-0,3.2187000615522265,,1.711147620164136,-0.06803782206518348,-2.0349699572786073,1.9092787426720041,0.40180428894205233,-0.47359883052496166,-2.014342264130997,2.482534153247273e-13,7.524692516540769e-14,0.0,4.586970382666959,0.37575225638204945,0.4792030160714187,0.7855708715799333,reachable_success,96.97859066556495,4.586970382666959
350,transfer,middle,0.7855509645000001,-10.0,False,tiago_sew,SUCCESS_EXACT,tiago_semi_analytic,c96a32d,median-body-4344-torso015-J1-root-robot-zminus020-v5,wrist_center,gripper_grasping_frame,seed-0-wrist-0,3.463999950326979,,1.716436363099879,-0.06228039914490326,-2.033323362606038,1.896222335229775,0.40799764425813123,-0.4755628465975388,-2.021598108783464,1.2412670766236365e-13,3.0251710745757853e-14,0.0,4.17124110727804,0.3779648111665735,0.48254406115051435,0.7860292182668337,reachable_success,96.62373754492872,4.17124110727804
351,transfer,middle,0.7867948305,-10.0,False,tiago_sew,SUCCESS_EXACT,tiago_semi_analytic,c96a32d,median-body-4344-torso015-J1-root-robot-zminus020-v5,wrist_center,gripper_grasping_frame,seed-0-wrist-0,3.190999967046082,,1.7223864663670778,-0.05661731857952969,-2.032171545734587,1.8838145665139212,0.4042528330161108,-0.47601212717571784,-2.0178102666977136,0.0,3.2747544145151e-14,5.088887490341627e-14,4.388268472253571,0.3804544161956337,0.4863144888816981,0.7867399396688598,reachable_success,96.83829942416963,4.388268472253571
352,transfer,middle,0.7879149785,-10.0,False,tiago_sew,SUCCESS_EXACT,tiago_semi_analytic,c96a32d,median-body-4344-torso015-J1-root-robot-zminus020-v5,wrist_center,gripper_grasping_frame,seed-0-wrist-0,2.9405999230220914,,1.7271396744948886,-0.05032970997956949,-2.0300003668263313,1.871181105892016,0.41433566836377134,-0.47664933852571467,-2.026822590077586,3.885780586188048e-13,9.317360278654389e-14,0.0,3.871900378979802,0.3823711843447959,0.4893562486770816,0.7874256535437345,reachable_success,96.26059551322336,3.871900378979802
353,transfer,middle,0.7889873654999999,-10.0,False,tiago_sew,SUCCESS_EXACT,tiago_semi_analytic,c96a32d,median-body-4344-torso015-J1-root-robot-zminus020-v5,wrist_center,gripper_grasping_frame,seed-0-wrist-0,2.708700019866228,,1.7328879879436843,-0.04543330432878768,-2.0287521298576734,1.8578060168397952,0.4245858151503734,-0.4764722562891395,-2.033141750726715,2.288783399261119e-13,5.1321012895555337e-14,2.5444437451708134e-14,3.5098391437195566,0.38437205866518126,0.4926519759353434,0.7885684748402267,reachable_success,95.67330536296149,3.5098391437195566
354,transfer,middle,0.7900637815,-10.0,False,tiago_sew,SUCCESS_EXACT,tiago_semi_analytic,c96a32d,median-body-4344-torso015-J1-root-robot-zminus020-v5,wrist_center,gripper_grasping_frame,seed-0-wrist-0,3.431800054386258,,1.7379809419488415,-0.04065745419591186,-2.027689004762988,1.8462302453120727,0.4194559525881769,-0.48022108635883853,-2.0294991471208395,2.989366980140908e-13,5.602337062214431e-14,0.0,3.718544956775366,0.3869038817111537,0.4959501585805024,0.7885095602408569,reachable_success,95.9672248372575,3.718544956775366
355,transfer,middle,0.7909756164999999,-10.0,False,tiago_sew,SUCCESS_EXACT,tiago_semi_analytic,c96a32d,median-body-4344-torso015-J1-root-robot-zminus020-v5,wrist_center,gripper_grasping_frame,seed-0-wrist-0,3.2788999378681183,,1.7430196959617752,-0.03346164098146612,-2.023839527419362,1.8330977738390877,0.4319798739940883,-0.47755463868631676,-2.0407068700331195,2.482534153247273e-13,1.4474910040386144e-14,0.0,3.0763897359496504,0.3887163751279759,0.49931124857410636,0.789374670330029,reachable_success,95.24965699774523,3.0763897359496504
356,transfer,middle,0.7918914795,-10.0,False,tiago_sew,SUCCESS_EXACT,tiago_semi_analytic,c96a32d,median-body-4344-torso015-J1-root-robot-zminus020-v5,wrist_center,gripper_grasping_frame,seed-0-wrist-0,3.231000038795173,,1.7481973797129369,-0.028611795738134476,-2.0219864320590064,1.8198878701890462,0.44328640762451066,-0.4771831558124848,-2.0511167490853586,2.8305244335018377e-13,5.786308918673232e-14,0.0,2.4799476010147035,0.39081441528265876,0.5024124715791851,0.7903552109009039,reachable_success,94.60184033979931,2.4799476010147035
357,transfer,middle,0.7927408444999999,-10.0,False,tiago_sew,SUCCESS_EXACT,tiago_semi_analytic,c96a32d,median-body-4344-torso015-J1-root-robot-zminus020-v5,wrist_center,gripper_grasping_frame,seed-0-wrist-0,3.0387999722734094,,1.752564531195485,-0.023470498787605158,-2.019700552008306,1.8081862307951688,0.45133931966780416,-0.47953780497541,-2.0615896238097724,1.7554167342883506e-13,3.5065173104417864e-14,2.5444437451708134e-14,1.8798960799365563,0.3926592238773107,0.5051620067578673,0.7904995628877551,reachable_success,94.14044246692852,1.8798960799365563
358,transfer,middle,0.7937191775,-10.0,False,tiago_sew,SUCCESS_EXACT,tiago_semi_analytic,c96a32d,median-body-4344-torso015-J1-root-robot-zminus020-v5,wrist_center,gripper_grasping_frame,seed-0-wrist-0,2.688299980945885,,1.7582446231121638,-0.01740368543828339,-2.0169073201646466,1.795022628723619,0.4543960096557269,-0.47892740447504867,-2.0645408822335387,1.570092458683775e-13,5.567623150157561e-14,0.0,1.7108014280023147,0.3949842709793171,0.5088061474288519,0.7910860658487125,reachable_success,93.96530703134066,1.7108014280023147
359,transfer,middle,0.7944225165,-10.0,False,tiago_sew,SUCCESS_EXACT,tiago_semi_analytic,c96a32d,median-body-4344-torso015-J1-root-robot-zminus020-v5,wrist_center,gripper_grasping_frame,seed-0-wrist-0,2.8028999222442508,,1.7637215367958923,-0.013227693062423591,-2.0148529359681158,1.7822154953725664,0.4564769664722128,-0.4861991500209313,-2.0667903337452085,1.2412670766236365e-13,1.188734294599552e-13,2.5444437451708134e-14,1.5819173501643136,0.39709846632323753,0.5120185294275761,0.790119109726295,reachable_success,93.84607698840703,1.5819173501643136
360,transfer,middle,0.7950935975,-10.0,False,tiago_sew,SUCCESS_EXACT,tiago_semi_analytic,c96a32d,median-body-4344-torso015-J1-root-robot-zminus020-v5,wrist_center,gripper_grasping_frame,seed-0-wrist-0,3.1525999074801803,,1.7682466071875331,-0.007621858247345446,-2.0113989997617376,1.7699186658011865,0.46908327195165356,-0.48310329293354615,-2.0770351529354727,1.2412670766236365e-13,6.403671692048966e-14,2.5444437451708134e-14,0.9949324486875408,0.3990024587131223,0.5149841634930103,0.7910907952430815,reachable_success,93.12378888918244,0.9949324486875408
361,transfer,middle,0.7957949835,-10.0,False,tiago_sew,SUCCESS_EXACT,tiago_semi_analytic,c96a32d,median-body-4344-torso015-J1-root-robot-zminus020-v5,wrist_center,gripper_grasping_frame,seed-0-wrist-0,3.2264000037685037,,1.7738981266297087,-0.0029888474589087246,-2.008864045769107,1.7570883830749742,0.472528538919216,-0.48160758266444414,-2.08164494369694,3.37661150723213e-13,5.695885291072442e-14,2.5444437451708134e-14,0.7308108936170676,0.4013798524299687,0.5184947989787867,0.7917627267882998,reachable_success,92.92638963264527,0.7308108936170676
362,transfer,middle,0.7963494265,-10.0,False,tiago_sew,SUCCESS_EXACT,tiago_semi_analytic,c96a32d,median-body-4344-torso015-J1-root-robot-zminus020-v5,wrist_center,gripper_grasping_frame,seed-0-wrist-0,3.1657000072300434,,1.779509951024083,0.00225027131638343,-2.0052274318563956,1.7438242159440873,0.48168084087532126,-0.48044840176375825,-2.087933900358003,5.551115123125783e-14,2.5418471596439862e-14,2.5444437451708134e-14,0.37048021939747827,0.403401893875283,0.5219598031530969,0.7921755632552252,reachable_success,92.40200135773111,0.37048021939747827
363,transfer,middle,0.7970233765,-10.0,False,tiago_sew,SUCCESS_EXACT,tiago_semi_analytic,c96a32d,median-body-4344-torso015-J1-root-robot-zminus020-v5,wrist_center,gripper_grasping_frame,seed-0-wrist-0,2.8092999709770083,,1.7843753741399464,0.007465550359070929,-2.0019998755679462,1.731129117260858,0.48947697830074244,-0.48577923948137514,-2.093616054852694,1.3597399555105182e-13,6.214902110893364e-14,2.5444437451708134e-14,0.044916748310392746,0.40522523185547493,0.5248813618716002,0.791486606614987,reachable_success,91.95531558675049,0.044916748310392746
364,transfer,middle,0.7975969855,-10.0,False,tiago_sew,SUCCESS_EXACT,tiago_semi_analytic,c96a32d,median-body-4344-torso015-J1-root-robot-zminus020-v5,wrist_center,gripper_grasping_frame,seed-0-wrist-0,2.6971999322995543,,1.790292974370174,0.011442140224688547,-1.9995497042493733,1.7181698446380798,0.48724696905552944,-0.48654736548032007,-2.0903204128920247,1.1102230246251565e-13,7.906649009981318e-14,0.0,0.23374312344295273,0.4079135058116859,0.5285341445756336,0.7914860966623692,reachable_success,92.08308570477635,0.23374312344295273
365,transfer,middle,0.7981401065,-10.0,False,tiago_sew,SUCCESS_EXACT,tiago_semi_analytic,c96a32d,median-body-4344-torso015-J1-root-robot-zminus020-v5,wrist_center,gripper_grasping_frame,seed-14-wrist-0-boundary,287.32110001146793,,1.7962681100190274,0.015168896720269475,-1.9972346816628364,1.7057716069416875,0.49369452706721845,-0.4878367416104202,-2.0943999999999994,0.25930640162884694,0.12459781762007989,0.05014480135798437,2.5444437451708134e-14,0.4095651927317276,0.5317915269583962,0.7916870608575765,reachable_success,91.71366784254081,2.5444437451708134e-14
366,transfer,middle,0.7985071715,-10.0,False,tiago_sew,SUCCESS_EXACT,tiago_semi_analytic,c96a32d,median-body-4344-torso015-J1-root-robot-zminus020-v5,wrist_center,gripper_grasping_frame,seed-14-wrist-0-boundary,291.5599000407383,,1.8017435153296582,0.021275931872972158,-1.992012544181968,1.692810597470455,0.49688069965773085,-0.4892558258731781,-2.0943999999999994,0.3598765415801113,0.17281527554140005,0.06964922473962946,2.5444437451708134e-14,0.4116925966411297,0.5353987192784281,0.7908667453076199,reachable_success,91.53111360030418,2.5444437451708134e-14
367,transfer,middle,0.7989514775,-10.0,False,tiago_sew,SUCCESS_EXACT,tiago_semi_analytic,c96a32d,median-body-4344-torso015-J1-root-robot-zminus020-v5,wrist_center,gripper_grasping_frame,seed-14-wrist-0-boundary,244.36930008232594,,1.8076234487506546,0.02363512391278119,-1.9906402965099097,1.6803197430251389,0.49585235672199757,-0.4907058548454622,-2.0943999999999994,0.4132303073521466,0.1980797017371807,0.07928398623737196,2.5444437451708134e-14,0.41421224475748086,0.538722718381336,0.7909604624778412,reachable_success,91.5900333104138,2.5444437451708134e-14
368,transfer,high,0.7993283695,-10.0,False,tiago_sew,SUCCESS_EXACT,tiago_semi_analytic,c96a32d,median-body-4344-torso015-J1-root-robot-zminus020-v5,wrist_center,gripper_grasping_frame,seed-9-wrist-0-boundary,265.7333000097424,,1.814072637614541,0.026642496861510358,-1.9883867610694528,1.6671635338373683,0.49535459338734844,-0.49388246533725455,-2.0943999999999994,0.5808328136910118,0.2778824594396787,0.11054322256267535,2.5444437451708134e-14,0.41648302097216755,0.5423039641050127,0.7904777705903718,reachable_success,91.61855304868554,2.5444437451708134e-14
369,transfer,high,0.7998353885,-10.0,False,tiago_sew,SUCCESS_EXACT,tiago_semi_analytic,c96a32d,median-body-4344-torso015-J1-root-robot-zminus020-v5,wrist_center,gripper_grasping_frame,seed-9-wrist-0-boundary,327.6326999766752,,1.8198847076685847,0.029848788163466936,-1.986393584121661,1.654809552488989,0.4954416755007998,-0.49926164179775356,-2.0943999999999994,0.7126808621144125,0.340335274968668,0.13474127266064326,2.5444437451708134e-14,0.4184690279432852,0.5454379766251176,0.7897408817108185,reachable_success,91.6135636111137,2.5444437451708134e-14
370,transfer,high,0.7999938665,-10.0,False,tiago_sew,SUCCESS_EXACT,tiago_semi_analytic,c96a32d,median-body-4344-torso015-J1-root-robot-zminus020-v5,wrist_center,gripper_grasping_frame,seed-2-wrist-0-boundary,343.17689994350076,,1.8252823590856169,0.034921740845392325,-1.981388491087977,1.642936722365634,0.49617268740689574,-0.49572399392297234,-2.0943999999999994,0.9164211740029877,0.43674758167246563,0.17235796852283938,2.5444437451708134e-14,0.4207766693110624,0.5490402669239525,0.7896600866016166,reachable_success,91.57167971412059,2.5444437451708134e-14
371,transfer,high,0.8005650335,-10.0,False,tiago_sew,NUMERICAL_FAILURE,tiago_semi_analytic,c96a32d,median-body-4344-torso015-J1-root-robot-zminus020-v5,wrist_center,gripper_grasping_frame,,249.35910000931472,no exact or boundary-refined wrist branch met strict wrist-center/orientation/SEW tolerances,,,,,,,,,,,,,,,oracle_inconclusive,,
372,transfer,high,0.8010246585,-10.0,False,tiago_sew,NUMERICAL_FAILURE,tiago_semi_analytic,c96a32d,median-body-4344-torso015-J1-root-robot-zminus020-v5,wrist_center,gripper_grasping_frame,,297.5385000463575,no exact or boundary-refined wrist branch met strict wrist-center/orientation/SEW tolerances,,,,,,,,,,,,,,,oracle_inconclusive,,
373,transfer,high,0.8011165775,-10.0,False,tiago_sew,NUMERICAL_FAILURE,tiago_semi_analytic,c96a32d,median-body-4344-torso015-J1-root-robot-zminus020-v5,wrist_center,gripper_grasping_frame,,244.30459993891418,no exact or boundary-refined wrist branch met strict wrist-center/orientation/SEW tolerances,,,,,,,,,,,,,,,oracle_inconclusive,,
374,transfer,high,0.8015430914999999,-10.0,False,tiago_sew,NUMERICAL_FAILURE,tiago_semi_analytic,c96a32d,median-body-4344-torso015-J1-root-robot-zminus020-v5,wrist_center,gripper_grasping_frame,,249.69159997999668,no exact or boundary-refined wrist branch met strict wrist-center/orientation/SEW tolerances,,,,,,,,,,,,,,,oracle_inconclusive,,
375,transfer,high,0.8018908695,-10.0,False,tiago_sew,NUMERICAL_FAILURE,tiago_semi_analytic,c96a32d,median-body-4344-torso015-J1-root-robot-zminus020-v5,wrist_center,gripper_grasping_frame,,320.34590002149343,no exact or boundary-refined wrist branch met strict wrist-center/orientation/SEW tolerances,,,,,,,,,,,,,,,oracle_inconclusive,,
376,transfer,high,0.8020408325,-10.0,False,tiago_sew,NUMERICAL_FAILURE,tiago_semi_analytic,c96a32d,median-body-4344-torso015-J1-root-robot-zminus020-v5,wrist_center,gripper_grasping_frame,,272.6121998857707,no exact or boundary-refined wrist branch met strict wrist-center/orientation/SEW tolerances,,,,,,,,,,,,,,,oracle_inconclusive,,
377,transfer,high,0.8024731445,-10.0,False,tiago_sew,NUMERICAL_FAILURE,tiago_semi_analytic,c96a32d,median-body-4344-torso015-J1-root-robot-zminus020-v5,wrist_center,gripper_grasping_frame,,258.72240005992353,no exact or boundary-refined wrist branch met strict wrist-center/orientation/SEW tolerances,,,,,,,,,,,,,,,oracle_inconclusive,,
378,transfer,high,0.8027194824999999,-10.0,False,tiago_sew,NUMERICAL_FAILURE,tiago_semi_analytic,c96a32d,median-body-4344-torso015-J1-root-robot-zminus020-v5,wrist_center,gripper_grasping_frame,,230.82489997614175,no exact or boundary-refined wrist branch met strict wrist-center/orientation/SEW tolerances,,,,,,,,,,,,,,,oracle_inconclusive,,
379,transfer,high,0.8029448855,-10.0,False,tiago_sew,NUMERICAL_FAILURE,tiago_semi_analytic,c96a32d,median-body-4344-torso015-J1-root-robot-zminus020-v5,wrist_center,gripper_grasping_frame,,307.8945999732241,no exact or boundary-refined wrist branch met strict wrist-center/orientation/SEW tolerances,,,,,,,,,,,,,,,oracle_inconclusive,,
380,transfer,high,0.8032651975,-10.0,False,tiago_sew,NUMERICAL_FAILURE,tiago_semi_analytic,c96a32d,median-body-4344-torso015-J1-root-robot-zminus020-v5,wrist_center,gripper_grasping_frame,,306.36010004673153,no exact or boundary-refined wrist branch met strict wrist-center/orientation/SEW tolerances,,,,,,,,,,,,,,,oracle_inconclusive,,
381,transfer,high,0.8035154725,-10.0,False,tiago_sew,NUMERICAL_FAILURE,tiago_semi_analytic,c96a32d,median-body-4344-torso015-J1-root-robot-zminus020-v5,wrist_center,gripper_grasping_frame,,306.42130004707724,no exact or boundary-refined wrist branch met strict wrist-center/orientation/SEW tolerances,,,,,,,,,,,,,,,oracle_inconclusive,,
382,transfer,high,0.8036639105,-10.0,False,tiago_sew,NUMERICAL_FAILURE,tiago_semi_analytic,c96a32d,median-body-4344-torso015-J1-root-robot-zminus020-v5,wrist_center,gripper_grasping_frame,,336.7400999413803,no exact or boundary-refined wrist branch met strict wrist-center/orientation/SEW tolerances,,,,,,,,,,,,,,,oracle_inconclusive,,
383,transfer,high,0.8039724125000001,-10.0,False,tiago_sew,NUMERICAL_FAILURE,tiago_semi_analytic,c96a32d,median-body-4344-torso015-J1-root-robot-zminus020-v5,wrist_center,gripper_grasping_frame,,183.695700019598,no exact or boundary-refined wrist branch met strict wrist-center/orientation/SEW tolerances,,,,,,,,,,,,,,,oracle_inconclusive,,
384,transfer,high,0.8044049375,-10.0,False,tiago_sew,NUMERICAL_FAILURE,tiago_semi_analytic,c96a32d,median-body-4344-torso015-J1-root-robot-zminus020-v5,wrist_center,gripper_grasping_frame,,306.6257999744266,no exact or boundary-refined wrist branch met strict wrist-center/orientation/SEW tolerances,,,,,,,,,,,,,,,oracle_inconclusive,,
385,transfer,high,0.8045001835,-10.0,False,tiago_sew,NUMERICAL_FAILURE,tiago_semi_analytic,c96a32d,median-body-4344-torso015-J1-root-robot-zminus020-v5,wrist_center,gripper_grasping_frame,,321.6661000624299,no exact or boundary-refined wrist branch met strict wrist-center/orientation/SEW tolerances,,,,,,,,,,,,,,,oracle_inconclusive,,
386,transfer,high,0.8048937995000001,-10.0,False,tiago_sew,NUMERICAL_FAILURE,tiago_semi_analytic,c96a32d,median-body-4344-torso015-J1-root-robot-zminus020-v5,wrist_center,gripper_grasping_frame,,309.621199965477,no exact or boundary-refined wrist branch met strict wrist-center/orientation/SEW tolerances,,,,,,,,,,,,,,,oracle_inconclusive,,
387,transfer,high,0.8054254765,-10.0,False,tiago_sew,NUMERICAL_FAILURE,tiago_semi_analytic,c96a32d,median-body-4344-torso015-J1-root-robot-zminus020-v5,wrist_center,gripper_grasping_frame,,144.76350008044392,no exact or boundary-refined wrist branch met strict wrist-center/orientation/SEW tolerances,,,,,,,,,,,,,,,oracle_inconclusive,,
388,transfer,high,0.8055380255,-10.0,False,tiago_sew,NUMERICAL_FAILURE,tiago_semi_analytic,c96a32d,median-body-4344-torso015-J1-root-robot-zminus020-v5,wrist_center,gripper_grasping_frame,,148.10549991670996,no exact or boundary-refined wrist branch met strict wrist-center/orientation/SEW tolerances,,,,,,,,,,,,,,,oracle_inconclusive,,
389,transfer,high,0.8060549625,-10.0,False,tiago_sew,NUMERICAL_FAILURE,tiago_semi_analytic,c96a32d,median-body-4344-torso015-J1-root-robot-zminus020-v5,wrist_center,gripper_grasping_frame,,148.3631000155583,no exact or boundary-refined wrist branch met strict wrist-center/orientation/SEW tolerances,,,,,,,,,,,,,,,oracle_inconclusive,,
390,transfer,high,0.8067693485,-10.0,False,tiago_sew,NUMERICAL_FAILURE,tiago_semi_analytic,c96a32d,median-body-4344-torso015-J1-root-robot-zminus020-v5,wrist_center,gripper_grasping_frame,,209.23210005275905,no exact or boundary-refined wrist branch met strict wrist-center/orientation/SEW tolerances,,,,,,,,,,,,,,,oracle_inconclusive,,
391,transfer,high,0.8069861455,-10.0,False,tiago_sew,NUMERICAL_FAILURE,tiago_semi_analytic,c96a32d,median-body-4344-torso015-J1-root-robot-zminus020-v5,wrist_center,gripper_grasping_frame,,343.15450000576675,no exact or boundary-refined wrist branch met strict wrist-center/orientation/SEW tolerances,,,,,,,,,,,,,,,oracle_inconclusive,,
392,transfer,high,0.8075090635,-10.0,False,tiago_sew,NUMERICAL_FAILURE,tiago_semi_analytic,c96a32d,median-body-4344-torso015-J1-root-robot-zminus020-v5,wrist_center,gripper_grasping_frame,,197.42689991835505,no exact or boundary-refined wrist branch met strict wrist-center/orientation/SEW tolerances,,,,,,,,,,,,,,,oracle_inconclusive,,
393,transfer,high,0.8081081545,-10.0,False,tiago_sew,NUMERICAL_FAILURE,tiago_semi_analytic,c96a32d,median-body-4344-torso015-J1-root-robot-zminus020-v5,wrist_center,gripper_grasping_frame,,317.50510004349053,no exact or boundary-refined wrist branch met strict wrist-center/orientation/SEW tolerances,,,,,,,,,,,,,,,oracle_inconclusive,,
394,transfer,high,0.8085195615,-10.0,False,tiago_sew,NUMERICAL_FAILURE,tiago_semi_analytic,c96a32d,median-body-4344-torso015-J1-root-robot-zminus020-v5,wrist_center,gripper_grasping_frame,,294.34450005646795,no exact or boundary-refined wrist branch met strict wrist-center/orientation/SEW tolerances,,,,,,,,,,,,,,,oracle_inconclusive,,
395,transfer,high,0.8091150205,-10.0,False,tiago_sew,NUMERICAL_FAILURE,tiago_semi_analytic,c96a32d,median-body-4344-torso015-J1-root-robot-zminus020-v5,wrist_center,gripper_grasping_frame,,314.23909997101873,no exact or boundary-refined wrist branch met strict wrist-center/orientation/SEW tolerances,,,,,,,,,,,,,,,oracle_inconclusive,,
396,transfer,high,0.8096687315,-10.0,False,tiago_sew,NUMERICAL_FAILURE,tiago_semi_analytic,c96a32d,median-body-4344-torso015-J1-root-robot-zminus020-v5,wrist_center,gripper_grasping_frame,,318.41259996872395,no exact or boundary-refined wrist branch met strict wrist-center/orientation/SEW tolerances,,,,,,,,,,,,,,,oracle_inconclusive,,
397,transfer,high,0.8101795655,-10.0,False,tiago_sew,NUMERICAL_FAILURE,tiago_semi_analytic,c96a32d,median-body-4344-torso015-J1-root-robot-zminus020-v5,wrist_center,gripper_grasping_frame,,288.5356000624597,no exact or boundary-refined wrist branch met strict wrist-center/orientation/SEW tolerances,,,,,,,,,,,,,,,oracle_inconclusive,,
398,transfer,high,0.8108908085,-10.0,False,tiago_sew,NUMERICAL_FAILURE,tiago_semi_analytic,c96a32d,median-body-4344-torso015-J1-root-robot-zminus020-v5,wrist_center,gripper_grasping_frame,,316.4115999825299,no exact or boundary-refined wrist branch met strict wrist-center/orientation/SEW tolerances,,,,,,,,,,,,,,,oracle_inconclusive,,
399,transfer,high,0.8115256655,-10.0,False,tiago_sew,NUMERICAL_FAILURE,tiago_semi_analytic,c96a32d,median-body-4344-torso015-J1-root-robot-zminus020-v5,wrist_center,gripper_grasping_frame,,310.56879996322095,no exact or boundary-refined wrist branch met strict wrist-center/orientation/SEW tolerances,,,,,,,,,,,,,,,oracle_inconclusive,,
400,transfer,high,0.8117388915,-10.0,False,tiago_sew,NUMERICAL_FAILURE,tiago_semi_analytic,c96a32d,median-body-4344-torso015-J1-root-robot-zminus020-v5,wrist_center,gripper_grasping_frame,,310.04359992221,no exact or boundary-refined wrist branch met strict wrist-center/orientation/SEW tolerances,,,,,,,,,,,,,,,oracle_inconclusive,,
401,transfer,high,0.8123942565,-10.0,False,tiago_sew,NUMERICAL_FAILURE,tiago_semi_analytic,c96a32d,median-body-4344-torso015-J1-root-robot-zminus020-v5,wrist_center,gripper_grasping_frame,,310.36649993620813,no exact or boundary-refined wrist branch met strict wrist-center/orientation/SEW tolerances,,,,,,,,,,,,,,,oracle_inconclusive,,
402,transfer,high,0.8131295475,-10.0,False,tiago_sew,NUMERICAL_FAILURE,tiago_semi_analytic,c96a32d,median-body-4344-torso015-J1-root-robot-zminus020-v5,wrist_center,gripper_grasping_frame,,306.11010000575334,no exact or boundary-refined wrist branch met strict wrist-center/orientation/SEW tolerances,,,,,,,,,,,,,,,oracle_inconclusive,,
403,transfer,high,0.8133850715,-10.0,False,tiago_sew,NUMERICAL_FAILURE,tiago_semi_analytic,c96a32d,median-body-4344-torso015-J1-root-robot-zminus020-v5,wrist_center,gripper_grasping_frame,,306.4885000931099,no exact or boundary-refined wrist branch met strict wrist-center/orientation/SEW tolerances,,,,,,,,,,,,,,,oracle_inconclusive,,
404,transfer,high,0.8138011475,-10.0,False,tiago_sew,NUMERICAL_FAILURE,tiago_semi_analytic,c96a32d,median-body-4344-torso015-J1-root-robot-zminus020-v5,wrist_center,gripper_grasping_frame,,305.78609998337924,no exact or boundary-refined wrist branch met strict wrist-center/orientation/SEW tolerances,,,,,,,,,,,,,,,oracle_inconclusive,,
405,transfer,high,0.8144683534999999,-10.0,False,tiago_sew,NUMERICAL_FAILURE,tiago_semi_analytic,c96a32d,median-body-4344-torso015-J1-root-robot-zminus020-v5,wrist_center,gripper_grasping_frame,,326.61350001581013,no exact or boundary-refined wrist branch met strict wrist-center/orientation/SEW tolerances,,,,,,,,,,,,,,,oracle_inconclusive,,
406,transfer,high,0.8149061285,-10.0,False,tiago_sew,NUMERICAL_FAILURE,tiago_semi_analytic,c96a32d,median-body-4344-torso015-J1-root-robot-zminus020-v5,wrist_center,gripper_grasping_frame,,306.81859992910177,no exact or boundary-refined wrist branch met strict wrist-center/orientation/SEW tolerances,,,,,,,,,,,,,,,oracle_inconclusive,,
407,transfer,high,0.8150993955,-10.0,False,tiago_sew,NUMERICAL_FAILURE,tiago_semi_analytic,c96a32d,median-body-4344-torso015-J1-root-robot-zminus020-v5,wrist_center,gripper_grasping_frame,,308.58359998092055,no exact or boundary-refined wrist branch met strict wrist-center/orientation/SEW tolerances,,,,,,,,,,,,,,,oracle_inconclusive,,
408,transfer,high,0.8153463445,-10.0,False,tiago_sew,NUMERICAL_FAILURE,tiago_semi_analytic,c96a32d,median-body-4344-torso015-J1-root-robot-zminus020-v5,wrist_center,gripper_grasping_frame,,301.775399944745,no exact or boundary-refined wrist branch met strict wrist-center/orientation/SEW tolerances,,,,,,,,,,,,,,,oracle_inconclusive,,
409,transfer,high,0.8155958555,-10.0,False,tiago_sew,NUMERICAL_FAILURE,tiago_semi_analytic,c96a32d,median-body-4344-torso015-J1-root-robot-zminus020-v5,wrist_center,gripper_grasping_frame,,141.07790007255971,no exact or boundary-refined wrist branch met strict wrist-center/orientation/SEW tolerances,,,,,,,,,,,,,,,oracle_inconclusive,,
410,transfer,high,0.8159253545,-10.0,False,tiago_sew,NUMERICAL_FAILURE,tiago_semi_analytic,c96a32d,median-body-4344-torso015-J1-root-robot-zminus020-v5,wrist_center,gripper_grasping_frame,,143.5025999089703,no exact or boundary-refined wrist branch met strict wrist-center/orientation/SEW tolerances,,,,,,,,,,,,,,,oracle_inconclusive,,
411,transfer,high,0.8162156675,-10.0,False,tiago_sew,NUMERICAL_FAILURE,tiago_semi_analytic,c96a32d,median-body-4344-torso015-J1-root-robot-zminus020-v5,wrist_center,gripper_grasping_frame,,142.41699990816414,no exact or boundary-refined wrist branch met strict wrist-center/orientation/SEW tolerances,,,,,,,,,,,,,,,oracle_inconclusive,,
412,transfer,high,0.8162750244999999,-10.0,False,tiago_sew,NUMERICAL_FAILURE,tiago_semi_analytic,c96a32d,median-body-4344-torso015-J1-root-robot-zminus020-v5,wrist_center,gripper_grasping_frame,,142.2929000109434,no exact or boundary-refined wrist branch met strict wrist-center/orientation/SEW tolerances,,,,,,,,,,,,,,,oracle_inconclusive,,
413,transfer,high,0.8164742125,-10.0,False,tiago_sew,NUMERICAL_FAILURE,tiago_semi_analytic,c96a32d,median-body-4344-torso015-J1-root-robot-zminus020-v5,wrist_center,gripper_grasping_frame,,142.91669998783618,no exact or boundary-refined wrist branch met strict wrist-center/orientation/SEW tolerances,,,,,,,,,,,,,,,oracle_inconclusive,,
414,transfer,high,0.8165259094999999,-10.0,False,tiago_sew,NUMERICAL_FAILURE,tiago_semi_analytic,c96a32d,median-body-4344-torso015-J1-root-robot-zminus020-v5,wrist_center,gripper_grasping_frame,,326.1914999457076,no exact or boundary-refined wrist branch met strict wrist-center/orientation/SEW tolerances,,,,,,,,,,,,,,,oracle_inconclusive,,
415,transfer,high,0.8166980285000001,-10.0,False,tiago_sew,NUMERICAL_FAILURE,tiago_semi_analytic,c96a32d,median-body-4344-torso015-J1-root-robot-zminus020-v5,wrist_center,gripper_grasping_frame,,326.3211000012234,no exact or boundary-refined wrist branch met strict wrist-center/orientation/SEW tolerances,,,,,,,,,,,,,,,oracle_inconclusive,,
416,transfer,high,0.8168557745,-10.0,False,tiago_sew,NUMERICAL_FAILURE,tiago_semi_analytic,c96a32d,median-body-4344-torso015-J1-root-robot-zminus020-v5,wrist_center,gripper_grasping_frame,,321.4268999872729,no exact or boundary-refined wrist branch met strict wrist-center/orientation/SEW tolerances,,,,,,,,,,,,,,,oracle_inconclusive,,
417,transfer,high,0.8168977055,-10.0,False,tiago_sew,NUMERICAL_FAILURE,tiago_semi_analytic,c96a32d,median-body-4344-torso015-J1-root-robot-zminus020-v5,wrist_center,gripper_grasping_frame,,308.15729999449104,no exact or boundary-refined wrist branch met strict wrist-center/orientation/SEW tolerances,,,,,,,,,,,,,,,oracle_inconclusive,,
418,transfer,high,0.8170822455,-10.0,False,tiago_sew,NUMERICAL_FAILURE,tiago_semi_analytic,c96a32d,median-body-4344-torso015-J1-root-robot-zminus020-v5,wrist_center,gripper_grasping_frame,,304.16639999020845,no exact or boundary-refined wrist branch met strict wrist-center/orientation/SEW tolerances,,,,,,,,,,,,,,,oracle_inconclusive,,
419,transfer,high,0.8170653685,-10.0,False,tiago_sew,NUMERICAL_FAILURE,tiago_semi_analytic,c96a32d,median-body-4344-torso015-J1-root-robot-zminus020-v5,wrist_center,gripper_grasping_frame,,302.6856000069529,no exact or boundary-refined wrist branch met strict wrist-center/orientation/SEW tolerances,,,,,,,,,,,,,,,oracle_inconclusive,,
420,transfer,high,0.8172015994999999,-10.0,False,tiago_sew,NUMERICAL_FAILURE,tiago_semi_analytic,c96a32d,median-body-4344-torso015-J1-root-robot-zminus020-v5,wrist_center,gripper_grasping_frame,,304.01680001523346,no exact or boundary-refined wrist branch met strict wrist-center/orientation/SEW tolerances,,,,,,,,,,,,,,,oracle_inconclusive,,
421,transfer,high,0.8173605344999999,-10.0,False,tiago_sew,NUMERICAL_FAILURE,tiago_semi_analytic,c96a32d,median-body-4344-torso015-J1-root-robot-zminus020-v5,wrist_center,gripper_grasping_frame,,313.9833000022918,no exact or boundary-refined wrist branch met strict wrist-center/orientation/SEW tolerances,,,,,,,,,,,,,,,oracle_inconclusive,,
422,transfer,high,0.8173518065,-10.0,False,tiago_sew,NUMERICAL_FAILURE,tiago_semi_analytic,c96a32d,median-body-4344-torso015-J1-root-robot-zminus020-v5,wrist_center,gripper_grasping_frame,,301.55189998913556,no exact or boundary-refined wrist branch met strict wrist-center/orientation/SEW tolerances,,,,,,,,,,,,,,,oracle_inconclusive,,
423,transfer,high,0.8173263555,-10.0,False,tiago_sew,NUMERICAL_FAILURE,tiago_semi_analytic,c96a32d,median-body-4344-torso015-J1-root-robot-zminus020-v5,wrist_center,gripper_grasping_frame,,303.0995998997241,no exact or boundary-refined wrist branch met strict wrist-center/orientation/SEW tolerances,,,,,,,,,,,,,,,oracle_inconclusive,,
424,transfer,high,0.8173349305,-10.0,False,tiago_sew,NUMERICAL_FAILURE,tiago_semi_analytic,c96a32d,median-body-4344-torso015-J1-root-robot-zminus020-v5,wrist_center,gripper_grasping_frame,,310.79669995233417,no exact or boundary-refined wrist branch met strict wrist-center/orientation/SEW tolerances,,,,,,,,,,,,,,,oracle_inconclusive,,
425,transfer,high,0.8172401734999999,-10.0,False,tiago_sew,NUMERICAL_FAILURE,tiago_semi_analytic,c96a32d,median-body-4344-torso015-J1-root-robot-zminus020-v5,wrist_center,gripper_grasping_frame,,311.3067999947816,no exact or boundary-refined wrist branch met strict wrist-center/orientation/SEW tolerances,,,,,,,,,,,,,,,oracle_inconclusive,,
426,transfer,high,0.8172535405,-10.0,False,tiago_sew,NUMERICAL_FAILURE,tiago_semi_analytic,c96a32d,median-body-4344-torso015-J1-root-robot-zminus020-v5,wrist_center,gripper_grasping_frame,,302.9195999260992,no exact or boundary-refined wrist branch met strict wrist-center/orientation/SEW tolerances,,,,,,,,,,,,,,,oracle_inconclusive,,
427,transfer,high,0.8172003784999999,-10.0,False,tiago_sew,NUMERICAL_FAILURE,tiago_semi_analytic,c96a32d,median-body-4344-torso015-J1-root-robot-zminus020-v5,wrist_center,gripper_grasping_frame,,310.08900003507733,no exact or boundary-refined wrist branch met strict wrist-center/orientation/SEW tolerances,,,,,,,,,,,,,,,oracle_inconclusive,,
428,transfer,high,0.8170500494999999,-10.0,False,tiago_sew,NUMERICAL_FAILURE,tiago_semi_analytic,c96a32d,median-body-4344-torso015-J1-root-robot-zminus020-v5,wrist_center,gripper_grasping_frame,,307.9494000412524,no exact or boundary-refined wrist branch met strict wrist-center/orientation/SEW tolerances,,,,,,,,,,,,,,,oracle_inconclusive,,
429,transfer,high,0.8169959105,-10.0,False,tiago_sew,NUMERICAL_FAILURE,tiago_semi_analytic,c96a32d,median-body-4344-torso015-J1-root-robot-zminus020-v5,wrist_center,gripper_grasping_frame,,311.79349997546524,no exact or boundary-refined wrist branch met strict wrist-center/orientation/SEW tolerances,,,,,,,,,,,,,,,oracle_inconclusive,,
430,transfer,high,0.8169910895,-10.0,False,tiago_sew,NUMERICAL_FAILURE,tiago_semi_analytic,c96a32d,median-body-4344-torso015-J1-root-robot-zminus020-v5,wrist_center,gripper_grasping_frame,,300.58200005441904,no exact or boundary-refined wrist branch met strict wrist-center/orientation/SEW tolerances,,,,,,,,,,,,,,,oracle_inconclusive,,
431,transfer,high,0.8168885195,-10.0,False,tiago_sew,NUMERICAL_FAILURE,tiago_semi_analytic,c96a32d,median-body-4344-torso015-J1-root-robot-zminus020-v5,wrist_center,gripper_grasping_frame,,297.78210003860295,no exact or boundary-refined wrist branch met strict wrist-center/orientation/SEW tolerances,,,,,,,,,,,,,,,oracle_inconclusive,,
432,transfer,high,0.8167609865000001,-10.0,False,tiago_sew,NUMERICAL_FAILURE,tiago_semi_analytic,c96a32d,median-body-4344-torso015-J1-root-robot-zminus020-v5,wrist_center,gripper_grasping_frame,,298.09030005708337,no exact or boundary-refined wrist branch met strict wrist-center/orientation/SEW tolerances,,,,,,,,,,,,,,,oracle_inconclusive,,
433,transfer,high,0.8164384764999999,-10.0,False,tiago_sew,NUMERICAL_FAILURE,tiago_semi_analytic,c96a32d,median-body-4344-torso015-J1-root-robot-zminus020-v5,wrist_center,gripper_grasping_frame,,295.60690000653267,no exact or boundary-refined wrist branch met strict wrist-center/orientation/SEW tolerances,,,,,,,,,,,,,,,oracle_inconclusive,,
434,withdrawal,high,0.8176042484999999,-10.0,False,tiago_sew,NUMERICAL_FAILURE,tiago_semi_analytic,c96a32d,median-body-4344-torso015-J1-root-robot-zminus020-v5,wrist_center,gripper_grasping_frame,,279.03299999888986,no exact or boundary-refined wrist branch met strict wrist-center/orientation/SEW tolerances,,,,,,,,,,,,,,,oracle_inconclusive,,
435,withdrawal,high,0.8175350345,-10.0,False,tiago_sew,NUMERICAL_FAILURE,tiago_semi_analytic,c96a32d,median-body-4344-torso015-J1-root-robot-zminus020-v5,wrist_center,gripper_grasping_frame,,311.3230000017211,no exact or boundary-refined wrist branch met strict wrist-center/orientation/SEW tolerances,,,,,,,,,,,,,,,oracle_inconclusive,,
436,withdrawal,high,0.8174158025,-10.0,False,tiago_sew,NUMERICAL_FAILURE,tiago_semi_analytic,c96a32d,median-body-4344-torso015-J1-root-robot-zminus020-v5,wrist_center,gripper_grasping_frame,,301.24960001558065,no exact or boundary-refined wrist branch met strict wrist-center/orientation/SEW tolerances,,,,,,,,,,,,,,,oracle_inconclusive,,
437,withdrawal,high,0.8172959595,-10.0,False,tiago_sew,NUMERICAL_FAILURE,tiago_semi_analytic,c96a32d,median-body-4344-torso015-J1-root-robot-zminus020-v5,wrist_center,gripper_grasping_frame,,299.8772000428289,no exact or boundary-refined wrist branch met strict wrist-center/orientation/SEW tolerances,,,,,,,,,,,,,,,oracle_inconclusive,,
438,withdrawal,high,0.8172320255000001,-10.0,False,tiago_sew,NUMERICAL_FAILURE,tiago_semi_analytic,c96a32d,median-body-4344-torso015-J1-root-robot-zminus020-v5,wrist_center,gripper_grasping_frame,,298.94449992571026,no exact or boundary-refined wrist branch met strict wrist-center/orientation/SEW tolerances,,,,,,,,,,,,,,,oracle_inconclusive,,
439,withdrawal,high,0.8171201175,-10.0,False,tiago_sew,NUMERICAL_FAILURE,tiago_semi_analytic,c96a32d,median-body-4344-torso015-J1-root-robot-zminus020-v5,wrist_center,gripper_grasping_frame,,302.8374999994412,no exact or boundary-refined wrist branch met strict wrist-center/orientation/SEW tolerances,,,,,,,,,,,,,,,oracle_inconclusive,,
440,withdrawal,high,0.8171036375,-10.0,False,tiago_sew,NUMERICAL_FAILURE,tiago_semi_analytic,c96a32d,median-body-4344-torso015-J1-root-robot-zminus020-v5,wrist_center,gripper_grasping_frame,,296.2301999796182,no exact or boundary-refined wrist branch met strict wrist-center/orientation/SEW tolerances,,,,,,,,,,,,,,,oracle_inconclusive,,
441,withdrawal,high,0.8170548095,-10.0,False,tiago_sew,SUCCESS_EXACT,tiago_semi_analytic,c96a32d,median-body-4344-torso015-J1-root-robot-zminus020-v5,wrist_center,gripper_grasping_frame,seed-12-wrist-0-boundary,287.6696999883279,,2.021399996234996,0.13421164325654728,-1.9133023112593965,1.2632050310338738,0.4270380348080282,-0.5346618839593205,-2.0943999999999994,0.7695945846716649,0.30985836963453556,0.08724326113677934,2.5444437451708134e-14,0.4802411686002341,0.6458290699229766,0.7899671883933064,reachable_success,95.53280352613885,2.5444437451708134e-14
442,withdrawal,high,0.8170563665,-10.0,False,tiago_sew,SUCCESS_EXACT,tiago_semi_analytic,c96a32d,median-body-4344-torso015-J1-root-robot-zminus020-v5,wrist_center,gripper_grasping_frame,seed-12-wrist-0-boundary,330.9849000070244,,2.019131850571036,0.1339611937777969,-1.9137529760420156,1.265522454873541,0.42849494600513316,-0.5378290250853285,-2.0943999999999994,0.5122644180523717,0.20660368816227812,0.058449239086642124,2.5444437451708134e-14,0.48022790879063904,0.6447379208939019,0.7894854123396597,reachable_success,95.4493286634194,2.5444437451708134e-14
443,withdrawal,high,0.8169669195,-10.0,False,tiago_sew,SUCCESS_EXACT,tiago_semi_analytic,c96a32d,median-body-4344-torso015-J1-root-robot-zminus020-v5,wrist_center,gripper_grasping_frame,seed-12-wrist-0-boundary,294.8166000423953,,2.016236854911277,0.13295528103512183,-1.9149595916967017,1.2692031956832217,0.4277570051970922,-0.5368930064250239,-2.0943999999999994,0.22630191339193725,0.0914646419154901,0.025891455652634905,2.5444437451708134e-14,0.48051175054421236,0.6435351348707627,0.7897266982169532,reachable_success,95.4916095572506,2.5444437451708134e-14
444,withdrawal,high,0.8168153385,-10.0,False,tiago_sew,SUCCESS_EXACT,tiago_semi_analytic,c96a32d,median-body-4344-torso015-J1-root-robot-zminus020-v5,wrist_center,gripper_grasping_frame,seed-12-wrist-0-boundary,294.5265000453219,,2.0125801209513354,0.1311397126935046,-1.9170314619249917,1.2747841070760968,0.42373907737473054,-0.5341208243561869,-2.0943999999999994,0.0881138516343066,0.03570537372585751,0.010049469228748392,2.5444437451708134e-14,0.48086553783476016,0.6420725639302022,0.7902437140235573,reachable_success,95.72181986386012,2.5444437451708134e-14
445,withdrawal,high,0.8165024415,-10.0,False,tiago_sew,SUCCESS_EXACT,tiago_semi_analytic,c96a32d,median-body-4344-torso015-J1-root-robot-zminus020-v5,wrist_center,gripper_grasping_frame,seed-12-wrist-0-boundary,284.8091999767348,,2.009094067926726,0.13029452894960375,-1.9171697428109213,1.2801133278878867,0.4221346323325222,-0.5295268166758533,-2.094399999999723,0.03481627659342874,0.014147509582134224,0.0039805281097946895,1.585188453241417e-11,0.4810717558898996,0.6408532289996077,0.7906614454713085,reachable_success,95.81374779323934,1.585188453241417e-11
446,withdrawal,high,0.8162549445,-10.0,False,tiago_sew,SUCCESS_EXACT,tiago_semi_analytic,c96a32d,median-body-4344-torso015-J1-root-robot-zminus020-v5,wrist_center,gripper_grasping_frame,seed-12-wrist-0-boundary,292.2843999695033,,2.0047921744518207,0.12920970318747613,-1.9178645712835005,1.2868606272154246,0.4232320034040476,-0.5291119995238985,-2.094399999824482,0.0006337553160506075,0.0002586001096472193,7.324653905099865e-05,1.0056430458476057e-08,0.4805624524760778,0.6390459626343954,0.7905258584497379,reachable_success,95.75087306228119,1.0056430458476057e-08
447,withdrawal,high,0.8160354925,-10.0,False,tiago_sew,SUCCESS_EXACT,tiago_semi_analytic,c96a32d,median-body-4344-torso015-J1-root-robot-zminus020-v5,wrist_center,gripper_grasping_frame,seed-0-wrist-0,3.320900024846196,,2.000212725845377,0.128775092872496,-1.9177598828722442,1.2935459595747036,0.42367993748802535,-0.5284568365761628,-2.0935068917539024,5.551115123125783e-14,5.78752095309663e-14,2.5444437451708134e-14,0.05117133314971525,0.4802816018341976,0.6371983472900686,0.7902831249953741,reachable_success,95.7252083297692,0.05117133314971525
448,withdrawal,high,0.8159149175,-10.0,False,tiago_sew,SUCCESS_EXACT,tiago_semi_analytic,c96a32d,median-body-4344-torso015-J1-root-robot-zminus020-v5,wrist_center,gripper_grasping_frame,seed-0-wrist-0,3.543799975886941,,1.9956196403967117,0.12612256339211822,-1.9210082661406658,1.301326570259094,0.42023113894583775,-0.5285971470994859,-2.091384476456833,1.570092458683775e-13,4.1169299919970594e-14,0.0,0.17277677204580702,0.47993393631427356,0.6351053306136262,0.7904780307414567,reachable_success,95.92280993062742,0.17277677204580702
449,withdrawal,high,0.8157933045,-10.0,False,tiago_sew,SUCCESS_EXACT,tiago_semi_analytic,c96a32d,median-body-4344-torso015-J1-root-robot-zminus020-v5,wrist_center,gripper_grasping_frame,seed-0-wrist-0,3.1967998947948217,,1.9908898193655917,0.12464482750258232,-1.9226496278913474,1.3092329202583313,0.4183229222347924,-0.5306512168649462,-2.0900717251683165,3.14018491736755e-13,4.862218066467741e-14,2.5444437451708134e-14,0.2479918804281498,0.47924360024533297,0.6329639895318613,0.7900472855214612,reachable_success,96.03214269456666,0.2479918804281498
450,withdrawal,high,0.8155849915,-10.0,False,tiago_sew,SUCCESS_EXACT,tiago_semi_analytic,c96a32d,median-body-4344-torso015-J1-root-robot-zminus020-v5,wrist_center,gripper_grasping_frame,seed-0-wrist-0,2.7738999342545867,,1.985412645218926,0.12256550408722926,-1.9247995592366556,1.3180149622286275,0.41290638845422833,-0.5344353390772292,-2.082650127218444,4.154074181055224e-13,7.174683221802488e-14,2.5444437451708134e-14,0.6732181201987956,0.47887831791109364,0.6304651420795234,0.7891515657615157,reachable_success,96.34248721978302,0.6732181201987956
451,withdrawal,high,0.8150641175,-10.0,False,tiago_sew,SUCCESS_EXACT,tiago_semi_analytic,c96a32d,median-body-4344-torso015-J1-root-robot-zminus020-v5,wrist_center,gripper_grasping_frame,seed-0-wrist-0,2.7715000323951244,,1.9800437626732912,0.11996339403243515,-1.9265744525725146,1.3276054852434787,0.4092305261070255,-0.5336804645210429,-2.080180066615018,2.482534153247273e-13,4.021703966681488e-14,2.5444437451708134e-14,0.8147421679166443,0.47825064205368156,0.6281797080446408,0.7887861752107187,reachable_success,96.5530986183488,0.8147421679166443
452,withdrawal,high,0.8146621095,-10.0,False,tiago_sew,SUCCESS_EXACT,tiago_semi_analytic,c96a32d,median-body-4344-torso015-J1-root-robot-zminus020-v5,wrist_center,gripper_grasping_frame,seed-0-wrist-0,3.158500068821013,,1.9734977649471874,0.11943454769945384,-1.926028473000149,1.3375798115971234,0.40795173896723114,-0.5305541930318793,-2.0777408439653646,2.482534153247273e-13,6.754834432556621e-14,0.0,0.9544993310344928,0.47790316923280013,0.6256342177734772,0.7886151115408095,reachable_success,96.62636772435462,0.9544993310344928
453,withdrawal,high,0.8142962345,-10.0,False,tiago_sew,SUCCESS_EXACT,tiago_semi_analytic,c96a32d,median-body-4344-torso015-J1-root-robot-zminus020-v5,wrist_center,gripper_grasping_frame,seed-0-wrist-0,3.118599997833371,,1.967346648177947,0.11791823013119973,-1.9268930443165906,1.346526049757114,0.4090970628298978,-0.5309005292289597,-2.078679724014804,1.2412670766236365e-13,2.3949483751706806e-14,5.088887490341627e-14,0.9007054667325922,0.4774084787958844,0.6229778453872776,0.7882000141592814,reachable_success,96.5607455008482,0.9007054667325922
454,withdrawal,high,0.8137507635,-10.0,False,tiago_sew,SUCCESS_EXACT,tiago_semi_analytic,c96a32d,median-body-4344-torso015-J1-root-robot-zminus020-v5,wrist_center,gripper_grasping_frame,seed-0-wrist-0,3.3262999495491385,,1.960282874822265,0.11527135313741427,-1.9286542741456445,1.3586343345350946,0.40594489566500913,-0.527414603416394,-2.07153547314822,2.0014830212433604e-13,1.3843032205428173e-14,0.0,1.310040889170523,0.4766871127664291,0.6200390795335353,0.7883078288399912,reachable_success,96.74135137571604,1.310040889170523
455,withdrawal,high,0.8132080385,-10.0,False,tiago_sew,SUCCESS_EXACT,tiago_semi_analytic,c96a32d,median-body-4344-torso015-J1-root-robot-zminus020-v5,wrist_center,gripper_grasping_frame,seed-0-wrist-0,2.926400047726929,,1.9535309689502864,0.11283472464181815,-1.9301352164035999,1.3703114484649734,0.4078726711512628,-0.5214732385479799,-2.0726827217737,3.554447978966673e-13,3.904316308200068e-14,0.0,1.2443083848783476,0.47560655501017185,0.6172393263593494,0.7890252300819975,reachable_success,96.63089797650493,1.2443083848783476
456,withdrawal,high,0.8123339235,-10.0,False,tiago_sew,SUCCESS_EXACT,tiago_semi_analytic,c96a32d,median-body-4344-torso015-J1-root-robot-zminus020-v5,wrist_center,gripper_grasping_frame,seed-0-wrist-0,2.7510999934747815,,1.945991695599873,0.10817182075208459,-1.9333278744918967,1.3845704705444508,0.39958200625060947,-0.5049985921977842,-2.067588816884645,3.14018491736755e-13,5.699235291282856e-14,2.5444437451708134e-14,1.536167636262244,0.4755701032992757,0.6144595019284951,0.7914178010086869,reachable_success,97.10591808466961,1.536167636262244
457,withdrawal,high,0.8117846074999999,-10.0,False,tiago_sew,SUCCESS_EXACT,tiago_semi_analytic,c96a32d,median-body-4344-torso015-J1-root-robot-zminus020-v5,wrist_center,gripper_grasping_frame,seed-0-wrist-0,3.2547999871894717,,1.9377752725732336,0.10588774721526316,-1.9345867582590446,1.3979069431519018,0.3965429064796884,-0.5004164943859255,-2.0621634080193427,2.5438405243138007e-13,3.6708695769580315e-14,2.5444437451708134e-14,1.8470206663769266,0.47488873429412715,0.6110417457653763,0.7916376142449585,reachable_success,97.28004567506255,1.8470206663769266
458,withdrawal,high,0.8106003415,-10.0,False,tiago_sew,SUCCESS_EXACT,tiago_semi_analytic,c96a32d,median-body-4344-torso015-J1-root-robot-zminus020-v5,wrist_center,gripper_grasping_frame,seed-0-wrist-0,3.3297999761998653,,1.9292847261395931,0.10129770731345164,-1.9366067822213457,1.4140992608500749,0.38532851873755636,-0.5012537843156655,-2.0488575584787814,2.989366980140908e-13,6.495848774266447e-14,5.088887490341627e-14,2.6093896878871776,0.47364785305803925,0.6073419124394579,0.7900261221441058,reachable_success,97.92258276250996,2.6093896878871776
459,withdrawal,high,0.8098339545,-10.0,False,tiago_sew,SUCCESS_EXACT,tiago_semi_analytic,c96a32d,median-body-4344-torso015-J1-root-robot-zminus020-v5,wrist_center,gripper_grasping_frame,seed-0-wrist-0,3.154100035317242,,1.9204065979673226,0.0969334610320158,-1.9396797199927849,1.4301292665766314,0.3841385091234444,-0.4952073519566689,-2.045003572146088,1.6653345369377348e-13,7.017660671224349e-14,0.0,2.830206839051599,0.47210016611604855,0.6033995594024663,0.7907195611292647,reachable_success,97.99076529097857,2.830206839051599
460,withdrawal,high,0.8086800235,-10.0,False,tiago_sew,SUCCESS_EXACT,tiago_semi_analytic,c96a32d,median-body-4344-torso015-J1-root-robot-zminus020-v5,wrist_center,gripper_grasping_frame,seed-0-wrist-0,3.161099972203374,,1.9103949989109605,0.09293461380070377,-1.9410559279788309,1.448674273313236,0.37365697899660777,-0.49224424569217096,-2.033610998222853,1.1102230246251565e-13,5.244228747731371e-14,0.0,3.482953242643763,0.470636911689038,0.5991314712732698,0.789756027974562,reachable_success,98.59131273008553,3.482953242643763
461,withdrawal,high,0.8075873105,-10.0,False,tiago_sew,SUCCESS_EXACT,tiago_semi_analytic,c96a32d,median-body-4344-torso015-J1-root-robot-zminus020-v5,wrist_center,gripper_grasping_frame,seed-0-wrist-0,2.8517000610008836,,1.9005663830710686,0.08783528211058607,-1.943895499692201,1.4676605598678087,0.3653047255402089,-0.4898421928484842,-2.0246701919660524,2.288783399261119e-13,2.5334142466484856e-14,2.5444437451708134e-14,3.99522370660261,0.46867126926341524,0.5946839166144694,0.7891304534535105,reachable_success,99.06986160256075,3.99522370660261
462,withdrawal,high,0.8063290405000001,-10.0,False,tiago_sew,SUCCESS_EXACT,tiago_semi_analytic,c96a32d,median-body-4344-torso015-J1-root-robot-zminus020-v5,wrist_center,gripper_grasping_frame,seed-0-wrist-0,2.7828000020235777,,1.8890823246631667,0.08496969456261828,-1.9436513989448294,1.4883632942289102,0.3605105243142148,-0.4872762444660683,-2.0191167578202363,5.23691153334427e-13,2.618803211227737e-14,0.0,4.313412044961712,0.4662746832609893,0.5897251960417726,0.7877831344114661,reachable_success,99.34454909894664,4.313412044961712
463,withdrawal,high,0.8050871584999999,-10.0,False,tiago_sew,SUCCESS_EXACT,tiago_semi_analytic,c96a32d,median-body-4344-torso015-J1-root-robot-zminus020-v5,wrist_center,gripper_grasping_frame,seed-0-wrist-0,3.256900003179908,,1.8780791249011841,0.07939264197726494,-1.94652531943237,1.5093146402459512,0.34253835069621186,-0.4882030494344294,-2.003669675083608,1.2412670766236365e-13,6.147587464323572e-14,0.0,5.198464691559902,0.46470616841730983,0.5847447938632087,0.7861128054028766,reachable_success,100.37427879593459,5.198464691559902
464,withdrawal,high,0.8037972105,-10.0,False,tiago_sew,SUCCESS_EXACT,tiago_semi_analytic,c96a32d,median-body-4344-torso015-J1-root-robot-zminus020-v5,wrist_center,gripper_grasping_frame,seed-0-wrist-0,3.4153000451624393,,1.8667240125488092,0.07465182700126706,-1.9482824853379763,1.530784748352222,0.33731628965015403,-0.4885315007865687,-2.0007824683297315,4.4754520913118095e-13,6.791374110612392e-14,0.0,5.363889453138695,0.4618285275003556,0.5794414886929748,0.7846047750163156,reachable_success,100.67348085423338,5.363889453138695
465,withdrawal,high,0.8022009585000001,-10.0,False,tiago_sew,SUCCESS_EXACT,tiago_semi_analytic,c96a32d,median-body-4344-torso015-J1-root-robot-zminus020-v5,wrist_center,gripper_grasping_frame,seed-0-wrist-0,3.2263000030070543,,1.8544546037879577,0.06866792985205424,-1.9504525344661026,1.5550804620392684,0.3206844288659303,-0.4921685757126948,-1.9874181078123812,6.206335383118183e-13,7.225065184756411e-14,0.0,6.129610906674143,0.45909810920196553,0.5736951304711619,0.7819293402549841,reachable_success,101.62641628261854,6.129610906674143
466,withdrawal,high,0.8006700135,-10.0,False,tiago_sew,SUCCESS_EXACT,tiago_semi_analytic,c96a32d,median-body-4344-torso015-J1-root-robot-zminus020-v5,wrist_center,gripper_grasping_frame,seed-0-wrist-0,3.1088999239727855,,1.8421406859348723,0.06085142526372145,-1.9546992616582082,1.5797473019955364,0.31247538690610543,-0.48818011806096795,-1.9871327669292924,9.371360918460988e-13,3.1259138256984574e-14,5.088887490341627e-14,6.145959734997664,0.45588145736844204,0.567701545843762,0.7815369777123661,reachable_success,102.0967597407623,6.145959734997664
467,withdrawal,high,0.7991165465,-10.0,False,tiago_sew,SUCCESS_EXACT,tiago_semi_analytic,c96a32d,median-body-4344-torso015-J1-root-robot-zminus020-v5,wrist_center,gripper_grasping_frame,seed-0-wrist-0,2.676100004464388,,1.8287117391739478,0.055253024491705084,-1.9564937225230246,1.6048976952671279,0.31090494534730606,-0.4867430465025171,-1.988720818711207,7.043575467574348e-13,5.2126869216568474e-14,2.5444437451708134e-14,6.054971070245723,0.45204882737772967,0.5612224148029842,0.7802022614334128,reachable_success,102.18673941405345,6.054971070245723
468,withdrawal,middle,0.7974333495,-10.0,False,tiago_sew,SUCCESS_EXACT,tiago_semi_analytic,c96a32d,median-body-4344-torso015-J1-root-robot-zminus020-v5,wrist_center,gripper_grasping_frame,seed-0-wrist-0,3.02539998665452,,1.8157814965055616,0.047719821999854015,-1.9597811381877628,1.6304259649261708,0.3062094446026853,-0.48406504992568333,-1.9880284900641154,3.5859516244205937e-12,3.302329343760555e-14,7.63333123551244e-14,6.094638579760078,0.44821923928412355,0.5547764331548868,0.779300178293801,reachable_success,102.45577178942075,6.094638579760078
469,withdrawal,middle,0.7956394655,-10.0,False,tiago_sew,SUCCESS_EXACT,tiago_semi_analytic,c96a32d,median-body-4344-torso015-J1-root-robot-zminus020-v5,wrist_center,gripper_grasping_frame,seed-0-wrist-0,3.293900052085519,,1.8020629105121964,0.039138453999810016,-1.9637079662820702,1.657799341552384,0.2988052907452934,-0.48778747147490575,-1.982566752719272,1.002095444777123e-11,5.0346515804767867e-14,2.5444437451708134e-13,6.40757307842859,0.44398356902641045,0.5476498964310224,0.7771019985704362,reachable_success,102.87999855631482,6.40757307842859
470,withdrawal,middle,0.7938693545,-10.0,False,tiago_sew,SUCCESS_EXACT,tiago_semi_analytic,c96a32d,median-body-4344-torso015-J1-root-robot-zminus020-v5,wrist_center,gripper_grasping_frame,seed-0-wrist-0,3.2715999986976385,,1.7883106580065047,0.03034884570699092,-1.9677783248957883,1.6854226232919367,0.28964084943399726,-0.48686967030993333,-1.9787309244963343,2.3653287860520057e-11,8.174550771894024e-14,3.81666561775622e-13,6.627349846540094,0.43992682911916037,0.5405620775387245,0.7758964206944173,reachable_success,103.40508236504742,6.627349846540094
471,withdrawal,middle,0.7921180725,-10.0,False,tiago_sew,SUCCESS_EXACT,tiago_semi_analytic,c96a32d,median-body-4344-torso015-J1-root-robot-zminus020-v5,wrist_center,gripper_grasping_frame,seed-0-wrist-0,3.2256999984383583,,1.773953964934898,0.022608435170379432,-1.9708118989304206,1.713473358335483,0.280729729928912,-0.48913178993688566,-1.9728281794390536,4.898009057049137e-11,4.0184391149753477e-14,3.562221243239139e-13,6.965552225863981,0.43567149403796995,0.5331623452274775,0.7738386553067113,reachable_success,103.91565190342551,6.965552225863981
472,withdrawal,middle,0.7903738714999999,-10.0,False,tiago_sew,SUCCESS_EXACT,tiago_semi_analytic,c96a32d,median-body-4344-torso015-J1-root-robot-zminus020-v5,wrist_center,gripper_grasping_frame,seed-0-wrist-0,2.765999990515411,,1.7597701448783907,0.01193361189967456,-1.9765035607081587,1.7425608483203106,0.25930412477231624,-0.49522820906110665,-1.9612482614553564,9.952102915176033e-11,6.860126378875719e-14,1.9846661212332344e-12,7.629032653437477,0.43213291427365175,0.5255799069626099,0.7715023412226771,reachable_success,105.14324865241218,7.629032653437477
473,withdrawal,middle,0.7885017095,-10.0,False,tiago_sew,SUCCESS_EXACT,tiago_semi_analytic,c96a32d,median-body-4344-torso015-J1-root-robot-zminus020-v5,wrist_center,gripper_grasping_frame,seed-0-wrist-0,2.8506999369710684,,1.7453767223704646,0.001434366673760461,-1.9814491949986233,1.7722097115870914,0.23334009797219224,-0.5034010829112896,-1.9494934276610207,2.295431478463702e-10,1.8768398427809426e-14,3.5622212432391387e-12,8.302535018730659,0.42878465347526745,0.5179572359415128,0.7684610087363267,reachable_success,106.63087780722385,8.302535018730659
474,withdrawal,middle,0.7865282284999999,-10.0,False,tiago_sew,SUCCESS_EXACT,tiago_semi_analytic,c96a32d,median-body-4344-torso015-J1-root-robot-zminus020-v5,wrist_center,gripper_grasping_frame,seed-0-wrist-0,3.3517000265419483,,1.7302118876466954,-0.010165917916207077,-1.9868858137378296,1.8027812303085982,0.2074777934232488,-0.5120580842457114,-1.9431298770962204,4.1391671693243164e-10,8.169620063818511e-14,8.065886672191478e-12,8.667139608811809,0.42550576316925187,0.5098614599777727,0.7654604418299913,reachable_success,108.1126787063603,8.667139608811809
475,withdrawal,middle,0.7847647405,-10.0,False,tiago_sew,SUCCESS_EXACT,tiago_semi_analytic,c96a32d,median-body-4344-torso015-J1-root-robot-zminus020-v5,wrist_center,gripper_grasping_frame,seed-0-wrist-0,3.4707998856902122,,1.7151993383844346,-0.021677091268567896,-1.9927235550821105,1.8331436689402478,0.1718033190312096,-0.5349381714931765,-1.9271245621083928,7.58135641904584e-10,4.1504148217566024e-14,1.47068848470873e-11,9.584176607391813,0.42310590353737826,0.5016377674053549,0.7598633186840041,reachable_success,110.15667552537168,9.584176607391813
476,withdrawal,middle,0.7830656745,-10.0,False,tiago_sew,SUCCESS_EXACT,tiago_semi_analytic,c96a32d,median-body-4344-torso015-J1-root-robot-zminus020-v5,wrist_center,gripper_grasping_frame,seed-0-wrist-0,3.275000024586916,,1.7006484825043298,-0.03437357289720034,-1.9995564005064785,1.8631914421490516,0.13204765519718276,-0.5560982010266273,-1.9137715925591232,1.2201181336456346e-09,3.068550005929874e-14,2.5469881889159843e-11,10.349245406531665,0.42144083583881453,0.4936205242113526,0.7551070742055191,reachable_success,112.4345072748023,10.349245406531665
477,withdrawal,middle,0.7812500305,-10.0,False,tiago_sew,SUCCESS_EXACT,tiago_semi_analytic,c96a32d,median-body-4344-torso015-J1-root-robot-zminus020-v5,wrist_center,gripper_grasping_frame,seed-0-wrist-0,3.3349000150337815,,1.6850073947571105,-0.046431411570919845,-2.0053423463359983,1.894482505056282,0.08920983759204626,-0.5715984466771236,-1.8998371793312998,3.160799072418794e-09,6.73197979410834e-14,7.030298067906957e-11,11.147628474477212,0.4201833388271374,0.4854692408600483,0.7513370022169769,reachable_success,114.88893342712784,11.147628474477212
478,withdrawal,middle,0.7792753295,-10.0,False,tiago_sew,SUCCESS_EXACT,tiago_semi_analytic,c96a32d,median-body-4344-torso015-J1-root-robot-zminus020-v5,wrist_center,gripper_grasping_frame,seed-0-wrist-0,2.848800038918853,,1.6690438207967448,-0.0598114403115457,-2.0114170911297338,1.9252266485320222,0.05162155686734504,-0.5880623379547609,-1.8901088552332626,3.790603819619758e-09,5.236377414158827e-14,9.676519562884603e-11,11.70502038703016,0.4190644573924093,0.4770325020255439,0.7475952008076572,reachable_success,117.04258327180617,11.70502038703016
479,withdrawal,middle,0.7774472965,-10.0,False,tiago_sew,SUCCESS_EXACT,tiago_semi_analytic,c96a32d,median-body-4344-torso015-J1-root-robot-zminus020-v5,wrist_center,gripper_grasping_frame,seed-0-wrist-0,2.803899929858744,,1.6529491808595143,-0.0718406829841266,-2.0168437958399013,1.9574315131990792,0.043142635212964464,-0.604411699118895,-1.9044897909404268,1.620311137419061e-08,6.957136962270251e-14,4.1736510752036855e-10,10.881053465560663,0.4140271141341972,0.46756122682419954,0.7437688672427473,reachable_success,117.52838969742426,10.881053465560663
480,withdrawal,middle,0.7755496825,-10.0,False,tiago_sew,SUCCESS_EXACT,tiago_semi_analytic,c96a32d,median-body-4344-torso015-J1-root-robot-zminus020-v5,wrist_center,gripper_grasping_frame,seed-0-wrist-0,3.2501000678166747,,1.6360782787911134,-0.0842216937587586,-2.022126239322327,1.989208417247895,0.02283561777114107,-0.619787450559075,-1.9028378396634125,2.3601128166827435e-08,7.139146193207063e-14,6.570008194405558e-10,10.975703301694832,0.4109005452515459,0.4582614480793853,0.7402355207191079,reachable_success,118.69189609133929,10.975703301694832
481,withdrawal,middle,0.7734488225,-10.0,False,tiago_sew,SUCCESS_EXACT,tiago_semi_analytic,c96a32d,median-body-4344-torso015-J1-root-robot-zminus020-v5,wrist_center,gripper_grasping_frame,seed-0-wrist-0,3.8644999731332064,,1.620001720192329,-0.09759534585457075,-2.027317795692238,2.0214485122503336,-0.004462357060029731,-0.6385277180547799,-1.8852094151126488,0.0,5.962485167632963e-14,2.5444437451708134e-14,11.985737627918393,0.40821830056401776,0.44927582271755684,0.7360681858201701,reachable_success,119.7446063859795,11.985737627918393
482,withdrawal,middle,0.7716724245,-10.0,False,tiago_sew,SUCCESS_EXACT,tiago_semi_analytic,c96a32d,median-body-4344-torso015-J1-root-robot-zminus020-v5,wrist_center,gripper_grasping_frame,seed-0-wrist-0,3.6866000154986978,,1.6038447972145118,-0.11032379073559102,-2.0329517829482544,2.052441184372676,-0.028738446024599185,-0.6637186807304665,-1.8631662559717928,3.040470972244059e-13,7.048156630998053e-14,2.5444437451708134e-14,13.248717613824669,0.406083233140938,0.4400602040237619,0.7311031640192256,reachable_success,118.35368894522556,13.248717613824669
483,withdrawal,middle,0.7696868285,-10.0,False,tiago_sew,SUCCESS_EXACT,tiago_semi_analytic,c96a32d,median-body-4344-torso015-J1-root-robot-zminus020-v5,wrist_center,gripper_grasping_frame,seed-0-wrist-0,3.701800014823675,,1.588097650369761,-0.12369673492578767,-2.038146682074231,2.083271911354857,-0.05320083573045764,-0.6922479995237865,-1.8372344945614056,3.2368285245694687e-13,9.906151381872935e-14,0.0,14.734498097980065,0.40418650431007597,0.430903185535108,0.7254067544981464,reachable_success,116.9520972582756,14.734498097980065
484,withdrawal,middle,0.7676491395,-10.0,False,tiago_sew,SUCCESS_EXACT,tiago_semi_analytic,c96a32d,median-body-4344-torso015-J1-root-robot-zminus020-v5,wrist_center,gripper_grasping_frame,seed-0-wrist-0,3.939799964427948,,1.572574316517261,-0.1371533686869359,-2.0430307947504076,2.1137059631052013,-0.07866823272373225,-0.7150621127819612,-1.812709274728057,2.0014830212433604e-13,8.307842607320565e-14,2.5444437451708134e-14,13.893311913366492,0.4023978241170884,0.422107682515104,0.7209576851839554,reachable_success,115.4929228953768,16.139689686061477
485,withdrawal,middle,0.7657666624999999,-10.0,False,tiago_sew,SUCCESS_EXACT,tiago_semi_analytic,c96a32d,median-body-4344-torso015-J1-root-robot-zminus020-v5,wrist_center,gripper_grasping_frame,seed-0-wrist-0,3.894799971021712,,1.557142163285834,-0.1520508690031641,-2.0493135960828077,2.1434689367327078,-0.09830319183837233,-0.7434498062254216,-1.8006918945310666,3.3306690738754696e-13,8.02042321523827e-14,2.5444437451708134e-14,12.188019138751198,0.4006791024406907,0.4128638405860983,0.7159686216176582,reachable_success,114.367922607196,16.828234852153127
486,withdrawal,middle,0.7637472535000001,-10.0,False,tiago_sew,SUCCESS_EXACT,tiago_semi_analytic,c96a32d,median-body-4344-torso015-J1-root-robot-zminus020-v5,wrist_center,gripper_grasping_frame,seed-0-wrist-0,3.756699967198074,,1.541614716898398,-0.16670176037025744,-2.054875492299161,2.1742331469811886,-0.11771660474494183,-0.7744550141504396,-1.793044969703022,1.594436429147036e-13,1.0539000220632818e-13,2.5444437451708134e-14,10.425359731460132,0.39875024126993597,0.403410602413699,0.7103310135565952,reachable_success,113.25561598170476,17.266371371053886
487,withdrawal,middle,0.7616421204999999,-10.0,False,tiago_sew,SUCCESS_EXACT,tiago_semi_analytic,c96a32d,median-body-4344-torso015-J1-root-robot-zminus020-v5,wrist_center,gripper_grasping_frame,seed-0-wrist-0,3.9422999834641814,,1.525728978580365,-0.18277681380357477,-2.0610055910959386,2.205557373657654,-0.13714183012534775,-0.8059059325399729,-1.7908996614270611,4.28416997445367e-12,1.401013519405774e-13,1.2722218725854067e-13,8.630613746387565,0.397000309319043,0.3936831128031506,0.7049166760199003,reachable_success,112.14263255131709,17.38928848102093
488,withdrawal,middle,0.7595594784999999,-10.0,False,tiago_sew,SUCCESS_EXACT,tiago_semi_analytic,c96a32d,median-body-4344-torso015-J1-root-robot-zminus020-v5,wrist_center,gripper_grasping_frame,seed-0-wrist-0,3.8202001014724374,,1.5100360788559588,-0.19963329170062363,-2.067582317967252,2.236536369661905,-0.15391307468450677,-0.8393611429798957,-1.7946286425123956,7.048620645008654e-11,7.925663703975431e-14,3.027888056753268e-12,6.855648021791327,0.3952836872243157,0.3838044813083169,0.69937302164517,reachable_success,111.18171102089553,17.17563360294715
489,withdrawal,middle,0.7571787114999999,-10.0,False,tiago_sew,SUCCESS_EXACT,tiago_semi_analytic,c96a32d,median-body-4344-torso015-J1-root-robot-zminus020-v5,wrist_center,gripper_grasping_frame,seed-0-wrist-0,3.897799993865192,,1.4937489030177018,-0.2165853380654165,-2.072883034822302,2.267843859113894,-0.16671787011692807,-0.8712549803606198,-1.8011243852741545,3.266743523830201e-09,9.614969024737409e-14,1.4681440409635593e-10,5.061861009042032,0.39299914669393615,0.37370486813712334,0.6936148346127179,reachable_success,110.4480502850894,16.80345495789571
490,withdrawal,middle,0.7545257265,-10.0,False,tiago_sew,SUCCESS_EXACT,tiago_semi_analytic,c96a32d,median-body-4344-torso015-J1-root-robot-zminus020-v5,wrist_center,gripper_grasping_frame,seed-0-wrist-0,3.7755999946966767,,1.477648637858457,-0.2331513462912274,-2.076544650315914,2.298840860845564,-0.18049763084098913,-0.9056977016756829,-1.7992484561074598,3.3010574655210974e-07,2.125801061079804e-14,1.5472151747884875e-08,3.2858636322576324,0.3910364727361702,0.3637070815873027,0.6869997509129837,reachable_success,109.65852815290056,16.910937781812816
491,withdrawal,middle,0.7519035345,-10.0,False,tiago_sew,SUCCESS_EXACT,tiago_semi_analytic,c96a32d,median-body-4344-torso015-J1-root-robot-zminus020-v5,wrist_center,gripper_grasping_frame,seed-0-wrist-0,4.50249994173646,,1.462643164693442,-0.2516052190804483,-2.081188249429648,2.3287980329412004,-0.19483906318353306,-0.9366854547222223,-1.794122305086498,1.914565065819823e-09,1.0732978232357674e-13,9.266864119912102e-11,1.569444105030586,0.38914964257890383,0.35426316007869163,0.6815831598393182,reachable_success,108.83682460750038,17.204644600460597
492,withdrawal,middle,0.7492551275,-10.0,False,tiago_sew,SUCCESS_EXACT,tiago_semi_analytic,c96a32d,median-body-4344-torso015-J1-root-robot-zminus020-v5,wrist_center,gripper_grasping_frame,seed-0-wrist-0,6.9754000287503,,1.4474440198166596,-0.26763789504366253,-2.0843101775385278,2.3561899999999993,-0.2090238141114984,-0.9620023444175163,-1.782494463644067,0.4972577106885825,3.6804392918196433e-14,0.024886671937524134,2.5444437451708134e-14,0.38780120096973625,0.3454943688264248,0.6770370828167989,reachable_success,108.02409824588369,17.870870839959213
493,withdrawal,middle,0.7462881775,-10.0,False,tiago_sew,NUMERICAL_FAILURE,tiago_semi_analytic,c96a32d,median-body-4344-torso015-J1-root-robot-zminus020-v5,wrist_center,gripper_grasping_frame,,174.63779996614903,no exact or boundary-refined wrist branch met strict wrist-center/orientation/SEW tolerances,,,,,,,,,,,,,,,oracle_inconclusive,,
494,withdrawal,middle,0.7431755675,-10.0,False,tiago_sew,NUMERICAL_FAILURE,tiago_semi_analytic,c96a32d,median-body-4344-torso015-J1-root-robot-zminus020-v5,wrist_center,gripper_grasping_frame,,171.08620004728436,no exact or boundary-refined wrist branch met strict wrist-center/orientation/SEW tolerances,,,,,,,,,,,,,,,oracle_inconclusive,,
495,withdrawal,middle,0.7400906375,-10.0,False,tiago_sew,NUMERICAL_FAILURE,tiago_semi_analytic,c96a32d,median-body-4344-torso015-J1-root-robot-zminus020-v5,wrist_center,gripper_grasping_frame,,373.5480000032112,no exact or boundary-refined wrist branch met strict wrist-center/orientation/SEW tolerances,,,,,,,,,,,,,,,oracle_inconclusive,,
496,withdrawal,middle,0.7367564245,-10.0,False,tiago_sew,NUMERICAL_FAILURE,tiago_semi_analytic,c96a32d,median-body-4344-torso015-J1-root-robot-zminus020-v5,wrist_center,gripper_grasping_frame,,346.51259996462613,no exact or boundary-refined wrist branch met strict wrist-center/orientation/SEW tolerances,,,,,,,,,,,,,,,oracle_inconclusive,,
497,withdrawal,middle,0.7334400335,-10.0,False,tiago_sew,NUMERICAL_FAILURE,tiago_semi_analytic,c96a32d,median-body-4344-torso015-J1-root-robot-zminus020-v5,wrist_center,gripper_grasping_frame,,358.6019999347627,no exact or boundary-refined wrist branch met strict wrist-center/orientation/SEW tolerances,,,,,,,,,,,,,,,oracle_inconclusive,,
498,withdrawal,middle,0.7300328375,-10.0,False,tiago_sew,NUMERICAL_FAILURE,tiago_semi_analytic,c96a32d,median-body-4344-torso015-J1-root-robot-zminus020-v5,wrist_center,gripper_grasping_frame,,244.53020002692938,no exact or boundary-refined wrist branch met strict wrist-center/orientation/SEW tolerances,,,,,,,,,,,,,,,oracle_inconclusive,,
499,withdrawal,middle,0.7266297605,-10.0,False,tiago_sew,NUMERICAL_FAILURE,tiago_semi_analytic,c96a32d,median-body-4344-torso015-J1-root-robot-zminus020-v5,wrist_center,gripper_grasping_frame,,366.58489995170385,no exact or boundary-refined wrist branch met strict wrist-center/orientation/SEW tolerances,,,,,,,,,,,,,,,oracle_inconclusive,,
500,withdrawal,middle,0.7230383455,-10.0,False,tiago_sew,NUMERICAL_FAILURE,tiago_semi_analytic,c96a32d,median-body-4344-torso015-J1-root-robot-zminus020-v5,wrist_center,gripper_grasping_frame,,382.6118999859318,no exact or boundary-refined wrist branch met strict wrist-center/orientation/SEW tolerances,,,,,,,,,,,,,,,oracle_inconclusive,,
501,withdrawal,middle,0.7194678955,-10.0,False,tiago_sew,NUMERICAL_FAILURE,tiago_semi_analytic,c96a32d,median-body-4344-torso015-J1-root-robot-zminus020-v5,wrist_center,gripper_grasping_frame,,411.7294999305159,no exact or boundary-refined wrist branch met strict wrist-center/orientation/SEW tolerances,,,,,,,,,,,,,,,oracle_inconclusive,,
502,withdrawal,low,0.7157329715,-10.0,False,tiago_sew,NUMERICAL_FAILURE,tiago_semi_analytic,c96a32d,median-body-4344-torso015-J1-root-robot-zminus020-v5,wrist_center,gripper_grasping_frame,,393.895500106737,no exact or boundary-refined wrist branch met strict wrist-center/orientation/SEW tolerances,,,,,,,,,,,,,,,oracle_inconclusive,,
503,withdrawal,low,0.7120044255,-10.0,False,tiago_sew,NUMERICAL_FAILURE,tiago_semi_analytic,c96a32d,median-body-4344-torso015-J1-root-robot-zminus020-v5,wrist_center,gripper_grasping_frame,,393.77910003531724,no exact or boundary-refined wrist branch met strict wrist-center/orientation/SEW tolerances,,,,,,,,,,,,,,,oracle_inconclusive,,
504,withdrawal,low,0.7081760715000001,-10.0,False,tiago_sew,NUMERICAL_FAILURE,tiago_semi_analytic,c96a32d,median-body-4344-torso015-J1-root-robot-zminus020-v5,wrist_center,gripper_grasping_frame,,424.5090000331402,no exact or boundary-refined wrist branch met strict wrist-center/orientation/SEW tolerances,,,,,,,,,,,,,,,oracle_inconclusive,,
505,withdrawal,low,0.7047968145,-10.0,False,tiago_sew,NUMERICAL_FAILURE,tiago_semi_analytic,c96a32d,median-body-4344-torso015-J1-root-robot-zminus020-v5,wrist_center,gripper_grasping_frame,,438.9022000832483,no exact or boundary-refined wrist branch met strict wrist-center/orientation/SEW tolerances,,,,,,,,,,,,,,,oracle_inconclusive,,
506,withdrawal,low,0.7009085395,-10.0,False,tiago_sew,NUMERICAL_FAILURE,tiago_semi_analytic,c96a32d,median-body-4344-torso015-J1-root-robot-zminus020-v5,wrist_center,gripper_grasping_frame,,298.8845999352634,no exact or boundary-refined wrist branch met strict wrist-center/orientation/SEW tolerances,,,,,,,,,,,,,,,oracle_inconclusive,,
507,withdrawal,low,0.6974098814999999,-10.0,False,tiago_sew,NUMERICAL_FAILURE,tiago_semi_analytic,c96a32d,median-body-4344-torso015-J1-root-robot-zminus020-v5,wrist_center,gripper_grasping_frame,,310.43379998300225,no exact or boundary-refined wrist branch met strict wrist-center/orientation/SEW tolerances,,,,,,,,,,,,,,,oracle_inconclusive,,
508,withdrawal,low,0.6936666874999999,-10.0,False,tiago_sew,NUMERICAL_FAILURE,tiago_semi_analytic,c96a32d,median-body-4344-torso015-J1-root-robot-zminus020-v5,wrist_center,gripper_grasping_frame,,319.6920999325812,no exact or boundary-refined wrist branch met strict wrist-center/orientation/SEW tolerances,,,,,,,,,,,,,,,oracle_inconclusive,,
509,withdrawal,low,0.6899167024999999,-10.0,False,tiago_sew,NUMERICAL_FAILURE,tiago_semi_analytic,c96a32d,median-body-4344-torso015-J1-root-robot-zminus020-v5,wrist_center,gripper_grasping_frame,,346.3111000601202,no exact or boundary-refined wrist branch met strict wrist-center/orientation/SEW tolerances,,,,,,,,,,,,,,,oracle_inconclusive,,
510,withdrawal,low,0.6862464755,-10.0,False,tiago_sew,NUMERICAL_FAILURE,tiago_semi_analytic,c96a32d,median-body-4344-torso015-J1-root-robot-zminus020-v5,wrist_center,gripper_grasping_frame,,359.37899991404265,no exact or boundary-refined wrist branch met strict wrist-center/orientation/SEW tolerances,,,,,,,,,,,,,,,oracle_inconclusive,,
511,withdrawal,low,0.6825678255000001,-10.0,False,tiago_sew,NUMERICAL_FAILURE,tiago_semi_analytic,c96a32d,median-body-4344-torso015-J1-root-robot-zminus020-v5,wrist_center,gripper_grasping_frame,,375.637200078927,no exact or boundary-refined wrist branch met strict wrist-center/orientation/SEW tolerances,,,,,,,,,,,,,,,oracle_inconclusive,,
512,withdrawal,low,0.6791035615,-10.0,False,tiago_sew,NUMERICAL_FAILURE,tiago_semi_analytic,c96a32d,median-body-4344-torso015-J1-root-robot-zminus020-v5,wrist_center,gripper_grasping_frame,,400.75879998039454,no exact or boundary-refined wrist branch met strict wrist-center/orientation/SEW tolerances,,,,,,,,,,,,,,,oracle_inconclusive,,
513,withdrawal,low,0.6755286255,-10.0,False,tiago_sew,NUMERICAL_FAILURE,tiago_semi_analytic,c96a32d,median-body-4344-torso015-J1-root-robot-zminus020-v5,wrist_center,gripper_grasping_frame,,414.6742000011727,no exact or boundary-refined wrist branch met strict wrist-center/orientation/SEW tolerances,,,,,,,,,,,,,,,oracle_inconclusive,,
514,withdrawal,low,0.6720131994999999,-10.0,False,tiago_sew,NUMERICAL_FAILURE,tiago_semi_analytic,c96a32d,median-body-4344-torso015-J1-root-robot-zminus020-v5,wrist_center,gripper_grasping_frame,,451.13259996287525,no exact or boundary-refined wrist branch met strict wrist-center/orientation/SEW tolerances,,,,,,,,,,,,,,,oracle_inconclusive,,
515,withdrawal,low,0.6688006445,-10.0,False,tiago_sew,NUMERICAL_FAILURE,tiago_semi_analytic,c96a32d,median-body-4344-torso015-J1-root-robot-zminus020-v5,wrist_center,gripper_grasping_frame,,530.3291999734938,no exact or boundary-refined wrist branch met strict wrist-center/orientation/SEW tolerances,,,,,,,,,,,,,,,oracle_inconclusive,,
516,withdrawal,low,0.6655952155,-10.0,False,tiago_sew,NUMERICAL_FAILURE,tiago_semi_analytic,c96a32d,median-body-4344-torso015-J1-root-robot-zminus020-v5,wrist_center,gripper_grasping_frame,,650.8926999522373,no exact or boundary-refined wrist branch met strict wrist-center/orientation/SEW tolerances,,,,,,,,,,,,,,,oracle_inconclusive,,
517,withdrawal,low,0.6626894225,-10.0,False,tiago_sew,NUMERICAL_FAILURE,tiago_semi_analytic,c96a32d,median-body-4344-torso015-J1-root-robot-zminus020-v5,wrist_center,gripper_grasping_frame,,760.7195000164211,no exact or boundary-refined wrist branch met strict wrist-center/orientation/SEW tolerances,,,,,,,,,,,,,,,oracle_inconclusive,,
518,withdrawal,low,0.6597145545,-10.0,False,tiago_sew,NUMERICAL_FAILURE,tiago_semi_analytic,c96a32d,median-body-4344-torso015-J1-root-robot-zminus020-v5,wrist_center,gripper_grasping_frame,,805.3022999083623,no exact or boundary-refined wrist branch met strict wrist-center/orientation/SEW tolerances,,,,,,,,,,,,,,,oracle_inconclusive,,
519,withdrawal,low,0.6569936985,-10.0,False,tiago_sew,NUMERICAL_FAILURE,tiago_semi_analytic,c96a32d,median-body-4344-torso015-J1-root-robot-zminus020-v5,wrist_center,gripper_grasping_frame,,543.7605999177322,no exact or boundary-refined wrist branch met strict wrist-center/orientation/SEW tolerances,,,,,,,,,,,,,,,oracle_inconclusive,,
520,withdrawal,low,0.6545324555,-10.0,False,tiago_sew,NUMERICAL_FAILURE,tiago_semi_analytic,c96a32d,median-body-4344-torso015-J1-root-robot-zminus020-v5,wrist_center,gripper_grasping_frame,,437.1747999684885,no exact or boundary-refined wrist branch met strict wrist-center/orientation/SEW tolerances,,,,,,,,,,,,,,,oracle_inconclusive,,
521,withdrawal,low,0.6521990815,-10.0,False,tiago_sew,NUMERICAL_FAILURE,tiago_semi_analytic,c96a32d,median-body-4344-torso015-J1-root-robot-zminus020-v5,wrist_center,gripper_grasping_frame,,420.11109995655715,no exact or boundary-refined wrist branch met strict wrist-center/orientation/SEW tolerances,,,,,,,,,,,,,,,oracle_inconclusive,,
522,withdrawal,low,0.6500365145,-10.0,False,tiago_sew,NUMERICAL_FAILURE,tiago_semi_analytic,c96a32d,median-body-4344-torso015-J1-root-robot-zminus020-v5,wrist_center,gripper_grasping_frame,,393.6993000097573,no exact or boundary-refined wrist branch met strict wrist-center/orientation/SEW tolerances,,,,,,,,,,,,,,,oracle_inconclusive,,
523,withdrawal,low,0.6481962434999999,-10.0,False,tiago_sew,NUMERICAL_FAILURE,tiago_semi_analytic,c96a32d,median-body-4344-torso015-J1-root-robot-zminus020-v5,wrist_center,gripper_grasping_frame,,382.9881000565365,no exact or boundary-refined wrist branch met strict wrist-center/orientation/SEW tolerances,,,,,,,,,,,,,,,oracle_inconclusive,,
524,withdrawal,low,0.6461966555,-10.0,False,tiago_sew,NUMERICAL_FAILURE,tiago_semi_analytic,c96a32d,median-body-4344-torso015-J1-root-robot-zminus020-v5,wrist_center,gripper_grasping_frame,,347.8178000077605,no exact or boundary-refined wrist branch met strict wrist-center/orientation/SEW tolerances,,,,,,,,,,,,,,,oracle_inconclusive,,
525,withdrawal,low,0.6442877505,-10.0,False,tiago_sew,NUMERICAL_FAILURE,tiago_semi_analytic,c96a32d,median-body-4344-torso015-J1-root-robot-zminus020-v5,wrist_center,gripper_grasping_frame,,343.15249999053776,no exact or boundary-refined wrist branch met strict wrist-center/orientation/SEW tolerances,,,,,,,,,,,,,,,oracle_inconclusive,,
526,withdrawal,low,0.6422313534999999,-10.0,False,tiago_sew,NUMERICAL_FAILURE,tiago_semi_analytic,c96a32d,median-body-4344-torso015-J1-root-robot-zminus020-v5,wrist_center,gripper_grasping_frame,,337.8218000289053,no exact or boundary-refined wrist branch met strict wrist-center/orientation/SEW tolerances,,,,,,,,,,,,,,,oracle_inconclusive,,
527,withdrawal,low,0.6409184725,-10.0,False,tiago_sew,NUMERICAL_FAILURE,tiago_semi_analytic,c96a32d,median-body-4344-torso015-J1-root-robot-zminus020-v5,wrist_center,gripper_grasping_frame,,340.25090001523495,no exact or boundary-refined wrist branch met strict wrist-center/orientation/SEW tolerances,,,,,,,,,,,,,,,oracle_inconclusive,,
528,withdrawal,low,0.6391824495,-10.0,False,tiago_sew,NUMERICAL_FAILURE,tiago_semi_analytic,c96a32d,median-body-4344-torso015-J1-root-robot-zminus020-v5,wrist_center,gripper_grasping_frame,,327.23499997518957,no exact or boundary-refined wrist branch met strict wrist-center/orientation/SEW tolerances,,,,,,,,,,,,,,,oracle_inconclusive,,
529,withdrawal,low,0.6380029755,-10.0,False,tiago_sew,NUMERICAL_FAILURE,tiago_semi_analytic,c96a32d,median-body-4344-torso015-J1-root-robot-zminus020-v5,wrist_center,gripper_grasping_frame,,329.27380001638085,no exact or boundary-refined wrist branch met strict wrist-center/orientation/SEW tolerances,,,,,,,,,,,,,,,oracle_inconclusive,,
530,withdrawal,low,0.6367430725000001,-10.0,False,tiago_sew,NUMERICAL_FAILURE,tiago_semi_analytic,c96a32d,median-body-4344-torso015-J1-root-robot-zminus020-v5,wrist_center,gripper_grasping_frame,,318.53290006984025,no exact or boundary-refined wrist branch met strict wrist-center/orientation/SEW tolerances,,,,,,,,,,,,,,,oracle_inconclusive,,
531,withdrawal,low,0.6357197875,-10.0,False,tiago_sew,NUMERICAL_FAILURE,tiago_semi_analytic,c96a32d,median-body-4344-torso015-J1-root-robot-zminus020-v5,wrist_center,gripper_grasping_frame,,339.019599952735,no exact or boundary-refined wrist branch met strict wrist-center/orientation/SEW tolerances,,,,,,,,,,,,,,,oracle_inconclusive,,
532,withdrawal,low,0.6347793735,-10.0,False,tiago_sew,NUMERICAL_FAILURE,tiago_semi_analytic,c96a32d,median-body-4344-torso015-J1-root-robot-zminus020-v5,wrist_center,gripper_grasping_frame,,364.7319000447169,no exact or boundary-refined wrist branch met strict wrist-center/orientation/SEW tolerances,,,,,,,,,,,,,,,oracle_inconclusive,,
533,withdrawal,low,0.6340029755,-10.0,False,tiago_sew,NUMERICAL_FAILURE,tiago_semi_analytic,c96a32d,median-body-4344-torso015-J1-root-robot-zminus020-v5,wrist_center,gripper_grasping_frame,,405.78059991821647,no exact or boundary-refined wrist branch met strict wrist-center/orientation/SEW tolerances,,,,,,,,,,,,,,,oracle_inconclusive,,
534,withdrawal,low,0.6332664944999999,-10.0,False,tiago_sew,NUMERICAL_FAILURE,tiago_semi_analytic,c96a32d,median-body-4344-torso015-J1-root-robot-zminus020-v5,wrist_center,gripper_grasping_frame,,431.72620004042983,no exact or boundary-refined wrist branch met strict wrist-center/orientation/SEW tolerances,,,,,,,,,,,,,,,oracle_inconclusive,,
535,withdrawal,low,0.6326483915,-10.0,False,tiago_sew,NUMERICAL_FAILURE,tiago_semi_analytic,c96a32d,median-body-4344-torso015-J1-root-robot-zminus020-v5,wrist_center,gripper_grasping_frame,,362.3194999527186,no exact or boundary-refined wrist branch met strict wrist-center/orientation/SEW tolerances,,,,,,,,,,,,,,,oracle_inconclusive,,
536,withdrawal,low,0.6323486485,-10.0,False,tiago_sew,NUMERICAL_FAILURE,tiago_semi_analytic,c96a32d,median-body-4344-torso015-J1-root-robot-zminus020-v5,wrist_center,gripper_grasping_frame,,348.1959999771789,no exact or boundary-refined wrist branch met strict wrist-center/orientation/SEW tolerances,,,,,,,,,,,,,,,oracle_inconclusive,,
537,withdrawal,low,0.6318393405,-10.0,False,tiago_sew,NUMERICAL_FAILURE,tiago_semi_analytic,c96a32d,median-body-4344-torso015-J1-root-robot-zminus020-v5,wrist_center,gripper_grasping_frame,,338.2225000532344,no exact or boundary-refined wrist branch met strict wrist-center/orientation/SEW tolerances,,,,,,,,,,,,,,,oracle_inconclusive,,
538,withdrawal,low,0.6313863675,-10.0,False,tiago_sew,NUMERICAL_FAILURE,tiago_semi_analytic,c96a32d,median-body-4344-torso015-J1-root-robot-zminus020-v5,wrist_center,gripper_grasping_frame,,333.8771000271663,no exact or boundary-refined wrist branch met strict wrist-center/orientation/SEW tolerances,,,,,,,,,,,,,,,oracle_inconclusive,,
539,withdrawal,low,0.6311635895,-10.0,False,tiago_sew,NUMERICAL_FAILURE,tiago_semi_analytic,c96a32d,median-body-4344-torso015-J1-root-robot-zminus020-v5,wrist_center,gripper_grasping_frame,,339.2261000117287,no exact or boundary-refined wrist branch met strict wrist-center/orientation/SEW tolerances,,,,,,,,,,,,,,,oracle_inconclusive,,
540,withdrawal,low,0.6310594485,-10.0,False,tiago_sew,NUMERICAL_FAILURE,tiago_semi_analytic,c96a32d,median-body-4344-torso015-J1-root-robot-zminus020-v5,wrist_center,gripper_grasping_frame,,339.1180000035092,no exact or boundary-refined wrist branch met strict wrist-center/orientation/SEW tolerances,,,,,,,,,,,,,,,oracle_inconclusive,,
541,withdrawal,low,0.6309295655,-10.0,False,tiago_sew,NUMERICAL_FAILURE,tiago_semi_analytic,c96a32d,median-body-4344-torso015-J1-root-robot-zminus020-v5,wrist_center,gripper_grasping_frame,,342.64769998844713,no exact or boundary-refined wrist branch met strict wrist-center/orientation/SEW tolerances,,,,,,,,,,,,,,,oracle_inconclusive,,
542,withdrawal,low,0.6309302215,-10.0,False,tiago_sew,NUMERICAL_FAILURE,tiago_semi_analytic,c96a32d,median-body-4344-torso015-J1-root-robot-zminus020-v5,wrist_center,gripper_grasping_frame,,347.73430007044226,no exact or boundary-refined wrist branch met strict wrist-center/orientation/SEW tolerances,,,,,,,,,,,,,,,oracle_inconclusive,,
543,withdrawal,low,0.6310173795,-10.0,False,tiago_sew,NUMERICAL_FAILURE,tiago_semi_analytic,c96a32d,median-body-4344-torso015-J1-root-robot-zminus020-v5,wrist_center,gripper_grasping_frame,,480.44150008354336,no exact or boundary-refined wrist branch met strict wrist-center/orientation/SEW tolerances,,,,,,,,,,,,,,,oracle_inconclusive,,
544,withdrawal,low,0.6311520995,-10.0,False,tiago_sew,NUMERICAL_FAILURE,tiago_semi_analytic,c96a32d,median-body-4344-torso015-J1-root-robot-zminus020-v5,wrist_center,gripper_grasping_frame,,480.63720006030053,no exact or boundary-refined wrist branch met strict wrist-center/orientation/SEW tolerances,,,,,,,,,,,,,,,oracle_inconclusive,,
545,withdrawal,low,0.6315720524999999,-10.0,False,tiago_sew,NUMERICAL_FAILURE,tiago_semi_analytic,c96a32d,median-body-4344-torso015-J1-root-robot-zminus020-v5,wrist_center,gripper_grasping_frame,,512.9897000733763,no exact or boundary-refined wrist branch met strict wrist-center/orientation/SEW tolerances,,,,,,,,,,,,,,,oracle_inconclusive,,
546,withdrawal,low,0.6317978515,-10.0,False,tiago_sew,NUMERICAL_FAILURE,tiago_semi_analytic,c96a32d,median-body-4344-torso015-J1-root-robot-zminus020-v5,wrist_center,gripper_grasping_frame,,445.16359991393983,no exact or boundary-refined wrist branch met strict wrist-center/orientation/SEW tolerances,,,,,,,,,,,,,,,oracle_inconclusive,,
