frame,event,wrist_height_phase,wrist_z_world_m,method,status,backend,model_revision,calibration_revision,position_target_frame,orientation_target_frame,branch_id,solve_time_ms,message,arm_1_joint,arm_2_joint,arm_3_joint,arm_4_joint,arm_5_joint,arm_6_joint,arm_7_joint,wrist_center_position_error_mm,ee_orientation_error_deg,sew_angle_error_deg,joint_limit_margin_deg,grasping_frame_position_x_m,grasping_frame_position_y_m,grasping_frame_position_z_m,classification,j5_limit_margin_deg,j7_limit_margin_deg
246,transfer,low,0.5391029055,tiago_sew,NUMERICAL_FAILURE,tiago_semi_analytic,c96a32d,median-body-4344-torso015-J1-root-robot-zminus020-v5,wrist_center,gripper_grasping_frame,,207.08280010148883,no exact or boundary-refined wrist branch met strict wrist-center/orientation/SEW tolerances,,,,,,,,,,,,,,,oracle_inconclusive,,
247,transfer,low,0.5414948964999999,tiago_sew,NUMERICAL_FAILURE,tiago_semi_analytic,c96a32d,median-body-4344-torso015-J1-root-robot-zminus020-v5,wrist_center,gripper_grasping_frame,,200.47099993098527,no exact or boundary-refined wrist branch met strict wrist-center/orientation/SEW tolerances,,,,,,,,,,,,,,,oracle_inconclusive,,
248,transfer,low,0.5440187955,tiago_sew,NUMERICAL_FAILURE,tiago_semi_analytic,c96a32d,median-body-4344-torso015-J1-root-robot-zminus020-v5,wrist_center,gripper_grasping_frame,,199.6920999372378,no exact or boundary-refined wrist branch met strict wrist-center/orientation/SEW tolerances,,,,,,,,,,,,,,,oracle_inconclusive,,
249,transfer,low,0.5467581635,tiago_sew,NUMERICAL_FAILURE,tiago_semi_analytic,c96a32d,median-body-4344-torso015-J1-root-robot-zminus020-v5,wrist_center,gripper_grasping_frame,,179.91649999748915,no exact or boundary-refined wrist branch met strict wrist-center/orientation/SEW tolerances,,,,,,,,,,,,,,,oracle_inconclusive,,
250,transfer,low,0.5497920995,tiago_sew,NUMERICAL_FAILURE,tiago_semi_analytic,c96a32d,median-body-4344-torso015-J1-root-robot-zminus020-v5,wrist_center,gripper_grasping_frame,,180.71430001873523,no exact or boundary-refined wrist branch met strict wrist-center/orientation/SEW tolerances,,,,,,,,,,,,,,,oracle_inconclusive,,
251,transfer,low,0.5527286875,tiago_sew,NUMERICAL_FAILURE,tiago_semi_analytic,c96a32d,median-body-4344-torso015-J1-root-robot-zminus020-v5,wrist_center,gripper_grasping_frame,,198.8423999864608,no exact or boundary-refined wrist branch met strict wrist-center/orientation/SEW tolerances,,,,,,,,,,,,,,,oracle_inconclusive,,
252,transfer,low,0.5561167455,tiago_sew,NUMERICAL_FAILURE,tiago_semi_analytic,c96a32d,median-body-4344-torso015-J1-root-robot-zminus020-v5,wrist_center,gripper_grasping_frame,,201.6048999503255,no exact or boundary-refined wrist branch met strict wrist-center/orientation/SEW tolerances,,,,,,,,,,,,,,,oracle_inconclusive,,
253,transfer,low,0.5594463195,tiago_sew,NUMERICAL_FAILURE,tiago_semi_analytic,c96a32d,median-body-4344-torso015-J1-root-robot-zminus020-v5,wrist_center,gripper_grasping_frame,,195.05420001223683,no exact or boundary-refined wrist branch met strict wrist-center/orientation/SEW tolerances,,,,,,,,,,,,,,,oracle_inconclusive,,
254,transfer,low,0.5634185415,tiago_sew,NUMERICAL_FAILURE,tiago_semi_analytic,c96a32d,median-body-4344-torso015-J1-root-robot-zminus020-v5,wrist_center,gripper_grasping_frame,,230.92300002463162,no exact or boundary-refined wrist branch met strict wrist-center/orientation/SEW tolerances,,,,,,,,,,,,,,,oracle_inconclusive,,
255,transfer,low,0.5671762395,tiago_sew,NUMERICAL_FAILURE,tiago_semi_analytic,c96a32d,median-body-4344-torso015-J1-root-robot-zminus020-v5,wrist_center,gripper_grasping_frame,,233.05760009679943,no exact or boundary-refined wrist branch met strict wrist-center/orientation/SEW tolerances,,,,,,,,,,,,,,,oracle_inconclusive,,
256,transfer,low,0.5715490114999999,tiago_sew,NUMERICAL_FAILURE,tiago_semi_analytic,c96a32d,median-body-4344-torso015-J1-root-robot-zminus020-v5,wrist_center,gripper_grasping_frame,,247.59519996587187,no exact or boundary-refined wrist branch met strict wrist-center/orientation/SEW tolerances,,,,,,,,,,,,,,,oracle_inconclusive,,
257,transfer,low,0.5757935565,tiago_sew,NUMERICAL_FAILURE,tiago_semi_analytic,c96a32d,median-body-4344-torso015-J1-root-robot-zminus020-v5,wrist_center,gripper_grasping_frame,,237.4452999792993,no exact or boundary-refined wrist branch met strict wrist-center/orientation/SEW tolerances,,,,,,,,,,,,,,,oracle_inconclusive,,
258,transfer,low,0.5799008405,tiago_sew,NUMERICAL_FAILURE,tiago_semi_analytic,c96a32d,median-body-4344-torso015-J1-root-robot-zminus020-v5,wrist_center,gripper_grasping_frame,,235.6415999820456,no exact or boundary-refined wrist branch met strict wrist-center/orientation/SEW tolerances,,,,,,,,,,,,,,,oracle_inconclusive,,
259,transfer,low,0.5845581745,tiago_sew,NUMERICAL_FAILURE,tiago_semi_analytic,c96a32d,median-body-4344-torso015-J1-root-robot-zminus020-v5,wrist_center,gripper_grasping_frame,,253.50150000303984,no exact or boundary-refined wrist branch met strict wrist-center/orientation/SEW tolerances,,,,,,,,,,,,,,,oracle_inconclusive,,
260,transfer,low,0.5893740775,tiago_sew,NUMERICAL_FAILURE,tiago_semi_analytic,c96a32d,median-body-4344-torso015-J1-root-robot-zminus020-v5,wrist_center,gripper_grasping_frame,,261.84250006917864,no exact or boundary-refined wrist branch met strict wrist-center/orientation/SEW tolerances,,,,,,,,,,,,,,,oracle_inconclusive,,
261,transfer,low,0.5941267855,tiago_sew,NUMERICAL_FAILURE,tiago_semi_analytic,c96a32d,median-body-4344-torso015-J1-root-robot-zminus020-v5,wrist_center,gripper_grasping_frame,,225.1105000032112,no exact or boundary-refined wrist branch met strict wrist-center/orientation/SEW tolerances,,,,,,,,,,,,,,,oracle_inconclusive,,
262,transfer,low,0.5992256855,tiago_sew,NUMERICAL_FAILURE,tiago_semi_analytic,c96a32d,median-body-4344-torso015-J1-root-robot-zminus020-v5,wrist_center,gripper_grasping_frame,,264.9111000355333,no exact or boundary-refined wrist branch met strict wrist-center/orientation/SEW tolerances,,,,,,,,,,,,,,,oracle_inconclusive,,
263,transfer,low,0.6042907184999999,tiago_sew,NUMERICAL_FAILURE,tiago_semi_analytic,c96a32d,median-body-4344-torso015-J1-root-robot-zminus020-v5,wrist_center,gripper_grasping_frame,,249.11850003991276,no exact or boundary-refined wrist branch met strict wrist-center/orientation/SEW tolerances,,,,,,,,,,,,,,,oracle_inconclusive,,
264,transfer,low,0.6095669555,tiago_sew,NUMERICAL_FAILURE,tiago_semi_analytic,c96a32d,median-body-4344-torso015-J1-root-robot-zminus020-v5,wrist_center,gripper_grasping_frame,,233.88850002083927,no exact or boundary-refined wrist branch met strict wrist-center/orientation/SEW tolerances,,,,,,,,,,,,,,,oracle_inconclusive,,
265,transfer,low,0.6145818785,tiago_sew,NUMERICAL_FAILURE,tiago_semi_analytic,c96a32d,median-body-4344-torso015-J1-root-robot-zminus020-v5,wrist_center,gripper_grasping_frame,,220.14760004822165,no exact or boundary-refined wrist branch met strict wrist-center/orientation/SEW tolerances,,,,,,,,,,,,,,,oracle_inconclusive,,
266,transfer,low,0.6199098515,tiago_sew,NUMERICAL_FAILURE,tiago_semi_analytic,c96a32d,median-body-4344-torso015-J1-root-robot-zminus020-v5,wrist_center,gripper_grasping_frame,,230.53160007111728,no exact or boundary-refined wrist branch met strict wrist-center/orientation/SEW tolerances,,,,,,,,,,,,,,,oracle_inconclusive,,
267,transfer,low,0.6249511114999999,tiago_sew,NUMERICAL_FAILURE,tiago_semi_analytic,c96a32d,median-body-4344-torso015-J1-root-robot-zminus020-v5,wrist_center,gripper_grasping_frame,,203.43959995079786,no exact or boundary-refined wrist branch met strict wrist-center/orientation/SEW tolerances,,,,,,,,,,,,,,,oracle_inconclusive,,
268,transfer,low,0.6300454405,tiago_sew,NUMERICAL_FAILURE,tiago_semi_analytic,c96a32d,median-body-4344-torso015-J1-root-robot-zminus020-v5,wrist_center,gripper_grasping_frame,,192.09020002745092,no exact or boundary-refined wrist branch met strict wrist-center/orientation/SEW tolerances,,,,,,,,,,,,,,,oracle_inconclusive,,
269,transfer,low,0.6349883574999999,tiago_sew,NUMERICAL_FAILURE,tiago_semi_analytic,c96a32d,median-body-4344-torso015-J1-root-robot-zminus020-v5,wrist_center,gripper_grasping_frame,,187.4750000424683,no exact or boundary-refined wrist branch met strict wrist-center/orientation/SEW tolerances,,,,,,,,,,,,,,,oracle_inconclusive,,
270,transfer,low,0.6401263884999999,tiago_sew,NUMERICAL_FAILURE,tiago_semi_analytic,c96a32d,median-body-4344-torso015-J1-root-robot-zminus020-v5,wrist_center,gripper_grasping_frame,,210.86889994330704,no exact or boundary-refined wrist branch met strict wrist-center/orientation/SEW tolerances,,,,,,,,,,,,,,,oracle_inconclusive,,
271,transfer,low,0.6449289855,tiago_sew,NUMERICAL_FAILURE,tiago_semi_analytic,c96a32d,median-body-4344-torso015-J1-root-robot-zminus020-v5,wrist_center,gripper_grasping_frame,,219.06379994470626,no exact or boundary-refined wrist branch met strict wrist-center/orientation/SEW tolerances,,,,,,,,,,,,,,,oracle_inconclusive,,
272,transfer,low,0.6496673585,tiago_sew,NUMERICAL_FAILURE,tiago_semi_analytic,c96a32d,median-body-4344-torso015-J1-root-robot-zminus020-v5,wrist_center,gripper_grasping_frame,,210.68720007315278,no exact or boundary-refined wrist branch met strict wrist-center/orientation/SEW tolerances,,,,,,,,,,,,,,,oracle_inconclusive,,
273,transfer,low,0.6542023925,tiago_sew,NUMERICAL_FAILURE,tiago_semi_analytic,c96a32d,median-body-4344-torso015-J1-root-robot-zminus020-v5,wrist_center,gripper_grasping_frame,,179.00920007377863,no exact or boundary-refined wrist branch met strict wrist-center/orientation/SEW tolerances,,,,,,,,,,,,,,,oracle_inconclusive,,
274,transfer,low,0.6580980985,tiago_sew,NUMERICAL_FAILURE,tiago_semi_analytic,c96a32d,median-body-4344-torso015-J1-root-robot-zminus020-v5,wrist_center,gripper_grasping_frame,,190.74340001679957,no exact or boundary-refined wrist branch met strict wrist-center/orientation/SEW tolerances,,,,,,,,,,,,,,,oracle_inconclusive,,
275,transfer,low,0.6620984195,tiago_sew,NUMERICAL_FAILURE,tiago_semi_analytic,c96a32d,median-body-4344-torso015-J1-root-robot-zminus020-v5,wrist_center,gripper_grasping_frame,,260.2554000914097,no exact or boundary-refined wrist branch met strict wrist-center/orientation/SEW tolerances,,,,,,,,,,,,,,,oracle_inconclusive,,
276,transfer,low,0.6656996005,tiago_sew,SUCCESS_EXACT,tiago_semi_analytic,c96a32d,median-body-4344-torso015-J1-root-robot-zminus020-v5,wrist_center,gripper_grasping_frame,seed-0-wrist-1,11.611100053414702,,1.5157698955233632,-0.640716872545454,-1.932294303932467,2.353127746339292,-0.42378412570796975,-0.6689603429690867,-1.6122738023916767,3.4914141054075483e-07,6.693414945826749e-14,1.5843844090179428e-08,0.1754542105570486,0.2861810958181229,0.24746742008551337,0.6672011557207808,reachable_success,95.71923878449141,27.623796315647237
277,transfer,low,0.6692936094999999,tiago_sew,SUCCESS_EXACT,tiago_semi_analytic,c96a32d,median-body-4344-torso015-J1-root-robot-zminus020-v5,wrist_center,gripper_grasping_frame,seed-0-wrist-0,3.9041000418365,,1.5241518721357037,-0.6188459202893483,-1.940534718462465,2.3396724069222388,-0.40654629330929737,-0.6552488070793379,-1.6149127567118464,2.4746084238064123e-12,8.204821435263976e-14,1.2722218725854067e-13,0.94638837107021,0.2872447771549811,0.2509293752818116,0.6716342290356053,reachable_success,96.7068938288892,27.4725953707737
278,transfer,low,0.6724705815,tiago_sew,SUCCESS_EXACT,tiago_semi_analytic,c96a32d,median-body-4344-torso015-J1-root-robot-zminus020-v5,wrist_center,gripper_grasping_frame,seed-0-wrist-0,3.762599895708263,,1.5325478536155315,-0.6008661963989077,-1.9484055332272525,2.326881715693102,-0.3886823630511884,-0.652468707223119,-1.6185116194982045,7.055869121689407e-13,6.116049344453339e-14,1.0177774980683254e-13,1.6792409955547536,0.2880794030494391,0.25431794142639175,0.6738300697738911,reachable_success,97.7304216381949,27.266395722068687
279,transfer,low,0.6756038515,tiago_sew,SUCCESS_EXACT,tiago_semi_analytic,c96a32d,median-body-4344-torso015-J1-root-robot-zminus020-v5,wrist_center,gripper_grasping_frame,seed-0-wrist-0,3.7432999815791845,,1.5399304081267513,-0.5823333100988513,-1.9550406717519755,2.3138877357388705,-0.37323123261244007,-0.6428768295169394,-1.6217557564861842,5.194446892679256e-13,6.773116453733008e-14,7.63333123551244e-14,2.4237412060098045,0.2892251619358652,0.2576650291087964,0.6772323947280606,reachable_success,98.6157062010413,27.080520364495168
280,transfer,low,0.6786935425,tiago_sew,SUCCESS_EXACT,tiago_semi_analytic,c96a32d,median-body-4344-torso015-J1-root-robot-zminus020-v5,wrist_center,gripper_grasping_frame,seed-0-wrist-0,3.6843999987468123,,1.5471431972681238,-0.5641633838450313,-1.9611136692038353,2.3008047936993634,-0.35577399111403096,-0.6342333630393746,-1.6285878163565588,8.15843973306311e-13,4.9909001667972486e-14,2.0355549961366507e-13,3.1733385684878392,0.29010496180697887,0.2609246924927508,0.6803819195955038,reachable_success,99.61593246084078,26.68907216854201
281,transfer,low,0.6813432615,tiago_sew,SUCCESS_EXACT,tiago_semi_analytic,c96a32d,median-body-4344-torso015-J1-root-robot-zminus020-v5,wrist_center,gripper_grasping_frame,seed-0-wrist-0,4.250300000421703,,1.5545947415833214,-0.5492641291554371,-1.966655180363108,2.2886070597883847,-0.34322676550673137,-0.626574660913684,-1.6306846121990768,1.624353417151118e-13,8.905543250452908e-14,2.5444437451708134e-14,3.8722172412105205,0.29099965969624053,0.26429989079855903,0.6832803705605508,reachable_success,100.33483553273751,26.56893461626515
282,transfer,low,0.6840066535,tiago_sew,SUCCESS_EXACT,tiago_semi_analytic,c96a32d,median-body-4344-torso015-J1-root-robot-zminus020-v5,wrist_center,gripper_grasping_frame,seed-0-wrist-0,4.099799902178347,,1.5612843006036252,-0.5348466204299882,-1.9721753338359802,2.2763859542183074,-0.32702365997419847,-0.6154920825608241,-1.6386412611985328,3.64275408404521e-13,5.931259332777713e-14,2.5444437451708134e-14,4.572435011359777,0.2917671167804458,0.26729385921403603,0.6869487545037626,reachable_success,101.26320509475673,26.113052209529332
283,transfer,low,0.6863383945,tiago_sew,SUCCESS_EXACT,tiago_semi_analytic,c96a32d,median-body-4344-torso015-J1-root-robot-zminus020-v5,wrist_center,gripper_grasping_frame,seed-0-wrist-0,6.233299965970218,,1.568224637127795,-0.5229040512555199,-1.977568641530775,2.2643007225789193,-0.313378061767839,-0.6097774479618603,-1.643280744854036,3.152427400121712e-13,1.0851479908356211e-13,0.0,5.264867778734679,0.29275105756886977,0.27048981405195305,0.6894771984803234,reachable_success,102.04504028091242,25.847229376949066
284,transfer,low,0.6886425785,tiago_sew,SUCCESS_EXACT,tiago_semi_analytic,c96a32d,median-body-4344-torso015-J1-root-robot-zminus020-v5,wrist_center,gripper_grasping_frame,seed-0-wrist-0,5.143900052644312,,1.574550429782231,-0.5098793753149784,-1.9815697511373318,2.252563442631707,-0.2969787092413654,-0.6018543407993109,-1.6483604103063918,2.7894008272968644e-13,7.760437629739122e-14,2.5444437451708134e-14,5.93736438267347,0.29319218188519985,0.27339572587436134,0.692148798518211,reachable_success,102.98465396742655,25.556185985190673
285,transfer,low,0.6909087225,tiago_sew,SUCCESS_EXACT,tiago_semi_analytic,c96a32d,median-body-4344-torso015-J1-root-robot-zminus020-v5,wrist_center,gripper_grasping_frame,seed-0-wrist-0,4.705900093540549,,1.580820794216369,-0.49741276812516,-1.985546463539365,2.2406367638873443,-0.28776263351934617,-0.5957973228208715,-1.6495642820562262,2.3592239273284576e-13,2.674473534659529e-14,7.63333123551244e-14,6.620712738333848,0.29450826274442665,0.2767173131258383,0.69455067611205,reachable_success,103.51269620997124,25.487209214850132
286,transfer,low,0.6929632415,tiago_sew,SUCCESS_EXACT,tiago_semi_analytic,c96a32d,median-body-4344-torso015-J1-root-robot-zminus020-v5,wrist_center,gripper_grasping_frame,seed-0-wrist-0,3.626100020483136,,1.5871872031393042,-0.48615999356390754,-1.9891789023747044,2.2288111983306926,-0.2746926864751966,-0.5894146578563575,-1.6533553837476145,1.6711069443220838e-13,6.934549883976718e-14,0.0,7.298267735085265,0.2952867060317364,0.2798491035851041,0.6968710104831577,reachable_success,104.26154901406049,25.269995088228676
287,transfer,low,0.6949409485,tiago_sew,SUCCESS_EXACT,tiago_semi_analytic,c96a32d,median-body-4344-torso015-J1-root-robot-zminus020-v5,wrist_center,gripper_grasping_frame,seed-0-wrist-0,3.105600015260279,,1.593189906919915,-0.4758218086100488,-1.9928054158117534,2.2174235678710983,-0.2633434536995978,-0.5838590208470258,-1.658302117338029,3.1031676915590914e-13,8.265839675645264e-14,2.5444437451708134e-14,7.950730899074643,0.29626153206248784,0.2828908703618193,0.6990980163551281,reachable_success,104.91181215281385,24.986568131122326
288,transfer,low,0.6967947695,tiago_sew,SUCCESS_EXACT,tiago_semi_analytic,c96a32d,median-body-4344-torso015-J1-root-robot-zminus020-v5,wrist_center,gripper_grasping_frame,seed-0-wrist-0,4.033799981698394,,1.5990790642797224,-0.4662785935623586,-1.9962269746620118,2.206244391142587,-0.2551650676383872,-0.5801170094492627,-1.6607436690233968,1.716587549445839e-13,1.0579517143002505e-13,2.5444437451708134e-14,8.591250544049203,0.2975197532374392,0.28604460970667345,0.7009315764115217,reachable_success,105.38039915734984,24.8466775240877
289,transfer,low,0.6984560705,tiago_sew,SUCCESS_EXACT,tiago_semi_analytic,c96a32d,median-body-4344-torso015-J1-root-robot-zminus020-v5,wrist_center,gripper_grasping_frame,seed-0-wrist-0,7.712600054219365,,1.6046769117389947,-0.4577735982490001,-1.999338847436388,2.195442019981567,-0.2404091582617891,-0.5740600819428887,-1.6707939937340104,2.5776846797341144e-13,7.72491391487018e-14,0.0,9.21018082030949,0.2980437596129658,0.28871171931274126,0.7030882479147142,reachable_success,106.22585048750642,24.2708363354335
290,transfer,low,0.7002297365,tiago_sew,SUCCESS_EXACT,tiago_semi_analytic,c96a32d,median-body-4344-torso015-J1-root-robot-zminus020-v5,wrist_center,gripper_grasping_frame,seed-0-wrist-0,3.188100061379373,,1.6102561924908008,-0.44846064417326725,-2.0021089419980505,2.1846839054957057,-0.22912298809762,-0.5677044432341463,-1.6762194357788598,3.433175098891678e-13,4.336185876041335e-14,0.0,9.826575375867895,0.29879386353362314,0.2915552019464329,0.7053504815978484,reachable_success,106.87250040477979,23.959981404270803
291,transfer,low,0.7019214025,tiago_sew,SUCCESS_EXACT,tiago_semi_analytic,c96a32d,median-body-4344-torso015-J1-root-robot-zminus020-v5,wrist_center,gripper_grasping_frame,seed-0-wrist-0,4.853100050240755,,1.6164508139007308,-0.43954869946496206,-2.0047748655122657,2.1734501070089314,-0.21666771119645922,-0.5607481775711536,-1.6858105306794613,4.0436549343196475e-13,1.9395804976519554e-14,0.0,10.470224617060513,0.2993215169323283,0.29457734280322057,0.7076794506792141,reachable_success,107.58613520388307,23.41045214555689
292,transfer,low,0.7035164945,tiago_sew,SUCCESS_EXACT,tiago_semi_analytic,c96a32d,median-body-4344-torso015-J1-root-robot-zminus020-v5,wrist_center,gripper_grasping_frame,seed-0-wrist-0,3.2531999750062823,,1.621639944333548,-0.43125871275983124,-2.0071244349138255,2.1632905814144943,-0.20542882973193066,-0.5555260009606386,-1.6914240761121437,2.2591401799415136e-13,6.579731999498708e-14,2.5444437451708134e-14,11.052322555476898,0.29997778148053256,0.2972358661247769,0.7096296227705946,reachable_success,108.23007567824838,23.088819684159247
293,transfer,low,0.7051006475,tiago_sew,SUCCESS_EXACT,tiago_semi_analytic,c96a32d,median-body-4344-torso015-J1-root-robot-zminus020-v5,wrist_center,gripper_grasping_frame,seed-0-wrist-0,3.9376000640913844,,1.6277516073347993,-0.4246815139040402,-2.010770290965524,2.1526290823089975,-0.19494859185967428,-0.557188667204846,-1.698612676935837,1.6711069443220838e-13,9.85577190179569e-14,0.0,11.663181457504365,0.3008268541130478,0.3001894320401578,0.7105276482936176,reachable_success,108.83054907662184,22.676943196357357
294,transfer,low,0.7065601045,tiago_sew,SUCCESS_EXACT,tiago_semi_analytic,c96a32d,median-body-4344-torso015-J1-root-robot-zminus020-v5,wrist_center,gripper_grasping_frame,seed-0-wrist-0,3.285099985077977,,1.6332594370616653,-0.4169374173377149,-2.012787303931899,2.1421489259332493,-0.18458638114140058,-0.5541191727978756,-1.7064405482203258,1.6653345369377348e-13,4.673775461619561e-14,7.63333123551244e-14,12.263650186471855,0.30149589401379273,0.30306456532462744,0.7119324435295025,reachable_success,109.42426001720415,22.228439209184497
295,transfer,low,0.7079556585,tiago_sew,SUCCESS_EXACT,tiago_semi_analytic,c96a32d,median-body-4344-torso015-J1-root-robot-zminus020-v5,wrist_center,gripper_grasping_frame,seed-0-wrist-0,4.550699959509075,,1.6388231301453529,-0.410288762390364,-2.0152574415530267,2.1319140841029065,-0.1760433712758669,-0.5522100894715498,-1.7146033035151582,2.0955000055363632e-13,4.5196617020319696e-14,2.5444437451708134e-14,12.850063427334451,0.30234643496896624,0.3059501916547328,0.7132397992761278,reachable_success,109.91373842683785,21.76074778159253
296,transfer,low,0.7093632665,tiago_sew,SUCCESS_EXACT,tiago_semi_analytic,c96a32d,median-body-4344-torso015-J1-root-robot-zminus020-v5,wrist_center,gripper_grasping_frame,seed-0-wrist-0,4.03129996266216,,1.644432879558268,-0.4026787737774713,-2.016978713584202,2.1211785614786733,-0.16249966374772384,-0.545787586709535,-1.7269302421062287,2.897767167584095e-13,6.51791118007528e-14,0.0,13.465163564570222,0.3027002059662401,0.308739664497261,0.7152813868418152,reachable_success,110.68973570716001,21.054466226007253
297,transfer,low,0.7106765445000001,tiago_sew,SUCCESS_EXACT,tiago_semi_analytic,c96a32d,median-body-4344-torso015-J1-root-robot-zminus020-v5,wrist_center,gripper_grasping_frame,seed-0-wrist-0,4.309299984015524,,1.6498819639256028,-0.3958487807200458,-2.0187463061627042,2.1109233945307717,-0.1494948523606503,-0.5433953259823197,-1.7363928805187179,1.494683490070454e-13,6.688607107043397e-14,2.5444437451708134e-14,14.052741348887043,0.3030315862673626,0.3114292056728333,0.7165134927186593,reachable_success,111.434856513003,20.51229698191325
298,transfer,low,0.7119821325,tiago_sew,SUCCESS_EXACT,tiago_semi_analytic,c96a32d,median-body-4344-torso015-J1-root-robot-zminus020-v5,wrist_center,gripper_grasping_frame,seed-0-wrist-0,3.826499916613102,,1.65469630141366,-0.38845117843431837,-2.0199342602852757,2.10053440260887,-0.13513564230133923,-0.5384363617555223,-1.7477367214238688,2.618455766672135e-13,7.418930395690343e-14,2.5444437451708134e-14,14.647986739407521,0.30347393365404085,0.31397977750984074,0.718145259200695,reachable_success,112.25757864654331,19.862342774580238
299,transfer,low,0.7133957365,tiago_sew,SUCCESS_EXACT,tiago_semi_analytic,c96a32d,median-body-4344-torso015-J1-root-robot-zminus020-v5,wrist_center,gripper_grasping_frame,seed-0-wrist-0,4.005700000561774,,1.6600852492583202,-0.3812190890389605,-2.0215915820014274,2.090103145373976,-0.12229212545030954,-0.5357826413187494,-1.7574060529151847,2.288783399261119e-13,1.1182687321602495e-13,2.5444437451708134e-14,15.245653753982246,0.3038740254193888,0.3167000246016832,0.7195311748358875,reachable_success,112.99345795621247,19.308330889414897
300,transfer,low,0.7147060245,tiago_sew,SUCCESS_EXACT,tiago_semi_analytic,c96a32d,median-body-4344-torso015-J1-root-robot-zminus020-v5,wrist_center,gripper_grasping_frame,seed-0-wrist-0,3.4015000564977527,,1.6652399744621624,-0.3743703076984691,-2.022986071868743,2.0800223972118155,-0.11338090591568495,-0.5323196314023573,-1.7656453385249975,1.8619006149354548e-13,7.732184591637544e-14,0.0,15.823238078008307,0.3045831937646446,0.319501450571363,0.7209911138688807,reachable_success,113.504033225861,18.836254597769752
301,transfer,low,0.7161315155,tiago_sew,SUCCESS_EXACT,tiago_semi_analytic,c96a32d,median-body-4344-torso015-J1-root-robot-zminus020-v5,wrist_center,gripper_grasping_frame,seed-0-wrist-0,3.8151999469846487,,1.671345409800204,-0.36834855053276494,-2.0254726616546472,2.0697523367328263,-0.1060053362689537,-0.5309465747482869,-1.771251885639682,1.7772239894833365e-13,1.0126692102695029e-13,0.0,16.41166919879849,0.3052533476193833,0.32252648660554917,0.7224042565087845,reachable_success,113.92662223812349,18.515023110457083
302,transfer,middle,0.7174412695,tiago_sew,SUCCESS_EXACT,tiago_semi_analytic,c96a32d,median-body-4344-torso015-J1-root-robot-zminus020-v5,wrist_center,gripper_grasping_frame,seed-0-wrist-0,4.459799965843558,,1.676278757572478,-0.3611686585943032,-2.026382414343468,2.059718049712421,-0.09421907276757047,-0.5297031368342981,-1.7814325115322092,6.206335383118183e-14,1.1191568630798085e-13,2.5444437451708134e-14,16.986591495490618,0.3056418848549226,0.32516165554929094,0.7233449629837074,reachable_success,114.60192539298183,17.93171621401367
303,transfer,middle,0.7186700595,tiago_sew,SUCCESS_EXACT,tiago_semi_analytic,c96a32d,median-body-4344-torso015-J1-root-robot-zminus020-v5,wrist_center,gripper_grasping_frame,seed-0-wrist-0,3.5595999797806144,,1.6816564045126674,-0.3551144545468879,-2.0279315527912285,2.0492192350167056,-0.08336572876154591,-0.5267456893485449,-1.793754482521682,2.989366980140908e-13,8.048673050151796e-14,0.0,17.225719281034234,0.30628455456538173,0.3279815631372065,0.7247675537958385,reachable_success,115.22377619813065,17.225719281034234
304,transfer,middle,0.7200642855,tiago_sew,SUCCESS_EXACT,tiago_semi_analytic,c96a32d,median-body-4344-torso015-J1-root-robot-zminus020-v5,wrist_center,gripper_grasping_frame,seed-0-wrist-0,3.468999988399446,,1.6865111363830254,-0.3470908179661406,-2.0283241904641396,2.038792044442148,-0.07384129571395803,-0.5289832493528843,-1.80127429393632,7.850462293418876e-14,1.1068846184157333e-13,0.0,16.794865824241178,0.30688256738361064,0.33082507459814525,0.724941643642222,reachable_success,115.76948601401236,16.794865824241178
305,transfer,middle,0.7211980445,tiago_sew,SUCCESS_EXACT,tiago_semi_analytic,c96a32d,median-body-4344-torso015-J1-root-robot-zminus020-v5,wrist_center,gripper_grasping_frame,seed-0-wrist-0,3.320199903100729,,1.6913048265096482,-0.3406513685098778,-2.0289196205566347,2.028725237876553,-0.06619248716619097,-0.5293220121287296,-1.809091120560959,1.2412670766236365e-13,5.279986375376205e-14,2.5444437451708134e-14,16.34699464946387,0.30768249628232036,0.33364592519719793,0.7254223403374582,reachable_success,116.207730462103,16.34699464946387
306,transfer,middle,0.7224806675,tiago_sew,SUCCESS_EXACT,tiago_semi_analytic,c96a32d,median-body-4344-torso015-J1-root-robot-zminus020-v5,wrist_center,gripper_grasping_frame,seed-0-wrist-0,3.634599968791008,,1.6964796875510202,-0.3343440965895873,-2.0302102274876854,2.018141265625787,-0.05225194247691256,-0.5256814849200802,-1.8211317631145043,3.8459253727671276e-13,4.298203963320814e-14,5.088887490341627e-14,15.6571166485201,0.30810398479640255,0.3362879931160606,0.7270570033501277,reachable_success,117.00646483691216,15.6571166485201
307,transfer,middle,0.7238728025,tiago_sew,SUCCESS_EXACT,tiago_semi_analytic,c96a32d,median-body-4344-torso015-J1-root-robot-zminus020-v5,wrist_center,gripper_grasping_frame,seed-0-wrist-0,3.6681999918073416,,1.7017273958708585,-0.32702751531188246,-2.030967800440136,2.007429074498166,-0.03853544644206508,-0.5201205985196222,-1.8335709612434474,3.554447978966673e-13,1.0577174850973657e-13,2.5444437451708134e-14,14.94440309520463,0.30843656756187254,0.3390299950363602,0.7290471814186263,reachable_success,117.79236216941685,14.94440309520463
308,transfer,middle,0.7250418095,tiago_sew,SUCCESS_EXACT,tiago_semi_analytic,c96a32d,median-body-4344-torso015-J1-root-robot-zminus020-v5,wrist_center,gripper_grasping_frame,seed-0-wrist-0,3.2121000112965703,,1.706921577661182,-0.3211550722276696,-2.032015778945069,1.996976358861903,-0.02601633636220768,-0.5194595519802001,-1.842771138742835,1.6653345369377348e-13,7.804680730033057e-14,0.0,14.417271753718502,0.30885993942003276,0.34172254415169234,0.7299880395794873,reachable_success,118.50965434025237,14.417271753718502
309,transfer,middle,0.7262054595,tiago_sew,SUCCESS_EXACT,tiago_semi_analytic,c96a32d,median-body-4344-torso015-J1-root-robot-zminus020-v5,wrist_center,gripper_grasping_frame,seed-0-wrist-0,2.996099996380508,,1.7111391107647784,-0.31327442145766027,-2.031301298690985,1.9858567869590988,-0.008038688971527819,-0.5130595885966329,-1.8569118590874005,3.9350319887992497e-13,1.37265228336609e-14,0.0,13.607068158700114,0.30928315113962007,0.34426190027500236,0.7316992966194952,reachable_success,119.5396976613127,13.607068158700114
310,transfer,middle,0.7274549865,tiago_sew,SUCCESS_EXACT,tiago_semi_analytic,c96a32d,median-body-4344-torso015-J1-root-robot-zminus020-v5,wrist_center,gripper_grasping_frame,seed-0-wrist-0,2.894100034609437,,1.7161425466854112,-0.3064783151634428,-2.0317549860273703,1.9748834519930336,0.004192605508968494,-0.5120261198319751,-1.8653133716147785,2.220446049250313e-13,4.55752521003888e-14,0.0,13.125696949355067,0.30989928147529516,0.3470799601792154,0.7326607365180792,reachable_success,119.76006201137241,13.125696949355067
311,transfer,middle,0.7286451414999999,tiago_sew,SUCCESS_EXACT,tiago_semi_analytic,c96a32d,median-body-4344-torso015-J1-root-robot-zminus020-v5,wrist_center,gripper_grasping_frame,seed-0-wrist-0,3.4623000537976623,,1.7210118786259427,-0.2991531211986853,-2.0314230658634576,1.9639414355341027,0.01796747489478001,-0.5067595101931963,-1.8747149883494068,2.2377260456559047e-13,4.240416008794114e-14,0.0,12.5870239898613,0.31037379477193006,0.3498826035670022,0.734291555593161,reachable_success,118.97082013222145,12.5870239898613
312,transfer,middle,0.7296663365,tiago_sew,SUCCESS_EXACT,tiago_semi_analytic,c96a32d,median-body-4344-torso015-J1-root-robot-zminus020-v5,wrist_center,gripper_grasping_frame,seed-0-wrist-0,3.995700040832162,,1.7258181434442075,-0.29239747105585406,-2.0309078512855563,1.9529224701581493,0.023001579039617415,-0.5083296479636235,-1.8784011531151368,3.002224531865041e-13,3.812407284765446e-14,2.5444437451708134e-14,12.375822306195142,0.31151924336152104,0.35307725507284055,0.7342690612922769,reachable_success,118.68238721109294,12.375822306195142
313,transfer,middle,0.7309205624999999,tiago_sew,SUCCESS_EXACT,tiago_semi_analytic,c96a32d,median-body-4344-torso015-J1-root-robot-zminus020-v5,wrist_center,gripper_grasping_frame,seed-0-wrist-0,4.122599959373474,,1.7305093091016392,-0.2835697326725868,-2.029427251365949,1.9410507095009735,0.030190126230975167,-0.5072196210856807,-1.8814087589144712,3.3306690738754696e-13,6.103530456259192e-14,2.5444437451708134e-14,12.203499187454206,0.31266770865754806,0.35640916562448954,0.7347314501238897,reachable_success,118.27051379619753,12.203499187454206
314,transfer,middle,0.7320657655,tiago_sew,SUCCESS_EXACT,tiago_semi_analytic,c96a32d,median-body-4344-torso015-J1-root-robot-zminus020-v5,wrist_center,gripper_grasping_frame,seed-0-wrist-0,3.988899989053607,,1.7349669866598372,-0.2768056557761046,-2.029232081667434,1.9297520500811447,0.04539256348538245,-0.49864459516795545,-1.8968009888201598,3.9350319887992497e-13,2.464603410091558e-14,2.5444437451708134e-14,11.321589376563203,0.3135631170071657,0.3591387038214302,0.7371370859935072,reachable_success,117.39947830320754,11.321589376563203
315,transfer,middle,0.7333646245,tiago_sew,SUCCESS_EXACT,tiago_semi_analytic,c96a32d,median-body-4344-torso015-J1-root-robot-zminus020-v5,wrist_center,gripper_grasping_frame,seed-0-wrist-0,3.243100014515221,,1.7403888890790744,-0.26877388813446035,-2.0285548355959655,1.9171220343705473,0.05913625345742135,-0.49755331372132705,-1.9049820233117938,1.2412670766236365e-13,5.5976220296027234e-14,2.5444437451708134e-14,10.85285062814162,0.3142713747615835,0.3623895012679244,0.7379736588267225,reachable_success,116.61202287287344,10.85285062814162
316,transfer,middle,0.7347269285,tiago_sew,SUCCESS_EXACT,tiago_semi_analytic,c96a32d,median-body-4344-torso015-J1-root-robot-zminus020-v5,wrist_center,gripper_grasping_frame,seed-0-wrist-0,5.266299936920404,,1.7456524044032933,-0.2624350997008636,-2.029494958494713,1.9049375672036837,0.06950331421239575,-0.49309272083935873,-1.9127194994904473,2.1677797545656836e-13,4.469169958004366e-14,2.5444437451708134e-14,10.409525899021762,0.3156342587498989,0.3655499466972384,0.7399616119651266,reachable_success,116.0180340456577,10.409525899021762
317,transfer,middle,0.7359221045,tiago_sew,SUCCESS_EXACT,tiago_semi_analytic,c96a32d,median-body-4344-torso015-J1-root-robot-zminus020-v5,wrist_center,gripper_grasping_frame,seed-0-wrist-0,3.5158999962732196,,1.7499633930951881,-0.2527242715057798,-2.026768452756924,1.8917505655498372,0.086979022402907,-0.4949251101975851,-1.922219008910595,1.1102230246251565e-13,6.2296930158682e-14,0.0,9.865244101802528,0.3163558673491738,0.3686206400856088,0.7397132081449136,reachable_success,115.0167497223392,9.865244101802528
318,transfer,middle,0.7371822205,tiago_sew,SUCCESS_EXACT,tiago_semi_analytic,c96a32d,median-body-4344-torso015-J1-root-robot-zminus020-v5,wrist_center,gripper_grasping_frame,seed-0-wrist-0,4.59310004953295,,1.7549908654716286,-0.24549328921146238,-2.0264331633931594,1.878799925795148,0.10708211181329919,-0.48710566535538824,-1.9399111510445035,2.618455766672135e-13,7.171190480856372e-14,2.5444437451708134e-14,8.851559026983995,0.31725351057819595,0.37158724712827906,0.7421989708297363,reachable_success,113.86492754394959,8.851559026983995
319,transfer,middle,0.7384448855,tiago_sew,SUCCESS_EXACT,tiago_semi_analytic,c96a32d,median-body-4344-torso015-J1-root-robot-zminus020-v5,wrist_center,gripper_grasping_frame,seed-0-wrist-0,5.0379999447613955,,1.7601343555574471,-0.23805065762064395,-2.02583557906779,1.8656952914552718,0.1199824236014031,-0.48858305564352333,-1.9514671366253271,4.718447854656915e-13,4.447920380044496e-14,5.088887490341627e-14,8.189449825088767,0.3183657538389854,0.3748186313976011,0.7426369474128716,reachable_success,113.12579412408837,8.189449825088767
320,transfer,middle,0.7398752905,tiago_sew,SUCCESS_EXACT,tiago_semi_analytic,c96a32d,median-body-4344-torso015-J1-root-robot-zminus020-v5,wrist_center,gripper_grasping_frame,seed-0-wrist-0,4.643999971449375,,1.7643482869028955,-0.22923409440235995,-2.024568426192398,1.851593936047822,0.1369250254098664,-0.48640270116464857,-1.9644166858339336,2.288783399261119e-13,4.474223736145233e-14,0.0,7.447495308838641,0.32004603657319497,0.37794984167749957,0.7438679730188891,reachable_success,112.1550545464927,7.447495308838641
321,transfer,middle,0.7410793915,tiago_sew,SUCCESS_EXACT,tiago_semi_analytic,c96a32d,median-body-4344-torso015-J1-root-robot-zminus020-v5,wrist_center,gripper_grasping_frame,seed-0-wrist-0,4.461299977265298,,1.7692622989675955,-0.22205728990833384,-2.0238850437955347,1.8379680412855963,0.15315931294300533,-0.4826068663644256,-1.9798769208473672,2.2377260456559047e-13,3.357413215403292e-14,2.5444437451708134e-14,6.561689092288512,0.32148037546814107,0.38115277328929353,0.7454417917325904,reachable_success,111.224898387442,6.561689092288512
322,transfer,middle,0.7423973085,tiago_sew,SUCCESS_EXACT,tiago_semi_analytic,c96a32d,median-body-4344-torso015-J1-root-robot-zminus020-v5,wrist_center,gripper_grasping_frame,seed-0-wrist-0,4.434200003743172,,1.7743435219041408,-0.21344861727036984,-2.022229157373029,1.8235879848151912,0.166565570965723,-0.47984136391790866,-1.989743699553836,3.510833468576701e-13,2.974109759672042e-14,0.0,5.996364315018301,0.3231034800736817,0.384722964513494,0.746605675224032,reachable_success,110.45677638367688,5.996364315018301
323,transfer,middle,0.7437581175,tiago_sew,SUCCESS_EXACT,tiago_semi_analytic,c96a32d,median-body-4344-torso015-J1-root-robot-zminus020-v5,wrist_center,gripper_grasping_frame,seed-0-wrist-0,3.945200005546212,,1.7787790141272486,-0.20408905029219626,-2.0198819898941154,1.8091295258103204,0.17866200258717235,-0.4750766504971149,-1.9982510895136079,2.897767167584095e-13,4.1371764107335446e-14,5.088887490341627e-14,5.508926775651402,0.3251904358499199,0.38830267189399703,0.7480316785999922,reachable_success,109.76370190459923,5.508926775651402
324,transfer,middle,0.7451652525,tiago_sew,SUCCESS_EXACT,tiago_semi_analytic,c96a32d,median-body-4344-torso015-J1-root-robot-zminus020-v5,wrist_center,gripper_grasping_frame,seed-0-wrist-0,4.516600049100816,,1.784119705830821,-0.19667552254135634,-2.0194457121019807,1.7948121231318954,0.19185810592614327,-0.47145844428733374,-2.0041686442824753,6.004449063730082e-13,9.398701119596214e-14,0.0,5.169875862357784,0.3269824584533233,0.3917948744766502,0.7498168790648425,reachable_success,109.00762087725771,5.169875862357784
325,transfer,middle,0.7467193305,tiago_sew,SUCCESS_EXACT,tiago_semi_analytic,c96a32d,median-body-4344-torso015-J1-root-robot-zminus020-v5,wrist_center,gripper_grasping_frame,seed-0-wrist-0,4.864400019869208,,1.7887973601951737,-0.18689624510860944,-2.017178676684148,1.779686898692622,0.20897482793328237,-0.4695230716884291,-2.0117394278164378,3.3306690738754696e-13,5.998936204603005e-14,5.088887490341627e-14,4.7361019182545965,0.3287014750305583,0.3952174225124705,0.7510436025136297,reachable_success,108.02690494714994,4.7361019182545965
326,transfer,middle,0.7481452635,tiago_sew,SUCCESS_EXACT,tiago_semi_analytic,c96a32d,median-body-4344-torso015-J1-root-robot-zminus020-v5,wrist_center,gripper_grasping_frame,seed-0-wrist-0,4.586399998515844,,1.7941207680347906,-0.17819577322990957,-2.0154708631801177,1.7639857171632274,0.22738115510568946,-0.4621861033586425,-2.023547161123358,1.494683490070454e-13,1.0130122023940874e-13,2.5444437451708134e-14,4.0595686341520185,0.3306848331474829,0.39891423191110664,0.7534523614481332,reachable_success,106.97230008383406,4.0595686341520185
327,transfer,middle,0.7494385375,tiago_sew,SUCCESS_EXACT,tiago_semi_analytic,c96a32d,median-body-4344-torso015-J1-root-robot-zminus020-v5,wrist_center,gripper_grasping_frame,seed-0-wrist-0,4.565099952742457,,1.7991604330511752,-0.16947727967741275,-2.013041380911588,1.7492279233942667,0.25156978743334424,-0.4596704480661282,-2.040959831564531,3.3306690738754696e-13,3.293544838848639e-14,7.63333123551244e-14,3.061896107820604,0.3316458174431782,0.40206526890735805,0.7548415059762802,reachable_success,105.58639353926573,3.061896107820604
328,transfer,middle,0.7509701845000001,tiago_sew,SUCCESS_EXACT,tiago_semi_analytic,c96a32d,median-body-4344-torso015-J1-root-robot-zminus020-v5,wrist_center,gripper_grasping_frame,seed-0-wrist-0,5.160700064152479,,1.803746578740874,-0.15994008245552116,-2.0105415404825555,1.7338360440953378,0.2797859550037347,-0.45423077215209284,-2.0652264918150856,4.4754520913118095e-13,7.477045063669803e-14,7.63333123551244e-14,1.6715188925859503,0.3329917109386573,0.40511275840031113,0.7571545316534702,reachable_success,103.96972622344845,1.6715188925859503
329,transfer,middle,0.7525186765,tiago_sew,SUCCESS_EXACT,tiago_semi_analytic,c96a32d,median-body-4344-torso015-J1-root-robot-zminus020-v5,wrist_center,gripper_grasping_frame,seed-0-wrist-0,4.73970000166446,,1.8089498307300589,-0.15232740696291883,-2.0098690640107724,1.718815750450487,0.29746553397068,-0.458193760111941,-2.080542220748322,5.775561153410717e-13,5.735796089993344e-14,5.088887490341627e-14,0.7939922645450889,0.33440765069622397,0.4082229860754789,0.7578594930901754,reachable_success,102.95676096507422,0.7939922645450889
330,transfer,middle,0.7539061895,tiago_sew,SUCCESS_EXACT,tiago_semi_analytic,c96a32d,median-body-4344-torso015-J1-root-robot-zminus020-v5,wrist_center,gripper_grasping_frame,seed-9-wrist-0-boundary,399.31939996313304,,1.814475690699366,-0.14332135433337176,-2.0072419916741917,1.7028701194893494,0.31268716862791474,-0.4562918386112385,-2.0943999999999994,0.06817449661249411,0.03164813977640542,0.008033482821439605,2.5444437451708134e-14,0.33627604398811833,0.41201769555812606,0.7590498907299204,reachable_success,102.08462554192461,2.5444437451708134e-14
331,transfer,middle,0.7553989875,tiago_sew,SUCCESS_EXACT,tiago_semi_analytic,c96a32d,median-body-4344-torso015-J1-root-robot-zminus020-v5,wrist_center,gripper_grasping_frame,seed-9-wrist-0-boundary,372.8543999604881,,1.8205307296511812,-0.13500432537886536,-2.0055693112098796,1.6889619000016032,0.3157704911109171,-0.4534462725453378,-2.0943999999999994,0.8413374511503258,0.3901853966451271,0.09952091391221447,2.5444437451708134e-14,0.33802448200607016,0.4159718090873035,0.7604731302154724,reachable_success,101.90796417677078,2.5444437451708134e-14
332,transfer,middle,0.7570171514999999,tiago_sew,SUCCESS_EXACT,tiago_semi_analytic,c96a32d,median-body-4344-torso015-J1-root-robot-zminus020-v5,wrist_center,gripper_grasping_frame,seed-9-wrist-0-boundary,385.80729998648167,,1.8256578991659715,-0.12611650021723023,-2.003469864560221,1.673883087251257,0.32078182515434916,-0.4521513084238602,-2.0943999999999994,0.9993032162841737,0.4630402624662715,0.1193224993609356,2.5444437451708134e-14,0.34052355513978194,0.4197802999065199,0.7616159296764669,reachable_success,101.6208358863519,2.5444437451708134e-14
333,transfer,middle,0.7586256714999999,tiago_sew,NUMERICAL_FAILURE,tiago_semi_analytic,c96a32d,median-body-4344-torso015-J1-root-robot-zminus020-v5,wrist_center,gripper_grasping_frame,,375.86259993258864,no exact or boundary-refined wrist branch met strict wrist-center/orientation/SEW tolerances,,,,,,,,,,,,,,,oracle_inconclusive,,
334,transfer,middle,0.7603572085,tiago_sew,NUMERICAL_FAILURE,tiago_semi_analytic,c96a32d,median-body-4344-torso015-J1-root-robot-zminus020-v5,wrist_center,gripper_grasping_frame,,412.7064000349492,no exact or boundary-refined wrist branch met strict wrist-center/orientation/SEW tolerances,,,,,,,,,,,,,,,oracle_inconclusive,,
335,transfer,middle,0.7617933045,tiago_sew,NUMERICAL_FAILURE,tiago_semi_analytic,c96a32d,median-body-4344-torso015-J1-root-robot-zminus020-v5,wrist_center,gripper_grasping_frame,,399.96399998199195,no exact or boundary-refined wrist branch met strict wrist-center/orientation/SEW tolerances,,,,,,,,,,,,,,,oracle_inconclusive,,
336,transfer,middle,0.7635580445,tiago_sew,NUMERICAL_FAILURE,tiago_semi_analytic,c96a32d,median-body-4344-torso015-J1-root-robot-zminus020-v5,wrist_center,gripper_grasping_frame,,355.6475000223145,no exact or boundary-refined wrist branch met strict wrist-center/orientation/SEW tolerances,,,,,,,,,,,,,,,oracle_inconclusive,,
337,transfer,middle,0.7653545225,tiago_sew,NUMERICAL_FAILURE,tiago_semi_analytic,c96a32d,median-body-4344-torso015-J1-root-robot-zminus020-v5,wrist_center,gripper_grasping_frame,,378.4345000749454,no exact or boundary-refined wrist branch met strict wrist-center/orientation/SEW tolerances,,,,,,,,,,,,,,,oracle_inconclusive,,
338,transfer,middle,0.7669615784999999,tiago_sew,NUMERICAL_FAILURE,tiago_semi_analytic,c96a32d,median-body-4344-torso015-J1-root-robot-zminus020-v5,wrist_center,gripper_grasping_frame,,377.67199997324497,no exact or boundary-refined wrist branch met strict wrist-center/orientation/SEW tolerances,,,,,,,,,,,,,,,oracle_inconclusive,,
339,transfer,middle,0.7687329105,tiago_sew,NUMERICAL_FAILURE,tiago_semi_analytic,c96a32d,median-body-4344-torso015-J1-root-robot-zminus020-v5,wrist_center,gripper_grasping_frame,,389.1882000025362,no exact or boundary-refined wrist branch met strict wrist-center/orientation/SEW tolerances,,,,,,,,,,,,,,,oracle_inconclusive,,
340,transfer,middle,0.7704467475000001,tiago_sew,NUMERICAL_FAILURE,tiago_semi_analytic,c96a32d,median-body-4344-torso015-J1-root-robot-zminus020-v5,wrist_center,gripper_grasping_frame,,369.6934001054615,no exact or boundary-refined wrist branch met strict wrist-center/orientation/SEW tolerances,,,,,,,,,,,,,,,oracle_inconclusive,,
341,transfer,middle,0.7722958685,tiago_sew,NUMERICAL_FAILURE,tiago_semi_analytic,c96a32d,median-body-4344-torso015-J1-root-robot-zminus020-v5,wrist_center,gripper_grasping_frame,,325.1118999905884,no exact or boundary-refined wrist branch met strict wrist-center/orientation/SEW tolerances,,,,,,,,,,,,,,,oracle_inconclusive,,
342,transfer,middle,0.7738430175,tiago_sew,NUMERICAL_FAILURE,tiago_semi_analytic,c96a32d,median-body-4344-torso015-J1-root-robot-zminus020-v5,wrist_center,gripper_grasping_frame,,379.1141000110656,no exact or boundary-refined wrist branch met strict wrist-center/orientation/SEW tolerances,,,,,,,,,,,,,,,oracle_inconclusive,,
343,transfer,middle,0.7756531675,tiago_sew,NUMERICAL_FAILURE,tiago_semi_analytic,c96a32d,median-body-4344-torso015-J1-root-robot-zminus020-v5,wrist_center,gripper_grasping_frame,,324.87570005469024,no exact or boundary-refined wrist branch met strict wrist-center/orientation/SEW tolerances,,,,,,,,,,,,,,,oracle_inconclusive,,
344,transfer,middle,0.7772374575000001,tiago_sew,NUMERICAL_FAILURE,tiago_semi_analytic,c96a32d,median-body-4344-torso015-J1-root-robot-zminus020-v5,wrist_center,gripper_grasping_frame,,291.5529999881983,no exact or boundary-refined wrist branch met strict wrist-center/orientation/SEW tolerances,,,,,,,,,,,,,,,oracle_inconclusive,,
345,transfer,middle,0.7786723935,tiago_sew,NUMERICAL_FAILURE,tiago_semi_analytic,c96a32d,median-body-4344-torso015-J1-root-robot-zminus020-v5,wrist_center,gripper_grasping_frame,,249.9321000650525,no exact or boundary-refined wrist branch met strict wrist-center/orientation/SEW tolerances,,,,,,,,,,,,,,,oracle_inconclusive,,
346,transfer,middle,0.7801612554999999,tiago_sew,NUMERICAL_FAILURE,tiago_semi_analytic,c96a32d,median-body-4344-torso015-J1-root-robot-zminus020-v5,wrist_center,gripper_grasping_frame,,324.1512000095099,no exact or boundary-refined wrist branch met strict wrist-center/orientation/SEW tolerances,,,,,,,,,,,,,,,oracle_inconclusive,,
347,transfer,middle,0.7816918335,tiago_sew,NUMERICAL_FAILURE,tiago_semi_analytic,c96a32d,median-body-4344-torso015-J1-root-robot-zminus020-v5,wrist_center,gripper_grasping_frame,,221.6041999636218,no exact or boundary-refined wrist branch met strict wrist-center/orientation/SEW tolerances,,,,,,,,,,,,,,,oracle_inconclusive,,
348,transfer,middle,0.7830406495,tiago_sew,NUMERICAL_FAILURE,tiago_semi_analytic,c96a32d,median-body-4344-torso015-J1-root-robot-zminus020-v5,wrist_center,gripper_grasping_frame,,235.69070000667125,no exact or boundary-refined wrist branch met strict wrist-center/orientation/SEW tolerances,,,,,,,,,,,,,,,oracle_inconclusive,,
349,transfer,middle,0.7844298405000001,tiago_sew,NUMERICAL_FAILURE,tiago_semi_analytic,c96a32d,median-body-4344-torso015-J1-root-robot-zminus020-v5,wrist_center,gripper_grasping_frame,,233.556600054726,no exact or boundary-refined wrist branch met strict wrist-center/orientation/SEW tolerances,,,,,,,,,,,,,,,oracle_inconclusive,,
350,transfer,middle,0.7855509645000001,tiago_sew,NUMERICAL_FAILURE,tiago_semi_analytic,c96a32d,median-body-4344-torso015-J1-root-robot-zminus020-v5,wrist_center,gripper_grasping_frame,,306.30429997108877,no exact or boundary-refined wrist branch met strict wrist-center/orientation/SEW tolerances,,,,,,,,,,,,,,,oracle_inconclusive,,
351,transfer,middle,0.7867948305,tiago_sew,NUMERICAL_FAILURE,tiago_semi_analytic,c96a32d,median-body-4344-torso015-J1-root-robot-zminus020-v5,wrist_center,gripper_grasping_frame,,230.0375000340864,no exact or boundary-refined wrist branch met strict wrist-center/orientation/SEW tolerances,,,,,,,,,,,,,,,oracle_inconclusive,,
352,transfer,middle,0.7879149785,tiago_sew,NUMERICAL_FAILURE,tiago_semi_analytic,c96a32d,median-body-4344-torso015-J1-root-robot-zminus020-v5,wrist_center,gripper_grasping_frame,,306.52240000199527,no exact or boundary-refined wrist branch met strict wrist-center/orientation/SEW tolerances,,,,,,,,,,,,,,,oracle_inconclusive,,
353,transfer,middle,0.7889873654999999,tiago_sew,NUMERICAL_FAILURE,tiago_semi_analytic,c96a32d,median-body-4344-torso015-J1-root-robot-zminus020-v5,wrist_center,gripper_grasping_frame,,185.30410004314035,no exact or boundary-refined wrist branch met strict wrist-center/orientation/SEW tolerances,,,,,,,,,,,,,,,oracle_inconclusive,,
354,transfer,middle,0.7900637815,tiago_sew,NUMERICAL_FAILURE,tiago_semi_analytic,c96a32d,median-body-4344-torso015-J1-root-robot-zminus020-v5,wrist_center,gripper_grasping_frame,,315.0319999549538,no exact or boundary-refined wrist branch met strict wrist-center/orientation/SEW tolerances,,,,,,,,,,,,,,,oracle_inconclusive,,
355,transfer,middle,0.7909756164999999,tiago_sew,NUMERICAL_FAILURE,tiago_semi_analytic,c96a32d,median-body-4344-torso015-J1-root-robot-zminus020-v5,wrist_center,gripper_grasping_frame,,303.2481000991538,no exact or boundary-refined wrist branch met strict wrist-center/orientation/SEW tolerances,,,,,,,,,,,,,,,oracle_inconclusive,,
356,transfer,middle,0.7918914795,tiago_sew,NUMERICAL_FAILURE,tiago_semi_analytic,c96a32d,median-body-4344-torso015-J1-root-robot-zminus020-v5,wrist_center,gripper_grasping_frame,,314.5378000335768,no exact or boundary-refined wrist branch met strict wrist-center/orientation/SEW tolerances,,,,,,,,,,,,,,,oracle_inconclusive,,
357,transfer,middle,0.7927408444999999,tiago_sew,NUMERICAL_FAILURE,tiago_semi_analytic,c96a32d,median-body-4344-torso015-J1-root-robot-zminus020-v5,wrist_center,gripper_grasping_frame,,314.4571000011638,no exact or boundary-refined wrist branch met strict wrist-center/orientation/SEW tolerances,,,,,,,,,,,,,,,oracle_inconclusive,,
358,transfer,middle,0.7937191775,tiago_sew,NUMERICAL_FAILURE,tiago_semi_analytic,c96a32d,median-body-4344-torso015-J1-root-robot-zminus020-v5,wrist_center,gripper_grasping_frame,,298.52489999029785,no exact or boundary-refined wrist branch met strict wrist-center/orientation/SEW tolerances,,,,,,,,,,,,,,,oracle_inconclusive,,
359,transfer,middle,0.7944225165,tiago_sew,NUMERICAL_FAILURE,tiago_semi_analytic,c96a32d,median-body-4344-torso015-J1-root-robot-zminus020-v5,wrist_center,gripper_grasping_frame,,307.88820004090667,no exact or boundary-refined wrist branch met strict wrist-center/orientation/SEW tolerances,,,,,,,,,,,,,,,oracle_inconclusive,,
360,transfer,middle,0.7950935975,tiago_sew,NUMERICAL_FAILURE,tiago_semi_analytic,c96a32d,median-body-4344-torso015-J1-root-robot-zminus020-v5,wrist_center,gripper_grasping_frame,,308.78850002773106,no exact or boundary-refined wrist branch met strict wrist-center/orientation/SEW tolerances,,,,,,,,,,,,,,,oracle_inconclusive,,
361,transfer,middle,0.7957949835,tiago_sew,NUMERICAL_FAILURE,tiago_semi_analytic,c96a32d,median-body-4344-torso015-J1-root-robot-zminus020-v5,wrist_center,gripper_grasping_frame,,201.73199998680502,no exact or boundary-refined wrist branch met strict wrist-center/orientation/SEW tolerances,,,,,,,,,,,,,,,oracle_inconclusive,,
362,transfer,middle,0.7963494265,tiago_sew,NUMERICAL_FAILURE,tiago_semi_analytic,c96a32d,median-body-4344-torso015-J1-root-robot-zminus020-v5,wrist_center,gripper_grasping_frame,,344.90149992052466,no exact or boundary-refined wrist branch met strict wrist-center/orientation/SEW tolerances,,,,,,,,,,,,,,,oracle_inconclusive,,
363,transfer,middle,0.7970233765,tiago_sew,NUMERICAL_FAILURE,tiago_semi_analytic,c96a32d,median-body-4344-torso015-J1-root-robot-zminus020-v5,wrist_center,gripper_grasping_frame,,165.0229999795556,no exact or boundary-refined wrist branch met strict wrist-center/orientation/SEW tolerances,,,,,,,,,,,,,,,oracle_inconclusive,,
364,transfer,middle,0.7975969855,tiago_sew,NUMERICAL_FAILURE,tiago_semi_analytic,c96a32d,median-body-4344-torso015-J1-root-robot-zminus020-v5,wrist_center,gripper_grasping_frame,,307.856300030835,no exact or boundary-refined wrist branch met strict wrist-center/orientation/SEW tolerances,,,,,,,,,,,,,,,oracle_inconclusive,,
365,transfer,middle,0.7981401065,tiago_sew,NUMERICAL_FAILURE,tiago_semi_analytic,c96a32d,median-body-4344-torso015-J1-root-robot-zminus020-v5,wrist_center,gripper_grasping_frame,,302.4006000487134,no exact or boundary-refined wrist branch met strict wrist-center/orientation/SEW tolerances,,,,,,,,,,,,,,,oracle_inconclusive,,
366,transfer,middle,0.7985071715,tiago_sew,NUMERICAL_FAILURE,tiago_semi_analytic,c96a32d,median-body-4344-torso015-J1-root-robot-zminus020-v5,wrist_center,gripper_grasping_frame,,300.3703999565914,no exact or boundary-refined wrist branch met strict wrist-center/orientation/SEW tolerances,,,,,,,,,,,,,,,oracle_inconclusive,,
367,transfer,middle,0.7989514775,tiago_sew,NUMERICAL_FAILURE,tiago_semi_analytic,c96a32d,median-body-4344-torso015-J1-root-robot-zminus020-v5,wrist_center,gripper_grasping_frame,,314.77579998318106,no exact or boundary-refined wrist branch met strict wrist-center/orientation/SEW tolerances,,,,,,,,,,,,,,,oracle_inconclusive,,
368,transfer,high,0.7993283695,tiago_sew,NUMERICAL_FAILURE,tiago_semi_analytic,c96a32d,median-body-4344-torso015-J1-root-robot-zminus020-v5,wrist_center,gripper_grasping_frame,,322.08559999708086,no exact or boundary-refined wrist branch met strict wrist-center/orientation/SEW tolerances,,,,,,,,,,,,,,,oracle_inconclusive,,
369,transfer,high,0.7998353885,tiago_sew,NUMERICAL_FAILURE,tiago_semi_analytic,c96a32d,median-body-4344-torso015-J1-root-robot-zminus020-v5,wrist_center,gripper_grasping_frame,,334.86589998938143,no exact or boundary-refined wrist branch met strict wrist-center/orientation/SEW tolerances,,,,,,,,,,,,,,,oracle_inconclusive,,
370,transfer,high,0.7999938665,tiago_sew,NUMERICAL_FAILURE,tiago_semi_analytic,c96a32d,median-body-4344-torso015-J1-root-robot-zminus020-v5,wrist_center,gripper_grasping_frame,,359.6778999781236,no exact or boundary-refined wrist branch met strict wrist-center/orientation/SEW tolerances,,,,,,,,,,,,,,,oracle_inconclusive,,
371,transfer,high,0.8005650335,tiago_sew,SUCCESS_EXACT,tiago_semi_analytic,c96a32d,median-body-4344-torso015-J1-root-robot-zminus020-v5,wrist_center,gripper_grasping_frame,seed-7-wrist-1-boundary,305.01729995012283,,2.092795570495884,0.18146670192900172,-1.7744732414819306,0.9193325705587075,-2.0943999999999994,0.5749418611303764,0.46846144468744577,0.2700361475411131,0.07756181781315402,0.07485101934740732,2.5444437451708134e-14,0.4225325237359888,0.5524485226414749,0.7907252613078538,reachable_success,2.5444437451708134e-14,93.1594169670077
372,transfer,high,0.8010246585,tiago_sew,SUCCESS_EXACT,tiago_semi_analytic,c96a32d,median-body-4344-torso015-J1-root-robot-zminus020-v5,wrist_center,gripper_grasping_frame,seed-0-wrist-0,3.3016999950632453,,2.1021435013019203,0.18869540615119426,-1.7608663384306311,0.8959601422258789,-2.0788034210041335,0.583562231515173,0.46070266120740744,8.332073666868005e-10,3.300643425245885e-14,1.229984106415571e-10,0.8936181513055268,0.4246742041224191,0.5555155704632908,0.7897651901888961,reachable_success,0.8936181513055268,93.60396251456973
373,transfer,high,0.8011165775,tiago_sew,SUCCESS_EXACT,tiago_semi_analytic,c96a32d,median-body-4344-torso015-J1-root-robot-zminus020-v5,wrist_center,gripper_grasping_frame,seed-0-wrist-0,3.18100000731647,,2.1121191865549793,0.1957050368774539,-1.7458688771200617,0.8713626312649098,-2.062200275820765,0.5946509194310035,0.4502887465486385,1.918893805777585e-09,6.44482441484081e-14,3.0869191516412307e-10,1.8449082969554953,0.42661779278462075,0.5585732762352017,0.7882037790732432,reachable_success,1.8449082969554953,94.20063587272661
374,transfer,high,0.8015430914999999,tiago_sew,SUCCESS_EXACT,tiago_semi_analytic,c96a32d,median-body-4344-torso015-J1-root-robot-zminus020-v5,wrist_center,gripper_grasping_frame,seed-0-wrist-0,3.3178000012412667,,2.1230535673307935,0.20441224575078104,-1.7276776190303555,0.8443000851252143,-2.033309612070517,0.603723314696567,0.4306818369554195,6.1694081355585985e-09,4.515048837815657e-14,1.0217722747482436e-09,3.500221397176315,0.42864658299851127,0.561808865029986,0.7880517927753765,reachable_success,3.500221397176315,95.32402904171262
375,transfer,high,0.8018908695,tiago_sew,SUCCESS_EXACT,tiago_semi_analytic,c96a32d,median-body-4344-torso015-J1-root-robot-zminus020-v5,wrist_center,gripper_grasping_frame,seed-0-wrist-0,3.202000050805509,,2.1348033200596204,0.2120182561217312,-1.710529621994804,0.8166924233504321,-2.0110837329409135,0.6134298535280633,0.4170157795455758,1.0014296942607062e-08,3.0176339304623126e-14,1.6906047576038435e-09,4.773670467270495,0.4307111793996937,0.5652049645290056,0.7874517915886687,reachable_success,4.773670467270495,96.10703645388016
376,transfer,high,0.8020408325,tiago_sew,SUCCESS_EXACT,tiago_semi_analytic,c96a32d,median-body-4344-torso015-J1-root-robot-zminus020-v5,wrist_center,gripper_grasping_frame,seed-0-wrist-0,3.5540000535547733,,2.1463029358267125,0.22013007114256192,-1.6902253631514386,0.7893464073212026,-1.9840918393678662,0.6261497193245051,0.400378918465246,2.7194799110210365e-13,4.3915754349516876e-14,2.5444437451708134e-14,6.320192050072398,0.4322456604936705,0.5681767965171767,0.7863829770990396,reachable_success,6.320192050072398,97.06025837812851
377,transfer,high,0.8024731445,tiago_sew,SUCCESS_EXACT,tiago_semi_analytic,c96a32d,median-body-4344-torso015-J1-root-robot-zminus020-v5,wrist_center,gripper_grasping_frame,seed-0-wrist-0,3.364199888892472,,2.1581761958212407,0.22759009672247865,-1.6714923008991087,0.761595925700041,-1.9623330710738696,0.6356466922185842,0.3889559913697225,4.335559509131367e-13,1.513277733554669e-14,0.0,7.566877640721473,0.43450149213186784,0.5713319273295405,0.7858719232302722,reachable_success,7.566877640721473,97.71474389038764
378,transfer,high,0.8027194824999999,tiago_sew,SUCCESS_EXACT,tiago_semi_analytic,c96a32d,median-body-4344-torso015-J1-root-robot-zminus020-v5,wrist_center,gripper_grasping_frame,seed-0-wrist-0,3.387599950656295,,2.1705314091264003,0.23740441258102143,-1.644341632414802,0.7327754166413019,-1.921442780049642,0.6445737330375407,0.36762943125750214,2.0014830212433604e-13,2.6129318857568138e-14,2.5444437451708134e-14,9.90971873947138,0.43633516494645264,0.5744369612223961,0.7859956803654641,reachable_success,9.90971873947138,98.93666577634991
379,transfer,high,0.8029448855,tiago_sew,SUCCESS_EXACT,tiago_semi_analytic,c96a32d,median-body-4344-torso015-J1-root-robot-zminus020-v5,wrist_center,gripper_grasping_frame,seed-0-wrist-0,3.333000000566244,,2.183311431510398,0.24599420827827354,-1.61822536582735,0.7035472319030762,-1.8837654002639326,0.6546859149555746,0.35063921023637334,1.570092458683775e-13,2.900073370439859e-14,7.63333123551244e-14,12.068473584304057,0.4381529326500516,0.5774367170496337,0.7860719113001444,reachable_success,12.068473584304057,99.91013373385505
380,transfer,high,0.8032651975,tiago_sew,SUCCESS_EXACT,tiago_semi_analytic,c96a32d,median-body-4344-torso015-J1-root-robot-zminus020-v5,wrist_center,gripper_grasping_frame,seed-0-wrist-0,3.6832999903708696,,2.1972201104661866,0.2551414099169877,-1.5883854642051756,0.6719197482980762,-1.8433931578864655,0.6678005331122909,0.33269914320017424,3.3306690738754696e-13,2.439596518276639e-14,2.5444437451708134e-14,14.381632682012128,0.4399263919723959,0.5803628728650696,0.7859858042083437,reachable_success,14.381632682012128,100.93802385921101
381,transfer,high,0.8035154725,tiago_sew,SUCCESS_EXACT,tiago_semi_analytic,c96a32d,median-body-4344-torso015-J1-root-robot-zminus020-v5,wrist_center,gripper_grasping_frame,seed-0-wrist-0,3.9482000283896923,,2.211237895445356,0.26572521642664937,-1.551185336345894,0.6408519937336733,-1.7893615401281064,0.680650129668599,0.3095678288820656,3.7238012298709096e-13,5.3315678997097593e-14,5.088887490341627e-14,17.477416339830214,0.4412782577558052,0.5830796852980915,0.7864515932135377,reachable_success,17.477416339830214,102.26335054422918
382,transfer,high,0.8036639105,tiago_sew,SUCCESS_EXACT,tiago_semi_analytic,c96a32d,median-body-4344-torso015-J1-root-robot-zminus020-v5,wrist_center,gripper_grasping_frame,seed-0-wrist-0,3.7479999009519815,,2.227278072498478,0.27668873774936315,-1.507527888372007,0.6071398327500145,-1.7317932784244916,0.6969685987594003,0.28636315867987694,3.2182108179758516e-12,2.7809722778093935e-14,7.124442486478278e-13,20.77583476935195,0.44228258574600526,0.5859377115712556,0.7863616845276891,reachable_success,20.77583476935195,103.59288021180757
383,transfer,high,0.8039724125000001,tiago_sew,SUCCESS_EXACT,tiago_semi_analytic,c96a32d,median-body-4344-torso015-J1-root-robot-zminus020-v5,wrist_center,gripper_grasping_frame,seed-0-wrist-0,3.711900091730058,,2.2437011243055083,0.2877154296173703,-1.4593589694345848,0.5731541012334225,-1.6755109916297595,0.7141103766526591,0.26674749816572607,3.164198921738493e-11,5.845844530016629e-14,5.19066524014846e-12,24.000572264034986,0.4436354902608141,0.5885779806629086,0.7859263108172375,reachable_success,24.000572264034986,104.71677477162983
384,transfer,high,0.8044049375,tiago_sew,SUCCESS_EXACT,tiago_semi_analytic,c96a32d,median-body-4344-torso015-J1-root-robot-zminus020-v5,wrist_center,gripper_grasping_frame,seed-0-wrist-0,3.652899991720915,,2.2618821649814707,0.30055739325013214,-1.3975521169375786,0.5366448451277468,-1.6049389383431434,0.7345649311774012,0.24526349607078535,1.208141676764052e-09,5.071068593603415e-14,1.7022328655192743e-10,27.90349353636522,0.44497222527932306,0.5910193391156865,0.7855326738719673,reachable_success,28.044053068930438,105.94771741872016
385,transfer,high,0.8045001835,tiago_sew,SUCCESS_EXACT,tiago_semi_analytic,c96a32d,median-body-4344-torso015-J1-root-robot-zminus020-v5,wrist_center,gripper_grasping_frame,seed-0-wrist-0,4.357900004833937,,2.2829630366274505,0.3140864682202041,-1.3187656525217721,0.4975363778609481,-1.5156569535881976,0.7570549411242755,0.21958812395967175,4.1910000110727263e-13,2.052335704336247e-14,0.0,26.695648562593572,0.44609928094119156,0.593652153161968,0.7850594271063519,reachable_success,33.159533981940186,107.41880787811486
386,transfer,high,0.8048937995000001,tiago_sew,SUCCESS_EXACT,tiago_semi_analytic,c96a32d,median-body-4344-torso015-J1-root-robot-zminus020-v5,wrist_center,gripper_grasping_frame,seed-0-wrist-0,4.047999973408878,,2.307174082985082,0.3287242699645525,-1.218538099918461,0.45535040725879994,-1.401625677517004,0.7828433393402219,0.18845131103704915,3.1452884771378856e-11,5.451181657350594e-14,1.3561885161760436e-11,25.308457788705688,0.44716929625820495,0.5961531100994626,0.7856057137088606,reachable_success,39.69304483331072,109.20281584606954
387,transfer,high,0.8054254765,tiago_sew,SUCCESS_EXACT,tiago_semi_analytic,c96a32d,median-body-4344-torso015-J1-root-robot-zminus020-v5,wrist_center,gripper_grasping_frame,seed-0-wrist-0,5.139900022186339,,2.338818566539255,0.34605613081886755,-1.0673226578389066,0.40583491633284496,-1.2447102581346852,0.8190232957507737,0.16111064327603186,8.473409486550036e-13,1.7769612632005428e-14,2.5444437451708134e-14,23.49536243618045,0.4483976685513908,0.598557930059316,0.7851916563986905,reachable_success,48.683636104442904,110.76932071784523
388,transfer,high,0.8055380255,tiago_sew,SUCCESS_EXACT,tiago_semi_analytic,c96a32d,median-body-4344-torso015-J1-root-robot-zminus020-v5,wrist_center,gripper_grasping_frame,seed-0-wrist-0,7.240500068292022,,2.3854164837902805,0.36340551487083167,-0.809111077008107,0.3433699482883055,-0.9787388790721709,0.8734639333005374,0.12383265703714086,2.0014830212433604e-13,2.895467183767683e-14,0.0,20.825498443596832,0.44948694148276847,0.6010087658532016,0.7853674354855404,reachable_success,63.92267359599916,112.90519199808044
389,transfer,high,0.8060549625,tiago_sew,SUCCESS_EXACT,tiago_semi_analytic,c96a32d,median-body-4344-torso015-J1-root-robot-zminus020-v5,wrist_center,gripper_grasping_frame,seed-0-wrist-0,23.575800005346537,,2.4765670304662772,0.36441140444227377,-0.14739175995481793,0.24760910132572125,-0.3314016946570164,0.9905501189577022,0.09135458020692955,0.8794862821727412,3.979579502509542e-14,0.0035430745765666536,15.602956818752004,0.44965938462457444,0.6025662925053414,0.7864537970128574,reachable_success,101.01236218486936,114.76604872715318
390,transfer,high,0.8067693485,tiago_sew,NUMERICAL_FAILURE,tiago_semi_analytic,c96a32d,median-body-4344-torso015-J1-root-robot-zminus020-v5,wrist_center,gripper_grasping_frame,,604.5097999740392,no exact or boundary-refined wrist branch met strict wrist-center/orientation/SEW tolerances,,,,,,,,,,,,,,,oracle_inconclusive,,
391,transfer,high,0.8069861455,tiago_sew,NUMERICAL_FAILURE,tiago_semi_analytic,c96a32d,median-body-4344-torso015-J1-root-robot-zminus020-v5,wrist_center,gripper_grasping_frame,,394.3731999024749,no exact or boundary-refined wrist branch met strict wrist-center/orientation/SEW tolerances,,,,,,,,,,,,,,,oracle_inconclusive,,
392,transfer,high,0.8075090635,tiago_sew,NUMERICAL_FAILURE,tiago_semi_analytic,c96a32d,median-body-4344-torso015-J1-root-robot-zminus020-v5,wrist_center,gripper_grasping_frame,,494.3265999900177,no exact or boundary-refined wrist branch met strict wrist-center/orientation/SEW tolerances,,,,,,,,,,,,,,,oracle_inconclusive,,
393,transfer,high,0.8081081545,tiago_sew,NUMERICAL_FAILURE,tiago_semi_analytic,c96a32d,median-body-4344-torso015-J1-root-robot-zminus020-v5,wrist_center,gripper_grasping_frame,,328.34140001796186,no exact or boundary-refined wrist branch met strict wrist-center/orientation/SEW tolerances,,,,,,,,,,,,,,,oracle_inconclusive,,
394,transfer,high,0.8085195615,tiago_sew,NUMERICAL_FAILURE,tiago_semi_analytic,c96a32d,median-body-4344-torso015-J1-root-robot-zminus020-v5,wrist_center,gripper_grasping_frame,,471.1399999214336,no exact or boundary-refined wrist branch met strict wrist-center/orientation/SEW tolerances,,,,,,,,,,,,,,,oracle_inconclusive,,
395,transfer,high,0.8091150205,tiago_sew,NUMERICAL_FAILURE,tiago_semi_analytic,c96a32d,median-body-4344-torso015-J1-root-robot-zminus020-v5,wrist_center,gripper_grasping_frame,,296.27890000119805,no exact or boundary-refined wrist branch met strict wrist-center/orientation/SEW tolerances,,,,,,,,,,,,,,,oracle_inconclusive,,
396,transfer,high,0.8096687315,tiago_sew,NUMERICAL_FAILURE,tiago_semi_analytic,c96a32d,median-body-4344-torso015-J1-root-robot-zminus020-v5,wrist_center,gripper_grasping_frame,,438.6953000212088,no exact or boundary-refined wrist branch met strict wrist-center/orientation/SEW tolerances,,,,,,,,,,,,,,,oracle_inconclusive,,
397,transfer,high,0.8101795655,tiago_sew,NUMERICAL_FAILURE,tiago_semi_analytic,c96a32d,median-body-4344-torso015-J1-root-robot-zminus020-v5,wrist_center,gripper_grasping_frame,,440.6457000877708,no exact or boundary-refined wrist branch met strict wrist-center/orientation/SEW tolerances,,,,,,,,,,,,,,,oracle_inconclusive,,
398,transfer,high,0.8108908085,tiago_sew,NUMERICAL_FAILURE,tiago_semi_analytic,c96a32d,median-body-4344-torso015-J1-root-robot-zminus020-v5,wrist_center,gripper_grasping_frame,,328.0575000680983,no exact or boundary-refined wrist branch met strict wrist-center/orientation/SEW tolerances,,,,,,,,,,,,,,,oracle_inconclusive,,
399,transfer,high,0.8115256655,tiago_sew,NUMERICAL_FAILURE,tiago_semi_analytic,c96a32d,median-body-4344-torso015-J1-root-robot-zminus020-v5,wrist_center,gripper_grasping_frame,,334.62770003825426,no exact or boundary-refined wrist branch met strict wrist-center/orientation/SEW tolerances,,,,,,,,,,,,,,,oracle_inconclusive,,
400,transfer,high,0.8117388915,tiago_sew,NUMERICAL_FAILURE,tiago_semi_analytic,c96a32d,median-body-4344-torso015-J1-root-robot-zminus020-v5,wrist_center,gripper_grasping_frame,,325.8833000436425,no exact or boundary-refined wrist branch met strict wrist-center/orientation/SEW tolerances,,,,,,,,,,,,,,,oracle_inconclusive,,
401,transfer,high,0.8123942565,tiago_sew,NUMERICAL_FAILURE,tiago_semi_analytic,c96a32d,median-body-4344-torso015-J1-root-robot-zminus020-v5,wrist_center,gripper_grasping_frame,,298.4603000804782,no exact or boundary-refined wrist branch met strict wrist-center/orientation/SEW tolerances,,,,,,,,,,,,,,,oracle_inconclusive,,
402,transfer,high,0.8131295475,tiago_sew,NUMERICAL_FAILURE,tiago_semi_analytic,c96a32d,median-body-4344-torso015-J1-root-robot-zminus020-v5,wrist_center,gripper_grasping_frame,,289.5610999548808,no exact or boundary-refined wrist branch met strict wrist-center/orientation/SEW tolerances,,,,,,,,,,,,,,,oracle_inconclusive,,
403,transfer,high,0.8133850715,tiago_sew,NUMERICAL_FAILURE,tiago_semi_analytic,c96a32d,median-body-4344-torso015-J1-root-robot-zminus020-v5,wrist_center,gripper_grasping_frame,,269.99020006041974,no exact or boundary-refined wrist branch met strict wrist-center/orientation/SEW tolerances,,,,,,,,,,,,,,,oracle_inconclusive,,
404,transfer,high,0.8138011475,tiago_sew,NUMERICAL_FAILURE,tiago_semi_analytic,c96a32d,median-body-4344-torso015-J1-root-robot-zminus020-v5,wrist_center,gripper_grasping_frame,,296.4934000046924,no exact or boundary-refined wrist branch met strict wrist-center/orientation/SEW tolerances,,,,,,,,,,,,,,,oracle_inconclusive,,
405,transfer,high,0.8144683534999999,tiago_sew,NUMERICAL_FAILURE,tiago_semi_analytic,c96a32d,median-body-4344-torso015-J1-root-robot-zminus020-v5,wrist_center,gripper_grasping_frame,,270.2601000200957,no exact or boundary-refined wrist branch met strict wrist-center/orientation/SEW tolerances,,,,,,,,,,,,,,,oracle_inconclusive,,
406,transfer,high,0.8149061285,tiago_sew,NUMERICAL_FAILURE,tiago_semi_analytic,c96a32d,median-body-4344-torso015-J1-root-robot-zminus020-v5,wrist_center,gripper_grasping_frame,,263.00300005823374,no exact or boundary-refined wrist branch met strict wrist-center/orientation/SEW tolerances,,,,,,,,,,,,,,,oracle_inconclusive,,
407,transfer,high,0.8150993955,tiago_sew,NUMERICAL_FAILURE,tiago_semi_analytic,c96a32d,median-body-4344-torso015-J1-root-robot-zminus020-v5,wrist_center,gripper_grasping_frame,,267.84899993799627,no exact or boundary-refined wrist branch met strict wrist-center/orientation/SEW tolerances,,,,,,,,,,,,,,,oracle_inconclusive,,
408,transfer,high,0.8153463445,tiago_sew,NUMERICAL_FAILURE,tiago_semi_analytic,c96a32d,median-body-4344-torso015-J1-root-robot-zminus020-v5,wrist_center,gripper_grasping_frame,,257.34630005899817,no exact or boundary-refined wrist branch met strict wrist-center/orientation/SEW tolerances,,,,,,,,,,,,,,,oracle_inconclusive,,
409,transfer,high,0.8155958555,tiago_sew,NUMERICAL_FAILURE,tiago_semi_analytic,c96a32d,median-body-4344-torso015-J1-root-robot-zminus020-v5,wrist_center,gripper_grasping_frame,,424.46569993626326,no exact or boundary-refined wrist branch met strict wrist-center/orientation/SEW tolerances,,,,,,,,,,,,,,,oracle_inconclusive,,
410,transfer,high,0.8159253545,tiago_sew,NUMERICAL_FAILURE,tiago_semi_analytic,c96a32d,median-body-4344-torso015-J1-root-robot-zminus020-v5,wrist_center,gripper_grasping_frame,,274.732300080359,no exact or boundary-refined wrist branch met strict wrist-center/orientation/SEW tolerances,,,,,,,,,,,,,,,oracle_inconclusive,,
411,transfer,high,0.8162156675,tiago_sew,NUMERICAL_FAILURE,tiago_semi_analytic,c96a32d,median-body-4344-torso015-J1-root-robot-zminus020-v5,wrist_center,gripper_grasping_frame,,416.3846999872476,no exact or boundary-refined wrist branch met strict wrist-center/orientation/SEW tolerances,,,,,,,,,,,,,,,oracle_inconclusive,,
412,transfer,high,0.8162750244999999,tiago_sew,NUMERICAL_FAILURE,tiago_semi_analytic,c96a32d,median-body-4344-torso015-J1-root-robot-zminus020-v5,wrist_center,gripper_grasping_frame,,243.81280003581196,no exact or boundary-refined wrist branch met strict wrist-center/orientation/SEW tolerances,,,,,,,,,,,,,,,oracle_inconclusive,,
413,transfer,high,0.8164742125,tiago_sew,NUMERICAL_FAILURE,tiago_semi_analytic,c96a32d,median-body-4344-torso015-J1-root-robot-zminus020-v5,wrist_center,gripper_grasping_frame,,254.41139994654804,no exact or boundary-refined wrist branch met strict wrist-center/orientation/SEW tolerances,,,,,,,,,,,,,,,oracle_inconclusive,,
414,transfer,high,0.8165259094999999,tiago_sew,NUMERICAL_FAILURE,tiago_semi_analytic,c96a32d,median-body-4344-torso015-J1-root-robot-zminus020-v5,wrist_center,gripper_grasping_frame,,266.8658000184223,no exact or boundary-refined wrist branch met strict wrist-center/orientation/SEW tolerances,,,,,,,,,,,,,,,oracle_inconclusive,,
415,transfer,high,0.8166980285000001,tiago_sew,NUMERICAL_FAILURE,tiago_semi_analytic,c96a32d,median-body-4344-torso015-J1-root-robot-zminus020-v5,wrist_center,gripper_grasping_frame,,265.0828000623733,no exact or boundary-refined wrist branch met strict wrist-center/orientation/SEW tolerances,,,,,,,,,,,,,,,oracle_inconclusive,,
416,transfer,high,0.8168557745,tiago_sew,NUMERICAL_FAILURE,tiago_semi_analytic,c96a32d,median-body-4344-torso015-J1-root-robot-zminus020-v5,wrist_center,gripper_grasping_frame,,273.4570999164134,no exact or boundary-refined wrist branch met strict wrist-center/orientation/SEW tolerances,,,,,,,,,,,,,,,oracle_inconclusive,,
417,transfer,high,0.8168977055,tiago_sew,NUMERICAL_FAILURE,tiago_semi_analytic,c96a32d,median-body-4344-torso015-J1-root-robot-zminus020-v5,wrist_center,gripper_grasping_frame,,269.22410004772246,no exact or boundary-refined wrist branch met strict wrist-center/orientation/SEW tolerances,,,,,,,,,,,,,,,oracle_inconclusive,,
418,transfer,high,0.8170822455,tiago_sew,NUMERICAL_FAILURE,tiago_semi_analytic,c96a32d,median-body-4344-torso015-J1-root-robot-zminus020-v5,wrist_center,gripper_grasping_frame,,278.96309993229806,no exact or boundary-refined wrist branch met strict wrist-center/orientation/SEW tolerances,,,,,,,,,,,,,,,oracle_inconclusive,,
419,transfer,high,0.8170653685,tiago_sew,NUMERICAL_FAILURE,tiago_semi_analytic,c96a32d,median-body-4344-torso015-J1-root-robot-zminus020-v5,wrist_center,gripper_grasping_frame,,264.0213000122458,no exact or boundary-refined wrist branch met strict wrist-center/orientation/SEW tolerances,,,,,,,,,,,,,,,oracle_inconclusive,,
420,transfer,high,0.8172015994999999,tiago_sew,NUMERICAL_FAILURE,tiago_semi_analytic,c96a32d,median-body-4344-torso015-J1-root-robot-zminus020-v5,wrist_center,gripper_grasping_frame,,266.16009999997914,no exact or boundary-refined wrist branch met strict wrist-center/orientation/SEW tolerances,,,,,,,,,,,,,,,oracle_inconclusive,,
421,transfer,high,0.8173605344999999,tiago_sew,NUMERICAL_FAILURE,tiago_semi_analytic,c96a32d,median-body-4344-torso015-J1-root-robot-zminus020-v5,wrist_center,gripper_grasping_frame,,246.6541000176221,no exact or boundary-refined wrist branch met strict wrist-center/orientation/SEW tolerances,,,,,,,,,,,,,,,oracle_inconclusive,,
422,transfer,high,0.8173518065,tiago_sew,NUMERICAL_FAILURE,tiago_semi_analytic,c96a32d,median-body-4344-torso015-J1-root-robot-zminus020-v5,wrist_center,gripper_grasping_frame,,248.20519995409995,no exact or boundary-refined wrist branch met strict wrist-center/orientation/SEW tolerances,,,,,,,,,,,,,,,oracle_inconclusive,,
423,transfer,high,0.8173263555,tiago_sew,NUMERICAL_FAILURE,tiago_semi_analytic,c96a32d,median-body-4344-torso015-J1-root-robot-zminus020-v5,wrist_center,gripper_grasping_frame,,246.70800007879734,no exact or boundary-refined wrist branch met strict wrist-center/orientation/SEW tolerances,,,,,,,,,,,,,,,oracle_inconclusive,,
424,transfer,high,0.8173349305,tiago_sew,NUMERICAL_FAILURE,tiago_semi_analytic,c96a32d,median-body-4344-torso015-J1-root-robot-zminus020-v5,wrist_center,gripper_grasping_frame,,267.38320000004023,no exact or boundary-refined wrist branch met strict wrist-center/orientation/SEW tolerances,,,,,,,,,,,,,,,oracle_inconclusive,,
425,transfer,high,0.8172401734999999,tiago_sew,NUMERICAL_FAILURE,tiago_semi_analytic,c96a32d,median-body-4344-torso015-J1-root-robot-zminus020-v5,wrist_center,gripper_grasping_frame,,274.9289999483153,no exact or boundary-refined wrist branch met strict wrist-center/orientation/SEW tolerances,,,,,,,,,,,,,,,oracle_inconclusive,,
426,transfer,high,0.8172535405,tiago_sew,NUMERICAL_FAILURE,tiago_semi_analytic,c96a32d,median-body-4344-torso015-J1-root-robot-zminus020-v5,wrist_center,gripper_grasping_frame,,273.3015000121668,no exact or boundary-refined wrist branch met strict wrist-center/orientation/SEW tolerances,,,,,,,,,,,,,,,oracle_inconclusive,,
427,transfer,high,0.8172003784999999,tiago_sew,NUMERICAL_FAILURE,tiago_semi_analytic,c96a32d,median-body-4344-torso015-J1-root-robot-zminus020-v5,wrist_center,gripper_grasping_frame,,253.84919997304678,no exact or boundary-refined wrist branch met strict wrist-center/orientation/SEW tolerances,,,,,,,,,,,,,,,oracle_inconclusive,,
428,transfer,high,0.8170500494999999,tiago_sew,NUMERICAL_FAILURE,tiago_semi_analytic,c96a32d,median-body-4344-torso015-J1-root-robot-zminus020-v5,wrist_center,gripper_grasping_frame,,268.7549999682233,no exact or boundary-refined wrist branch met strict wrist-center/orientation/SEW tolerances,,,,,,,,,,,,,,,oracle_inconclusive,,
429,transfer,high,0.8169959105,tiago_sew,NUMERICAL_FAILURE,tiago_semi_analytic,c96a32d,median-body-4344-torso015-J1-root-robot-zminus020-v5,wrist_center,gripper_grasping_frame,,263.93629994709045,no exact or boundary-refined wrist branch met strict wrist-center/orientation/SEW tolerances,,,,,,,,,,,,,,,oracle_inconclusive,,
430,transfer,high,0.8169910895,tiago_sew,NUMERICAL_FAILURE,tiago_semi_analytic,c96a32d,median-body-4344-torso015-J1-root-robot-zminus020-v5,wrist_center,gripper_grasping_frame,,253.36850003805012,no exact or boundary-refined wrist branch met strict wrist-center/orientation/SEW tolerances,,,,,,,,,,,,,,,oracle_inconclusive,,
431,transfer,high,0.8168885195,tiago_sew,NUMERICAL_FAILURE,tiago_semi_analytic,c96a32d,median-body-4344-torso015-J1-root-robot-zminus020-v5,wrist_center,gripper_grasping_frame,,265.44949994422495,no exact or boundary-refined wrist branch met strict wrist-center/orientation/SEW tolerances,,,,,,,,,,,,,,,oracle_inconclusive,,
432,transfer,high,0.8167609865000001,tiago_sew,NUMERICAL_FAILURE,tiago_semi_analytic,c96a32d,median-body-4344-torso015-J1-root-robot-zminus020-v5,wrist_center,gripper_grasping_frame,,267.9529000306502,no exact or boundary-refined wrist branch met strict wrist-center/orientation/SEW tolerances,,,,,,,,,,,,,,,oracle_inconclusive,,
433,transfer,high,0.8164384764999999,tiago_sew,NUMERICAL_FAILURE,tiago_semi_analytic,c96a32d,median-body-4344-torso015-J1-root-robot-zminus020-v5,wrist_center,gripper_grasping_frame,,268.2679999852553,no exact or boundary-refined wrist branch met strict wrist-center/orientation/SEW tolerances,,,,,,,,,,,,,,,oracle_inconclusive,,
434,withdrawal,high,0.8176042484999999,tiago_sew,NUMERICAL_FAILURE,tiago_semi_analytic,c96a32d,median-body-4344-torso015-J1-root-robot-zminus020-v5,wrist_center,gripper_grasping_frame,,244.63009997271,no exact or boundary-refined wrist branch met strict wrist-center/orientation/SEW tolerances,,,,,,,,,,,,,,,oracle_inconclusive,,
435,withdrawal,high,0.8175350345,tiago_sew,NUMERICAL_FAILURE,tiago_semi_analytic,c96a32d,median-body-4344-torso015-J1-root-robot-zminus020-v5,wrist_center,gripper_grasping_frame,,251.84769998304546,no exact or boundary-refined wrist branch met strict wrist-center/orientation/SEW tolerances,,,,,,,,,,,,,,,oracle_inconclusive,,
436,withdrawal,high,0.8174158025,tiago_sew,NUMERICAL_FAILURE,tiago_semi_analytic,c96a32d,median-body-4344-torso015-J1-root-robot-zminus020-v5,wrist_center,gripper_grasping_frame,,250.1188999740407,no exact or boundary-refined wrist branch met strict wrist-center/orientation/SEW tolerances,,,,,,,,,,,,,,,oracle_inconclusive,,
437,withdrawal,high,0.8172959595,tiago_sew,NUMERICAL_FAILURE,tiago_semi_analytic,c96a32d,median-body-4344-torso015-J1-root-robot-zminus020-v5,wrist_center,gripper_grasping_frame,,253.35400004405528,no exact or boundary-refined wrist branch met strict wrist-center/orientation/SEW tolerances,,,,,,,,,,,,,,,oracle_inconclusive,,
438,withdrawal,high,0.8172320255000001,tiago_sew,NUMERICAL_FAILURE,tiago_semi_analytic,c96a32d,median-body-4344-torso015-J1-root-robot-zminus020-v5,wrist_center,gripper_grasping_frame,,250.9804000146687,no exact or boundary-refined wrist branch met strict wrist-center/orientation/SEW tolerances,,,,,,,,,,,,,,,oracle_inconclusive,,
439,withdrawal,high,0.8171201175,tiago_sew,NUMERICAL_FAILURE,tiago_semi_analytic,c96a32d,median-body-4344-torso015-J1-root-robot-zminus020-v5,wrist_center,gripper_grasping_frame,,258.632899960503,no exact or boundary-refined wrist branch met strict wrist-center/orientation/SEW tolerances,,,,,,,,,,,,,,,oracle_inconclusive,,
440,withdrawal,high,0.8171036375,tiago_sew,NUMERICAL_FAILURE,tiago_semi_analytic,c96a32d,median-body-4344-torso015-J1-root-robot-zminus020-v5,wrist_center,gripper_grasping_frame,,254.4915999751538,no exact or boundary-refined wrist branch met strict wrist-center/orientation/SEW tolerances,,,,,,,,,,,,,,,oracle_inconclusive,,
441,withdrawal,high,0.8170548095,tiago_sew,NUMERICAL_FAILURE,tiago_semi_analytic,c96a32d,median-body-4344-torso015-J1-root-robot-zminus020-v5,wrist_center,gripper_grasping_frame,,426.92160001024604,no exact or boundary-refined wrist branch met strict wrist-center/orientation/SEW tolerances,,,,,,,,,,,,,,,oracle_inconclusive,,
442,withdrawal,high,0.8170563665,tiago_sew,NUMERICAL_FAILURE,tiago_semi_analytic,c96a32d,median-body-4344-torso015-J1-root-robot-zminus020-v5,wrist_center,gripper_grasping_frame,,433.8044999167323,no exact or boundary-refined wrist branch met strict wrist-center/orientation/SEW tolerances,,,,,,,,,,,,,,,oracle_inconclusive,,
443,withdrawal,high,0.8169669195,tiago_sew,NUMERICAL_FAILURE,tiago_semi_analytic,c96a32d,median-body-4344-torso015-J1-root-robot-zminus020-v5,wrist_center,gripper_grasping_frame,,272.28339994326234,no exact or boundary-refined wrist branch met strict wrist-center/orientation/SEW tolerances,,,,,,,,,,,,,,,oracle_inconclusive,,
444,withdrawal,high,0.8168153385,tiago_sew,NUMERICAL_FAILURE,tiago_semi_analytic,c96a32d,median-body-4344-torso015-J1-root-robot-zminus020-v5,wrist_center,gripper_grasping_frame,,271.1496000410989,no exact or boundary-refined wrist branch met strict wrist-center/orientation/SEW tolerances,,,,,,,,,,,,,,,oracle_inconclusive,,
445,withdrawal,high,0.8165024415,tiago_sew,NUMERICAL_FAILURE,tiago_semi_analytic,c96a32d,median-body-4344-torso015-J1-root-robot-zminus020-v5,wrist_center,gripper_grasping_frame,,290.18649994395673,no exact or boundary-refined wrist branch met strict wrist-center/orientation/SEW tolerances,,,,,,,,,,,,,,,oracle_inconclusive,,
446,withdrawal,high,0.8162549445,tiago_sew,NUMERICAL_FAILURE,tiago_semi_analytic,c96a32d,median-body-4344-torso015-J1-root-robot-zminus020-v5,wrist_center,gripper_grasping_frame,,270.68790001794696,no exact or boundary-refined wrist branch met strict wrist-center/orientation/SEW tolerances,,,,,,,,,,,,,,,oracle_inconclusive,,
447,withdrawal,high,0.8160354925,tiago_sew,NUMERICAL_FAILURE,tiago_semi_analytic,c96a32d,median-body-4344-torso015-J1-root-robot-zminus020-v5,wrist_center,gripper_grasping_frame,,274.5056999847293,no exact or boundary-refined wrist branch met strict wrist-center/orientation/SEW tolerances,,,,,,,,,,,,,,,oracle_inconclusive,,
448,withdrawal,high,0.8159149175,tiago_sew,NUMERICAL_FAILURE,tiago_semi_analytic,c96a32d,median-body-4344-torso015-J1-root-robot-zminus020-v5,wrist_center,gripper_grasping_frame,,272.8368000825867,no exact or boundary-refined wrist branch met strict wrist-center/orientation/SEW tolerances,,,,,,,,,,,,,,,oracle_inconclusive,,
449,withdrawal,high,0.8157933045,tiago_sew,NUMERICAL_FAILURE,tiago_semi_analytic,c96a32d,median-body-4344-torso015-J1-root-robot-zminus020-v5,wrist_center,gripper_grasping_frame,,296.66590003762394,no exact or boundary-refined wrist branch met strict wrist-center/orientation/SEW tolerances,,,,,,,,,,,,,,,oracle_inconclusive,,
450,withdrawal,high,0.8155849915,tiago_sew,NUMERICAL_FAILURE,tiago_semi_analytic,c96a32d,median-body-4344-torso015-J1-root-robot-zminus020-v5,wrist_center,gripper_grasping_frame,,279.71479995176196,no exact or boundary-refined wrist branch met strict wrist-center/orientation/SEW tolerances,,,,,,,,,,,,,,,oracle_inconclusive,,
451,withdrawal,high,0.8150641175,tiago_sew,NUMERICAL_FAILURE,tiago_semi_analytic,c96a32d,median-body-4344-torso015-J1-root-robot-zminus020-v5,wrist_center,gripper_grasping_frame,,269.18320008553565,no exact or boundary-refined wrist branch met strict wrist-center/orientation/SEW tolerances,,,,,,,,,,,,,,,oracle_inconclusive,,
452,withdrawal,high,0.8146621095,tiago_sew,NUMERICAL_FAILURE,tiago_semi_analytic,c96a32d,median-body-4344-torso015-J1-root-robot-zminus020-v5,wrist_center,gripper_grasping_frame,,268.0776999332011,no exact or boundary-refined wrist branch met strict wrist-center/orientation/SEW tolerances,,,,,,,,,,,,,,,oracle_inconclusive,,
453,withdrawal,high,0.8142962345,tiago_sew,NUMERICAL_FAILURE,tiago_semi_analytic,c96a32d,median-body-4344-torso015-J1-root-robot-zminus020-v5,wrist_center,gripper_grasping_frame,,282.5973000144586,no exact or boundary-refined wrist branch met strict wrist-center/orientation/SEW tolerances,,,,,,,,,,,,,,,oracle_inconclusive,,
454,withdrawal,high,0.8137507635,tiago_sew,NUMERICAL_FAILURE,tiago_semi_analytic,c96a32d,median-body-4344-torso015-J1-root-robot-zminus020-v5,wrist_center,gripper_grasping_frame,,304.41260000225157,no exact or boundary-refined wrist branch met strict wrist-center/orientation/SEW tolerances,,,,,,,,,,,,,,,oracle_inconclusive,,
455,withdrawal,high,0.8132080385,tiago_sew,NUMERICAL_FAILURE,tiago_semi_analytic,c96a32d,median-body-4344-torso015-J1-root-robot-zminus020-v5,wrist_center,gripper_grasping_frame,,307.530099991709,no exact or boundary-refined wrist branch met strict wrist-center/orientation/SEW tolerances,,,,,,,,,,,,,,,oracle_inconclusive,,
456,withdrawal,high,0.8123339235,tiago_sew,NUMERICAL_FAILURE,tiago_semi_analytic,c96a32d,median-body-4344-torso015-J1-root-robot-zminus020-v5,wrist_center,gripper_grasping_frame,,327.631099964492,no exact or boundary-refined wrist branch met strict wrist-center/orientation/SEW tolerances,,,,,,,,,,,,,,,oracle_inconclusive,,
457,withdrawal,high,0.8117846074999999,tiago_sew,NUMERICAL_FAILURE,tiago_semi_analytic,c96a32d,median-body-4344-torso015-J1-root-robot-zminus020-v5,wrist_center,gripper_grasping_frame,,415.4468000633642,no exact or boundary-refined wrist branch met strict wrist-center/orientation/SEW tolerances,,,,,,,,,,,,,,,oracle_inconclusive,,
458,withdrawal,high,0.8106003415,tiago_sew,SUCCESS_EXACT,tiago_semi_analytic,c96a32d,median-body-4344-torso015-J1-root-robot-zminus020-v5,wrist_center,gripper_grasping_frame,seed-0-wrist-0,46.70000006444752,,2.548611615428114,0.3157558662751758,0.7973027071885461,0.18799483916427923,0.5165492168031869,0.9823154551835698,0.1262059880650086,0.05264841162178928,5.396455914385974e-14,0.0030961211659559654,11.47510616366708,0.47367732750970853,0.6073830273226801,0.790040705638981,reachable_success,90.40419057858885,112.76921014679617
459,withdrawal,high,0.8098339545,tiago_sew,SUCCESS_EXACT,tiago_semi_analytic,c96a32d,median-body-4344-torso015-J1-root-robot-zminus020-v5,wrist_center,gripper_grasping_frame,seed-1-wrist-0,52.7019000146538,,2.326842294863735,0.3506796137178446,-1.1107553581411584,0.4236039125143617,-1.3409686926286262,0.6923634020067917,0.179592355376061,1.6000987996925776e-10,2.3508872382496205e-14,5.610498458101644e-11,24.18155225748982,0.47210016611599054,0.6033995594023651,0.7907195611293739,reachable_success,43.16843406540358,109.71039661633769
460,withdrawal,high,0.8086800235,tiago_sew,SUCCESS_EXACT,tiago_semi_analytic,c96a32d,median-body-4344-torso015-J1-root-robot-zminus020-v5,wrist_center,gripper_grasping_frame,seed-0-wrist-0,5.27910003438592,,2.2805507226546844,0.3239737036132638,-1.3097271179955299,0.4999718047687022,-1.572102368862948,0.64385160830372,0.24146630342188402,6.704096214104225e-09,7.72568177514333e-14,1.7390764109493476e-09,26.833863972093503,0.4706369116914964,0.5991314712757946,0.7897560279802653,reachable_success,29.925449913833717,106.1652805315003
461,withdrawal,high,0.8075873105,tiago_sew,SUCCESS_EXACT,tiago_semi_analytic,c96a32d,median-body-4344-torso015-J1-root-robot-zminus020-v5,wrist_center,gripper_grasping_frame,seed-0-wrist-0,4.4302999740466475,,2.2464108575166843,0.30125041896792437,-1.429975126138408,0.5637341092971423,-1.7215547262678152,0.6120457840773712,0.2927220588559223,1.1102230246251565e-13,2.859233910893904e-14,2.5444437451708134e-14,21.36246059625407,0.4686712692634154,0.5946839166144697,0.7891304534535105,reachable_success,21.36246059625407,103.22854206937518
462,withdrawal,high,0.8063290405000001,tiago_sew,SUCCESS_EXACT,tiago_semi_analytic,c96a32d,median-body-4344-torso015-J1-root-robot-zminus020-v5,wrist_center,gripper_grasping_frame,seed-0-wrist-0,3.4066999796777964,,2.2162500422981566,0.28125419310740973,-1.514283059597863,0.6249449121266292,-1.8381226552264627,0.5873671829945115,0.3398190767554383,4.4181567632996084e-10,4.4279216974320896e-14,5.605409570611302e-11,14.683610240342764,0.46627468326082855,0.5897251960413616,0.7877831344114977,reachable_success,14.683610240342764,100.53008171608082
463,withdrawal,high,0.8050871584999999,tiago_sew,SUCCESS_EXACT,tiago_semi_analytic,c96a32d,median-body-4344-torso015-J1-root-robot-zminus020-v5,wrist_center,gripper_grasping_frame,seed-0-wrist-0,3.8313999539241195,,2.1899474572756237,0.2625021557364494,-1.5788031720041358,0.6803576292256028,-1.9414826284008229,0.5660523091443199,0.3902534419756627,2.6207201930912014e-11,5.993833309805711e-14,3.9184433675630525e-12,8.761520006866519,0.4647061684173027,0.5847447938631837,0.7861128054028805,reachable_success,8.761520006866519,97.64040544654057
464,withdrawal,high,0.8037972105,tiago_sew,SUCCESS_EXACT,tiago_semi_analytic,c96a32d,median-body-4344-torso015-J1-root-robot-zminus020-v5,wrist_center,gripper_grasping_frame,seed-0-wrist-0,3.2328000525012612,,2.166148420213848,0.24580576491856046,-1.6277178113863584,0.7325375702835801,-2.0211839513168455,0.5517578403362853,0.4293945492921232,6.106226635438361e-13,5.455511504556415e-14,2.0355549961366507e-13,4.194970582169113,0.46182852750035563,0.5794414886929745,0.7846047750163162,reachable_success,4.194970582169113,95.39778519183876
465,withdrawal,high,0.8022009585000001,tiago_sew,SUCCESS_EXACT,tiago_semi_analytic,c96a32d,median-body-4344-torso015-J1-root-robot-zminus020-v5,wrist_center,gripper_grasping_frame,seed-16-wrist-0-boundary,502.6757000014186,,2.143945621447043,0.23069879776557217,-1.6655924601545025,0.7822680003533963,-2.0943999999999994,0.539598169109874,0.4708774708573275,0.5164517334908375,0.10128688371148784,0.09283960241730926,2.5444437451708134e-14,0.4592095250089788,0.5740332530287509,0.7823724834486168,reachable_success,2.5444437451708134e-14,93.02098886428033
466,withdrawal,high,0.8006700135,tiago_sew,NUMERICAL_FAILURE,tiago_semi_analytic,c96a32d,median-body-4344-torso015-J1-root-robot-zminus020-v5,wrist_center,gripper_grasping_frame,,481.5583999734372,no exact or boundary-refined wrist branch met strict wrist-center/orientation/SEW tolerances,,,,,,,,,,,,,,,oracle_inconclusive,,
467,withdrawal,high,0.7991165465,tiago_sew,NUMERICAL_FAILURE,tiago_semi_analytic,c96a32d,median-body-4344-torso015-J1-root-robot-zminus020-v5,wrist_center,gripper_grasping_frame,,339.54819990321994,no exact or boundary-refined wrist branch met strict wrist-center/orientation/SEW tolerances,,,,,,,,,,,,,,,oracle_inconclusive,,
468,withdrawal,middle,0.7974333495,tiago_sew,NUMERICAL_FAILURE,tiago_semi_analytic,c96a32d,median-body-4344-torso015-J1-root-robot-zminus020-v5,wrist_center,gripper_grasping_frame,,319.0046000527218,no exact or boundary-refined wrist branch met strict wrist-center/orientation/SEW tolerances,,,,,,,,,,,,,,,oracle_inconclusive,,
469,withdrawal,middle,0.7956394655,tiago_sew,NUMERICAL_FAILURE,tiago_semi_analytic,c96a32d,median-body-4344-torso015-J1-root-robot-zminus020-v5,wrist_center,gripper_grasping_frame,,305.08550000377,no exact or boundary-refined wrist branch met strict wrist-center/orientation/SEW tolerances,,,,,,,,,,,,,,,oracle_inconclusive,,
470,withdrawal,middle,0.7938693545,tiago_sew,NUMERICAL_FAILURE,tiago_semi_analytic,c96a32d,median-body-4344-torso015-J1-root-robot-zminus020-v5,wrist_center,gripper_grasping_frame,,315.5953000532463,no exact or boundary-refined wrist branch met strict wrist-center/orientation/SEW tolerances,,,,,,,,,,,,,,,oracle_inconclusive,,
471,withdrawal,middle,0.7921180725,tiago_sew,NUMERICAL_FAILURE,tiago_semi_analytic,c96a32d,median-body-4344-torso015-J1-root-robot-zminus020-v5,wrist_center,gripper_grasping_frame,,312.1703000506386,no exact or boundary-refined wrist branch met strict wrist-center/orientation/SEW tolerances,,,,,,,,,,,,,,,oracle_inconclusive,,
472,withdrawal,middle,0.7903738714999999,tiago_sew,NUMERICAL_FAILURE,tiago_semi_analytic,c96a32d,median-body-4344-torso015-J1-root-robot-zminus020-v5,wrist_center,gripper_grasping_frame,,328.7991000106558,no exact or boundary-refined wrist branch met strict wrist-center/orientation/SEW tolerances,,,,,,,,,,,,,,,oracle_inconclusive,,
473,withdrawal,middle,0.7885017095,tiago_sew,NUMERICAL_FAILURE,tiago_semi_analytic,c96a32d,median-body-4344-torso015-J1-root-robot-zminus020-v5,wrist_center,gripper_grasping_frame,,140.8004000550136,no exact or boundary-refined wrist branch met strict wrist-center/orientation/SEW tolerances,,,,,,,,,,,,,,,oracle_inconclusive,,
474,withdrawal,middle,0.7865282284999999,tiago_sew,NUMERICAL_FAILURE,tiago_semi_analytic,c96a32d,median-body-4344-torso015-J1-root-robot-zminus020-v5,wrist_center,gripper_grasping_frame,,161.60529991611838,no exact or boundary-refined wrist branch met strict wrist-center/orientation/SEW tolerances,,,,,,,,,,,,,,,oracle_inconclusive,,
475,withdrawal,middle,0.7847647405,tiago_sew,NUMERICAL_FAILURE,tiago_semi_analytic,c96a32d,median-body-4344-torso015-J1-root-robot-zminus020-v5,wrist_center,gripper_grasping_frame,,313.5635000653565,no exact or boundary-refined wrist branch met strict wrist-center/orientation/SEW tolerances,,,,,,,,,,,,,,,oracle_inconclusive,,
476,withdrawal,middle,0.7830656745,tiago_sew,NUMERICAL_FAILURE,tiago_semi_analytic,c96a32d,median-body-4344-torso015-J1-root-robot-zminus020-v5,wrist_center,gripper_grasping_frame,,312.93959997128695,no exact or boundary-refined wrist branch met strict wrist-center/orientation/SEW tolerances,,,,,,,,,,,,,,,oracle_inconclusive,,
477,withdrawal,middle,0.7812500305,tiago_sew,NUMERICAL_FAILURE,tiago_semi_analytic,c96a32d,median-body-4344-torso015-J1-root-robot-zminus020-v5,wrist_center,gripper_grasping_frame,,330.92179999221116,no exact or boundary-refined wrist branch met strict wrist-center/orientation/SEW tolerances,,,,,,,,,,,,,,,oracle_inconclusive,,
478,withdrawal,middle,0.7792753295,tiago_sew,NUMERICAL_FAILURE,tiago_semi_analytic,c96a32d,median-body-4344-torso015-J1-root-robot-zminus020-v5,wrist_center,gripper_grasping_frame,,324.24920005723834,no exact or boundary-refined wrist branch met strict wrist-center/orientation/SEW tolerances,,,,,,,,,,,,,,,oracle_inconclusive,,
479,withdrawal,middle,0.7774472965,tiago_sew,NUMERICAL_FAILURE,tiago_semi_analytic,c96a32d,median-body-4344-torso015-J1-root-robot-zminus020-v5,wrist_center,gripper_grasping_frame,,199.6937000658363,no exact or boundary-refined wrist branch met strict wrist-center/orientation/SEW tolerances,,,,,,,,,,,,,,,oracle_inconclusive,,
480,withdrawal,middle,0.7755496825,tiago_sew,SUCCESS_EXACT,tiago_semi_analytic,c96a32d,median-body-4344-torso015-J1-root-robot-zminus020-v5,wrist_center,gripper_grasping_frame,seed-0-wrist-1-boundary,223.7009999807924,,1.853602911390188,-0.014313908158837022,-1.9567802408343433,1.4980490826484627,0.07357704881153135,-0.5591451473492756,-2.0943999999999994,0.14450962038136406,0.06274751668600236,0.0030491726233282074,2.5444437451708134e-14,0.41095139658227536,0.4582536945740868,0.7402138007801045,reachable_success,115.7846262462708,2.5444437451708134e-14
481,withdrawal,middle,0.7734488225,tiago_sew,SUCCESS_EXACT,tiago_semi_analytic,c96a32d,median-body-4344-torso015-J1-root-robot-zminus020-v5,wrist_center,gripper_grasping_frame,seed-0-wrist-0,2.8116999892517924,,1.8373031704342848,-0.0313815718736682,-1.9664951723600022,1.5418072476310258,0.016586945338591175,-0.577295044311561,-2.0534185774841642,4.4573950496647863e-10,3.9088636329589254e-14,3.1296658065601004e-12,2.348062548599783,0.4082183005642376,0.4492758227177236,0.7360681858205202,reachable_success,119.04991864928414,2.348062548599783
482,withdrawal,middle,0.7716724245,tiago_sew,SUCCESS_EXACT,tiago_semi_analytic,c96a32d,median-body-4344-torso015-J1-root-robot-zminus020-v5,wrist_center,gripper_grasping_frame,seed-0-wrist-0,3.1865000491961837,,1.8213403051172625,-0.047753982253357675,-1.9759072073084405,1.584377742505482,-0.03917607387735167,-0.6029756266953878,-2.0059954861817673,6.786921075967304e-10,6.682699499009058e-14,5.139776365245043e-12,5.065205531690692,0.4060832331412864,0.440060204024045,0.7311031640197349,reachable_success,117.75565692113464,5.065205531690692
483,withdrawal,middle,0.7696868285,tiago_sew,SUCCESS_EXACT,tiago_semi_analytic,c96a32d,median-body-4344-torso015-J1-root-robot-zminus020-v5,wrist_center,gripper_grasping_frame,seed-0-wrist-0,3.1469000969082117,,1.806189119715831,-0.06458854501476195,-1.984598793058067,1.6260525604758769,-0.0925923280012686,-0.6327368627741552,-1.956975105885828,1.0978927301236784e-09,1.2716061444723921e-13,7.251664673736818e-12,7.873866432774272,0.40418650431070857,0.43090318553562057,0.7254067544988831,reachable_success,114.69513100243593,7.873866432774272
484,withdrawal,middle,0.7676491395,tiago_sew,SUCCESS_EXACT,tiago_semi_analytic,c96a32d,median-body-4344-torso015-J1-root-robot-zminus020-v5,wrist_center,gripper_grasping_frame,seed-0-wrist-0,3.1889000674709678,,1.7916624825272416,-0.0813950910778337,-1.9925825304684388,1.6667511487784596,-0.143225017904129,-0.6574828351789579,-1.9126157160038426,1.7140310772038667e-09,3.5416564387239615e-14,1.104288585404133e-11,10.415472254787362,0.40239782411813263,0.4221076825159398,0.7209576851850277,reachable_success,111.79409156560736,10.415472254787362
485,withdrawal,middle,0.7657666624999999,tiago_sew,SUCCESS_EXACT,tiago_semi_analytic,c96a32d,median-body-4344-torso015-J1-root-robot-zminus020-v5,wrist_center,gripper_grasping_frame,seed-0-wrist-0,3.0840999679639935,,1.7775499514632516,-0.09937606143942979,-2.001783012420863,1.7066285203305935,-0.18693376672156248,-0.6886140274469232,-1.8824243805713685,2.337933890853396e-09,1.534260224868885e-14,2.417221557912273e-11,12.145308352931908,0.4006791024421227,0.4128638405872715,0.7159686216190866,reachable_success,109.289764730571,12.145308352931908
486,withdrawal,middle,0.7637472535000001,tiago_sew,SUCCESS_EXACT,tiago_semi_analytic,c96a32d,median-body-4344-torso015-J1-root-robot-zminus020-v5,wrist_center,gripper_grasping_frame,seed-0-wrist-0,3.499199985526502,,1.7637955000357282,-0.11729762697819378,-2.0098625287416483,1.747158839357235,-0.22874699810310162,-0.7231858103760853,-1.8582658658234203,5.827132429800715e-09,8.559666066074012e-14,6.768220362154363e-11,13.529489287293893,0.39875024127367165,0.40341060241681237,0.7103310135598058,reachable_success,106.89404304460484,13.529489287293893
487,withdrawal,middle,0.7616421204999999,tiago_sew,SUCCESS_EXACT,tiago_semi_analytic,c96a32d,median-body-4344-torso015-J1-root-robot-zminus020-v5,wrist_center,gripper_grasping_frame,seed-0-wrist-0,3.347999998368323,,1.7501416785291506,-0.13661478089209725,-2.0184156365600296,1.788277640663891,-0.26939808161758627,-0.758819578490673,-1.8410206516110517,1.1669197909674278e-08,3.021479874816258e-14,1.7353106342064949e-10,14.517567278461645,0.39700030932673075,0.39368311280950313,0.7049166760259521,reachable_success,104.56490752659103,14.517567278461645
488,withdrawal,middle,0.7595594784999999,tiago_sew,SUCCESS_EXACT,tiago_semi_analytic,c96a32d,median-body-4344-torso015-J1-root-robot-zminus020-v5,wrist_center,gripper_grasping_frame,seed-0-wrist-0,3.8629999617114663,,1.737090126637138,-0.15664405792121508,-2.0271939103127385,1.8287966379219986,-0.30589134161916753,-0.7970116078256653,-1.831415262826952,1.9673136235820882e-08,5.709177608318063e-14,3.530924585173538e-10,15.067915516372853,0.39528368723748475,0.3838044813193175,0.6993730216546521,reachable_success,102.47399774782684,15.067915516372853
489,withdrawal,middle,0.7571787114999999,tiago_sew,SUCCESS_EXACT,tiago_semi_analytic,c96a32d,median-body-4344-torso015-J1-root-robot-zminus020-v5,wrist_center,gripper_grasping_frame,seed-0-wrist-0,5.952800041995943,,1.724029587001783,-0.17685649978218368,-2.034531843441802,1.869456919068117,-0.33680459704405763,-0.8343970247762518,-1.8258477588021371,2.3551386880256624e-13,4.3415067762483546e-14,0.0,15.386909999416844,0.3929991466912247,0.3737048681357096,0.6936148346115696,reachable_success,100.70279868097074,15.386909999416844
490,withdrawal,middle,0.7545257265,tiago_sew,SUCCESS_EXACT,tiago_semi_analytic,c96a32d,median-body-4344-torso015-J1-root-robot-zminus020-v5,wrist_center,gripper_grasping_frame,seed-0-wrist-0,5.002600024454296,,1.711612559672511,-0.19669663663241588,-2.0400783954482447,1.9091860133683782,-0.36691993475755247,-0.8747215663980628,-1.8131550180772393,1.570092458683775e-13,5.224238365262295e-14,2.5444437451708134e-14,16.114150473407307,0.3910364724604789,0.3637070814454971,0.6869997507996017,reachable_success,98.97731693137634,16.114150473407307
491,withdrawal,middle,0.7519035345,tiago_sew,SUCCESS_EXACT,tiago_semi_analytic,c96a32d,median-body-4344-torso015-J1-root-robot-zminus020-v5,wrist_center,gripper_grasping_frame,seed-0-wrist-0,4.471199936233461,,1.7005429273935995,-0.21818345340825768,-2.0467388487571583,1.9474448683247079,-0.3963987818024375,-0.9115323802199575,-1.798851739772675,1.8619006149354548e-13,7.976049165343017e-14,5.088887490341627e-14,16.933667953459874,0.3891496425772964,0.3542631600778755,0.6815831598386738,reachable_success,97.28830341079272,16.933667953459874
492,withdrawal,middle,0.7492551275,tiago_sew,SUCCESS_EXACT,tiago_semi_analytic,c96a32d,median-body-4344-torso015-J1-root-robot-zminus020-v5,wrist_center,gripper_grasping_frame,seed-0-wrist-0,3.669500001706183,,1.6896724037536868,-0.23816343617429858,-2.051517487054056,1.9844623983359877,-0.4257283420253408,-0.943961181269446,-1.7773425963209322,2.5589376332604514e-13,6.701408429749178e-14,0.0,18.166051094186198,0.38738130083994654,0.3452841315489328,0.6768735303817991,reachable_success,95.60784339504558,18.166051094186198
493,withdrawal,middle,0.7462881775,tiago_sew,SUCCESS_EXACT,tiago_semi_analytic,c96a32d,median-body-4344-torso015-J1-root-robot-zminus020-v5,wrist_center,gripper_grasping_frame,seed-0-wrist-0,3.7199000362306833,,1.6795553625942636,-0.25898668958241194,-2.0553699216769292,2.020395997580894,-0.44878541297634555,-0.9792261054171627,-1.756434689699537,2.0206364052201327e-13,1.206034328900454e-13,2.5444437451708134e-14,19.239579124420516,0.3850835997066959,0.33620108626508427,0.671083004192302,reachable_success,94.28677054161932,19.363985902045762
494,withdrawal,middle,0.7431755675,tiago_sew,SUCCESS_EXACT,tiago_semi_analytic,c96a32d,median-body-4344-torso015-J1-root-robot-zminus020-v5,wrist_center,gripper_grasping_frame,seed-0-wrist-0,3.7124999798834324,,1.6695547841460248,-0.2786310224354397,-2.057209664686602,2.0548641267935683,-0.47475150977119185,-1.0213795948170343,-1.7264978244421512,2.288783399261119e-13,9.073734995677292e-14,2.5444437451708134e-14,17.264700792822698,0.38432617641908573,0.32703294076062694,0.6639589551489404,reachable_success,92.79902278484646,21.079241933145802
495,withdrawal,middle,0.7400906375,tiago_sew,SUCCESS_EXACT,tiago_semi_analytic,c96a32d,median-body-4344-torso015-J1-root-robot-zminus020-v5,wrist_center,gripper_grasping_frame,seed-0-wrist-0,3.694299957714975,,1.6599049751630695,-0.29897020844060224,-2.059120252497177,2.0896883030850373,-0.49681392054726103,-1.0554439107148594,-1.6997525561290372,2.7755575615628914e-14,8.75063076026098e-14,2.5444437451708134e-14,15.269422466301982,0.38215139754391514,0.3181407082486221,0.6583779839420507,reachable_success,91.53493976149375,22.611632929432208
496,withdrawal,middle,0.7367564245,tiago_sew,SUCCESS_EXACT,tiago_semi_analytic,c96a32d,median-body-4344-torso015-J1-root-robot-zminus020-v5,wrist_center,gripper_grasping_frame,seed-0-wrist-0,3.263500053435564,,1.6510184042081084,-0.32118685093998467,-2.0609927634654155,2.1238984425457352,-0.515625246012096,-1.0918868516472457,-1.6785592536648615,1.716587549445839e-13,3.120752682662618e-14,2.5444437451708134e-14,13.309325858650036,0.3796923730800492,0.30914357962080036,0.6521387485582264,reachable_success,90.45713020531173,23.825919714573683
497,withdrawal,middle,0.7334400335,tiago_sew,SUCCESS_EXACT,tiago_semi_analytic,c96a32d,median-body-4344-torso015-J1-root-robot-zminus020-v5,wrist_center,gripper_grasping_frame,seed-0-wrist-0,3.325599944218993,,1.6427491535146532,-0.34395515790877274,-2.0626545884993637,2.1583320096991905,-0.5311389169824956,-1.1340037046934413,-1.657168325795375,7.174963931161663e-13,9.021829617559035e-14,5.088887490341627e-14,11.336427787176751,0.37695556736660757,0.2996213996509374,0.64494043238669,reachable_success,89.5682623339532,25.05152960136402
498,withdrawal,middle,0.7300328375,tiago_sew,SUCCESS_EXACT,tiago_semi_analytic,c96a32d,median-body-4344-torso015-J1-root-robot-zminus020-v5,wrist_center,gripper_grasping_frame,seed-0-wrist-0,3.7478000158444047,,1.6343048534559559,-0.3652110056188942,-2.062197764207943,2.190735546209174,-0.5435466207208322,-1.1696328278217598,-1.643525489015187,3.511738488682605e-12,6.594259354547944e-14,2.0355549961366507e-13,9.479841903856622,0.3737772227779034,0.29061824965099103,0.6382600622792085,reachable_success,88.85735327629783,25.833206569454653
499,withdrawal,middle,0.7266297605,tiago_sew,SUCCESS_EXACT,tiago_semi_analytic,c96a32d,median-body-4344-torso015-J1-root-robot-zminus020-v5,wrist_center,gripper_grasping_frame,seed-0-wrist-0,3.8093000184744596,,1.6267225346810967,-0.38831563756174065,-2.0625117559034907,2.222639979578266,-0.55450560996311,-1.2077448714989742,-1.6380776810479194,4.673435862032731e-11,3.008139860849063e-14,1.8828883714264018e-12,7.651852524051296,0.37055116678462957,0.28151029563124275,0.6313663604512414,reachable_success,88.22944944498603,26.145342973576827
500,withdrawal,middle,0.7230383455,tiago_sew,SUCCESS_EXACT,tiago_semi_analytic,c96a32d,median-body-4344-torso015-J1-root-robot-zminus020-v5,wrist_center,gripper_grasping_frame,seed-0-wrist-0,3.7571999710053205,,1.6199464036883424,-0.4105912619611854,-2.0607878744478985,2.2522326723070827,-0.5682042058506394,-1.2513739451428356,-1.6353823637443394,3.661195068109922e-10,5.5070503746968955e-14,1.623355109418979e-11,5.956316126262625,0.3685750464908692,0.2725695252551289,0.6233214443048819,reachable_success,87.44457771537533,26.29977327952054
501,withdrawal,middle,0.7194678955,tiago_sew,SUCCESS_EXACT,tiago_semi_analytic,c96a32d,median-body-4344-torso015-J1-root-robot-zminus020-v5,wrist_center,gripper_grasping_frame,seed-0-wrist-0,4.569399985484779,,1.6131970861380869,-0.432235093976177,-2.0579510809363226,2.280808914460083,-0.5858302834299387,-1.2914429053305128,-1.6337257468697501,9.682548082459813e-09,8.529308922983855e-14,4.511553204562369e-10,4.319018056551861,0.3671850605864136,0.26416105185750327,0.6161624412336207,reachable_success,86.43467786071132,26.39469043470466
502,withdrawal,low,0.7157329715,tiago_sew,SUCCESS_EXACT,tiago_semi_analytic,c96a32d,median-body-4344-torso015-J1-root-robot-zminus020-v5,wrist_center,gripper_grasping_frame,seed-0-wrist-0,3.868200001306832,,1.606424397017899,-0.4546788437435339,-2.054225458289615,2.3081321225787406,-0.6042759880132635,-1.3317228723739407,-1.634932816661257,5.594105288838029e-07,3.28980830338742e-14,2.6997031580573912e-08,2.7535135485952056,0.36627248862819484,0.2558317553532412,0.6088659289626094,reachable_success,85.37781683794168,26.325530430073588
503,withdrawal,low,0.7120044255,tiago_sew,SUCCESS_EXACT,tiago_semi_analytic,c96a32d,median-body-4344-torso015-J1-root-robot-zminus020-v5,wrist_center,gripper_grasping_frame,seed-0-wrist-0,4.528900026343763,,1.5999606187614526,-0.4772095130102246,-2.049798060192097,2.3342687453182815,-0.6232607538849599,-1.3681308690506113,-1.634141902490514,7.3454484572744815e-09,7.440582699920519e-14,3.6456789980807416e-10,1.2559953748938517,0.3652230379986531,0.24803230293341372,0.602229654278982,reachable_success,84.29006987844947,26.370846474014247
504,withdrawal,low,0.7081760715000001,tiago_sew,SUCCESS_EXACT,tiago_semi_analytic,c96a32d,median-body-4344-torso015-J1-root-robot-zminus020-v5,wrist_center,gripper_grasping_frame,seed-0-wrist-0,6.665900000371039,,1.594749785413646,-0.4990220955984059,-2.044665834001837,2.3561899999999993,-0.6410422487425151,-1.4051759701177127,-1.629517562847382,0.9620604249063495,6.373532522031541e-14,0.04887677225705291,2.5444437451708134e-14,0.3648013372585279,0.24093133196118638,0.5951945978632033,reachable_success,83.27126526967798,26.635801618600745
505,withdrawal,low,0.7047968145,tiago_sew,NUMERICAL_FAILURE,tiago_semi_analytic,c96a32d,median-body-4344-torso015-J1-root-robot-zminus020-v5,wrist_center,gripper_grasping_frame,,186.5773000754416,no exact or boundary-refined wrist branch met strict wrist-center/orientation/SEW tolerances,,,,,,,,,,,,,,,oracle_inconclusive,,
506,withdrawal,low,0.7009085395,tiago_sew,NUMERICAL_FAILURE,tiago_semi_analytic,c96a32d,median-body-4344-torso015-J1-root-robot-zminus020-v5,wrist_center,gripper_grasping_frame,,181.05499993544072,no exact or boundary-refined wrist branch met strict wrist-center/orientation/SEW tolerances,,,,,,,,,,,,,,,oracle_inconclusive,,
507,withdrawal,low,0.6974098814999999,tiago_sew,NUMERICAL_FAILURE,tiago_semi_analytic,c96a32d,median-body-4344-torso015-J1-root-robot-zminus020-v5,wrist_center,gripper_grasping_frame,,180.23850000463426,no exact or boundary-refined wrist branch met strict wrist-center/orientation/SEW tolerances,,,,,,,,,,,,,,,oracle_inconclusive,,
508,withdrawal,low,0.6936666874999999,tiago_sew,NUMERICAL_FAILURE,tiago_semi_analytic,c96a32d,median-body-4344-torso015-J1-root-robot-zminus020-v5,wrist_center,gripper_grasping_frame,,188.74460004735738,no exact or boundary-refined wrist branch met strict wrist-center/orientation/SEW tolerances,,,,,,,,,,,,,,,oracle_inconclusive,,
509,withdrawal,low,0.6899167024999999,tiago_sew,NUMERICAL_FAILURE,tiago_semi_analytic,c96a32d,median-body-4344-torso015-J1-root-robot-zminus020-v5,wrist_center,gripper_grasping_frame,,198.07639997452497,no exact or boundary-refined wrist branch met strict wrist-center/orientation/SEW tolerances,,,,,,,,,,,,,,,oracle_inconclusive,,
510,withdrawal,low,0.6862464755,tiago_sew,NUMERICAL_FAILURE,tiago_semi_analytic,c96a32d,median-body-4344-torso015-J1-root-robot-zminus020-v5,wrist_center,gripper_grasping_frame,,190.48460002522916,no exact or boundary-refined wrist branch met strict wrist-center/orientation/SEW tolerances,,,,,,,,,,,,,,,oracle_inconclusive,,
511,withdrawal,low,0.6825678255000001,tiago_sew,NUMERICAL_FAILURE,tiago_semi_analytic,c96a32d,median-body-4344-torso015-J1-root-robot-zminus020-v5,wrist_center,gripper_grasping_frame,,219.72740010824054,no exact or boundary-refined wrist branch met strict wrist-center/orientation/SEW tolerances,,,,,,,,,,,,,,,oracle_inconclusive,,
512,withdrawal,low,0.6791035615,tiago_sew,NUMERICAL_FAILURE,tiago_semi_analytic,c96a32d,median-body-4344-torso015-J1-root-robot-zminus020-v5,wrist_center,gripper_grasping_frame,,211.72420005314052,no exact or boundary-refined wrist branch met strict wrist-center/orientation/SEW tolerances,,,,,,,,,,,,,,,oracle_inconclusive,,
513,withdrawal,low,0.6755286255,tiago_sew,NUMERICAL_FAILURE,tiago_semi_analytic,c96a32d,median-body-4344-torso015-J1-root-robot-zminus020-v5,wrist_center,gripper_grasping_frame,,254.8523999284953,no exact or boundary-refined wrist branch met strict wrist-center/orientation/SEW tolerances,,,,,,,,,,,,,,,oracle_inconclusive,,
514,withdrawal,low,0.6720131994999999,tiago_sew,NUMERICAL_FAILURE,tiago_semi_analytic,c96a32d,median-body-4344-torso015-J1-root-robot-zminus020-v5,wrist_center,gripper_grasping_frame,,221.43659996800125,no exact or boundary-refined wrist branch met strict wrist-center/orientation/SEW tolerances,,,,,,,,,,,,,,,oracle_inconclusive,,
515,withdrawal,low,0.6688006445,tiago_sew,NUMERICAL_FAILURE,tiago_semi_analytic,c96a32d,median-body-4344-torso015-J1-root-robot-zminus020-v5,wrist_center,gripper_grasping_frame,,243.44999995082617,no exact or boundary-refined wrist branch met strict wrist-center/orientation/SEW tolerances,,,,,,,,,,,,,,,oracle_inconclusive,,
516,withdrawal,low,0.6655952155,tiago_sew,NUMERICAL_FAILURE,tiago_semi_analytic,c96a32d,median-body-4344-torso015-J1-root-robot-zminus020-v5,wrist_center,gripper_grasping_frame,,244.2045999923721,no exact or boundary-refined wrist branch met strict wrist-center/orientation/SEW tolerances,,,,,,,,,,,,,,,oracle_inconclusive,,
517,withdrawal,low,0.6626894225,tiago_sew,NUMERICAL_FAILURE,tiago_semi_analytic,c96a32d,median-body-4344-torso015-J1-root-robot-zminus020-v5,wrist_center,gripper_grasping_frame,,237.24250006489456,no exact or boundary-refined wrist branch met strict wrist-center/orientation/SEW tolerances,,,,,,,,,,,,,,,oracle_inconclusive,,
518,withdrawal,low,0.6597145545,tiago_sew,NUMERICAL_FAILURE,tiago_semi_analytic,c96a32d,median-body-4344-torso015-J1-root-robot-zminus020-v5,wrist_center,gripper_grasping_frame,,236.9986999547109,no exact or boundary-refined wrist branch met strict wrist-center/orientation/SEW tolerances,,,,,,,,,,,,,,,oracle_inconclusive,,
519,withdrawal,low,0.6569936985,tiago_sew,NUMERICAL_FAILURE,tiago_semi_analytic,c96a32d,median-body-4344-torso015-J1-root-robot-zminus020-v5,wrist_center,gripper_grasping_frame,,245.78430003020912,no exact or boundary-refined wrist branch met strict wrist-center/orientation/SEW tolerances,,,,,,,,,,,,,,,oracle_inconclusive,,
520,withdrawal,low,0.6545324555,tiago_sew,NUMERICAL_FAILURE,tiago_semi_analytic,c96a32d,median-body-4344-torso015-J1-root-robot-zminus020-v5,wrist_center,gripper_grasping_frame,,246.5568999759853,no exact or boundary-refined wrist branch met strict wrist-center/orientation/SEW tolerances,,,,,,,,,,,,,,,oracle_inconclusive,,
521,withdrawal,low,0.6521990815,tiago_sew,NUMERICAL_FAILURE,tiago_semi_analytic,c96a32d,median-body-4344-torso015-J1-root-robot-zminus020-v5,wrist_center,gripper_grasping_frame,,267.83120003528893,no exact or boundary-refined wrist branch met strict wrist-center/orientation/SEW tolerances,,,,,,,,,,,,,,,oracle_inconclusive,,
522,withdrawal,low,0.6500365145,tiago_sew,NUMERICAL_FAILURE,tiago_semi_analytic,c96a32d,median-body-4344-torso015-J1-root-robot-zminus020-v5,wrist_center,gripper_grasping_frame,,251.39659992419183,no exact or boundary-refined wrist branch met strict wrist-center/orientation/SEW tolerances,,,,,,,,,,,,,,,oracle_inconclusive,,
523,withdrawal,low,0.6481962434999999,tiago_sew,NUMERICAL_FAILURE,tiago_semi_analytic,c96a32d,median-body-4344-torso015-J1-root-robot-zminus020-v5,wrist_center,gripper_grasping_frame,,258.1833000294864,no exact or boundary-refined wrist branch met strict wrist-center/orientation/SEW tolerances,,,,,,,,,,,,,,,oracle_inconclusive,,
524,withdrawal,low,0.6461966555,tiago_sew,NUMERICAL_FAILURE,tiago_semi_analytic,c96a32d,median-body-4344-torso015-J1-root-robot-zminus020-v5,wrist_center,gripper_grasping_frame,,266.1372000584379,no exact or boundary-refined wrist branch met strict wrist-center/orientation/SEW tolerances,,,,,,,,,,,,,,,oracle_inconclusive,,
525,withdrawal,low,0.6442877505,tiago_sew,NUMERICAL_FAILURE,tiago_semi_analytic,c96a32d,median-body-4344-torso015-J1-root-robot-zminus020-v5,wrist_center,gripper_grasping_frame,,262.81220000237226,no exact or boundary-refined wrist branch met strict wrist-center/orientation/SEW tolerances,,,,,,,,,,,,,,,oracle_inconclusive,,
526,withdrawal,low,0.6422313534999999,tiago_sew,NUMERICAL_FAILURE,tiago_semi_analytic,c96a32d,median-body-4344-torso015-J1-root-robot-zminus020-v5,wrist_center,gripper_grasping_frame,,283.2864000229165,no exact or boundary-refined wrist branch met strict wrist-center/orientation/SEW tolerances,,,,,,,,,,,,,,,oracle_inconclusive,,
527,withdrawal,low,0.6409184725,tiago_sew,NUMERICAL_FAILURE,tiago_semi_analytic,c96a32d,median-body-4344-torso015-J1-root-robot-zminus020-v5,wrist_center,gripper_grasping_frame,,283.08119997382164,no exact or boundary-refined wrist branch met strict wrist-center/orientation/SEW tolerances,,,,,,,,,,,,,,,oracle_inconclusive,,
528,withdrawal,low,0.6391824495,tiago_sew,NUMERICAL_FAILURE,tiago_semi_analytic,c96a32d,median-body-4344-torso015-J1-root-robot-zminus020-v5,wrist_center,gripper_grasping_frame,,297.50630003400147,no exact or boundary-refined wrist branch met strict wrist-center/orientation/SEW tolerances,,,,,,,,,,,,,,,oracle_inconclusive,,
529,withdrawal,low,0.6380029755,tiago_sew,NUMERICAL_FAILURE,tiago_semi_analytic,c96a32d,median-body-4344-torso015-J1-root-robot-zminus020-v5,wrist_center,gripper_grasping_frame,,297.7569999638945,no exact or boundary-refined wrist branch met strict wrist-center/orientation/SEW tolerances,,,,,,,,,,,,,,,oracle_inconclusive,,
530,withdrawal,low,0.6367430725000001,tiago_sew,NUMERICAL_FAILURE,tiago_semi_analytic,c96a32d,median-body-4344-torso015-J1-root-robot-zminus020-v5,wrist_center,gripper_grasping_frame,,287.8354999702424,no exact or boundary-refined wrist branch met strict wrist-center/orientation/SEW tolerances,,,,,,,,,,,,,,,oracle_inconclusive,,
531,withdrawal,low,0.6357197875,tiago_sew,NUMERICAL_FAILURE,tiago_semi_analytic,c96a32d,median-body-4344-torso015-J1-root-robot-zminus020-v5,wrist_center,gripper_grasping_frame,,322.77179998345673,no exact or boundary-refined wrist branch met strict wrist-center/orientation/SEW tolerances,,,,,,,,,,,,,,,oracle_inconclusive,,
532,withdrawal,low,0.6347793735,tiago_sew,NUMERICAL_FAILURE,tiago_semi_analytic,c96a32d,median-body-4344-torso015-J1-root-robot-zminus020-v5,wrist_center,gripper_grasping_frame,,308.892700006254,no exact or boundary-refined wrist branch met strict wrist-center/orientation/SEW tolerances,,,,,,,,,,,,,,,oracle_inconclusive,,
533,withdrawal,low,0.6340029755,tiago_sew,NUMERICAL_FAILURE,tiago_semi_analytic,c96a32d,median-body-4344-torso015-J1-root-robot-zminus020-v5,wrist_center,gripper_grasping_frame,,320.4642999917269,no exact or boundary-refined wrist branch met strict wrist-center/orientation/SEW tolerances,,,,,,,,,,,,,,,oracle_inconclusive,,
534,withdrawal,low,0.6332664944999999,tiago_sew,NUMERICAL_FAILURE,tiago_semi_analytic,c96a32d,median-body-4344-torso015-J1-root-robot-zminus020-v5,wrist_center,gripper_grasping_frame,,338.45700009260327,no exact or boundary-refined wrist branch met strict wrist-center/orientation/SEW tolerances,,,,,,,,,,,,,,,oracle_inconclusive,,
535,withdrawal,low,0.6326483915,tiago_sew,NUMERICAL_FAILURE,tiago_semi_analytic,c96a32d,median-body-4344-torso015-J1-root-robot-zminus020-v5,wrist_center,gripper_grasping_frame,,326.5322999795899,no exact or boundary-refined wrist branch met strict wrist-center/orientation/SEW tolerances,,,,,,,,,,,,,,,oracle_inconclusive,,
536,withdrawal,low,0.6323486485,tiago_sew,NUMERICAL_FAILURE,tiago_semi_analytic,c96a32d,median-body-4344-torso015-J1-root-robot-zminus020-v5,wrist_center,gripper_grasping_frame,,327.67100003547966,no exact or boundary-refined wrist branch met strict wrist-center/orientation/SEW tolerances,,,,,,,,,,,,,,,oracle_inconclusive,,
537,withdrawal,low,0.6318393405,tiago_sew,NUMERICAL_FAILURE,tiago_semi_analytic,c96a32d,median-body-4344-torso015-J1-root-robot-zminus020-v5,wrist_center,gripper_grasping_frame,,314.5786999957636,no exact or boundary-refined wrist branch met strict wrist-center/orientation/SEW tolerances,,,,,,,,,,,,,,,oracle_inconclusive,,
538,withdrawal,low,0.6313863675,tiago_sew,NUMERICAL_FAILURE,tiago_semi_analytic,c96a32d,median-body-4344-torso015-J1-root-robot-zminus020-v5,wrist_center,gripper_grasping_frame,,328.4266999689862,no exact or boundary-refined wrist branch met strict wrist-center/orientation/SEW tolerances,,,,,,,,,,,,,,,oracle_inconclusive,,
539,withdrawal,low,0.6311635895,tiago_sew,NUMERICAL_FAILURE,tiago_semi_analytic,c96a32d,median-body-4344-torso015-J1-root-robot-zminus020-v5,wrist_center,gripper_grasping_frame,,322.8178999852389,no exact or boundary-refined wrist branch met strict wrist-center/orientation/SEW tolerances,,,,,,,,,,,,,,,oracle_inconclusive,,
540,withdrawal,low,0.6310594485,tiago_sew,NUMERICAL_FAILURE,tiago_semi_analytic,c96a32d,median-body-4344-torso015-J1-root-robot-zminus020-v5,wrist_center,gripper_grasping_frame,,326.2203000485897,no exact or boundary-refined wrist branch met strict wrist-center/orientation/SEW tolerances,,,,,,,,,,,,,,,oracle_inconclusive,,
541,withdrawal,low,0.6309295655,tiago_sew,NUMERICAL_FAILURE,tiago_semi_analytic,c96a32d,median-body-4344-torso015-J1-root-robot-zminus020-v5,wrist_center,gripper_grasping_frame,,327.1798000205308,no exact or boundary-refined wrist branch met strict wrist-center/orientation/SEW tolerances,,,,,,,,,,,,,,,oracle_inconclusive,,
542,withdrawal,low,0.6309302215,tiago_sew,NUMERICAL_FAILURE,tiago_semi_analytic,c96a32d,median-body-4344-torso015-J1-root-robot-zminus020-v5,wrist_center,gripper_grasping_frame,,323.68659996427596,no exact or boundary-refined wrist branch met strict wrist-center/orientation/SEW tolerances,,,,,,,,,,,,,,,oracle_inconclusive,,
543,withdrawal,low,0.6310173795,tiago_sew,NUMERICAL_FAILURE,tiago_semi_analytic,c96a32d,median-body-4344-torso015-J1-root-robot-zminus020-v5,wrist_center,gripper_grasping_frame,,305.10979995597154,no exact or boundary-refined wrist branch met strict wrist-center/orientation/SEW tolerances,,,,,,,,,,,,,,,oracle_inconclusive,,
544,withdrawal,low,0.6311520995,tiago_sew,NUMERICAL_FAILURE,tiago_semi_analytic,c96a32d,median-body-4344-torso015-J1-root-robot-zminus020-v5,wrist_center,gripper_grasping_frame,,307.61969997547567,no exact or boundary-refined wrist branch met strict wrist-center/orientation/SEW tolerances,,,,,,,,,,,,,,,oracle_inconclusive,,
545,withdrawal,low,0.6315720524999999,tiago_sew,NUMERICAL_FAILURE,tiago_semi_analytic,c96a32d,median-body-4344-torso015-J1-root-robot-zminus020-v5,wrist_center,gripper_grasping_frame,,313.5850999969989,no exact or boundary-refined wrist branch met strict wrist-center/orientation/SEW tolerances,,,,,,,,,,,,,,,oracle_inconclusive,,
546,withdrawal,low,0.6317978515,tiago_sew,NUMERICAL_FAILURE,tiago_semi_analytic,c96a32d,median-body-4344-torso015-J1-root-robot-zminus020-v5,wrist_center,gripper_grasping_frame,,314.87070000730455,no exact or boundary-refined wrist branch met strict wrist-center/orientation/SEW tolerances,,,,,,,,,,,,,,,oracle_inconclusive,,
