frame,method,status,backend,model_revision,calibration_revision,position_target_frame,orientation_target_frame,branch_id,solve_time_ms,message,arm_1_joint,arm_2_joint,arm_3_joint,arm_4_joint,arm_5_joint,arm_6_joint,arm_7_joint,wrist_center_position_error_mm,ee_orientation_error_deg,sew_angle_error_deg,joint_limit_margin_deg,grasping_frame_position_x_m,grasping_frame_position_y_m,grasping_frame_position_z_m,classification
0,tiago_sew,NUMERICAL_FAILURE,tiago_semi_analytic,c96a32d,median-body-4344-torso015-J1-root-v3,wrist_center,gripper_grasping_frame,,175.8828000165522,no exact or boundary-refined wrist branch met strict wrist-center/orientation/SEW tolerances,,,,,,,,,,,,,,,oracle_inconclusive
1,tiago_sew,NUMERICAL_FAILURE,tiago_semi_analytic,c96a32d,median-body-4344-torso015-J1-root-v3,wrist_center,gripper_grasping_frame,,170.75769999064505,no exact or boundary-refined wrist branch met strict wrist-center/orientation/SEW tolerances,,,,,,,,,,,,,,,oracle_inconclusive
2,tiago_sew,NUMERICAL_FAILURE,tiago_semi_analytic,c96a32d,median-body-4344-torso015-J1-root-v3,wrist_center,gripper_grasping_frame,,171.61760001908988,no exact or boundary-refined wrist branch met strict wrist-center/orientation/SEW tolerances,,,,,,,,,,,,,,,oracle_inconclusive
3,tiago_sew,NUMERICAL_FAILURE,tiago_semi_analytic,c96a32d,median-body-4344-torso015-J1-root-v3,wrist_center,gripper_grasping_frame,,177.95500007923692,no exact or boundary-refined wrist branch met strict wrist-center/orientation/SEW tolerances,,,,,,,,,,,,,,,oracle_inconclusive
4,tiago_sew,NUMERICAL_FAILURE,tiago_semi_analytic,c96a32d,median-body-4344-torso015-J1-root-v3,wrist_center,gripper_grasping_frame,,160.7318000169471,no exact or boundary-refined wrist branch met strict wrist-center/orientation/SEW tolerances,,,,,,,,,,,,,,,oracle_inconclusive
5,tiago_sew,NUMERICAL_FAILURE,tiago_semi_analytic,c96a32d,median-body-4344-torso015-J1-root-v3,wrist_center,gripper_grasping_frame,,159.97679997235537,no exact or boundary-refined wrist branch met strict wrist-center/orientation/SEW tolerances,,,,,,,,,,,,,,,oracle_inconclusive
6,tiago_sew,NUMERICAL_FAILURE,tiago_semi_analytic,c96a32d,median-body-4344-torso015-J1-root-v3,wrist_center,gripper_grasping_frame,,160.62790004070848,no exact or boundary-refined wrist branch met strict wrist-center/orientation/SEW tolerances,,,,,,,,,,,,,,,oracle_inconclusive
7,tiago_sew,NUMERICAL_FAILURE,tiago_semi_analytic,c96a32d,median-body-4344-torso015-J1-root-v3,wrist_center,gripper_grasping_frame,,155.48700001090765,no exact or boundary-refined wrist branch met strict wrist-center/orientation/SEW tolerances,,,,,,,,,,,,,,,oracle_inconclusive
8,tiago_sew,NUMERICAL_FAILURE,tiago_semi_analytic,c96a32d,median-body-4344-torso015-J1-root-v3,wrist_center,gripper_grasping_frame,,155.52300005219877,no exact or boundary-refined wrist branch met strict wrist-center/orientation/SEW tolerances,,,,,,,,,,,,,,,oracle_inconclusive
9,tiago_sew,NUMERICAL_FAILURE,tiago_semi_analytic,c96a32d,median-body-4344-torso015-J1-root-v3,wrist_center,gripper_grasping_frame,,148.38739996775985,no exact or boundary-refined wrist branch met strict wrist-center/orientation/SEW tolerances,,,,,,,,,,,,,,,oracle_inconclusive
10,tiago_sew,NUMERICAL_FAILURE,tiago_semi_analytic,c96a32d,median-body-4344-torso015-J1-root-v3,wrist_center,gripper_grasping_frame,,149.2386000463739,no exact or boundary-refined wrist branch met strict wrist-center/orientation/SEW tolerances,,,,,,,,,,,,,,,oracle_inconclusive
11,tiago_sew,NUMERICAL_FAILURE,tiago_semi_analytic,c96a32d,median-body-4344-torso015-J1-root-v3,wrist_center,gripper_grasping_frame,,148.26909999828786,no exact or boundary-refined wrist branch met strict wrist-center/orientation/SEW tolerances,,,,,,,,,,,,,,,oracle_inconclusive
12,tiago_sew,NUMERICAL_FAILURE,tiago_semi_analytic,c96a32d,median-body-4344-torso015-J1-root-v3,wrist_center,gripper_grasping_frame,,146.580999949947,no exact or boundary-refined wrist branch met strict wrist-center/orientation/SEW tolerances,,,,,,,,,,,,,,,oracle_inconclusive
13,tiago_sew,NUMERICAL_FAILURE,tiago_semi_analytic,c96a32d,median-body-4344-torso015-J1-root-v3,wrist_center,gripper_grasping_frame,,145.87630005553365,no exact or boundary-refined wrist branch met strict wrist-center/orientation/SEW tolerances,,,,,,,,,,,,,,,oracle_inconclusive
14,tiago_sew,NUMERICAL_FAILURE,tiago_semi_analytic,c96a32d,median-body-4344-torso015-J1-root-v3,wrist_center,gripper_grasping_frame,,145.30119998380542,no exact or boundary-refined wrist branch met strict wrist-center/orientation/SEW tolerances,,,,,,,,,,,,,,,oracle_inconclusive
15,tiago_sew,NUMERICAL_FAILURE,tiago_semi_analytic,c96a32d,median-body-4344-torso015-J1-root-v3,wrist_center,gripper_grasping_frame,,144.95210000313818,no exact or boundary-refined wrist branch met strict wrist-center/orientation/SEW tolerances,,,,,,,,,,,,,,,oracle_inconclusive
16,tiago_sew,NUMERICAL_FAILURE,tiago_semi_analytic,c96a32d,median-body-4344-torso015-J1-root-v3,wrist_center,gripper_grasping_frame,,144.51420004479587,no exact or boundary-refined wrist branch met strict wrist-center/orientation/SEW tolerances,,,,,,,,,,,,,,,oracle_inconclusive
17,tiago_sew,NUMERICAL_FAILURE,tiago_semi_analytic,c96a32d,median-body-4344-torso015-J1-root-v3,wrist_center,gripper_grasping_frame,,143.71430000755936,no exact or boundary-refined wrist branch met strict wrist-center/orientation/SEW tolerances,,,,,,,,,,,,,,,oracle_inconclusive
18,tiago_sew,NUMERICAL_FAILURE,tiago_semi_analytic,c96a32d,median-body-4344-torso015-J1-root-v3,wrist_center,gripper_grasping_frame,,141.21030003298074,no exact or boundary-refined wrist branch met strict wrist-center/orientation/SEW tolerances,,,,,,,,,,,,,,,oracle_inconclusive
19,tiago_sew,NUMERICAL_FAILURE,tiago_semi_analytic,c96a32d,median-body-4344-torso015-J1-root-v3,wrist_center,gripper_grasping_frame,,141.9133999152109,no exact or boundary-refined wrist branch met strict wrist-center/orientation/SEW tolerances,,,,,,,,,,,,,,,oracle_inconclusive
20,tiago_sew,NUMERICAL_FAILURE,tiago_semi_analytic,c96a32d,median-body-4344-torso015-J1-root-v3,wrist_center,gripper_grasping_frame,,148.10999995097518,no exact or boundary-refined wrist branch met strict wrist-center/orientation/SEW tolerances,,,,,,,,,,,,,,,oracle_inconclusive
21,tiago_sew,NUMERICAL_FAILURE,tiago_semi_analytic,c96a32d,median-body-4344-torso015-J1-root-v3,wrist_center,gripper_grasping_frame,,147.27970003150403,no exact or boundary-refined wrist branch met strict wrist-center/orientation/SEW tolerances,,,,,,,,,,,,,,,oracle_inconclusive
22,tiago_sew,NUMERICAL_FAILURE,tiago_semi_analytic,c96a32d,median-body-4344-torso015-J1-root-v3,wrist_center,gripper_grasping_frame,,142.90890004485846,no exact or boundary-refined wrist branch met strict wrist-center/orientation/SEW tolerances,,,,,,,,,,,,,,,oracle_inconclusive
23,tiago_sew,NUMERICAL_FAILURE,tiago_semi_analytic,c96a32d,median-body-4344-torso015-J1-root-v3,wrist_center,gripper_grasping_frame,,142.55540003068745,no exact or boundary-refined wrist branch met strict wrist-center/orientation/SEW tolerances,,,,,,,,,,,,,,,oracle_inconclusive
24,tiago_sew,NUMERICAL_FAILURE,tiago_semi_analytic,c96a32d,median-body-4344-torso015-J1-root-v3,wrist_center,gripper_grasping_frame,,141.59210002981126,no exact or boundary-refined wrist branch met strict wrist-center/orientation/SEW tolerances,,,,,,,,,,,,,,,oracle_inconclusive
25,tiago_sew,NUMERICAL_FAILURE,tiago_semi_analytic,c96a32d,median-body-4344-torso015-J1-root-v3,wrist_center,gripper_grasping_frame,,141.09789999201894,no exact or boundary-refined wrist branch met strict wrist-center/orientation/SEW tolerances,,,,,,,,,,,,,,,oracle_inconclusive
26,tiago_sew,NUMERICAL_FAILURE,tiago_semi_analytic,c96a32d,median-body-4344-torso015-J1-root-v3,wrist_center,gripper_grasping_frame,,137.7120999386534,no exact or boundary-refined wrist branch met strict wrist-center/orientation/SEW tolerances,,,,,,,,,,,,,,,oracle_inconclusive
27,tiago_sew,NUMERICAL_FAILURE,tiago_semi_analytic,c96a32d,median-body-4344-torso015-J1-root-v3,wrist_center,gripper_grasping_frame,,137.61380000505596,no exact or boundary-refined wrist branch met strict wrist-center/orientation/SEW tolerances,,,,,,,,,,,,,,,oracle_inconclusive
28,tiago_sew,NUMERICAL_FAILURE,tiago_semi_analytic,c96a32d,median-body-4344-torso015-J1-root-v3,wrist_center,gripper_grasping_frame,,137.84810004290193,no exact or boundary-refined wrist branch met strict wrist-center/orientation/SEW tolerances,,,,,,,,,,,,,,,oracle_inconclusive
29,tiago_sew,NUMERICAL_FAILURE,tiago_semi_analytic,c96a32d,median-body-4344-torso015-J1-root-v3,wrist_center,gripper_grasping_frame,,137.85520009696484,no exact or boundary-refined wrist branch met strict wrist-center/orientation/SEW tolerances,,,,,,,,,,,,,,,oracle_inconclusive
30,tiago_sew,NUMERICAL_FAILURE,tiago_semi_analytic,c96a32d,median-body-4344-torso015-J1-root-v3,wrist_center,gripper_grasping_frame,,137.89210002869368,no exact or boundary-refined wrist branch met strict wrist-center/orientation/SEW tolerances,,,,,,,,,,,,,,,oracle_inconclusive
31,tiago_sew,NUMERICAL_FAILURE,tiago_semi_analytic,c96a32d,median-body-4344-torso015-J1-root-v3,wrist_center,gripper_grasping_frame,,134.6672000363469,no exact or boundary-refined wrist branch met strict wrist-center/orientation/SEW tolerances,,,,,,,,,,,,,,,oracle_inconclusive
32,tiago_sew,NUMERICAL_FAILURE,tiago_semi_analytic,c96a32d,median-body-4344-torso015-J1-root-v3,wrist_center,gripper_grasping_frame,,134.69980005174875,no exact or boundary-refined wrist branch met strict wrist-center/orientation/SEW tolerances,,,,,,,,,,,,,,,oracle_inconclusive
33,tiago_sew,NUMERICAL_FAILURE,tiago_semi_analytic,c96a32d,median-body-4344-torso015-J1-root-v3,wrist_center,gripper_grasping_frame,,132.59910000488162,no exact or boundary-refined wrist branch met strict wrist-center/orientation/SEW tolerances,,,,,,,,,,,,,,,oracle_inconclusive
34,tiago_sew,NUMERICAL_FAILURE,tiago_semi_analytic,c96a32d,median-body-4344-torso015-J1-root-v3,wrist_center,gripper_grasping_frame,,132.97889998648316,no exact or boundary-refined wrist branch met strict wrist-center/orientation/SEW tolerances,,,,,,,,,,,,,,,oracle_inconclusive
35,tiago_sew,NUMERICAL_FAILURE,tiago_semi_analytic,c96a32d,median-body-4344-torso015-J1-root-v3,wrist_center,gripper_grasping_frame,,131.32719998247921,no exact or boundary-refined wrist branch met strict wrist-center/orientation/SEW tolerances,,,,,,,,,,,,,,,oracle_inconclusive
36,tiago_sew,NUMERICAL_FAILURE,tiago_semi_analytic,c96a32d,median-body-4344-torso015-J1-root-v3,wrist_center,gripper_grasping_frame,,129.745899932459,no exact or boundary-refined wrist branch met strict wrist-center/orientation/SEW tolerances,,,,,,,,,,,,,,,oracle_inconclusive
37,tiago_sew,NUMERICAL_FAILURE,tiago_semi_analytic,c96a32d,median-body-4344-torso015-J1-root-v3,wrist_center,gripper_grasping_frame,,129.710300010629,no exact or boundary-refined wrist branch met strict wrist-center/orientation/SEW tolerances,,,,,,,,,,,,,,,oracle_inconclusive
38,tiago_sew,NUMERICAL_FAILURE,tiago_semi_analytic,c96a32d,median-body-4344-torso015-J1-root-v3,wrist_center,gripper_grasping_frame,,130.18650002777576,no exact or boundary-refined wrist branch met strict wrist-center/orientation/SEW tolerances,,,,,,,,,,,,,,,oracle_inconclusive
39,tiago_sew,NUMERICAL_FAILURE,tiago_semi_analytic,c96a32d,median-body-4344-torso015-J1-root-v3,wrist_center,gripper_grasping_frame,,130.9647000161931,no exact or boundary-refined wrist branch met strict wrist-center/orientation/SEW tolerances,,,,,,,,,,,,,,,oracle_inconclusive
40,tiago_sew,NUMERICAL_FAILURE,tiago_semi_analytic,c96a32d,median-body-4344-torso015-J1-root-v3,wrist_center,gripper_grasping_frame,,130.128400051035,no exact or boundary-refined wrist branch met strict wrist-center/orientation/SEW tolerances,,,,,,,,,,,,,,,oracle_inconclusive
41,tiago_sew,NUMERICAL_FAILURE,tiago_semi_analytic,c96a32d,median-body-4344-torso015-J1-root-v3,wrist_center,gripper_grasping_frame,,129.78090008255094,no exact or boundary-refined wrist branch met strict wrist-center/orientation/SEW tolerances,,,,,,,,,,,,,,,oracle_inconclusive
42,tiago_sew,NUMERICAL_FAILURE,tiago_semi_analytic,c96a32d,median-body-4344-torso015-J1-root-v3,wrist_center,gripper_grasping_frame,,130.87800005450845,no exact or boundary-refined wrist branch met strict wrist-center/orientation/SEW tolerances,,,,,,,,,,,,,,,oracle_inconclusive
43,tiago_sew,NUMERICAL_FAILURE,tiago_semi_analytic,c96a32d,median-body-4344-torso015-J1-root-v3,wrist_center,gripper_grasping_frame,,131.36080000549555,no exact or boundary-refined wrist branch met strict wrist-center/orientation/SEW tolerances,,,,,,,,,,,,,,,oracle_inconclusive
44,tiago_sew,NUMERICAL_FAILURE,tiago_semi_analytic,c96a32d,median-body-4344-torso015-J1-root-v3,wrist_center,gripper_grasping_frame,,130.89390005916357,no exact or boundary-refined wrist branch met strict wrist-center/orientation/SEW tolerances,,,,,,,,,,,,,,,oracle_inconclusive
45,tiago_sew,NUMERICAL_FAILURE,tiago_semi_analytic,c96a32d,median-body-4344-torso015-J1-root-v3,wrist_center,gripper_grasping_frame,,128.04709991905838,no exact or boundary-refined wrist branch met strict wrist-center/orientation/SEW tolerances,,,,,,,,,,,,,,,oracle_inconclusive
46,tiago_sew,NUMERICAL_FAILURE,tiago_semi_analytic,c96a32d,median-body-4344-torso015-J1-root-v3,wrist_center,gripper_grasping_frame,,127.48329993337393,no exact or boundary-refined wrist branch met strict wrist-center/orientation/SEW tolerances,,,,,,,,,,,,,,,oracle_inconclusive
47,tiago_sew,NUMERICAL_FAILURE,tiago_semi_analytic,c96a32d,median-body-4344-torso015-J1-root-v3,wrist_center,gripper_grasping_frame,,126.38980010524392,no exact or boundary-refined wrist branch met strict wrist-center/orientation/SEW tolerances,,,,,,,,,,,,,,,oracle_inconclusive
48,tiago_sew,NUMERICAL_FAILURE,tiago_semi_analytic,c96a32d,median-body-4344-torso015-J1-root-v3,wrist_center,gripper_grasping_frame,,125.91569998767227,no exact or boundary-refined wrist branch met strict wrist-center/orientation/SEW tolerances,,,,,,,,,,,,,,,oracle_inconclusive
49,tiago_sew,NUMERICAL_FAILURE,tiago_semi_analytic,c96a32d,median-body-4344-torso015-J1-root-v3,wrist_center,gripper_grasping_frame,,125.22489996626973,no exact or boundary-refined wrist branch met strict wrist-center/orientation/SEW tolerances,,,,,,,,,,,,,,,oracle_inconclusive
50,tiago_sew,NUMERICAL_FAILURE,tiago_semi_analytic,c96a32d,median-body-4344-torso015-J1-root-v3,wrist_center,gripper_grasping_frame,,125.13870000839233,no exact or boundary-refined wrist branch met strict wrist-center/orientation/SEW tolerances,,,,,,,,,,,,,,,oracle_inconclusive
51,tiago_sew,NUMERICAL_FAILURE,tiago_semi_analytic,c96a32d,median-body-4344-torso015-J1-root-v3,wrist_center,gripper_grasping_frame,,125.79740001820028,no exact or boundary-refined wrist branch met strict wrist-center/orientation/SEW tolerances,,,,,,,,,,,,,,,oracle_inconclusive
52,tiago_sew,NUMERICAL_FAILURE,tiago_semi_analytic,c96a32d,median-body-4344-torso015-J1-root-v3,wrist_center,gripper_grasping_frame,,126.23990001156926,no exact or boundary-refined wrist branch met strict wrist-center/orientation/SEW tolerances,,,,,,,,,,,,,,,oracle_inconclusive
53,tiago_sew,NUMERICAL_FAILURE,tiago_semi_analytic,c96a32d,median-body-4344-torso015-J1-root-v3,wrist_center,gripper_grasping_frame,,123.97519999649376,no exact or boundary-refined wrist branch met strict wrist-center/orientation/SEW tolerances,,,,,,,,,,,,,,,oracle_inconclusive
54,tiago_sew,NUMERICAL_FAILURE,tiago_semi_analytic,c96a32d,median-body-4344-torso015-J1-root-v3,wrist_center,gripper_grasping_frame,,121.36719992849976,no exact or boundary-refined wrist branch met strict wrist-center/orientation/SEW tolerances,,,,,,,,,,,,,,,oracle_inconclusive
55,tiago_sew,NUMERICAL_FAILURE,tiago_semi_analytic,c96a32d,median-body-4344-torso015-J1-root-v3,wrist_center,gripper_grasping_frame,,128.33530001807958,no exact or boundary-refined wrist branch met strict wrist-center/orientation/SEW tolerances,,,,,,,,,,,,,,,oracle_inconclusive
56,tiago_sew,NUMERICAL_FAILURE,tiago_semi_analytic,c96a32d,median-body-4344-torso015-J1-root-v3,wrist_center,gripper_grasping_frame,,131.0685999924317,no exact or boundary-refined wrist branch met strict wrist-center/orientation/SEW tolerances,,,,,,,,,,,,,,,oracle_inconclusive
57,tiago_sew,NUMERICAL_FAILURE,tiago_semi_analytic,c96a32d,median-body-4344-torso015-J1-root-v3,wrist_center,gripper_grasping_frame,,128.39790002908558,no exact or boundary-refined wrist branch met strict wrist-center/orientation/SEW tolerances,,,,,,,,,,,,,,,oracle_inconclusive
58,tiago_sew,NUMERICAL_FAILURE,tiago_semi_analytic,c96a32d,median-body-4344-torso015-J1-root-v3,wrist_center,gripper_grasping_frame,,128.55360005050898,no exact or boundary-refined wrist branch met strict wrist-center/orientation/SEW tolerances,,,,,,,,,,,,,,,oracle_inconclusive
59,tiago_sew,NUMERICAL_FAILURE,tiago_semi_analytic,c96a32d,median-body-4344-torso015-J1-root-v3,wrist_center,gripper_grasping_frame,,127.38820002414286,no exact or boundary-refined wrist branch met strict wrist-center/orientation/SEW tolerances,,,,,,,,,,,,,,,oracle_inconclusive
60,tiago_sew,NUMERICAL_FAILURE,tiago_semi_analytic,c96a32d,median-body-4344-torso015-J1-root-v3,wrist_center,gripper_grasping_frame,,129.90329996682703,no exact or boundary-refined wrist branch met strict wrist-center/orientation/SEW tolerances,,,,,,,,,,,,,,,oracle_inconclusive
61,tiago_sew,NUMERICAL_FAILURE,tiago_semi_analytic,c96a32d,median-body-4344-torso015-J1-root-v3,wrist_center,gripper_grasping_frame,,125.58410002384335,no exact or boundary-refined wrist branch met strict wrist-center/orientation/SEW tolerances,,,,,,,,,,,,,,,oracle_inconclusive
62,tiago_sew,NUMERICAL_FAILURE,tiago_semi_analytic,c96a32d,median-body-4344-torso015-J1-root-v3,wrist_center,gripper_grasping_frame,,125.31010003294796,no exact or boundary-refined wrist branch met strict wrist-center/orientation/SEW tolerances,,,,,,,,,,,,,,,oracle_inconclusive
63,tiago_sew,NUMERICAL_FAILURE,tiago_semi_analytic,c96a32d,median-body-4344-torso015-J1-root-v3,wrist_center,gripper_grasping_frame,,126.1726999655366,no exact or boundary-refined wrist branch met strict wrist-center/orientation/SEW tolerances,,,,,,,,,,,,,,,oracle_inconclusive
64,tiago_sew,NUMERICAL_FAILURE,tiago_semi_analytic,c96a32d,median-body-4344-torso015-J1-root-v3,wrist_center,gripper_grasping_frame,,118.30820003524423,no exact or boundary-refined wrist branch met strict wrist-center/orientation/SEW tolerances,,,,,,,,,,,,,,,oracle_inconclusive
65,tiago_sew,NUMERICAL_FAILURE,tiago_semi_analytic,c96a32d,median-body-4344-torso015-J1-root-v3,wrist_center,gripper_grasping_frame,,117.11049999576062,no exact or boundary-refined wrist branch met strict wrist-center/orientation/SEW tolerances,,,,,,,,,,,,,,,oracle_inconclusive
66,tiago_sew,NUMERICAL_FAILURE,tiago_semi_analytic,c96a32d,median-body-4344-torso015-J1-root-v3,wrist_center,gripper_grasping_frame,,116.24210001900792,no exact or boundary-refined wrist branch met strict wrist-center/orientation/SEW tolerances,,,,,,,,,,,,,,,oracle_inconclusive
67,tiago_sew,NUMERICAL_FAILURE,tiago_semi_analytic,c96a32d,median-body-4344-torso015-J1-root-v3,wrist_center,gripper_grasping_frame,,116.30569992121309,no exact or boundary-refined wrist branch met strict wrist-center/orientation/SEW tolerances,,,,,,,,,,,,,,,oracle_inconclusive
68,tiago_sew,NUMERICAL_FAILURE,tiago_semi_analytic,c96a32d,median-body-4344-torso015-J1-root-v3,wrist_center,gripper_grasping_frame,,116.28039996139705,no exact or boundary-refined wrist branch met strict wrist-center/orientation/SEW tolerances,,,,,,,,,,,,,,,oracle_inconclusive
69,tiago_sew,NUMERICAL_FAILURE,tiago_semi_analytic,c96a32d,median-body-4344-torso015-J1-root-v3,wrist_center,gripper_grasping_frame,,116.14519997965544,no exact or boundary-refined wrist branch met strict wrist-center/orientation/SEW tolerances,,,,,,,,,,,,,,,oracle_inconclusive
70,tiago_sew,NUMERICAL_FAILURE,tiago_semi_analytic,c96a32d,median-body-4344-torso015-J1-root-v3,wrist_center,gripper_grasping_frame,,115.96250010188669,no exact or boundary-refined wrist branch met strict wrist-center/orientation/SEW tolerances,,,,,,,,,,,,,,,oracle_inconclusive
71,tiago_sew,NUMERICAL_FAILURE,tiago_semi_analytic,c96a32d,median-body-4344-torso015-J1-root-v3,wrist_center,gripper_grasping_frame,,115.76690000947565,no exact or boundary-refined wrist branch met strict wrist-center/orientation/SEW tolerances,,,,,,,,,,,,,,,oracle_inconclusive
72,tiago_sew,NUMERICAL_FAILURE,tiago_semi_analytic,c96a32d,median-body-4344-torso015-J1-root-v3,wrist_center,gripper_grasping_frame,,115.21610000636429,no exact or boundary-refined wrist branch met strict wrist-center/orientation/SEW tolerances,,,,,,,,,,,,,,,oracle_inconclusive
73,tiago_sew,NUMERICAL_FAILURE,tiago_semi_analytic,c96a32d,median-body-4344-torso015-J1-root-v3,wrist_center,gripper_grasping_frame,,114.80270000174642,no exact or boundary-refined wrist branch met strict wrist-center/orientation/SEW tolerances,,,,,,,,,,,,,,,oracle_inconclusive
74,tiago_sew,NUMERICAL_FAILURE,tiago_semi_analytic,c96a32d,median-body-4344-torso015-J1-root-v3,wrist_center,gripper_grasping_frame,,113.55479992926121,no exact or boundary-refined wrist branch met strict wrist-center/orientation/SEW tolerances,,,,,,,,,,,,,,,oracle_inconclusive
75,tiago_sew,NUMERICAL_FAILURE,tiago_semi_analytic,c96a32d,median-body-4344-torso015-J1-root-v3,wrist_center,gripper_grasping_frame,,112.60560003574938,no exact or boundary-refined wrist branch met strict wrist-center/orientation/SEW tolerances,,,,,,,,,,,,,,,oracle_inconclusive
76,tiago_sew,NUMERICAL_FAILURE,tiago_semi_analytic,c96a32d,median-body-4344-torso015-J1-root-v3,wrist_center,gripper_grasping_frame,,113.10660000890493,no exact or boundary-refined wrist branch met strict wrist-center/orientation/SEW tolerances,,,,,,,,,,,,,,,oracle_inconclusive
77,tiago_sew,NUMERICAL_FAILURE,tiago_semi_analytic,c96a32d,median-body-4344-torso015-J1-root-v3,wrist_center,gripper_grasping_frame,,112.84299998078495,no exact or boundary-refined wrist branch met strict wrist-center/orientation/SEW tolerances,,,,,,,,,,,,,,,oracle_inconclusive
78,tiago_sew,NUMERICAL_FAILURE,tiago_semi_analytic,c96a32d,median-body-4344-torso015-J1-root-v3,wrist_center,gripper_grasping_frame,,112.8591001033783,no exact or boundary-refined wrist branch met strict wrist-center/orientation/SEW tolerances,,,,,,,,,,,,,,,oracle_inconclusive
79,tiago_sew,NUMERICAL_FAILURE,tiago_semi_analytic,c96a32d,median-body-4344-torso015-J1-root-v3,wrist_center,gripper_grasping_frame,,112.92899993713945,no exact or boundary-refined wrist branch met strict wrist-center/orientation/SEW tolerances,,,,,,,,,,,,,,,oracle_inconclusive
80,tiago_sew,NUMERICAL_FAILURE,tiago_semi_analytic,c96a32d,median-body-4344-torso015-J1-root-v3,wrist_center,gripper_grasping_frame,,111.43970000557601,no exact or boundary-refined wrist branch met strict wrist-center/orientation/SEW tolerances,,,,,,,,,,,,,,,oracle_inconclusive
81,tiago_sew,NUMERICAL_FAILURE,tiago_semi_analytic,c96a32d,median-body-4344-torso015-J1-root-v3,wrist_center,gripper_grasping_frame,,111.74320010468364,no exact or boundary-refined wrist branch met strict wrist-center/orientation/SEW tolerances,,,,,,,,,,,,,,,oracle_inconclusive
82,tiago_sew,NUMERICAL_FAILURE,tiago_semi_analytic,c96a32d,median-body-4344-torso015-J1-root-v3,wrist_center,gripper_grasping_frame,,111.05409997981042,no exact or boundary-refined wrist branch met strict wrist-center/orientation/SEW tolerances,,,,,,,,,,,,,,,oracle_inconclusive
83,tiago_sew,NUMERICAL_FAILURE,tiago_semi_analytic,c96a32d,median-body-4344-torso015-J1-root-v3,wrist_center,gripper_grasping_frame,,111.29080003593117,no exact or boundary-refined wrist branch met strict wrist-center/orientation/SEW tolerances,,,,,,,,,,,,,,,oracle_inconclusive
84,tiago_sew,NUMERICAL_FAILURE,tiago_semi_analytic,c96a32d,median-body-4344-torso015-J1-root-v3,wrist_center,gripper_grasping_frame,,110.28250004164875,no exact or boundary-refined wrist branch met strict wrist-center/orientation/SEW tolerances,,,,,,,,,,,,,,,oracle_inconclusive
85,tiago_sew,NUMERICAL_FAILURE,tiago_semi_analytic,c96a32d,median-body-4344-torso015-J1-root-v3,wrist_center,gripper_grasping_frame,,110.4602999985218,no exact or boundary-refined wrist branch met strict wrist-center/orientation/SEW tolerances,,,,,,,,,,,,,,,oracle_inconclusive
86,tiago_sew,NUMERICAL_FAILURE,tiago_semi_analytic,c96a32d,median-body-4344-torso015-J1-root-v3,wrist_center,gripper_grasping_frame,,111.11550009809434,no exact or boundary-refined wrist branch met strict wrist-center/orientation/SEW tolerances,,,,,,,,,,,,,,,oracle_inconclusive
87,tiago_sew,NUMERICAL_FAILURE,tiago_semi_analytic,c96a32d,median-body-4344-torso015-J1-root-v3,wrist_center,gripper_grasping_frame,,111.46859999280423,no exact or boundary-refined wrist branch met strict wrist-center/orientation/SEW tolerances,,,,,,,,,,,,,,,oracle_inconclusive
88,tiago_sew,NUMERICAL_FAILURE,tiago_semi_analytic,c96a32d,median-body-4344-torso015-J1-root-v3,wrist_center,gripper_grasping_frame,,112.15270007960498,no exact or boundary-refined wrist branch met strict wrist-center/orientation/SEW tolerances,,,,,,,,,,,,,,,oracle_inconclusive
89,tiago_sew,NUMERICAL_FAILURE,tiago_semi_analytic,c96a32d,median-body-4344-torso015-J1-root-v3,wrist_center,gripper_grasping_frame,,110.86619994603097,no exact or boundary-refined wrist branch met strict wrist-center/orientation/SEW tolerances,,,,,,,,,,,,,,,oracle_inconclusive
90,tiago_sew,NUMERICAL_FAILURE,tiago_semi_analytic,c96a32d,median-body-4344-torso015-J1-root-v3,wrist_center,gripper_grasping_frame,,110.6479000300169,no exact or boundary-refined wrist branch met strict wrist-center/orientation/SEW tolerances,,,,,,,,,,,,,,,oracle_inconclusive
91,tiago_sew,NUMERICAL_FAILURE,tiago_semi_analytic,c96a32d,median-body-4344-torso015-J1-root-v3,wrist_center,gripper_grasping_frame,,111.21150001417845,no exact or boundary-refined wrist branch met strict wrist-center/orientation/SEW tolerances,,,,,,,,,,,,,,,oracle_inconclusive
92,tiago_sew,NUMERICAL_FAILURE,tiago_semi_analytic,c96a32d,median-body-4344-torso015-J1-root-v3,wrist_center,gripper_grasping_frame,,111.46090005058795,no exact or boundary-refined wrist branch met strict wrist-center/orientation/SEW tolerances,,,,,,,,,,,,,,,oracle_inconclusive
93,tiago_sew,NUMERICAL_FAILURE,tiago_semi_analytic,c96a32d,median-body-4344-torso015-J1-root-v3,wrist_center,gripper_grasping_frame,,110.95030000433326,no exact or boundary-refined wrist branch met strict wrist-center/orientation/SEW tolerances,,,,,,,,,,,,,,,oracle_inconclusive
94,tiago_sew,NUMERICAL_FAILURE,tiago_semi_analytic,c96a32d,median-body-4344-torso015-J1-root-v3,wrist_center,gripper_grasping_frame,,110.88950000703335,no exact or boundary-refined wrist branch met strict wrist-center/orientation/SEW tolerances,,,,,,,,,,,,,,,oracle_inconclusive
95,tiago_sew,NUMERICAL_FAILURE,tiago_semi_analytic,c96a32d,median-body-4344-torso015-J1-root-v3,wrist_center,gripper_grasping_frame,,112.01199993956834,no exact or boundary-refined wrist branch met strict wrist-center/orientation/SEW tolerances,,,,,,,,,,,,,,,oracle_inconclusive
96,tiago_sew,NUMERICAL_FAILURE,tiago_semi_analytic,c96a32d,median-body-4344-torso015-J1-root-v3,wrist_center,gripper_grasping_frame,,111.34529998525977,no exact or boundary-refined wrist branch met strict wrist-center/orientation/SEW tolerances,,,,,,,,,,,,,,,oracle_inconclusive
97,tiago_sew,NUMERICAL_FAILURE,tiago_semi_analytic,c96a32d,median-body-4344-torso015-J1-root-v3,wrist_center,gripper_grasping_frame,,111.09190003480762,no exact or boundary-refined wrist branch met strict wrist-center/orientation/SEW tolerances,,,,,,,,,,,,,,,oracle_inconclusive
98,tiago_sew,NUMERICAL_FAILURE,tiago_semi_analytic,c96a32d,median-body-4344-torso015-J1-root-v3,wrist_center,gripper_grasping_frame,,111.43180006183684,no exact or boundary-refined wrist branch met strict wrist-center/orientation/SEW tolerances,,,,,,,,,,,,,,,oracle_inconclusive
99,tiago_sew,NUMERICAL_FAILURE,tiago_semi_analytic,c96a32d,median-body-4344-torso015-J1-root-v3,wrist_center,gripper_grasping_frame,,110.1521000964567,no exact or boundary-refined wrist branch met strict wrist-center/orientation/SEW tolerances,,,,,,,,,,,,,,,oracle_inconclusive
100,tiago_sew,NUMERICAL_FAILURE,tiago_semi_analytic,c96a32d,median-body-4344-torso015-J1-root-v3,wrist_center,gripper_grasping_frame,,110.29029998462647,no exact or boundary-refined wrist branch met strict wrist-center/orientation/SEW tolerances,,,,,,,,,,,,,,,oracle_inconclusive
101,tiago_sew,NUMERICAL_FAILURE,tiago_semi_analytic,c96a32d,median-body-4344-torso015-J1-root-v3,wrist_center,gripper_grasping_frame,,111.28069995902479,no exact or boundary-refined wrist branch met strict wrist-center/orientation/SEW tolerances,,,,,,,,,,,,,,,oracle_inconclusive
102,tiago_sew,NUMERICAL_FAILURE,tiago_semi_analytic,c96a32d,median-body-4344-torso015-J1-root-v3,wrist_center,gripper_grasping_frame,,111.51159997098148,no exact or boundary-refined wrist branch met strict wrist-center/orientation/SEW tolerances,,,,,,,,,,,,,,,oracle_inconclusive
103,tiago_sew,NUMERICAL_FAILURE,tiago_semi_analytic,c96a32d,median-body-4344-torso015-J1-root-v3,wrist_center,gripper_grasping_frame,,112.37649992108345,no exact or boundary-refined wrist branch met strict wrist-center/orientation/SEW tolerances,,,,,,,,,,,,,,,oracle_inconclusive
104,tiago_sew,NUMERICAL_FAILURE,tiago_semi_analytic,c96a32d,median-body-4344-torso015-J1-root-v3,wrist_center,gripper_grasping_frame,,111.7260999744758,no exact or boundary-refined wrist branch met strict wrist-center/orientation/SEW tolerances,,,,,,,,,,,,,,,oracle_inconclusive
105,tiago_sew,NUMERICAL_FAILURE,tiago_semi_analytic,c96a32d,median-body-4344-torso015-J1-root-v3,wrist_center,gripper_grasping_frame,,113.002699916251,no exact or boundary-refined wrist branch met strict wrist-center/orientation/SEW tolerances,,,,,,,,,,,,,,,oracle_inconclusive
106,tiago_sew,NUMERICAL_FAILURE,tiago_semi_analytic,c96a32d,median-body-4344-torso015-J1-root-v3,wrist_center,gripper_grasping_frame,,113.27269999310374,no exact or boundary-refined wrist branch met strict wrist-center/orientation/SEW tolerances,,,,,,,,,,,,,,,oracle_inconclusive
107,tiago_sew,NUMERICAL_FAILURE,tiago_semi_analytic,c96a32d,median-body-4344-torso015-J1-root-v3,wrist_center,gripper_grasping_frame,,113.94329997710884,no exact or boundary-refined wrist branch met strict wrist-center/orientation/SEW tolerances,,,,,,,,,,,,,,,oracle_inconclusive
108,tiago_sew,NUMERICAL_FAILURE,tiago_semi_analytic,c96a32d,median-body-4344-torso015-J1-root-v3,wrist_center,gripper_grasping_frame,,114.47210004553199,no exact or boundary-refined wrist branch met strict wrist-center/orientation/SEW tolerances,,,,,,,,,,,,,,,oracle_inconclusive
109,tiago_sew,NUMERICAL_FAILURE,tiago_semi_analytic,c96a32d,median-body-4344-torso015-J1-root-v3,wrist_center,gripper_grasping_frame,,115.2844000607729,no exact or boundary-refined wrist branch met strict wrist-center/orientation/SEW tolerances,,,,,,,,,,,,,,,oracle_inconclusive
110,tiago_sew,NUMERICAL_FAILURE,tiago_semi_analytic,c96a32d,median-body-4344-torso015-J1-root-v3,wrist_center,gripper_grasping_frame,,123.24179999995977,no exact or boundary-refined wrist branch met strict wrist-center/orientation/SEW tolerances,,,,,,,,,,,,,,,oracle_inconclusive
111,tiago_sew,NUMERICAL_FAILURE,tiago_semi_analytic,c96a32d,median-body-4344-torso015-J1-root-v3,wrist_center,gripper_grasping_frame,,121.81729997973889,no exact or boundary-refined wrist branch met strict wrist-center/orientation/SEW tolerances,,,,,,,,,,,,,,,oracle_inconclusive
112,tiago_sew,NUMERICAL_FAILURE,tiago_semi_analytic,c96a32d,median-body-4344-torso015-J1-root-v3,wrist_center,gripper_grasping_frame,,120.49120001029223,no exact or boundary-refined wrist branch met strict wrist-center/orientation/SEW tolerances,,,,,,,,,,,,,,,oracle_inconclusive
113,tiago_sew,NUMERICAL_FAILURE,tiago_semi_analytic,c96a32d,median-body-4344-torso015-J1-root-v3,wrist_center,gripper_grasping_frame,,119.43680001422763,no exact or boundary-refined wrist branch met strict wrist-center/orientation/SEW tolerances,,,,,,,,,,,,,,,oracle_inconclusive
114,tiago_sew,NUMERICAL_FAILURE,tiago_semi_analytic,c96a32d,median-body-4344-torso015-J1-root-v3,wrist_center,gripper_grasping_frame,,117.48279992025346,no exact or boundary-refined wrist branch met strict wrist-center/orientation/SEW tolerances,,,,,,,,,,,,,,,oracle_inconclusive
115,tiago_sew,NUMERICAL_FAILURE,tiago_semi_analytic,c96a32d,median-body-4344-torso015-J1-root-v3,wrist_center,gripper_grasping_frame,,117.06989991944283,no exact or boundary-refined wrist branch met strict wrist-center/orientation/SEW tolerances,,,,,,,,,,,,,,,oracle_inconclusive
116,tiago_sew,NUMERICAL_FAILURE,tiago_semi_analytic,c96a32d,median-body-4344-torso015-J1-root-v3,wrist_center,gripper_grasping_frame,,115.80639996100217,no exact or boundary-refined wrist branch met strict wrist-center/orientation/SEW tolerances,,,,,,,,,,,,,,,oracle_inconclusive
117,tiago_sew,NUMERICAL_FAILURE,tiago_semi_analytic,c96a32d,median-body-4344-torso015-J1-root-v3,wrist_center,gripper_grasping_frame,,116.25979992095381,no exact or boundary-refined wrist branch met strict wrist-center/orientation/SEW tolerances,,,,,,,,,,,,,,,oracle_inconclusive
118,tiago_sew,NUMERICAL_FAILURE,tiago_semi_analytic,c96a32d,median-body-4344-torso015-J1-root-v3,wrist_center,gripper_grasping_frame,,116.24320002738386,no exact or boundary-refined wrist branch met strict wrist-center/orientation/SEW tolerances,,,,,,,,,,,,,,,oracle_inconclusive
119,tiago_sew,NUMERICAL_FAILURE,tiago_semi_analytic,c96a32d,median-body-4344-torso015-J1-root-v3,wrist_center,gripper_grasping_frame,,113.74100006651133,no exact or boundary-refined wrist branch met strict wrist-center/orientation/SEW tolerances,,,,,,,,,,,,,,,oracle_inconclusive
120,tiago_sew,NUMERICAL_FAILURE,tiago_semi_analytic,c96a32d,median-body-4344-torso015-J1-root-v3,wrist_center,gripper_grasping_frame,,114.40720001701266,no exact or boundary-refined wrist branch met strict wrist-center/orientation/SEW tolerances,,,,,,,,,,,,,,,oracle_inconclusive
121,tiago_sew,NUMERICAL_FAILURE,tiago_semi_analytic,c96a32d,median-body-4344-torso015-J1-root-v3,wrist_center,gripper_grasping_frame,,114.38990000169724,no exact or boundary-refined wrist branch met strict wrist-center/orientation/SEW tolerances,,,,,,,,,,,,,,,oracle_inconclusive
122,tiago_sew,NUMERICAL_FAILURE,tiago_semi_analytic,c96a32d,median-body-4344-torso015-J1-root-v3,wrist_center,gripper_grasping_frame,,114.55930001102388,no exact or boundary-refined wrist branch met strict wrist-center/orientation/SEW tolerances,,,,,,,,,,,,,,,oracle_inconclusive
123,tiago_sew,NUMERICAL_FAILURE,tiago_semi_analytic,c96a32d,median-body-4344-torso015-J1-root-v3,wrist_center,gripper_grasping_frame,,114.0103000216186,no exact or boundary-refined wrist branch met strict wrist-center/orientation/SEW tolerances,,,,,,,,,,,,,,,oracle_inconclusive
124,tiago_sew,NUMERICAL_FAILURE,tiago_semi_analytic,c96a32d,median-body-4344-torso015-J1-root-v3,wrist_center,gripper_grasping_frame,,114.49379997793585,no exact or boundary-refined wrist branch met strict wrist-center/orientation/SEW tolerances,,,,,,,,,,,,,,,oracle_inconclusive
125,tiago_sew,NUMERICAL_FAILURE,tiago_semi_analytic,c96a32d,median-body-4344-torso015-J1-root-v3,wrist_center,gripper_grasping_frame,,115.07910001091659,no exact or boundary-refined wrist branch met strict wrist-center/orientation/SEW tolerances,,,,,,,,,,,,,,,oracle_inconclusive
126,tiago_sew,NUMERICAL_FAILURE,tiago_semi_analytic,c96a32d,median-body-4344-torso015-J1-root-v3,wrist_center,gripper_grasping_frame,,115.03999994602054,no exact or boundary-refined wrist branch met strict wrist-center/orientation/SEW tolerances,,,,,,,,,,,,,,,oracle_inconclusive
127,tiago_sew,NUMERICAL_FAILURE,tiago_semi_analytic,c96a32d,median-body-4344-torso015-J1-root-v3,wrist_center,gripper_grasping_frame,,114.40519988536835,no exact or boundary-refined wrist branch met strict wrist-center/orientation/SEW tolerances,,,,,,,,,,,,,,,oracle_inconclusive
128,tiago_sew,NUMERICAL_FAILURE,tiago_semi_analytic,c96a32d,median-body-4344-torso015-J1-root-v3,wrist_center,gripper_grasping_frame,,114.56630006432533,no exact or boundary-refined wrist branch met strict wrist-center/orientation/SEW tolerances,,,,,,,,,,,,,,,oracle_inconclusive
129,tiago_sew,NUMERICAL_FAILURE,tiago_semi_analytic,c96a32d,median-body-4344-torso015-J1-root-v3,wrist_center,gripper_grasping_frame,,115.06949993781745,no exact or boundary-refined wrist branch met strict wrist-center/orientation/SEW tolerances,,,,,,,,,,,,,,,oracle_inconclusive
130,tiago_sew,NUMERICAL_FAILURE,tiago_semi_analytic,c96a32d,median-body-4344-torso015-J1-root-v3,wrist_center,gripper_grasping_frame,,113.95020002964884,no exact or boundary-refined wrist branch met strict wrist-center/orientation/SEW tolerances,,,,,,,,,,,,,,,oracle_inconclusive
131,tiago_sew,NUMERICAL_FAILURE,tiago_semi_analytic,c96a32d,median-body-4344-torso015-J1-root-v3,wrist_center,gripper_grasping_frame,,113.48980001639575,no exact or boundary-refined wrist branch met strict wrist-center/orientation/SEW tolerances,,,,,,,,,,,,,,,oracle_inconclusive
132,tiago_sew,NUMERICAL_FAILURE,tiago_semi_analytic,c96a32d,median-body-4344-torso015-J1-root-v3,wrist_center,gripper_grasping_frame,,113.21900004986674,no exact or boundary-refined wrist branch met strict wrist-center/orientation/SEW tolerances,,,,,,,,,,,,,,,oracle_inconclusive
133,tiago_sew,NUMERICAL_FAILURE,tiago_semi_analytic,c96a32d,median-body-4344-torso015-J1-root-v3,wrist_center,gripper_grasping_frame,,112.0809999993071,no exact or boundary-refined wrist branch met strict wrist-center/orientation/SEW tolerances,,,,,,,,,,,,,,,oracle_inconclusive
134,tiago_sew,NUMERICAL_FAILURE,tiago_semi_analytic,c96a32d,median-body-4344-torso015-J1-root-v3,wrist_center,gripper_grasping_frame,,112.7888000337407,no exact or boundary-refined wrist branch met strict wrist-center/orientation/SEW tolerances,,,,,,,,,,,,,,,oracle_inconclusive
135,tiago_sew,NUMERICAL_FAILURE,tiago_semi_analytic,c96a32d,median-body-4344-torso015-J1-root-v3,wrist_center,gripper_grasping_frame,,112.64030006714165,no exact or boundary-refined wrist branch met strict wrist-center/orientation/SEW tolerances,,,,,,,,,,,,,,,oracle_inconclusive
136,tiago_sew,NUMERICAL_FAILURE,tiago_semi_analytic,c96a32d,median-body-4344-torso015-J1-root-v3,wrist_center,gripper_grasping_frame,,111.84570007026196,no exact or boundary-refined wrist branch met strict wrist-center/orientation/SEW tolerances,,,,,,,,,,,,,,,oracle_inconclusive
137,tiago_sew,NUMERICAL_FAILURE,tiago_semi_analytic,c96a32d,median-body-4344-torso015-J1-root-v3,wrist_center,gripper_grasping_frame,,111.8514999980107,no exact or boundary-refined wrist branch met strict wrist-center/orientation/SEW tolerances,,,,,,,,,,,,,,,oracle_inconclusive
138,tiago_sew,NUMERICAL_FAILURE,tiago_semi_analytic,c96a32d,median-body-4344-torso015-J1-root-v3,wrist_center,gripper_grasping_frame,,112.1117000002414,no exact or boundary-refined wrist branch met strict wrist-center/orientation/SEW tolerances,,,,,,,,,,,,,,,oracle_inconclusive
139,tiago_sew,NUMERICAL_FAILURE,tiago_semi_analytic,c96a32d,median-body-4344-torso015-J1-root-v3,wrist_center,gripper_grasping_frame,,111.35479994118214,no exact or boundary-refined wrist branch met strict wrist-center/orientation/SEW tolerances,,,,,,,,,,,,,,,oracle_inconclusive
140,tiago_sew,NUMERICAL_FAILURE,tiago_semi_analytic,c96a32d,median-body-4344-torso015-J1-root-v3,wrist_center,gripper_grasping_frame,,111.37820000294596,no exact or boundary-refined wrist branch met strict wrist-center/orientation/SEW tolerances,,,,,,,,,,,,,,,oracle_inconclusive
141,tiago_sew,NUMERICAL_FAILURE,tiago_semi_analytic,c96a32d,median-body-4344-torso015-J1-root-v3,wrist_center,gripper_grasping_frame,,111.44889995921403,no exact or boundary-refined wrist branch met strict wrist-center/orientation/SEW tolerances,,,,,,,,,,,,,,,oracle_inconclusive
142,tiago_sew,NUMERICAL_FAILURE,tiago_semi_analytic,c96a32d,median-body-4344-torso015-J1-root-v3,wrist_center,gripper_grasping_frame,,111.28650000318885,no exact or boundary-refined wrist branch met strict wrist-center/orientation/SEW tolerances,,,,,,,,,,,,,,,oracle_inconclusive
143,tiago_sew,NUMERICAL_FAILURE,tiago_semi_analytic,c96a32d,median-body-4344-torso015-J1-root-v3,wrist_center,gripper_grasping_frame,,110.99670000839978,no exact or boundary-refined wrist branch met strict wrist-center/orientation/SEW tolerances,,,,,,,,,,,,,,,oracle_inconclusive
144,tiago_sew,SUCCESS_EXACT,tiago_semi_analytic,c96a32d,median-body-4344-torso015-J1-root-v3,wrist_center,gripper_grasping_frame,seed-0-wrist-1,4.194700042717159,,1.8035381609304348,-0.4250778749404278,-2.0057897157948124,1.4813607488218508,-0.014036614513837975,-0.5266364574592424,-2.093596008161887,1.1424513204471568e-11,3.8077630918204784e-14,4.834443115824545e-13,0.04606533908683225,0.4755751133420484,0.6434694506869599,0.8099098485453035,reachable_success
145,tiago_sew,SUCCESS_EXACT,tiago_semi_analytic,c96a32d,median-body-4344-torso015-J1-root-v3,wrist_center,gripper_grasping_frame,seed-0-wrist-0,2.5961999781429768,,1.7982828406860865,-0.42486529590839306,-2.001864215098312,1.4885752686510467,-0.017054670623600998,-0.5267413155191596,-2.086845010771957,3.3306690738754696e-13,4.200626409467917e-14,0.0,0.43286899703365656,0.47512543838945165,0.641457400770987,0.8096608862336061,reachable_success
146,tiago_sew,SUCCESS_EXACT,tiago_semi_analytic,c96a32d,median-body-4344-torso015-J1-root-v3,wrist_center,gripper_grasping_frame,seed-0-wrist-0,2.5909999385476112,,1.7932211497519137,-0.42620965928888477,-1.9992245279133205,1.4960180768177966,-0.016366412770203453,-0.5233188698498399,-2.08602165620038,1.2412670766236365e-13,5.944410078943577e-14,2.5444437451708134e-14,0.48004373902782105,0.47461298090942244,0.639491581652847,0.810259545325319,reachable_success
147,tiago_sew,SUCCESS_EXACT,tiago_semi_analytic,c96a32d,median-body-4344-torso015-J1-root-v3,wrist_center,gripper_grasping_frame,seed-0-wrist-0,2.6038000360131264,,1.7876317437374591,-0.4265037992599892,-1.9946423568046039,1.5042332125470588,-0.015134666233198146,-0.5190619201179785,-2.084564289878476,2.5438405243138007e-13,1.2019662243782987e-13,0.0,0.5635446784774096,0.4736977011979727,0.6374505211109256,0.8107144151754748,reachable_success
148,tiago_sew,SUCCESS_EXACT,tiago_semi_analytic,c96a32d,median-body-4344-torso015-J1-root-v3,wrist_center,gripper_grasping_frame,seed-0-wrist-0,2.621400053612888,,1.780897827194487,-0.4256099521234193,-1.9880006502747571,1.5133774280719379,-0.009391845926060682,-0.5151627721792158,-2.0855923170394925,3.3306690738754696e-13,2.2239811373867125e-14,2.5444437451708134e-14,0.5046430609263566,0.4722083332544515,0.6349981378724572,0.8109858588465111,reachable_success
149,tiago_sew,SUCCESS_EXACT,tiago_semi_analytic,c96a32d,median-body-4344-torso015-J1-root-v3,wrist_center,gripper_grasping_frame,seed-0-wrist-0,2.596799982711673,,1.7753959720331967,-0.4296136823955703,-1.9882035117649284,1.5229395758713056,-0.00728948280853281,-0.5123885710741187,-2.090269265046085,1.6653345369377348e-13,4.3629340851032836e-14,0.0,0.23667367914649767,0.47134365206023365,0.6324762324966977,0.8122991921342193,reachable_success
150,tiago_sew,SUCCESS_EXACT,tiago_semi_analytic,c96a32d,median-body-4344-torso015-J1-root-v3,wrist_center,gripper_grasping_frame,seed-0-wrist-0,2.590099931694567,,1.7687146212375142,-0.43346279957975387,-1.9873340831055426,1.534021526754607,-0.011582635130503505,-0.5129633493712089,-2.08643576680495,1.1102230246251565e-13,5.811053184993627e-14,2.5444437451708134e-14,0.45631694913434434,0.4705930412227487,0.62945970112134,0.8126319494296491,reachable_success
151,tiago_sew,SUCCESS_EXACT,tiago_semi_analytic,c96a32d,median-body-4344-torso015-J1-root-v3,wrist_center,gripper_grasping_frame,seed-0-wrist-0,2.5900000473484397,,1.7614705602755305,-0.4337068946265854,-1.981806547477052,1.544496088257324,-0.01109987281137137,-0.5099717201130951,-2.085458472938882,4.710277376051325e-13,1.0754352629336145e-13,7.63333123551244e-14,0.512311763004073,0.46936673241400384,0.6266704102214226,0.8128705051072912,reachable_success
152,tiago_sew,SUCCESS_EXACT,tiago_semi_analytic,c96a32d,median-body-4344-torso015-J1-root-v3,wrist_center,gripper_grasping_frame,seed-0-wrist-0,2.5945999659597874,,1.7541100864227175,-0.43724991999736784,-1.9795963024533818,1.5566280494951148,-0.017348478380583288,-0.5125909928389567,-2.079413098765203,2.7755575615628914e-13,3.4324420062121255e-14,0.0,0.8586861887332676,0.4682385911243528,0.623374530616271,0.8124832989781625,reachable_success
153,tiago_sew,SUCCESS_EXACT,tiago_semi_analytic,c96a32d,median-body-4344-torso015-J1-root-v3,wrist_center,gripper_grasping_frame,seed-0-wrist-0,2.5937999598681927,,1.7461398975644187,-0.43948537793692233,-1.9756259306386736,1.568844078289133,-0.019782842820898594,-0.5115108428628612,-2.075524442120609,2.989366980140908e-13,4.650916161329282e-14,0.0,1.081489802443991,0.4670164916782999,0.6200466038002789,0.8126267752073554,reachable_success
154,tiago_sew,SUCCESS_EXACT,tiago_semi_analytic,c96a32d,median-body-4344-torso015-J1-root-v3,wrist_center,gripper_grasping_frame,seed-0-wrist-0,2.588000032119453,,1.7382720328518435,-0.44086585594770905,-1.9705803259886001,1.580043754538939,-0.020233213542192985,-0.5077354972771833,-2.072929053198731,2.7194799110210365e-13,8.456776821499441e-14,0.0,1.2301946338626184,0.4659623652287329,0.6169512407830527,0.8129360408856326,reachable_success
155,tiago_sew,SUCCESS_EXACT,tiago_semi_analytic,c96a32d,median-body-4344-torso015-J1-root-v3,wrist_center,gripper_grasping_frame,seed-0-wrist-0,2.5884000351652503,,1.7292894222225843,-0.4438922333671127,-1.9658987489070696,1.5932415202001835,-0.017548901051934962,-0.5065928265443955,-2.074791119174254,2.0014830212433604e-13,7.391087719751295e-14,2.5444437451708134e-14,1.1235061122902485,0.4641880808851797,0.6131306997011671,0.8129167916645851,reachable_success
156,tiago_sew,SUCCESS_EXACT,tiago_semi_analytic,c96a32d,median-body-4344-torso015-J1-root-v3,wrist_center,gripper_grasping_frame,seed-0-wrist-0,2.594499965198338,,1.7200255649584728,-0.44670822163354146,-1.9609915534018816,1.6072548128656805,-0.017716996842008115,-0.5065826637558306,-2.0770866339355054,2.0014830212433604e-13,6.206259263735125e-14,0.0,0.9919828046605533,0.46230647347730097,0.6091621466478256,0.812718109518268,reachable_success
157,tiago_sew,SUCCESS_EXACT,tiago_semi_analytic,c96a32d,median-body-4344-torso015-J1-root-v3,wrist_center,gripper_grasping_frame,seed-0-wrist-0,2.5771999498829246,,1.7104994969240512,-0.4509038300035345,-1.9573256604395333,1.6215198525429253,-0.019753369382289776,-0.5083237832861198,-2.0798635911315566,2.0014830212433604e-13,3.548263447539918e-14,2.5444437451708134e-14,0.8328748774383364,0.4606911303346582,0.6049402498448913,0.8123045047877666,reachable_success
158,tiago_sew,SUCCESS_EXACT,tiago_semi_analytic,c96a32d,median-body-4344-torso015-J1-root-v3,wrist_center,gripper_grasping_frame,seed-0-wrist-0,2.5872000260278583,,1.699912593774078,-0.45347469833534126,-1.9498538061913688,1.6366953999869758,-0.014706100883898898,-0.5059315740870813,-2.088652593328768,1.1102230246251565e-13,6.080292207073215e-14,0.0,0.3293021454069126,0.45810802701407843,0.6005497541369607,0.8119265949940295,reachable_success
159,tiago_sew,SUCCESS_EXACT,tiago_semi_analytic,c96a32d,median-body-4344-torso015-J1-root-v3,wrist_center,gripper_grasping_frame,seed-0-wrist-0,2.589500043541193,,1.6885562171511965,-0.4576499533669118,-1.9434389288204095,1.653202391487109,-0.012728617184500024,-0.5017318058171933,-2.094035550441369,3.554447978966673e-13,9.049727313454644e-14,5.088887490341627e-14,0.02088142155496305,0.4559248934206321,0.5958021007279553,0.8120479710470964,reachable_success
160,tiago_sew,SUCCESS_EXACT,tiago_semi_analytic,c96a32d,median-body-4344-torso015-J1-root-v3,wrist_center,gripper_grasping_frame,seed-0-wrist-0,2.586000016890466,,1.6766587354692837,-0.4598976316148691,-1.93487254363223,1.668652059736426,-0.012515427400293433,-0.49657337315125094,-2.0930530756591033,4.577566798522238e-13,7.762998770576553e-14,0.0,0.07717308005681305,0.4542605688273447,0.5911298223503675,0.8116628861827565,reachable_success
161,tiago_sew,SUCCESS_EXACT,tiago_semi_analytic,c96a32d,median-body-4344-torso015-J1-root-v3,wrist_center,gripper_grasping_frame,seed-0-wrist-0,2.5770000647753477,,1.6647692583757405,-0.460816053824156,-1.9249077050414916,1.6838739758142427,-0.010809080188588283,-0.498313936771444,-2.087435706754305,1.9229626863835638e-13,4.334438452274869e-14,2.5444437451708134e-14,0.3990246102697782,0.45169275382948837,0.5862819023429822,0.8097238940221416,reachable_success
162,tiago_sew,SUCCESS_EXACT,tiago_semi_analytic,c96a32d,median-body-4344-torso015-J1-root-v3,wrist_center,gripper_grasping_frame,seed-0-wrist-0,2.5722000282257795,,1.652093044634066,-0.459530161030865,-1.9124473039237904,1.69902890141872,-0.0011197300450511705,-0.493632947323595,-2.0881930252377465,1.2412670766236365e-13,9.796686525180019e-14,2.5444437451708134e-14,0.3556334574213312,0.44884472928885144,0.5813742030168735,0.8087286068072723,reachable_success
163,tiago_sew,SUCCESS_EXACT,tiago_semi_analytic,c96a32d,median-body-4344-torso015-J1-root-v3,wrist_center,gripper_grasping_frame,seed-0-wrist-0,2.598299994133413,,1.639608802712152,-0.4611251890647311,-1.9029352654122704,1.7142114099351442,-0.0019608508374027167,-0.4921095923451073,-2.0860654605314757,3.885780586188048e-13,5.286970224796427e-14,2.5444437451708134e-14,0.4775339357316413,0.4470515189044758,0.5763972213851525,0.807264392176565,reachable_success
164,tiago_sew,SUCCESS_EXACT,tiago_semi_analytic,c96a32d,median-body-4344-torso015-J1-root-v3,wrist_center,gripper_grasping_frame,seed-0-wrist-0,2.622000058181584,,1.6258460593155812,-0.4599589193406104,-1.8897770911268854,1.7301144176644871,0.003001501191655098,-0.48229115998370364,-2.094025242554677,9.171947447016606e-13,5.477754700260157e-14,5.088887490341627e-14,0.021472019958100122,0.44498711442986927,0.5713039845701863,0.806759024595046,reachable_success
165,tiago_sew,SUCCESS_EXACT,tiago_semi_analytic,c96a32d,median-body-4344-torso015-J1-root-v3,wrist_center,gripper_grasping_frame,seed-15-wrist-0-boundary,108.84590004570782,,1.6120219957883255,-0.4622458227227363,-1.8800779796246454,1.7492305625657643,-0.0027410964479439902,-0.47581051401026286,-2.0943999999999994,0.550064894075543,0.24607986313200292,0.0023851104851066035,2.5444437451708134e-14,0.44273885255360274,0.5657748377649696,0.806557649614086,reachable_success
166,tiago_sew,SUCCESS_EXACT,tiago_semi_analytic,c96a32d,median-body-4344-torso015-J1-root-v3,wrist_center,gripper_grasping_frame,seed-15-wrist-0-boundary,108.62970002926886,,1.5975531025324587,-0.4665350864455516,-1.871498176813479,1.7682971197799768,-0.008286589614559981,-0.4761659549048898,-2.0943999999999994,0.7235355071062928,0.32335479045152277,0.004642778951360859,2.5444437451708134e-14,0.4404074144751701,0.5596866572661923,0.8051147672231352,reachable_success
167,tiago_sew,SUCCESS_EXACT,tiago_semi_analytic,c96a32d,median-body-4344-torso015-J1-root-v3,wrist_center,gripper_grasping_frame,seed-15-wrist-0-boundary,108.79149998072535,,1.58338145040911,-0.47270200944737245,-1.863909070171217,1.7873004142346367,-0.011526457921192694,-0.4773727657269569,-2.0943999999999994,0.8186733918738816,0.3654064655015692,0.006247415583380342,2.5444437451708134e-14,0.43772444507604935,0.5535607163185396,0.8036607772264356,reachable_success
168,tiago_sew,SUCCESS_EXACT,tiago_semi_analytic,c96a32d,median-body-4344-torso015-J1-root-v3,wrist_center,gripper_grasping_frame,seed-15-wrist-0-boundary,110.46699993312359,,1.5690579725433056,-0.4804525310088329,-1.8578577446667788,1.8059515091429224,-0.010271781003249866,-0.4800358600642552,-2.0943999999999994,0.5544357184707721,0.24713435313403392,0.003940865998814669,2.5444437451708134e-14,0.43497563642814296,0.5471764764759605,0.8024663952340464,reachable_success
169,tiago_sew,SUCCESS_EXACT,tiago_semi_analytic,c96a32d,median-body-4344-torso015-J1-root-v3,wrist_center,gripper_grasping_frame,seed-15-wrist-0-boundary,110.59069994371384,,1.5542059652455913,-0.4882546383248778,-1.8514422348475565,1.8247645575435945,-0.007302078140869553,-0.4757370388712334,-2.0943999999999994,0.423735049867433,0.1885806065133384,0.0024983994256642206,2.5444437451708134e-14,0.4326106515023429,0.5408246093869227,0.8026288653217551,reachable_success
170,tiago_sew,SUCCESS_EXACT,tiago_semi_analytic,c96a32d,median-body-4344-torso015-J1-root-v3,wrist_center,gripper_grasping_frame,seed-0-wrist-0,2.637399942614138,,1.539152636641761,-0.497470027746327,-1.8454409029169525,1.842410166409006,-0.0064049035739106586,-0.4771506801054306,-2.0919564181739716,1.3563363457780992e-12,5.840206745602303e-14,1.7811106216195694e-13,0.14000692552628788,0.43055389897200663,0.5343296691721352,0.8014201807764852,reachable_success
171,tiago_sew,SUCCESS_EXACT,tiago_semi_analytic,c96a32d,median-body-4344-torso015-J1-root-v3,wrist_center,gripper_grasping_frame,seed-0-wrist-0,2.63740005902946,,1.5241443540515278,-0.5052063257995048,-1.8385716503976617,1.8614484145834582,-0.01480507665164943,-0.4795441708118351,-2.078798380152362,1.5827980514452614e-12,8.550434711503327e-14,1.526666247102488e-13,0.8939069708371878,0.4283457243829429,0.5279326164845111,0.7999973249274174,reachable_success
172,tiago_sew,SUCCESS_EXACT,tiago_semi_analytic,c96a32d,median-body-4344-torso015-J1-root-v3,wrist_center,gripper_grasping_frame,seed-0-wrist-0,2.6196000399068,,1.5087318296606866,-0.5137143537330403,-1.8318908770757691,1.8801531742065891,-0.01770480808943553,-0.48469814527283006,-2.0757605252216598,6.004449063730082e-13,4.53189289828384e-14,1.7811106216195694e-13,1.0679632371394303,0.42572847684349685,0.5212108653420308,0.7982518735506623,reachable_success
173,tiago_sew,SUCCESS_EXACT,tiago_semi_analytic,c96a32d,median-body-4344-torso015-J1-root-v3,wrist_center,gripper_grasping_frame,seed-0-wrist-0,2.6099999668076634,,1.4923683424678431,-0.523553509600225,-1.8256038771581287,1.8996908338965026,-0.025727769370696763,-0.48786066939500516,-2.078217152847161,2.2887833992611187e-12,5.795392612806626e-14,4.325554366790383e-13,0.9272088423629574,0.423727073007017,0.5142745143737542,0.7969544654256324,reachable_success
174,tiago_sew,SUCCESS_EXACT,tiago_semi_analytic,c96a32d,median-body-4344-torso015-J1-root-v3,wrist_center,gripper_grasping_frame,seed-0-wrist-0,2.653899951837957,,1.4753198194515411,-0.5334953803247271,-1.8180872488531148,1.9196701608937443,-0.02017698743921592,-0.49164824593779555,-2.0920066660972605,3.8814165451513595e-12,4.035696281440788e-14,4.325554366790383e-13,0.1371279315925372,0.42022563791560996,0.5068085411197417,0.7957523657439247,reachable_success
175,tiago_sew,SUCCESS_EXACT,tiago_semi_analytic,c96a32d,median-body-4344-torso015-J1-root-v3,wrist_center,gripper_grasping_frame,seed-15-wrist-0-boundary,115.11929996777326,,1.4580440026615007,-0.5453308849579357,-1.811197368846474,1.9408495666478072,-0.026206890383709127,-0.495953531292256,-2.0943999999999994,0.32492561761162264,0.14158784783068373,0.00426587394446376,2.5444437451708134e-14,0.41719809464670377,0.4993944366260382,0.7944453651022483,reachable_success
176,tiago_sew,NUMERICAL_FAILURE,tiago_semi_analytic,c96a32d,median-body-4344-torso015-J1-root-v3,wrist_center,gripper_grasping_frame,,114.78089995216578,no exact or boundary-refined wrist branch met strict wrist-center/orientation/SEW tolerances,,,,,,,,,,,,,,,oracle_inconclusive
177,tiago_sew,NUMERICAL_FAILURE,tiago_semi_analytic,c96a32d,median-body-4344-torso015-J1-root-v3,wrist_center,gripper_grasping_frame,,116.00209993775934,no exact or boundary-refined wrist branch met strict wrist-center/orientation/SEW tolerances,,,,,,,,,,,,,,,oracle_inconclusive
178,tiago_sew,NUMERICAL_FAILURE,tiago_semi_analytic,c96a32d,median-body-4344-torso015-J1-root-v3,wrist_center,gripper_grasping_frame,,119.06419997103512,no exact or boundary-refined wrist branch met strict wrist-center/orientation/SEW tolerances,,,,,,,,,,,,,,,oracle_inconclusive
179,tiago_sew,NUMERICAL_FAILURE,tiago_semi_analytic,c96a32d,median-body-4344-torso015-J1-root-v3,wrist_center,gripper_grasping_frame,,119.57440001424402,no exact or boundary-refined wrist branch met strict wrist-center/orientation/SEW tolerances,,,,,,,,,,,,,,,oracle_inconclusive
180,tiago_sew,NUMERICAL_FAILURE,tiago_semi_analytic,c96a32d,median-body-4344-torso015-J1-root-v3,wrist_center,gripper_grasping_frame,,119.45660004857928,no exact or boundary-refined wrist branch met strict wrist-center/orientation/SEW tolerances,,,,,,,,,,,,,,,oracle_inconclusive
181,tiago_sew,NUMERICAL_FAILURE,tiago_semi_analytic,c96a32d,median-body-4344-torso015-J1-root-v3,wrist_center,gripper_grasping_frame,,119.35679998714477,no exact or boundary-refined wrist branch met strict wrist-center/orientation/SEW tolerances,,,,,,,,,,,,,,,oracle_inconclusive
182,tiago_sew,NUMERICAL_FAILURE,tiago_semi_analytic,c96a32d,median-body-4344-torso015-J1-root-v3,wrist_center,gripper_grasping_frame,,120.17459992785007,no exact or boundary-refined wrist branch met strict wrist-center/orientation/SEW tolerances,,,,,,,,,,,,,,,oracle_inconclusive
183,tiago_sew,NUMERICAL_FAILURE,tiago_semi_analytic,c96a32d,median-body-4344-torso015-J1-root-v3,wrist_center,gripper_grasping_frame,,122.54479993134737,no exact or boundary-refined wrist branch met strict wrist-center/orientation/SEW tolerances,,,,,,,,,,,,,,,oracle_inconclusive
184,tiago_sew,NUMERICAL_FAILURE,tiago_semi_analytic,c96a32d,median-body-4344-torso015-J1-root-v3,wrist_center,gripper_grasping_frame,,123.74479998834431,no exact or boundary-refined wrist branch met strict wrist-center/orientation/SEW tolerances,,,,,,,,,,,,,,,oracle_inconclusive
185,tiago_sew,NUMERICAL_FAILURE,tiago_semi_analytic,c96a32d,median-body-4344-torso015-J1-root-v3,wrist_center,gripper_grasping_frame,,123.60230006743222,no exact or boundary-refined wrist branch met strict wrist-center/orientation/SEW tolerances,,,,,,,,,,,,,,,oracle_inconclusive
186,tiago_sew,NUMERICAL_FAILURE,tiago_semi_analytic,c96a32d,median-body-4344-torso015-J1-root-v3,wrist_center,gripper_grasping_frame,,127.0661000162363,no exact or boundary-refined wrist branch met strict wrist-center/orientation/SEW tolerances,,,,,,,,,,,,,,,oracle_inconclusive
187,tiago_sew,NUMERICAL_FAILURE,tiago_semi_analytic,c96a32d,median-body-4344-torso015-J1-root-v3,wrist_center,gripper_grasping_frame,,128.24829993769526,no exact or boundary-refined wrist branch met strict wrist-center/orientation/SEW tolerances,,,,,,,,,,,,,,,oracle_inconclusive
188,tiago_sew,NUMERICAL_FAILURE,tiago_semi_analytic,c96a32d,median-body-4344-torso015-J1-root-v3,wrist_center,gripper_grasping_frame,,127.84810003358871,no exact or boundary-refined wrist branch met strict wrist-center/orientation/SEW tolerances,,,,,,,,,,,,,,,oracle_inconclusive
189,tiago_sew,NUMERICAL_FAILURE,tiago_semi_analytic,c96a32d,median-body-4344-torso015-J1-root-v3,wrist_center,gripper_grasping_frame,,133.8427000446245,no exact or boundary-refined wrist branch met strict wrist-center/orientation/SEW tolerances,,,,,,,,,,,,,,,oracle_inconclusive
190,tiago_sew,NUMERICAL_FAILURE,tiago_semi_analytic,c96a32d,median-body-4344-torso015-J1-root-v3,wrist_center,gripper_grasping_frame,,134.56130004487932,no exact or boundary-refined wrist branch met strict wrist-center/orientation/SEW tolerances,,,,,,,,,,,,,,,oracle_inconclusive
191,tiago_sew,NUMERICAL_FAILURE,tiago_semi_analytic,c96a32d,median-body-4344-torso015-J1-root-v3,wrist_center,gripper_grasping_frame,,134.79250005912036,no exact or boundary-refined wrist branch met strict wrist-center/orientation/SEW tolerances,,,,,,,,,,,,,,,oracle_inconclusive
192,tiago_sew,NUMERICAL_FAILURE,tiago_semi_analytic,c96a32d,median-body-4344-torso015-J1-root-v3,wrist_center,gripper_grasping_frame,,137.46980007272214,no exact or boundary-refined wrist branch met strict wrist-center/orientation/SEW tolerances,,,,,,,,,,,,,,,oracle_inconclusive
193,tiago_sew,NUMERICAL_FAILURE,tiago_semi_analytic,c96a32d,median-body-4344-torso015-J1-root-v3,wrist_center,gripper_grasping_frame,,137.72680005058646,no exact or boundary-refined wrist branch met strict wrist-center/orientation/SEW tolerances,,,,,,,,,,,,,,,oracle_inconclusive
194,tiago_sew,NUMERICAL_FAILURE,tiago_semi_analytic,c96a32d,median-body-4344-torso015-J1-root-v3,wrist_center,gripper_grasping_frame,,138.41829996090382,no exact or boundary-refined wrist branch met strict wrist-center/orientation/SEW tolerances,,,,,,,,,,,,,,,oracle_inconclusive
195,tiago_sew,NUMERICAL_FAILURE,tiago_semi_analytic,c96a32d,median-body-4344-torso015-J1-root-v3,wrist_center,gripper_grasping_frame,,134.6980999223888,no exact or boundary-refined wrist branch met strict wrist-center/orientation/SEW tolerances,,,,,,,,,,,,,,,oracle_inconclusive
196,tiago_sew,NUMERICAL_FAILURE,tiago_semi_analytic,c96a32d,median-body-4344-torso015-J1-root-v3,wrist_center,gripper_grasping_frame,,142.92969997040927,no exact or boundary-refined wrist branch met strict wrist-center/orientation/SEW tolerances,,,,,,,,,,,,,,,oracle_inconclusive
197,tiago_sew,NUMERICAL_FAILURE,tiago_semi_analytic,c96a32d,median-body-4344-torso015-J1-root-v3,wrist_center,gripper_grasping_frame,,143.6302000656724,no exact or boundary-refined wrist branch met strict wrist-center/orientation/SEW tolerances,,,,,,,,,,,,,,,oracle_inconclusive
198,tiago_sew,NUMERICAL_FAILURE,tiago_semi_analytic,c96a32d,median-body-4344-torso015-J1-root-v3,wrist_center,gripper_grasping_frame,,146.357599995099,no exact or boundary-refined wrist branch met strict wrist-center/orientation/SEW tolerances,,,,,,,,,,,,,,,oracle_inconclusive
199,tiago_sew,NUMERICAL_FAILURE,tiago_semi_analytic,c96a32d,median-body-4344-torso015-J1-root-v3,wrist_center,gripper_grasping_frame,,151.11030009575188,no exact or boundary-refined wrist branch met strict wrist-center/orientation/SEW tolerances,,,,,,,,,,,,,,,oracle_inconclusive
200,tiago_sew,NUMERICAL_FAILURE,tiago_semi_analytic,c96a32d,median-body-4344-torso015-J1-root-v3,wrist_center,gripper_grasping_frame,,148.18160003051162,no exact or boundary-refined wrist branch met strict wrist-center/orientation/SEW tolerances,,,,,,,,,,,,,,,oracle_inconclusive
201,tiago_sew,NUMERICAL_FAILURE,tiago_semi_analytic,c96a32d,median-body-4344-torso015-J1-root-v3,wrist_center,gripper_grasping_frame,,153.87719997670501,no exact or boundary-refined wrist branch met strict wrist-center/orientation/SEW tolerances,,,,,,,,,,,,,,,oracle_inconclusive
202,tiago_sew,NUMERICAL_FAILURE,tiago_semi_analytic,c96a32d,median-body-4344-torso015-J1-root-v3,wrist_center,gripper_grasping_frame,,154.88390007521957,no exact or boundary-refined wrist branch met strict wrist-center/orientation/SEW tolerances,,,,,,,,,,,,,,,oracle_inconclusive
203,tiago_sew,NUMERICAL_FAILURE,tiago_semi_analytic,c96a32d,median-body-4344-torso015-J1-root-v3,wrist_center,gripper_grasping_frame,,161.24330007005483,no exact or boundary-refined wrist branch met strict wrist-center/orientation/SEW tolerances,,,,,,,,,,,,,,,oracle_inconclusive
204,tiago_sew,NUMERICAL_FAILURE,tiago_semi_analytic,c96a32d,median-body-4344-torso015-J1-root-v3,wrist_center,gripper_grasping_frame,,167.93989995494485,no exact or boundary-refined wrist branch met strict wrist-center/orientation/SEW tolerances,,,,,,,,,,,,,,,oracle_inconclusive
205,tiago_sew,NUMERICAL_FAILURE,tiago_semi_analytic,c96a32d,median-body-4344-torso015-J1-root-v3,wrist_center,gripper_grasping_frame,,177.45580000337213,no exact or boundary-refined wrist branch met strict wrist-center/orientation/SEW tolerances,,,,,,,,,,,,,,,oracle_inconclusive
206,tiago_sew,NUMERICAL_FAILURE,tiago_semi_analytic,c96a32d,median-body-4344-torso015-J1-root-v3,wrist_center,gripper_grasping_frame,,195.05770003888756,no exact or boundary-refined wrist branch met strict wrist-center/orientation/SEW tolerances,,,,,,,,,,,,,,,oracle_inconclusive
207,tiago_sew,NUMERICAL_FAILURE,tiago_semi_analytic,c96a32d,median-body-4344-torso015-J1-root-v3,wrist_center,gripper_grasping_frame,,216.46390005480498,no exact or boundary-refined wrist branch met strict wrist-center/orientation/SEW tolerances,,,,,,,,,,,,,,,oracle_inconclusive
208,tiago_sew,NUMERICAL_FAILURE,tiago_semi_analytic,c96a32d,median-body-4344-torso015-J1-root-v3,wrist_center,gripper_grasping_frame,,171.42609995789826,no exact or boundary-refined wrist branch met strict wrist-center/orientation/SEW tolerances,,,,,,,,,,,,,,,oracle_inconclusive
209,tiago_sew,NUMERICAL_FAILURE,tiago_semi_analytic,c96a32d,median-body-4344-torso015-J1-root-v3,wrist_center,gripper_grasping_frame,,165.60609999578446,no exact or boundary-refined wrist branch met strict wrist-center/orientation/SEW tolerances,,,,,,,,,,,,,,,oracle_inconclusive
210,tiago_sew,NUMERICAL_FAILURE,tiago_semi_analytic,c96a32d,median-body-4344-torso015-J1-root-v3,wrist_center,gripper_grasping_frame,,162.12740004993975,no exact or boundary-refined wrist branch met strict wrist-center/orientation/SEW tolerances,,,,,,,,,,,,,,,oracle_inconclusive
211,tiago_sew,NUMERICAL_FAILURE,tiago_semi_analytic,c96a32d,median-body-4344-torso015-J1-root-v3,wrist_center,gripper_grasping_frame,,159.29250000044703,no exact or boundary-refined wrist branch met strict wrist-center/orientation/SEW tolerances,,,,,,,,,,,,,,,oracle_inconclusive
212,tiago_sew,NUMERICAL_FAILURE,tiago_semi_analytic,c96a32d,median-body-4344-torso015-J1-root-v3,wrist_center,gripper_grasping_frame,,297.9166000150144,no exact or boundary-refined wrist branch met strict wrist-center/orientation/SEW tolerances,,,,,,,,,,,,,,,oracle_inconclusive
213,tiago_sew,NUMERICAL_FAILURE,tiago_semi_analytic,c96a32d,median-body-4344-torso015-J1-root-v3,wrist_center,gripper_grasping_frame,,298.849800019525,no exact or boundary-refined wrist branch met strict wrist-center/orientation/SEW tolerances,,,,,,,,,,,,,,,oracle_inconclusive
214,tiago_sew,NUMERICAL_FAILURE,tiago_semi_analytic,c96a32d,median-body-4344-torso015-J1-root-v3,wrist_center,gripper_grasping_frame,,174.7222999110818,no exact or boundary-refined wrist branch met strict wrist-center/orientation/SEW tolerances,,,,,,,,,,,,,,,oracle_inconclusive
215,tiago_sew,NUMERICAL_FAILURE,tiago_semi_analytic,c96a32d,median-body-4344-torso015-J1-root-v3,wrist_center,gripper_grasping_frame,,175.41490006260574,no exact or boundary-refined wrist branch met strict wrist-center/orientation/SEW tolerances,,,,,,,,,,,,,,,oracle_inconclusive
216,tiago_sew,NUMERICAL_FAILURE,tiago_semi_analytic,c96a32d,median-body-4344-torso015-J1-root-v3,wrist_center,gripper_grasping_frame,,178.4442999633029,no exact or boundary-refined wrist branch met strict wrist-center/orientation/SEW tolerances,,,,,,,,,,,,,,,oracle_inconclusive
217,tiago_sew,NUMERICAL_FAILURE,tiago_semi_analytic,c96a32d,median-body-4344-torso015-J1-root-v3,wrist_center,gripper_grasping_frame,,188.87030007317662,no exact or boundary-refined wrist branch met strict wrist-center/orientation/SEW tolerances,,,,,,,,,,,,,,,oracle_inconclusive
218,tiago_sew,NUMERICAL_FAILURE,tiago_semi_analytic,c96a32d,median-body-4344-torso015-J1-root-v3,wrist_center,gripper_grasping_frame,,205.55690000765026,no exact or boundary-refined wrist branch met strict wrist-center/orientation/SEW tolerances,,,,,,,,,,,,,,,oracle_inconclusive
219,tiago_sew,NUMERICAL_FAILURE,tiago_semi_analytic,c96a32d,median-body-4344-torso015-J1-root-v3,wrist_center,gripper_grasping_frame,,285.2266998961568,no exact or boundary-refined wrist branch met strict wrist-center/orientation/SEW tolerances,,,,,,,,,,,,,,,oracle_inconclusive
220,tiago_sew,NUMERICAL_FAILURE,tiago_semi_analytic,c96a32d,median-body-4344-torso015-J1-root-v3,wrist_center,gripper_grasping_frame,,280.4058000911027,no exact or boundary-refined wrist branch met strict wrist-center/orientation/SEW tolerances,,,,,,,,,,,,,,,oracle_inconclusive
221,tiago_sew,NUMERICAL_FAILURE,tiago_semi_analytic,c96a32d,median-body-4344-torso015-J1-root-v3,wrist_center,gripper_grasping_frame,,276.31049999035895,no exact or boundary-refined wrist branch met strict wrist-center/orientation/SEW tolerances,,,,,,,,,,,,,,,oracle_inconclusive
222,tiago_sew,NUMERICAL_FAILURE,tiago_semi_analytic,c96a32d,median-body-4344-torso015-J1-root-v3,wrist_center,gripper_grasping_frame,,275.70110000669956,no exact or boundary-refined wrist branch met strict wrist-center/orientation/SEW tolerances,,,,,,,,,,,,,,,oracle_inconclusive
223,tiago_sew,NUMERICAL_FAILURE,tiago_semi_analytic,c96a32d,median-body-4344-torso015-J1-root-v3,wrist_center,gripper_grasping_frame,,276.4894999563694,no exact or boundary-refined wrist branch met strict wrist-center/orientation/SEW tolerances,,,,,,,,,,,,,,,oracle_inconclusive
224,tiago_sew,NUMERICAL_FAILURE,tiago_semi_analytic,c96a32d,median-body-4344-torso015-J1-root-v3,wrist_center,gripper_grasping_frame,,277.1271000383422,no exact or boundary-refined wrist branch met strict wrist-center/orientation/SEW tolerances,,,,,,,,,,,,,,,oracle_inconclusive
225,tiago_sew,NUMERICAL_FAILURE,tiago_semi_analytic,c96a32d,median-body-4344-torso015-J1-root-v3,wrist_center,gripper_grasping_frame,,275.62670002225786,no exact or boundary-refined wrist branch met strict wrist-center/orientation/SEW tolerances,,,,,,,,,,,,,,,oracle_inconclusive
226,tiago_sew,NUMERICAL_FAILURE,tiago_semi_analytic,c96a32d,median-body-4344-torso015-J1-root-v3,wrist_center,gripper_grasping_frame,,273.97970005404204,no exact or boundary-refined wrist branch met strict wrist-center/orientation/SEW tolerances,,,,,,,,,,,,,,,oracle_inconclusive
227,tiago_sew,NUMERICAL_FAILURE,tiago_semi_analytic,c96a32d,median-body-4344-torso015-J1-root-v3,wrist_center,gripper_grasping_frame,,148.43279996421188,no exact or boundary-refined wrist branch met strict wrist-center/orientation/SEW tolerances,,,,,,,,,,,,,,,oracle_inconclusive
228,tiago_sew,NUMERICAL_FAILURE,tiago_semi_analytic,c96a32d,median-body-4344-torso015-J1-root-v3,wrist_center,gripper_grasping_frame,,274.0179999964312,no exact or boundary-refined wrist branch met strict wrist-center/orientation/SEW tolerances,,,,,,,,,,,,,,,oracle_inconclusive
229,tiago_sew,NUMERICAL_FAILURE,tiago_semi_analytic,c96a32d,median-body-4344-torso015-J1-root-v3,wrist_center,gripper_grasping_frame,,277.1287999348715,no exact or boundary-refined wrist branch met strict wrist-center/orientation/SEW tolerances,,,,,,,,,,,,,,,oracle_inconclusive
230,tiago_sew,NUMERICAL_FAILURE,tiago_semi_analytic,c96a32d,median-body-4344-torso015-J1-root-v3,wrist_center,gripper_grasping_frame,,277.7154999785125,no exact or boundary-refined wrist branch met strict wrist-center/orientation/SEW tolerances,,,,,,,,,,,,,,,oracle_inconclusive
231,tiago_sew,NUMERICAL_FAILURE,tiago_semi_analytic,c96a32d,median-body-4344-torso015-J1-root-v3,wrist_center,gripper_grasping_frame,,278.349700034596,no exact or boundary-refined wrist branch met strict wrist-center/orientation/SEW tolerances,,,,,,,,,,,,,,,oracle_inconclusive
232,tiago_sew,NUMERICAL_FAILURE,tiago_semi_analytic,c96a32d,median-body-4344-torso015-J1-root-v3,wrist_center,gripper_grasping_frame,,278.17409997805953,no exact or boundary-refined wrist branch met strict wrist-center/orientation/SEW tolerances,,,,,,,,,,,,,,,oracle_inconclusive
233,tiago_sew,NUMERICAL_FAILURE,tiago_semi_analytic,c96a32d,median-body-4344-torso015-J1-root-v3,wrist_center,gripper_grasping_frame,,280.2149999188259,no exact or boundary-refined wrist branch met strict wrist-center/orientation/SEW tolerances,,,,,,,,,,,,,,,oracle_inconclusive
234,tiago_sew,NUMERICAL_FAILURE,tiago_semi_analytic,c96a32d,median-body-4344-torso015-J1-root-v3,wrist_center,gripper_grasping_frame,,279.85869999974966,no exact or boundary-refined wrist branch met strict wrist-center/orientation/SEW tolerances,,,,,,,,,,,,,,,oracle_inconclusive
235,tiago_sew,NUMERICAL_FAILURE,tiago_semi_analytic,c96a32d,median-body-4344-torso015-J1-root-v3,wrist_center,gripper_grasping_frame,,282.0988999446854,no exact or boundary-refined wrist branch met strict wrist-center/orientation/SEW tolerances,,,,,,,,,,,,,,,oracle_inconclusive
236,tiago_sew,NUMERICAL_FAILURE,tiago_semi_analytic,c96a32d,median-body-4344-torso015-J1-root-v3,wrist_center,gripper_grasping_frame,,282.82630001194775,no exact or boundary-refined wrist branch met strict wrist-center/orientation/SEW tolerances,,,,,,,,,,,,,,,oracle_inconclusive
237,tiago_sew,NUMERICAL_FAILURE,tiago_semi_analytic,c96a32d,median-body-4344-torso015-J1-root-v3,wrist_center,gripper_grasping_frame,,284.70209997612983,no exact or boundary-refined wrist branch met strict wrist-center/orientation/SEW tolerances,,,,,,,,,,,,,,,oracle_inconclusive
238,tiago_sew,NUMERICAL_FAILURE,tiago_semi_analytic,c96a32d,median-body-4344-torso015-J1-root-v3,wrist_center,gripper_grasping_frame,,287.0161000173539,no exact or boundary-refined wrist branch met strict wrist-center/orientation/SEW tolerances,,,,,,,,,,,,,,,oracle_inconclusive
239,tiago_sew,NUMERICAL_FAILURE,tiago_semi_analytic,c96a32d,median-body-4344-torso015-J1-root-v3,wrist_center,gripper_grasping_frame,,288.57799991965294,no exact or boundary-refined wrist branch met strict wrist-center/orientation/SEW tolerances,,,,,,,,,,,,,,,oracle_inconclusive
240,tiago_sew,NUMERICAL_FAILURE,tiago_semi_analytic,c96a32d,median-body-4344-torso015-J1-root-v3,wrist_center,gripper_grasping_frame,,285.2879000129178,no exact or boundary-refined wrist branch met strict wrist-center/orientation/SEW tolerances,,,,,,,,,,,,,,,oracle_inconclusive
241,tiago_sew,NUMERICAL_FAILURE,tiago_semi_analytic,c96a32d,median-body-4344-torso015-J1-root-v3,wrist_center,gripper_grasping_frame,,286.27449995838106,no exact or boundary-refined wrist branch met strict wrist-center/orientation/SEW tolerances,,,,,,,,,,,,,,,oracle_inconclusive
242,tiago_sew,NUMERICAL_FAILURE,tiago_semi_analytic,c96a32d,median-body-4344-torso015-J1-root-v3,wrist_center,gripper_grasping_frame,,288.95630000624806,no exact or boundary-refined wrist branch met strict wrist-center/orientation/SEW tolerances,,,,,,,,,,,,,,,oracle_inconclusive
243,tiago_sew,NUMERICAL_FAILURE,tiago_semi_analytic,c96a32d,median-body-4344-torso015-J1-root-v3,wrist_center,gripper_grasping_frame,,286.08180000446737,no exact or boundary-refined wrist branch met strict wrist-center/orientation/SEW tolerances,,,,,,,,,,,,,,,oracle_inconclusive
244,tiago_sew,NUMERICAL_FAILURE,tiago_semi_analytic,c96a32d,median-body-4344-torso015-J1-root-v3,wrist_center,gripper_grasping_frame,,286.201799986884,no exact or boundary-refined wrist branch met strict wrist-center/orientation/SEW tolerances,,,,,,,,,,,,,,,oracle_inconclusive
245,tiago_sew,NUMERICAL_FAILURE,tiago_semi_analytic,c96a32d,median-body-4344-torso015-J1-root-v3,wrist_center,gripper_grasping_frame,,285.02429998479784,no exact or boundary-refined wrist branch met strict wrist-center/orientation/SEW tolerances,,,,,,,,,,,,,,,oracle_inconclusive
246,tiago_sew,NUMERICAL_FAILURE,tiago_semi_analytic,c96a32d,median-body-4344-torso015-J1-root-v3,wrist_center,gripper_grasping_frame,,279.3054999783635,no exact or boundary-refined wrist branch met strict wrist-center/orientation/SEW tolerances,,,,,,,,,,,,,,,oracle_inconclusive
247,tiago_sew,NUMERICAL_FAILURE,tiago_semi_analytic,c96a32d,median-body-4344-torso015-J1-root-v3,wrist_center,gripper_grasping_frame,,274.446600000374,no exact or boundary-refined wrist branch met strict wrist-center/orientation/SEW tolerances,,,,,,,,,,,,,,,oracle_inconclusive
248,tiago_sew,NUMERICAL_FAILURE,tiago_semi_analytic,c96a32d,median-body-4344-torso015-J1-root-v3,wrist_center,gripper_grasping_frame,,276.8517000367865,no exact or boundary-refined wrist branch met strict wrist-center/orientation/SEW tolerances,,,,,,,,,,,,,,,oracle_inconclusive
249,tiago_sew,NUMERICAL_FAILURE,tiago_semi_analytic,c96a32d,median-body-4344-torso015-J1-root-v3,wrist_center,gripper_grasping_frame,,274.64890002738684,no exact or boundary-refined wrist branch met strict wrist-center/orientation/SEW tolerances,,,,,,,,,,,,,,,oracle_inconclusive
250,tiago_sew,NUMERICAL_FAILURE,tiago_semi_analytic,c96a32d,median-body-4344-torso015-J1-root-v3,wrist_center,gripper_grasping_frame,,275.38050001021475,no exact or boundary-refined wrist branch met strict wrist-center/orientation/SEW tolerances,,,,,,,,,,,,,,,oracle_inconclusive
251,tiago_sew,NUMERICAL_FAILURE,tiago_semi_analytic,c96a32d,median-body-4344-torso015-J1-root-v3,wrist_center,gripper_grasping_frame,,275.21449991036206,no exact or boundary-refined wrist branch met strict wrist-center/orientation/SEW tolerances,,,,,,,,,,,,,,,oracle_inconclusive
252,tiago_sew,NUMERICAL_FAILURE,tiago_semi_analytic,c96a32d,median-body-4344-torso015-J1-root-v3,wrist_center,gripper_grasping_frame,,276.67599997948855,no exact or boundary-refined wrist branch met strict wrist-center/orientation/SEW tolerances,,,,,,,,,,,,,,,oracle_inconclusive
253,tiago_sew,NUMERICAL_FAILURE,tiago_semi_analytic,c96a32d,median-body-4344-torso015-J1-root-v3,wrist_center,gripper_grasping_frame,,275.40779998525977,no exact or boundary-refined wrist branch met strict wrist-center/orientation/SEW tolerances,,,,,,,,,,,,,,,oracle_inconclusive
254,tiago_sew,NUMERICAL_FAILURE,tiago_semi_analytic,c96a32d,median-body-4344-torso015-J1-root-v3,wrist_center,gripper_grasping_frame,,272.25150004960597,no exact or boundary-refined wrist branch met strict wrist-center/orientation/SEW tolerances,,,,,,,,,,,,,,,oracle_inconclusive
255,tiago_sew,NUMERICAL_FAILURE,tiago_semi_analytic,c96a32d,median-body-4344-torso015-J1-root-v3,wrist_center,gripper_grasping_frame,,272.29029999580234,no exact or boundary-refined wrist branch met strict wrist-center/orientation/SEW tolerances,,,,,,,,,,,,,,,oracle_inconclusive
256,tiago_sew,NUMERICAL_FAILURE,tiago_semi_analytic,c96a32d,median-body-4344-torso015-J1-root-v3,wrist_center,gripper_grasping_frame,,284.65719998348504,no exact or boundary-refined wrist branch met strict wrist-center/orientation/SEW tolerances,,,,,,,,,,,,,,,oracle_inconclusive
257,tiago_sew,NUMERICAL_FAILURE,tiago_semi_analytic,c96a32d,median-body-4344-torso015-J1-root-v3,wrist_center,gripper_grasping_frame,,277.15249999891967,no exact or boundary-refined wrist branch met strict wrist-center/orientation/SEW tolerances,,,,,,,,,,,,,,,oracle_inconclusive
258,tiago_sew,NUMERICAL_FAILURE,tiago_semi_analytic,c96a32d,median-body-4344-torso015-J1-root-v3,wrist_center,gripper_grasping_frame,,276.25260001514107,no exact or boundary-refined wrist branch met strict wrist-center/orientation/SEW tolerances,,,,,,,,,,,,,,,oracle_inconclusive
259,tiago_sew,NUMERICAL_FAILURE,tiago_semi_analytic,c96a32d,median-body-4344-torso015-J1-root-v3,wrist_center,gripper_grasping_frame,,276.36940008960664,no exact or boundary-refined wrist branch met strict wrist-center/orientation/SEW tolerances,,,,,,,,,,,,,,,oracle_inconclusive
260,tiago_sew,NUMERICAL_FAILURE,tiago_semi_analytic,c96a32d,median-body-4344-torso015-J1-root-v3,wrist_center,gripper_grasping_frame,,276.1441000038758,no exact or boundary-refined wrist branch met strict wrist-center/orientation/SEW tolerances,,,,,,,,,,,,,,,oracle_inconclusive
261,tiago_sew,NUMERICAL_FAILURE,tiago_semi_analytic,c96a32d,median-body-4344-torso015-J1-root-v3,wrist_center,gripper_grasping_frame,,278.60369998961687,no exact or boundary-refined wrist branch met strict wrist-center/orientation/SEW tolerances,,,,,,,,,,,,,,,oracle_inconclusive
262,tiago_sew,NUMERICAL_FAILURE,tiago_semi_analytic,c96a32d,median-body-4344-torso015-J1-root-v3,wrist_center,gripper_grasping_frame,,282.416999922134,no exact or boundary-refined wrist branch met strict wrist-center/orientation/SEW tolerances,,,,,,,,,,,,,,,oracle_inconclusive
263,tiago_sew,NUMERICAL_FAILURE,tiago_semi_analytic,c96a32d,median-body-4344-torso015-J1-root-v3,wrist_center,gripper_grasping_frame,,279.53870000783354,no exact or boundary-refined wrist branch met strict wrist-center/orientation/SEW tolerances,,,,,,,,,,,,,,,oracle_inconclusive
264,tiago_sew,NUMERICAL_FAILURE,tiago_semi_analytic,c96a32d,median-body-4344-torso015-J1-root-v3,wrist_center,gripper_grasping_frame,,158.62799994647503,no exact or boundary-refined wrist branch met strict wrist-center/orientation/SEW tolerances,,,,,,,,,,,,,,,oracle_inconclusive
265,tiago_sew,NUMERICAL_FAILURE,tiago_semi_analytic,c96a32d,median-body-4344-torso015-J1-root-v3,wrist_center,gripper_grasping_frame,,236.42120009753853,no exact or boundary-refined wrist branch met strict wrist-center/orientation/SEW tolerances,,,,,,,,,,,,,,,oracle_inconclusive
266,tiago_sew,NUMERICAL_FAILURE,tiago_semi_analytic,c96a32d,median-body-4344-torso015-J1-root-v3,wrist_center,gripper_grasping_frame,,210.08989994879812,no exact or boundary-refined wrist branch met strict wrist-center/orientation/SEW tolerances,,,,,,,,,,,,,,,oracle_inconclusive
267,tiago_sew,NUMERICAL_FAILURE,tiago_semi_analytic,c96a32d,median-body-4344-torso015-J1-root-v3,wrist_center,gripper_grasping_frame,,186.1538999946788,no exact or boundary-refined wrist branch met strict wrist-center/orientation/SEW tolerances,,,,,,,,,,,,,,,oracle_inconclusive
268,tiago_sew,NUMERICAL_FAILURE,tiago_semi_analytic,c96a32d,median-body-4344-torso015-J1-root-v3,wrist_center,gripper_grasping_frame,,180.6780000915751,no exact or boundary-refined wrist branch met strict wrist-center/orientation/SEW tolerances,,,,,,,,,,,,,,,oracle_inconclusive
269,tiago_sew,NUMERICAL_FAILURE,tiago_semi_analytic,c96a32d,median-body-4344-torso015-J1-root-v3,wrist_center,gripper_grasping_frame,,178.6308999871835,no exact or boundary-refined wrist branch met strict wrist-center/orientation/SEW tolerances,,,,,,,,,,,,,,,oracle_inconclusive
270,tiago_sew,NUMERICAL_FAILURE,tiago_semi_analytic,c96a32d,median-body-4344-torso015-J1-root-v3,wrist_center,gripper_grasping_frame,,305.12769997585565,no exact or boundary-refined wrist branch met strict wrist-center/orientation/SEW tolerances,,,,,,,,,,,,,,,oracle_inconclusive
271,tiago_sew,NUMERICAL_FAILURE,tiago_semi_analytic,c96a32d,median-body-4344-torso015-J1-root-v3,wrist_center,gripper_grasping_frame,,175.6386999040842,no exact or boundary-refined wrist branch met strict wrist-center/orientation/SEW tolerances,,,,,,,,,,,,,,,oracle_inconclusive
272,tiago_sew,NUMERICAL_FAILURE,tiago_semi_analytic,c96a32d,median-body-4344-torso015-J1-root-v3,wrist_center,gripper_grasping_frame,,175.75090005993843,no exact or boundary-refined wrist branch met strict wrist-center/orientation/SEW tolerances,,,,,,,,,,,,,,,oracle_inconclusive
273,tiago_sew,NUMERICAL_FAILURE,tiago_semi_analytic,c96a32d,median-body-4344-torso015-J1-root-v3,wrist_center,gripper_grasping_frame,,173.20570000447333,no exact or boundary-refined wrist branch met strict wrist-center/orientation/SEW tolerances,,,,,,,,,,,,,,,oracle_inconclusive
274,tiago_sew,NUMERICAL_FAILURE,tiago_semi_analytic,c96a32d,median-body-4344-torso015-J1-root-v3,wrist_center,gripper_grasping_frame,,178.55920002330095,no exact or boundary-refined wrist branch met strict wrist-center/orientation/SEW tolerances,,,,,,,,,,,,,,,oracle_inconclusive
275,tiago_sew,NUMERICAL_FAILURE,tiago_semi_analytic,c96a32d,median-body-4344-torso015-J1-root-v3,wrist_center,gripper_grasping_frame,,174.52809994574636,no exact or boundary-refined wrist branch met strict wrist-center/orientation/SEW tolerances,,,,,,,,,,,,,,,oracle_inconclusive
276,tiago_sew,NUMERICAL_FAILURE,tiago_semi_analytic,c96a32d,median-body-4344-torso015-J1-root-v3,wrist_center,gripper_grasping_frame,,173.55339997448027,no exact or boundary-refined wrist branch met strict wrist-center/orientation/SEW tolerances,,,,,,,,,,,,,,,oracle_inconclusive
277,tiago_sew,NUMERICAL_FAILURE,tiago_semi_analytic,c96a32d,median-body-4344-torso015-J1-root-v3,wrist_center,gripper_grasping_frame,,196.26660004723817,no exact or boundary-refined wrist branch met strict wrist-center/orientation/SEW tolerances,,,,,,,,,,,,,,,oracle_inconclusive
278,tiago_sew,NUMERICAL_FAILURE,tiago_semi_analytic,c96a32d,median-body-4344-torso015-J1-root-v3,wrist_center,gripper_grasping_frame,,201.11899997573346,no exact or boundary-refined wrist branch met strict wrist-center/orientation/SEW tolerances,,,,,,,,,,,,,,,oracle_inconclusive
279,tiago_sew,NUMERICAL_FAILURE,tiago_semi_analytic,c96a32d,median-body-4344-torso015-J1-root-v3,wrist_center,gripper_grasping_frame,,207.24809996318072,no exact or boundary-refined wrist branch met strict wrist-center/orientation/SEW tolerances,,,,,,,,,,,,,,,oracle_inconclusive
280,tiago_sew,NUMERICAL_FAILURE,tiago_semi_analytic,c96a32d,median-body-4344-torso015-J1-root-v3,wrist_center,gripper_grasping_frame,,327.9654999496415,no exact or boundary-refined wrist branch met strict wrist-center/orientation/SEW tolerances,,,,,,,,,,,,,,,oracle_inconclusive
281,tiago_sew,NUMERICAL_FAILURE,tiago_semi_analytic,c96a32d,median-body-4344-torso015-J1-root-v3,wrist_center,gripper_grasping_frame,,221.5546000516042,no exact or boundary-refined wrist branch met strict wrist-center/orientation/SEW tolerances,,,,,,,,,,,,,,,oracle_inconclusive
282,tiago_sew,NUMERICAL_FAILURE,tiago_semi_analytic,c96a32d,median-body-4344-torso015-J1-root-v3,wrist_center,gripper_grasping_frame,,202.6383999036625,no exact or boundary-refined wrist branch met strict wrist-center/orientation/SEW tolerances,,,,,,,,,,,,,,,oracle_inconclusive
283,tiago_sew,NUMERICAL_FAILURE,tiago_semi_analytic,c96a32d,median-body-4344-torso015-J1-root-v3,wrist_center,gripper_grasping_frame,,192.91010010056198,no exact or boundary-refined wrist branch met strict wrist-center/orientation/SEW tolerances,,,,,,,,,,,,,,,oracle_inconclusive
284,tiago_sew,NUMERICAL_FAILURE,tiago_semi_analytic,c96a32d,median-body-4344-torso015-J1-root-v3,wrist_center,gripper_grasping_frame,,188.19389992859215,no exact or boundary-refined wrist branch met strict wrist-center/orientation/SEW tolerances,,,,,,,,,,,,,,,oracle_inconclusive
285,tiago_sew,NUMERICAL_FAILURE,tiago_semi_analytic,c96a32d,median-body-4344-torso015-J1-root-v3,wrist_center,gripper_grasping_frame,,183.1505000591278,no exact or boundary-refined wrist branch met strict wrist-center/orientation/SEW tolerances,,,,,,,,,,,,,,,oracle_inconclusive
286,tiago_sew,NUMERICAL_FAILURE,tiago_semi_analytic,c96a32d,median-body-4344-torso015-J1-root-v3,wrist_center,gripper_grasping_frame,,180.80069997813553,no exact or boundary-refined wrist branch met strict wrist-center/orientation/SEW tolerances,,,,,,,,,,,,,,,oracle_inconclusive
287,tiago_sew,NUMERICAL_FAILURE,tiago_semi_analytic,c96a32d,median-body-4344-torso015-J1-root-v3,wrist_center,gripper_grasping_frame,,180.04829995334148,no exact or boundary-refined wrist branch met strict wrist-center/orientation/SEW tolerances,,,,,,,,,,,,,,,oracle_inconclusive
288,tiago_sew,NUMERICAL_FAILURE,tiago_semi_analytic,c96a32d,median-body-4344-torso015-J1-root-v3,wrist_center,gripper_grasping_frame,,175.0698999967426,no exact or boundary-refined wrist branch met strict wrist-center/orientation/SEW tolerances,,,,,,,,,,,,,,,oracle_inconclusive
289,tiago_sew,NUMERICAL_FAILURE,tiago_semi_analytic,c96a32d,median-body-4344-torso015-J1-root-v3,wrist_center,gripper_grasping_frame,,176.78560002241284,no exact or boundary-refined wrist branch met strict wrist-center/orientation/SEW tolerances,,,,,,,,,,,,,,,oracle_inconclusive
290,tiago_sew,NUMERICAL_FAILURE,tiago_semi_analytic,c96a32d,median-body-4344-torso015-J1-root-v3,wrist_center,gripper_grasping_frame,,177.60389996692538,no exact or boundary-refined wrist branch met strict wrist-center/orientation/SEW tolerances,,,,,,,,,,,,,,,oracle_inconclusive
291,tiago_sew,NUMERICAL_FAILURE,tiago_semi_analytic,c96a32d,median-body-4344-torso015-J1-root-v3,wrist_center,gripper_grasping_frame,,171.67329997755587,no exact or boundary-refined wrist branch met strict wrist-center/orientation/SEW tolerances,,,,,,,,,,,,,,,oracle_inconclusive
292,tiago_sew,NUMERICAL_FAILURE,tiago_semi_analytic,c96a32d,median-body-4344-torso015-J1-root-v3,wrist_center,gripper_grasping_frame,,169.69600005540997,no exact or boundary-refined wrist branch met strict wrist-center/orientation/SEW tolerances,,,,,,,,,,,,,,,oracle_inconclusive
293,tiago_sew,NUMERICAL_FAILURE,tiago_semi_analytic,c96a32d,median-body-4344-torso015-J1-root-v3,wrist_center,gripper_grasping_frame,,167.2386999707669,no exact or boundary-refined wrist branch met strict wrist-center/orientation/SEW tolerances,,,,,,,,,,,,,,,oracle_inconclusive
294,tiago_sew,NUMERICAL_FAILURE,tiago_semi_analytic,c96a32d,median-body-4344-torso015-J1-root-v3,wrist_center,gripper_grasping_frame,,165.37740000057966,no exact or boundary-refined wrist branch met strict wrist-center/orientation/SEW tolerances,,,,,,,,,,,,,,,oracle_inconclusive
295,tiago_sew,NUMERICAL_FAILURE,tiago_semi_analytic,c96a32d,median-body-4344-torso015-J1-root-v3,wrist_center,gripper_grasping_frame,,162.4037999426946,no exact or boundary-refined wrist branch met strict wrist-center/orientation/SEW tolerances,,,,,,,,,,,,,,,oracle_inconclusive
296,tiago_sew,NUMERICAL_FAILURE,tiago_semi_analytic,c96a32d,median-body-4344-torso015-J1-root-v3,wrist_center,gripper_grasping_frame,,161.14949993789196,no exact or boundary-refined wrist branch met strict wrist-center/orientation/SEW tolerances,,,,,,,,,,,,,,,oracle_inconclusive
297,tiago_sew,NUMERICAL_FAILURE,tiago_semi_analytic,c96a32d,median-body-4344-torso015-J1-root-v3,wrist_center,gripper_grasping_frame,,159.54720007721335,no exact or boundary-refined wrist branch met strict wrist-center/orientation/SEW tolerances,,,,,,,,,,,,,,,oracle_inconclusive
298,tiago_sew,NUMERICAL_FAILURE,tiago_semi_analytic,c96a32d,median-body-4344-torso015-J1-root-v3,wrist_center,gripper_grasping_frame,,157.38559991586953,no exact or boundary-refined wrist branch met strict wrist-center/orientation/SEW tolerances,,,,,,,,,,,,,,,oracle_inconclusive
299,tiago_sew,NUMERICAL_FAILURE,tiago_semi_analytic,c96a32d,median-body-4344-torso015-J1-root-v3,wrist_center,gripper_grasping_frame,,155.2519000833854,no exact or boundary-refined wrist branch met strict wrist-center/orientation/SEW tolerances,,,,,,,,,,,,,,,oracle_inconclusive
300,tiago_sew,NUMERICAL_FAILURE,tiago_semi_analytic,c96a32d,median-body-4344-torso015-J1-root-v3,wrist_center,gripper_grasping_frame,,155.05379997193813,no exact or boundary-refined wrist branch met strict wrist-center/orientation/SEW tolerances,,,,,,,,,,,,,,,oracle_inconclusive
301,tiago_sew,NUMERICAL_FAILURE,tiago_semi_analytic,c96a32d,median-body-4344-torso015-J1-root-v3,wrist_center,gripper_grasping_frame,,155.37339996080846,no exact or boundary-refined wrist branch met strict wrist-center/orientation/SEW tolerances,,,,,,,,,,,,,,,oracle_inconclusive
302,tiago_sew,NUMERICAL_FAILURE,tiago_semi_analytic,c96a32d,median-body-4344-torso015-J1-root-v3,wrist_center,gripper_grasping_frame,,152.04110008198768,no exact or boundary-refined wrist branch met strict wrist-center/orientation/SEW tolerances,,,,,,,,,,,,,,,oracle_inconclusive
303,tiago_sew,NUMERICAL_FAILURE,tiago_semi_analytic,c96a32d,median-body-4344-torso015-J1-root-v3,wrist_center,gripper_grasping_frame,,151.08310000505298,no exact or boundary-refined wrist branch met strict wrist-center/orientation/SEW tolerances,,,,,,,,,,,,,,,oracle_inconclusive
304,tiago_sew,NUMERICAL_FAILURE,tiago_semi_analytic,c96a32d,median-body-4344-torso015-J1-root-v3,wrist_center,gripper_grasping_frame,,149.09640001133084,no exact or boundary-refined wrist branch met strict wrist-center/orientation/SEW tolerances,,,,,,,,,,,,,,,oracle_inconclusive
305,tiago_sew,NUMERICAL_FAILURE,tiago_semi_analytic,c96a32d,median-body-4344-torso015-J1-root-v3,wrist_center,gripper_grasping_frame,,151.17680002003908,no exact or boundary-refined wrist branch met strict wrist-center/orientation/SEW tolerances,,,,,,,,,,,,,,,oracle_inconclusive
306,tiago_sew,NUMERICAL_FAILURE,tiago_semi_analytic,c96a32d,median-body-4344-torso015-J1-root-v3,wrist_center,gripper_grasping_frame,,144.1646000603214,no exact or boundary-refined wrist branch met strict wrist-center/orientation/SEW tolerances,,,,,,,,,,,,,,,oracle_inconclusive
307,tiago_sew,NUMERICAL_FAILURE,tiago_semi_analytic,c96a32d,median-body-4344-torso015-J1-root-v3,wrist_center,gripper_grasping_frame,,145.57620009873062,no exact or boundary-refined wrist branch met strict wrist-center/orientation/SEW tolerances,,,,,,,,,,,,,,,oracle_inconclusive
308,tiago_sew,NUMERICAL_FAILURE,tiago_semi_analytic,c96a32d,median-body-4344-torso015-J1-root-v3,wrist_center,gripper_grasping_frame,,150.65109997522086,no exact or boundary-refined wrist branch met strict wrist-center/orientation/SEW tolerances,,,,,,,,,,,,,,,oracle_inconclusive
309,tiago_sew,NUMERICAL_FAILURE,tiago_semi_analytic,c96a32d,median-body-4344-torso015-J1-root-v3,wrist_center,gripper_grasping_frame,,143.5112999752164,no exact or boundary-refined wrist branch met strict wrist-center/orientation/SEW tolerances,,,,,,,,,,,,,,,oracle_inconclusive
310,tiago_sew,NUMERICAL_FAILURE,tiago_semi_analytic,c96a32d,median-body-4344-torso015-J1-root-v3,wrist_center,gripper_grasping_frame,,143.40890001039952,no exact or boundary-refined wrist branch met strict wrist-center/orientation/SEW tolerances,,,,,,,,,,,,,,,oracle_inconclusive
311,tiago_sew,NUMERICAL_FAILURE,tiago_semi_analytic,c96a32d,median-body-4344-torso015-J1-root-v3,wrist_center,gripper_grasping_frame,,141.2191999843344,no exact or boundary-refined wrist branch met strict wrist-center/orientation/SEW tolerances,,,,,,,,,,,,,,,oracle_inconclusive
312,tiago_sew,NUMERICAL_FAILURE,tiago_semi_analytic,c96a32d,median-body-4344-torso015-J1-root-v3,wrist_center,gripper_grasping_frame,,150.46839998103678,no exact or boundary-refined wrist branch met strict wrist-center/orientation/SEW tolerances,,,,,,,,,,,,,,,oracle_inconclusive
313,tiago_sew,NUMERICAL_FAILURE,tiago_semi_analytic,c96a32d,median-body-4344-torso015-J1-root-v3,wrist_center,gripper_grasping_frame,,158.52470009122044,no exact or boundary-refined wrist branch met strict wrist-center/orientation/SEW tolerances,,,,,,,,,,,,,,,oracle_inconclusive
314,tiago_sew,NUMERICAL_FAILURE,tiago_semi_analytic,c96a32d,median-body-4344-torso015-J1-root-v3,wrist_center,gripper_grasping_frame,,152.34759997110814,no exact or boundary-refined wrist branch met strict wrist-center/orientation/SEW tolerances,,,,,,,,,,,,,,,oracle_inconclusive
315,tiago_sew,NUMERICAL_FAILURE,tiago_semi_analytic,c96a32d,median-body-4344-torso015-J1-root-v3,wrist_center,gripper_grasping_frame,,151.975900051184,no exact or boundary-refined wrist branch met strict wrist-center/orientation/SEW tolerances,,,,,,,,,,,,,,,oracle_inconclusive
316,tiago_sew,NUMERICAL_FAILURE,tiago_semi_analytic,c96a32d,median-body-4344-torso015-J1-root-v3,wrist_center,gripper_grasping_frame,,152.22359995823354,no exact or boundary-refined wrist branch met strict wrist-center/orientation/SEW tolerances,,,,,,,,,,,,,,,oracle_inconclusive
317,tiago_sew,NUMERICAL_FAILURE,tiago_semi_analytic,c96a32d,median-body-4344-torso015-J1-root-v3,wrist_center,gripper_grasping_frame,,149.5048999786377,no exact or boundary-refined wrist branch met strict wrist-center/orientation/SEW tolerances,,,,,,,,,,,,,,,oracle_inconclusive
318,tiago_sew,NUMERICAL_FAILURE,tiago_semi_analytic,c96a32d,median-body-4344-torso015-J1-root-v3,wrist_center,gripper_grasping_frame,,151.34240000043064,no exact or boundary-refined wrist branch met strict wrist-center/orientation/SEW tolerances,,,,,,,,,,,,,,,oracle_inconclusive
319,tiago_sew,NUMERICAL_FAILURE,tiago_semi_analytic,c96a32d,median-body-4344-torso015-J1-root-v3,wrist_center,gripper_grasping_frame,,150.68630001042038,no exact or boundary-refined wrist branch met strict wrist-center/orientation/SEW tolerances,,,,,,,,,,,,,,,oracle_inconclusive
320,tiago_sew,NUMERICAL_FAILURE,tiago_semi_analytic,c96a32d,median-body-4344-torso015-J1-root-v3,wrist_center,gripper_grasping_frame,,149.5120000327006,no exact or boundary-refined wrist branch met strict wrist-center/orientation/SEW tolerances,,,,,,,,,,,,,,,oracle_inconclusive
321,tiago_sew,NUMERICAL_FAILURE,tiago_semi_analytic,c96a32d,median-body-4344-torso015-J1-root-v3,wrist_center,gripper_grasping_frame,,146.6096000513062,no exact or boundary-refined wrist branch met strict wrist-center/orientation/SEW tolerances,,,,,,,,,,,,,,,oracle_inconclusive
322,tiago_sew,NUMERICAL_FAILURE,tiago_semi_analytic,c96a32d,median-body-4344-torso015-J1-root-v3,wrist_center,gripper_grasping_frame,,145.97670000512153,no exact or boundary-refined wrist branch met strict wrist-center/orientation/SEW tolerances,,,,,,,,,,,,,,,oracle_inconclusive
323,tiago_sew,NUMERICAL_FAILURE,tiago_semi_analytic,c96a32d,median-body-4344-torso015-J1-root-v3,wrist_center,gripper_grasping_frame,,145.59169998392463,no exact or boundary-refined wrist branch met strict wrist-center/orientation/SEW tolerances,,,,,,,,,,,,,,,oracle_inconclusive
324,tiago_sew,NUMERICAL_FAILURE,tiago_semi_analytic,c96a32d,median-body-4344-torso015-J1-root-v3,wrist_center,gripper_grasping_frame,,148.41469994280487,no exact or boundary-refined wrist branch met strict wrist-center/orientation/SEW tolerances,,,,,,,,,,,,,,,oracle_inconclusive
325,tiago_sew,NUMERICAL_FAILURE,tiago_semi_analytic,c96a32d,median-body-4344-torso015-J1-root-v3,wrist_center,gripper_grasping_frame,,145.55670006666332,no exact or boundary-refined wrist branch met strict wrist-center/orientation/SEW tolerances,,,,,,,,,,,,,,,oracle_inconclusive
326,tiago_sew,NUMERICAL_FAILURE,tiago_semi_analytic,c96a32d,median-body-4344-torso015-J1-root-v3,wrist_center,gripper_grasping_frame,,145.44069999828935,no exact or boundary-refined wrist branch met strict wrist-center/orientation/SEW tolerances,,,,,,,,,,,,,,,oracle_inconclusive
327,tiago_sew,NUMERICAL_FAILURE,tiago_semi_analytic,c96a32d,median-body-4344-torso015-J1-root-v3,wrist_center,gripper_grasping_frame,,143.82300002034754,no exact or boundary-refined wrist branch met strict wrist-center/orientation/SEW tolerances,,,,,,,,,,,,,,,oracle_inconclusive
328,tiago_sew,NUMERICAL_FAILURE,tiago_semi_analytic,c96a32d,median-body-4344-torso015-J1-root-v3,wrist_center,gripper_grasping_frame,,143.1868999497965,no exact or boundary-refined wrist branch met strict wrist-center/orientation/SEW tolerances,,,,,,,,,,,,,,,oracle_inconclusive
329,tiago_sew,NUMERICAL_FAILURE,tiago_semi_analytic,c96a32d,median-body-4344-torso015-J1-root-v3,wrist_center,gripper_grasping_frame,,141.96269994135946,no exact or boundary-refined wrist branch met strict wrist-center/orientation/SEW tolerances,,,,,,,,,,,,,,,oracle_inconclusive
330,tiago_sew,NUMERICAL_FAILURE,tiago_semi_analytic,c96a32d,median-body-4344-torso015-J1-root-v3,wrist_center,gripper_grasping_frame,,142.27879990357906,no exact or boundary-refined wrist branch met strict wrist-center/orientation/SEW tolerances,,,,,,,,,,,,,,,oracle_inconclusive
331,tiago_sew,NUMERICAL_FAILURE,tiago_semi_analytic,c96a32d,median-body-4344-torso015-J1-root-v3,wrist_center,gripper_grasping_frame,,141.92979992367327,no exact or boundary-refined wrist branch met strict wrist-center/orientation/SEW tolerances,,,,,,,,,,,,,,,oracle_inconclusive
332,tiago_sew,NUMERICAL_FAILURE,tiago_semi_analytic,c96a32d,median-body-4344-torso015-J1-root-v3,wrist_center,gripper_grasping_frame,,146.46680001169443,no exact or boundary-refined wrist branch met strict wrist-center/orientation/SEW tolerances,,,,,,,,,,,,,,,oracle_inconclusive
333,tiago_sew,NUMERICAL_FAILURE,tiago_semi_analytic,c96a32d,median-body-4344-torso015-J1-root-v3,wrist_center,gripper_grasping_frame,,145.73910005856305,no exact or boundary-refined wrist branch met strict wrist-center/orientation/SEW tolerances,,,,,,,,,,,,,,,oracle_inconclusive
334,tiago_sew,NUMERICAL_FAILURE,tiago_semi_analytic,c96a32d,median-body-4344-torso015-J1-root-v3,wrist_center,gripper_grasping_frame,,140.58420003857464,no exact or boundary-refined wrist branch met strict wrist-center/orientation/SEW tolerances,,,,,,,,,,,,,,,oracle_inconclusive
335,tiago_sew,NUMERICAL_FAILURE,tiago_semi_analytic,c96a32d,median-body-4344-torso015-J1-root-v3,wrist_center,gripper_grasping_frame,,140.22750000003725,no exact or boundary-refined wrist branch met strict wrist-center/orientation/SEW tolerances,,,,,,,,,,,,,,,oracle_inconclusive
336,tiago_sew,NUMERICAL_FAILURE,tiago_semi_analytic,c96a32d,median-body-4344-torso015-J1-root-v3,wrist_center,gripper_grasping_frame,,140.33210009802133,no exact or boundary-refined wrist branch met strict wrist-center/orientation/SEW tolerances,,,,,,,,,,,,,,,oracle_inconclusive
337,tiago_sew,NUMERICAL_FAILURE,tiago_semi_analytic,c96a32d,median-body-4344-torso015-J1-root-v3,wrist_center,gripper_grasping_frame,,140.06949996110052,no exact or boundary-refined wrist branch met strict wrist-center/orientation/SEW tolerances,,,,,,,,,,,,,,,oracle_inconclusive
338,tiago_sew,NUMERICAL_FAILURE,tiago_semi_analytic,c96a32d,median-body-4344-torso015-J1-root-v3,wrist_center,gripper_grasping_frame,,134.89109999500215,no exact or boundary-refined wrist branch met strict wrist-center/orientation/SEW tolerances,,,,,,,,,,,,,,,oracle_inconclusive
339,tiago_sew,NUMERICAL_FAILURE,tiago_semi_analytic,c96a32d,median-body-4344-torso015-J1-root-v3,wrist_center,gripper_grasping_frame,,136.16019999608397,no exact or boundary-refined wrist branch met strict wrist-center/orientation/SEW tolerances,,,,,,,,,,,,,,,oracle_inconclusive
340,tiago_sew,NUMERICAL_FAILURE,tiago_semi_analytic,c96a32d,median-body-4344-torso015-J1-root-v3,wrist_center,gripper_grasping_frame,,134.72560001537204,no exact or boundary-refined wrist branch met strict wrist-center/orientation/SEW tolerances,,,,,,,,,,,,,,,oracle_inconclusive
341,tiago_sew,NUMERICAL_FAILURE,tiago_semi_analytic,c96a32d,median-body-4344-torso015-J1-root-v3,wrist_center,gripper_grasping_frame,,135.4199000634253,no exact or boundary-refined wrist branch met strict wrist-center/orientation/SEW tolerances,,,,,,,,,,,,,,,oracle_inconclusive
342,tiago_sew,NUMERICAL_FAILURE,tiago_semi_analytic,c96a32d,median-body-4344-torso015-J1-root-v3,wrist_center,gripper_grasping_frame,,133.44499992672354,no exact or boundary-refined wrist branch met strict wrist-center/orientation/SEW tolerances,,,,,,,,,,,,,,,oracle_inconclusive
343,tiago_sew,NUMERICAL_FAILURE,tiago_semi_analytic,c96a32d,median-body-4344-torso015-J1-root-v3,wrist_center,gripper_grasping_frame,,122.97400005627424,no exact or boundary-refined wrist branch met strict wrist-center/orientation/SEW tolerances,,,,,,,,,,,,,,,oracle_inconclusive
344,tiago_sew,NUMERICAL_FAILURE,tiago_semi_analytic,c96a32d,median-body-4344-torso015-J1-root-v3,wrist_center,gripper_grasping_frame,,123.52349993307143,no exact or boundary-refined wrist branch met strict wrist-center/orientation/SEW tolerances,,,,,,,,,,,,,,,oracle_inconclusive
345,tiago_sew,NUMERICAL_FAILURE,tiago_semi_analytic,c96a32d,median-body-4344-torso015-J1-root-v3,wrist_center,gripper_grasping_frame,,123.75070003326982,no exact or boundary-refined wrist branch met strict wrist-center/orientation/SEW tolerances,,,,,,,,,,,,,,,oracle_inconclusive
346,tiago_sew,NUMERICAL_FAILURE,tiago_semi_analytic,c96a32d,median-body-4344-torso015-J1-root-v3,wrist_center,gripper_grasping_frame,,123.78010002430528,no exact or boundary-refined wrist branch met strict wrist-center/orientation/SEW tolerances,,,,,,,,,,,,,,,oracle_inconclusive
347,tiago_sew,NUMERICAL_FAILURE,tiago_semi_analytic,c96a32d,median-body-4344-torso015-J1-root-v3,wrist_center,gripper_grasping_frame,,123.4616000438109,no exact or boundary-refined wrist branch met strict wrist-center/orientation/SEW tolerances,,,,,,,,,,,,,,,oracle_inconclusive
348,tiago_sew,NUMERICAL_FAILURE,tiago_semi_analytic,c96a32d,median-body-4344-torso015-J1-root-v3,wrist_center,gripper_grasping_frame,,122.17480002436787,no exact or boundary-refined wrist branch met strict wrist-center/orientation/SEW tolerances,,,,,,,,,,,,,,,oracle_inconclusive
349,tiago_sew,NUMERICAL_FAILURE,tiago_semi_analytic,c96a32d,median-body-4344-torso015-J1-root-v3,wrist_center,gripper_grasping_frame,,122.8782000252977,no exact or boundary-refined wrist branch met strict wrist-center/orientation/SEW tolerances,,,,,,,,,,,,,,,oracle_inconclusive
350,tiago_sew,NUMERICAL_FAILURE,tiago_semi_analytic,c96a32d,median-body-4344-torso015-J1-root-v3,wrist_center,gripper_grasping_frame,,122.20270000398159,no exact or boundary-refined wrist branch met strict wrist-center/orientation/SEW tolerances,,,,,,,,,,,,,,,oracle_inconclusive
351,tiago_sew,NUMERICAL_FAILURE,tiago_semi_analytic,c96a32d,median-body-4344-torso015-J1-root-v3,wrist_center,gripper_grasping_frame,,122.54959996789694,no exact or boundary-refined wrist branch met strict wrist-center/orientation/SEW tolerances,,,,,,,,,,,,,,,oracle_inconclusive
352,tiago_sew,NUMERICAL_FAILURE,tiago_semi_analytic,c96a32d,median-body-4344-torso015-J1-root-v3,wrist_center,gripper_grasping_frame,,123.62820003181696,no exact or boundary-refined wrist branch met strict wrist-center/orientation/SEW tolerances,,,,,,,,,,,,,,,oracle_inconclusive
353,tiago_sew,NUMERICAL_FAILURE,tiago_semi_analytic,c96a32d,median-body-4344-torso015-J1-root-v3,wrist_center,gripper_grasping_frame,,122.52120010089129,no exact or boundary-refined wrist branch met strict wrist-center/orientation/SEW tolerances,,,,,,,,,,,,,,,oracle_inconclusive
354,tiago_sew,NUMERICAL_FAILURE,tiago_semi_analytic,c96a32d,median-body-4344-torso015-J1-root-v3,wrist_center,gripper_grasping_frame,,124.94900007732213,no exact or boundary-refined wrist branch met strict wrist-center/orientation/SEW tolerances,,,,,,,,,,,,,,,oracle_inconclusive
355,tiago_sew,NUMERICAL_FAILURE,tiago_semi_analytic,c96a32d,median-body-4344-torso015-J1-root-v3,wrist_center,gripper_grasping_frame,,122.01920000370592,no exact or boundary-refined wrist branch met strict wrist-center/orientation/SEW tolerances,,,,,,,,,,,,,,,oracle_inconclusive
356,tiago_sew,NUMERICAL_FAILURE,tiago_semi_analytic,c96a32d,median-body-4344-torso015-J1-root-v3,wrist_center,gripper_grasping_frame,,120.62850000802428,no exact or boundary-refined wrist branch met strict wrist-center/orientation/SEW tolerances,,,,,,,,,,,,,,,oracle_inconclusive
357,tiago_sew,NUMERICAL_FAILURE,tiago_semi_analytic,c96a32d,median-body-4344-torso015-J1-root-v3,wrist_center,gripper_grasping_frame,,122.32299998868257,no exact or boundary-refined wrist branch met strict wrist-center/orientation/SEW tolerances,,,,,,,,,,,,,,,oracle_inconclusive
358,tiago_sew,NUMERICAL_FAILURE,tiago_semi_analytic,c96a32d,median-body-4344-torso015-J1-root-v3,wrist_center,gripper_grasping_frame,,121.13910005427897,no exact or boundary-refined wrist branch met strict wrist-center/orientation/SEW tolerances,,,,,,,,,,,,,,,oracle_inconclusive
359,tiago_sew,NUMERICAL_FAILURE,tiago_semi_analytic,c96a32d,median-body-4344-torso015-J1-root-v3,wrist_center,gripper_grasping_frame,,119.54119999427348,no exact or boundary-refined wrist branch met strict wrist-center/orientation/SEW tolerances,,,,,,,,,,,,,,,oracle_inconclusive
360,tiago_sew,NUMERICAL_FAILURE,tiago_semi_analytic,c96a32d,median-body-4344-torso015-J1-root-v3,wrist_center,gripper_grasping_frame,,120.4805999295786,no exact or boundary-refined wrist branch met strict wrist-center/orientation/SEW tolerances,,,,,,,,,,,,,,,oracle_inconclusive
361,tiago_sew,NUMERICAL_FAILURE,tiago_semi_analytic,c96a32d,median-body-4344-torso015-J1-root-v3,wrist_center,gripper_grasping_frame,,118.29580005723983,no exact or boundary-refined wrist branch met strict wrist-center/orientation/SEW tolerances,,,,,,,,,,,,,,,oracle_inconclusive
362,tiago_sew,NUMERICAL_FAILURE,tiago_semi_analytic,c96a32d,median-body-4344-torso015-J1-root-v3,wrist_center,gripper_grasping_frame,,117.49110009986907,no exact or boundary-refined wrist branch met strict wrist-center/orientation/SEW tolerances,,,,,,,,,,,,,,,oracle_inconclusive
363,tiago_sew,NUMERICAL_FAILURE,tiago_semi_analytic,c96a32d,median-body-4344-torso015-J1-root-v3,wrist_center,gripper_grasping_frame,,119.69660001341254,no exact or boundary-refined wrist branch met strict wrist-center/orientation/SEW tolerances,,,,,,,,,,,,,,,oracle_inconclusive
364,tiago_sew,NUMERICAL_FAILURE,tiago_semi_analytic,c96a32d,median-body-4344-torso015-J1-root-v3,wrist_center,gripper_grasping_frame,,116.82659992948174,no exact or boundary-refined wrist branch met strict wrist-center/orientation/SEW tolerances,,,,,,,,,,,,,,,oracle_inconclusive
365,tiago_sew,NUMERICAL_FAILURE,tiago_semi_analytic,c96a32d,median-body-4344-torso015-J1-root-v3,wrist_center,gripper_grasping_frame,,117.14690004009753,no exact or boundary-refined wrist branch met strict wrist-center/orientation/SEW tolerances,,,,,,,,,,,,,,,oracle_inconclusive
366,tiago_sew,NUMERICAL_FAILURE,tiago_semi_analytic,c96a32d,median-body-4344-torso015-J1-root-v3,wrist_center,gripper_grasping_frame,,117.7251999033615,no exact or boundary-refined wrist branch met strict wrist-center/orientation/SEW tolerances,,,,,,,,,,,,,,,oracle_inconclusive
367,tiago_sew,NUMERICAL_FAILURE,tiago_semi_analytic,c96a32d,median-body-4344-torso015-J1-root-v3,wrist_center,gripper_grasping_frame,,117.92719992808998,no exact or boundary-refined wrist branch met strict wrist-center/orientation/SEW tolerances,,,,,,,,,,,,,,,oracle_inconclusive
368,tiago_sew,NUMERICAL_FAILURE,tiago_semi_analytic,c96a32d,median-body-4344-torso015-J1-root-v3,wrist_center,gripper_grasping_frame,,117.06750001758337,no exact or boundary-refined wrist branch met strict wrist-center/orientation/SEW tolerances,,,,,,,,,,,,,,,oracle_inconclusive
369,tiago_sew,NUMERICAL_FAILURE,tiago_semi_analytic,c96a32d,median-body-4344-torso015-J1-root-v3,wrist_center,gripper_grasping_frame,,123.19800001569092,no exact or boundary-refined wrist branch met strict wrist-center/orientation/SEW tolerances,,,,,,,,,,,,,,,oracle_inconclusive
370,tiago_sew,NUMERICAL_FAILURE,tiago_semi_analytic,c96a32d,median-body-4344-torso015-J1-root-v3,wrist_center,gripper_grasping_frame,,120.86380005348474,no exact or boundary-refined wrist branch met strict wrist-center/orientation/SEW tolerances,,,,,,,,,,,,,,,oracle_inconclusive
371,tiago_sew,NUMERICAL_FAILURE,tiago_semi_analytic,c96a32d,median-body-4344-torso015-J1-root-v3,wrist_center,gripper_grasping_frame,,140.5284000793472,no exact or boundary-refined wrist branch met strict wrist-center/orientation/SEW tolerances,,,,,,,,,,,,,,,oracle_inconclusive
372,tiago_sew,NUMERICAL_FAILURE,tiago_semi_analytic,c96a32d,median-body-4344-torso015-J1-root-v3,wrist_center,gripper_grasping_frame,,123.35209990851581,no exact or boundary-refined wrist branch met strict wrist-center/orientation/SEW tolerances,,,,,,,,,,,,,,,oracle_inconclusive
373,tiago_sew,NUMERICAL_FAILURE,tiago_semi_analytic,c96a32d,median-body-4344-torso015-J1-root-v3,wrist_center,gripper_grasping_frame,,116.2493999581784,no exact or boundary-refined wrist branch met strict wrist-center/orientation/SEW tolerances,,,,,,,,,,,,,,,oracle_inconclusive
374,tiago_sew,NUMERICAL_FAILURE,tiago_semi_analytic,c96a32d,median-body-4344-torso015-J1-root-v3,wrist_center,gripper_grasping_frame,,116.27890006639063,no exact or boundary-refined wrist branch met strict wrist-center/orientation/SEW tolerances,,,,,,,,,,,,,,,oracle_inconclusive
375,tiago_sew,NUMERICAL_FAILURE,tiago_semi_analytic,c96a32d,median-body-4344-torso015-J1-root-v3,wrist_center,gripper_grasping_frame,,116.40309996437281,no exact or boundary-refined wrist branch met strict wrist-center/orientation/SEW tolerances,,,,,,,,,,,,,,,oracle_inconclusive
376,tiago_sew,NUMERICAL_FAILURE,tiago_semi_analytic,c96a32d,median-body-4344-torso015-J1-root-v3,wrist_center,gripper_grasping_frame,,116.21570005081594,no exact or boundary-refined wrist branch met strict wrist-center/orientation/SEW tolerances,,,,,,,,,,,,,,,oracle_inconclusive
377,tiago_sew,NUMERICAL_FAILURE,tiago_semi_analytic,c96a32d,median-body-4344-torso015-J1-root-v3,wrist_center,gripper_grasping_frame,,115.37660006433725,no exact or boundary-refined wrist branch met strict wrist-center/orientation/SEW tolerances,,,,,,,,,,,,,,,oracle_inconclusive
378,tiago_sew,NUMERICAL_FAILURE,tiago_semi_analytic,c96a32d,median-body-4344-torso015-J1-root-v3,wrist_center,gripper_grasping_frame,,114.41229993943125,no exact or boundary-refined wrist branch met strict wrist-center/orientation/SEW tolerances,,,,,,,,,,,,,,,oracle_inconclusive
379,tiago_sew,NUMERICAL_FAILURE,tiago_semi_analytic,c96a32d,median-body-4344-torso015-J1-root-v3,wrist_center,gripper_grasping_frame,,115.01320009119809,no exact or boundary-refined wrist branch met strict wrist-center/orientation/SEW tolerances,,,,,,,,,,,,,,,oracle_inconclusive
380,tiago_sew,NUMERICAL_FAILURE,tiago_semi_analytic,c96a32d,median-body-4344-torso015-J1-root-v3,wrist_center,gripper_grasping_frame,,115.88159995153546,no exact or boundary-refined wrist branch met strict wrist-center/orientation/SEW tolerances,,,,,,,,,,,,,,,oracle_inconclusive
381,tiago_sew,NUMERICAL_FAILURE,tiago_semi_analytic,c96a32d,median-body-4344-torso015-J1-root-v3,wrist_center,gripper_grasping_frame,,115.51080003846437,no exact or boundary-refined wrist branch met strict wrist-center/orientation/SEW tolerances,,,,,,,,,,,,,,,oracle_inconclusive
382,tiago_sew,NUMERICAL_FAILURE,tiago_semi_analytic,c96a32d,median-body-4344-torso015-J1-root-v3,wrist_center,gripper_grasping_frame,,113.68149996269494,no exact or boundary-refined wrist branch met strict wrist-center/orientation/SEW tolerances,,,,,,,,,,,,,,,oracle_inconclusive
383,tiago_sew,NUMERICAL_FAILURE,tiago_semi_analytic,c96a32d,median-body-4344-torso015-J1-root-v3,wrist_center,gripper_grasping_frame,,116.17819999810308,no exact or boundary-refined wrist branch met strict wrist-center/orientation/SEW tolerances,,,,,,,,,,,,,,,oracle_inconclusive
384,tiago_sew,NUMERICAL_FAILURE,tiago_semi_analytic,c96a32d,median-body-4344-torso015-J1-root-v3,wrist_center,gripper_grasping_frame,,118.23120003100485,no exact or boundary-refined wrist branch met strict wrist-center/orientation/SEW tolerances,,,,,,,,,,,,,,,oracle_inconclusive
385,tiago_sew,NUMERICAL_FAILURE,tiago_semi_analytic,c96a32d,median-body-4344-torso015-J1-root-v3,wrist_center,gripper_grasping_frame,,117.93449998367578,no exact or boundary-refined wrist branch met strict wrist-center/orientation/SEW tolerances,,,,,,,,,,,,,,,oracle_inconclusive
386,tiago_sew,NUMERICAL_FAILURE,tiago_semi_analytic,c96a32d,median-body-4344-torso015-J1-root-v3,wrist_center,gripper_grasping_frame,,116.95629998575896,no exact or boundary-refined wrist branch met strict wrist-center/orientation/SEW tolerances,,,,,,,,,,,,,,,oracle_inconclusive
387,tiago_sew,NUMERICAL_FAILURE,tiago_semi_analytic,c96a32d,median-body-4344-torso015-J1-root-v3,wrist_center,gripper_grasping_frame,,116.67929997202009,no exact or boundary-refined wrist branch met strict wrist-center/orientation/SEW tolerances,,,,,,,,,,,,,,,oracle_inconclusive
388,tiago_sew,NUMERICAL_FAILURE,tiago_semi_analytic,c96a32d,median-body-4344-torso015-J1-root-v3,wrist_center,gripper_grasping_frame,,117.87880002520978,no exact or boundary-refined wrist branch met strict wrist-center/orientation/SEW tolerances,,,,,,,,,,,,,,,oracle_inconclusive
389,tiago_sew,NUMERICAL_FAILURE,tiago_semi_analytic,c96a32d,median-body-4344-torso015-J1-root-v3,wrist_center,gripper_grasping_frame,,119.0251000225544,no exact or boundary-refined wrist branch met strict wrist-center/orientation/SEW tolerances,,,,,,,,,,,,,,,oracle_inconclusive
390,tiago_sew,NUMERICAL_FAILURE,tiago_semi_analytic,c96a32d,median-body-4344-torso015-J1-root-v3,wrist_center,gripper_grasping_frame,,120.62880001030862,no exact or boundary-refined wrist branch met strict wrist-center/orientation/SEW tolerances,,,,,,,,,,,,,,,oracle_inconclusive
391,tiago_sew,NUMERICAL_FAILURE,tiago_semi_analytic,c96a32d,median-body-4344-torso015-J1-root-v3,wrist_center,gripper_grasping_frame,,119.40860003232956,no exact or boundary-refined wrist branch met strict wrist-center/orientation/SEW tolerances,,,,,,,,,,,,,,,oracle_inconclusive
392,tiago_sew,NUMERICAL_FAILURE,tiago_semi_analytic,c96a32d,median-body-4344-torso015-J1-root-v3,wrist_center,gripper_grasping_frame,,121.51740002445877,no exact or boundary-refined wrist branch met strict wrist-center/orientation/SEW tolerances,,,,,,,,,,,,,,,oracle_inconclusive
393,tiago_sew,NUMERICAL_FAILURE,tiago_semi_analytic,c96a32d,median-body-4344-torso015-J1-root-v3,wrist_center,gripper_grasping_frame,,131.3954999204725,no exact or boundary-refined wrist branch met strict wrist-center/orientation/SEW tolerances,,,,,,,,,,,,,,,oracle_inconclusive
394,tiago_sew,NUMERICAL_FAILURE,tiago_semi_analytic,c96a32d,median-body-4344-torso015-J1-root-v3,wrist_center,gripper_grasping_frame,,127.85629997961223,no exact or boundary-refined wrist branch met strict wrist-center/orientation/SEW tolerances,,,,,,,,,,,,,,,oracle_inconclusive
395,tiago_sew,NUMERICAL_FAILURE,tiago_semi_analytic,c96a32d,median-body-4344-torso015-J1-root-v3,wrist_center,gripper_grasping_frame,,125.76550000812858,no exact or boundary-refined wrist branch met strict wrist-center/orientation/SEW tolerances,,,,,,,,,,,,,,,oracle_inconclusive
396,tiago_sew,NUMERICAL_FAILURE,tiago_semi_analytic,c96a32d,median-body-4344-torso015-J1-root-v3,wrist_center,gripper_grasping_frame,,127.84920004196465,no exact or boundary-refined wrist branch met strict wrist-center/orientation/SEW tolerances,,,,,,,,,,,,,,,oracle_inconclusive
397,tiago_sew,NUMERICAL_FAILURE,tiago_semi_analytic,c96a32d,median-body-4344-torso015-J1-root-v3,wrist_center,gripper_grasping_frame,,124.21150004956871,no exact or boundary-refined wrist branch met strict wrist-center/orientation/SEW tolerances,,,,,,,,,,,,,,,oracle_inconclusive
398,tiago_sew,NUMERICAL_FAILURE,tiago_semi_analytic,c96a32d,median-body-4344-torso015-J1-root-v3,wrist_center,gripper_grasping_frame,,123.89609997626394,no exact or boundary-refined wrist branch met strict wrist-center/orientation/SEW tolerances,,,,,,,,,,,,,,,oracle_inconclusive
399,tiago_sew,NUMERICAL_FAILURE,tiago_semi_analytic,c96a32d,median-body-4344-torso015-J1-root-v3,wrist_center,gripper_grasping_frame,,124.10939997062087,no exact or boundary-refined wrist branch met strict wrist-center/orientation/SEW tolerances,,,,,,,,,,,,,,,oracle_inconclusive
400,tiago_sew,NUMERICAL_FAILURE,tiago_semi_analytic,c96a32d,median-body-4344-torso015-J1-root-v3,wrist_center,gripper_grasping_frame,,124.73310006316751,no exact or boundary-refined wrist branch met strict wrist-center/orientation/SEW tolerances,,,,,,,,,,,,,,,oracle_inconclusive
401,tiago_sew,NUMERICAL_FAILURE,tiago_semi_analytic,c96a32d,median-body-4344-torso015-J1-root-v3,wrist_center,gripper_grasping_frame,,123.91909991856664,no exact or boundary-refined wrist branch met strict wrist-center/orientation/SEW tolerances,,,,,,,,,,,,,,,oracle_inconclusive
402,tiago_sew,NUMERICAL_FAILURE,tiago_semi_analytic,c96a32d,median-body-4344-torso015-J1-root-v3,wrist_center,gripper_grasping_frame,,123.01419989671558,no exact or boundary-refined wrist branch met strict wrist-center/orientation/SEW tolerances,,,,,,,,,,,,,,,oracle_inconclusive
403,tiago_sew,NUMERICAL_FAILURE,tiago_semi_analytic,c96a32d,median-body-4344-torso015-J1-root-v3,wrist_center,gripper_grasping_frame,,123.59819991979748,no exact or boundary-refined wrist branch met strict wrist-center/orientation/SEW tolerances,,,,,,,,,,,,,,,oracle_inconclusive
404,tiago_sew,NUMERICAL_FAILURE,tiago_semi_analytic,c96a32d,median-body-4344-torso015-J1-root-v3,wrist_center,gripper_grasping_frame,,122.544200043194,no exact or boundary-refined wrist branch met strict wrist-center/orientation/SEW tolerances,,,,,,,,,,,,,,,oracle_inconclusive
405,tiago_sew,NUMERICAL_FAILURE,tiago_semi_analytic,c96a32d,median-body-4344-torso015-J1-root-v3,wrist_center,gripper_grasping_frame,,122.30440007988364,no exact or boundary-refined wrist branch met strict wrist-center/orientation/SEW tolerances,,,,,,,,,,,,,,,oracle_inconclusive
406,tiago_sew,NUMERICAL_FAILURE,tiago_semi_analytic,c96a32d,median-body-4344-torso015-J1-root-v3,wrist_center,gripper_grasping_frame,,122.26590001955628,no exact or boundary-refined wrist branch met strict wrist-center/orientation/SEW tolerances,,,,,,,,,,,,,,,oracle_inconclusive
407,tiago_sew,NUMERICAL_FAILURE,tiago_semi_analytic,c96a32d,median-body-4344-torso015-J1-root-v3,wrist_center,gripper_grasping_frame,,121.76770006772131,no exact or boundary-refined wrist branch met strict wrist-center/orientation/SEW tolerances,,,,,,,,,,,,,,,oracle_inconclusive
408,tiago_sew,NUMERICAL_FAILURE,tiago_semi_analytic,c96a32d,median-body-4344-torso015-J1-root-v3,wrist_center,gripper_grasping_frame,,121.70929997228086,no exact or boundary-refined wrist branch met strict wrist-center/orientation/SEW tolerances,,,,,,,,,,,,,,,oracle_inconclusive
409,tiago_sew,NUMERICAL_FAILURE,tiago_semi_analytic,c96a32d,median-body-4344-torso015-J1-root-v3,wrist_center,gripper_grasping_frame,,121.73080001957715,no exact or boundary-refined wrist branch met strict wrist-center/orientation/SEW tolerances,,,,,,,,,,,,,,,oracle_inconclusive
410,tiago_sew,NUMERICAL_FAILURE,tiago_semi_analytic,c96a32d,median-body-4344-torso015-J1-root-v3,wrist_center,gripper_grasping_frame,,121.33769993670285,no exact or boundary-refined wrist branch met strict wrist-center/orientation/SEW tolerances,,,,,,,,,,,,,,,oracle_inconclusive
411,tiago_sew,NUMERICAL_FAILURE,tiago_semi_analytic,c96a32d,median-body-4344-torso015-J1-root-v3,wrist_center,gripper_grasping_frame,,121.77639990113676,no exact or boundary-refined wrist branch met strict wrist-center/orientation/SEW tolerances,,,,,,,,,,,,,,,oracle_inconclusive
412,tiago_sew,NUMERICAL_FAILURE,tiago_semi_analytic,c96a32d,median-body-4344-torso015-J1-root-v3,wrist_center,gripper_grasping_frame,,122.35930003225803,no exact or boundary-refined wrist branch met strict wrist-center/orientation/SEW tolerances,,,,,,,,,,,,,,,oracle_inconclusive
413,tiago_sew,NUMERICAL_FAILURE,tiago_semi_analytic,c96a32d,median-body-4344-torso015-J1-root-v3,wrist_center,gripper_grasping_frame,,122.02859995886683,no exact or boundary-refined wrist branch met strict wrist-center/orientation/SEW tolerances,,,,,,,,,,,,,,,oracle_inconclusive
414,tiago_sew,NUMERICAL_FAILURE,tiago_semi_analytic,c96a32d,median-body-4344-torso015-J1-root-v3,wrist_center,gripper_grasping_frame,,122.26810003630817,no exact or boundary-refined wrist branch met strict wrist-center/orientation/SEW tolerances,,,,,,,,,,,,,,,oracle_inconclusive
415,tiago_sew,NUMERICAL_FAILURE,tiago_semi_analytic,c96a32d,median-body-4344-torso015-J1-root-v3,wrist_center,gripper_grasping_frame,,121.90509994979948,no exact or boundary-refined wrist branch met strict wrist-center/orientation/SEW tolerances,,,,,,,,,,,,,,,oracle_inconclusive
416,tiago_sew,NUMERICAL_FAILURE,tiago_semi_analytic,c96a32d,median-body-4344-torso015-J1-root-v3,wrist_center,gripper_grasping_frame,,121.82690005283803,no exact or boundary-refined wrist branch met strict wrist-center/orientation/SEW tolerances,,,,,,,,,,,,,,,oracle_inconclusive
417,tiago_sew,NUMERICAL_FAILURE,tiago_semi_analytic,c96a32d,median-body-4344-torso015-J1-root-v3,wrist_center,gripper_grasping_frame,,121.41749996226281,no exact or boundary-refined wrist branch met strict wrist-center/orientation/SEW tolerances,,,,,,,,,,,,,,,oracle_inconclusive
418,tiago_sew,NUMERICAL_FAILURE,tiago_semi_analytic,c96a32d,median-body-4344-torso015-J1-root-v3,wrist_center,gripper_grasping_frame,,121.1812999099493,no exact or boundary-refined wrist branch met strict wrist-center/orientation/SEW tolerances,,,,,,,,,,,,,,,oracle_inconclusive
419,tiago_sew,NUMERICAL_FAILURE,tiago_semi_analytic,c96a32d,median-body-4344-torso015-J1-root-v3,wrist_center,gripper_grasping_frame,,120.10679999366403,no exact or boundary-refined wrist branch met strict wrist-center/orientation/SEW tolerances,,,,,,,,,,,,,,,oracle_inconclusive
420,tiago_sew,NUMERICAL_FAILURE,tiago_semi_analytic,c96a32d,median-body-4344-torso015-J1-root-v3,wrist_center,gripper_grasping_frame,,120.29749993234873,no exact or boundary-refined wrist branch met strict wrist-center/orientation/SEW tolerances,,,,,,,,,,,,,,,oracle_inconclusive
421,tiago_sew,NUMERICAL_FAILURE,tiago_semi_analytic,c96a32d,median-body-4344-torso015-J1-root-v3,wrist_center,gripper_grasping_frame,,120.68970000836998,no exact or boundary-refined wrist branch met strict wrist-center/orientation/SEW tolerances,,,,,,,,,,,,,,,oracle_inconclusive
422,tiago_sew,NUMERICAL_FAILURE,tiago_semi_analytic,c96a32d,median-body-4344-torso015-J1-root-v3,wrist_center,gripper_grasping_frame,,120.55350001901388,no exact or boundary-refined wrist branch met strict wrist-center/orientation/SEW tolerances,,,,,,,,,,,,,,,oracle_inconclusive
423,tiago_sew,NUMERICAL_FAILURE,tiago_semi_analytic,c96a32d,median-body-4344-torso015-J1-root-v3,wrist_center,gripper_grasping_frame,,120.75130001176149,no exact or boundary-refined wrist branch met strict wrist-center/orientation/SEW tolerances,,,,,,,,,,,,,,,oracle_inconclusive
424,tiago_sew,NUMERICAL_FAILURE,tiago_semi_analytic,c96a32d,median-body-4344-torso015-J1-root-v3,wrist_center,gripper_grasping_frame,,119.96189993806183,no exact or boundary-refined wrist branch met strict wrist-center/orientation/SEW tolerances,,,,,,,,,,,,,,,oracle_inconclusive
425,tiago_sew,NUMERICAL_FAILURE,tiago_semi_analytic,c96a32d,median-body-4344-torso015-J1-root-v3,wrist_center,gripper_grasping_frame,,120.68799999542534,no exact or boundary-refined wrist branch met strict wrist-center/orientation/SEW tolerances,,,,,,,,,,,,,,,oracle_inconclusive
426,tiago_sew,NUMERICAL_FAILURE,tiago_semi_analytic,c96a32d,median-body-4344-torso015-J1-root-v3,wrist_center,gripper_grasping_frame,,120.70279999170452,no exact or boundary-refined wrist branch met strict wrist-center/orientation/SEW tolerances,,,,,,,,,,,,,,,oracle_inconclusive
427,tiago_sew,NUMERICAL_FAILURE,tiago_semi_analytic,c96a32d,median-body-4344-torso015-J1-root-v3,wrist_center,gripper_grasping_frame,,120.65159995108843,no exact or boundary-refined wrist branch met strict wrist-center/orientation/SEW tolerances,,,,,,,,,,,,,,,oracle_inconclusive
428,tiago_sew,NUMERICAL_FAILURE,tiago_semi_analytic,c96a32d,median-body-4344-torso015-J1-root-v3,wrist_center,gripper_grasping_frame,,120.50329998601228,no exact or boundary-refined wrist branch met strict wrist-center/orientation/SEW tolerances,,,,,,,,,,,,,,,oracle_inconclusive
429,tiago_sew,NUMERICAL_FAILURE,tiago_semi_analytic,c96a32d,median-body-4344-torso015-J1-root-v3,wrist_center,gripper_grasping_frame,,120.62579998746514,no exact or boundary-refined wrist branch met strict wrist-center/orientation/SEW tolerances,,,,,,,,,,,,,,,oracle_inconclusive
430,tiago_sew,NUMERICAL_FAILURE,tiago_semi_analytic,c96a32d,median-body-4344-torso015-J1-root-v3,wrist_center,gripper_grasping_frame,,120.10900001041591,no exact or boundary-refined wrist branch met strict wrist-center/orientation/SEW tolerances,,,,,,,,,,,,,,,oracle_inconclusive
431,tiago_sew,NUMERICAL_FAILURE,tiago_semi_analytic,c96a32d,median-body-4344-torso015-J1-root-v3,wrist_center,gripper_grasping_frame,,120.12049998156726,no exact or boundary-refined wrist branch met strict wrist-center/orientation/SEW tolerances,,,,,,,,,,,,,,,oracle_inconclusive
432,tiago_sew,NUMERICAL_FAILURE,tiago_semi_analytic,c96a32d,median-body-4344-torso015-J1-root-v3,wrist_center,gripper_grasping_frame,,120.23830006364733,no exact or boundary-refined wrist branch met strict wrist-center/orientation/SEW tolerances,,,,,,,,,,,,,,,oracle_inconclusive
433,tiago_sew,NUMERICAL_FAILURE,tiago_semi_analytic,c96a32d,median-body-4344-torso015-J1-root-v3,wrist_center,gripper_grasping_frame,,119.97320002410561,no exact or boundary-refined wrist branch met strict wrist-center/orientation/SEW tolerances,,,,,,,,,,,,,,,oracle_inconclusive
434,tiago_sew,NUMERICAL_FAILURE,tiago_semi_analytic,c96a32d,median-body-4344-torso015-J1-root-v3,wrist_center,gripper_grasping_frame,,119.79489994700998,no exact or boundary-refined wrist branch met strict wrist-center/orientation/SEW tolerances,,,,,,,,,,,,,,,oracle_inconclusive
435,tiago_sew,NUMERICAL_FAILURE,tiago_semi_analytic,c96a32d,median-body-4344-torso015-J1-root-v3,wrist_center,gripper_grasping_frame,,120.49150001257658,no exact or boundary-refined wrist branch met strict wrist-center/orientation/SEW tolerances,,,,,,,,,,,,,,,oracle_inconclusive
436,tiago_sew,NUMERICAL_FAILURE,tiago_semi_analytic,c96a32d,median-body-4344-torso015-J1-root-v3,wrist_center,gripper_grasping_frame,,119.4847000297159,no exact or boundary-refined wrist branch met strict wrist-center/orientation/SEW tolerances,,,,,,,,,,,,,,,oracle_inconclusive
437,tiago_sew,NUMERICAL_FAILURE,tiago_semi_analytic,c96a32d,median-body-4344-torso015-J1-root-v3,wrist_center,gripper_grasping_frame,,119.95309998746961,no exact or boundary-refined wrist branch met strict wrist-center/orientation/SEW tolerances,,,,,,,,,,,,,,,oracle_inconclusive
438,tiago_sew,NUMERICAL_FAILURE,tiago_semi_analytic,c96a32d,median-body-4344-torso015-J1-root-v3,wrist_center,gripper_grasping_frame,,132.53120006993413,no exact or boundary-refined wrist branch met strict wrist-center/orientation/SEW tolerances,,,,,,,,,,,,,,,oracle_inconclusive
439,tiago_sew,NUMERICAL_FAILURE,tiago_semi_analytic,c96a32d,median-body-4344-torso015-J1-root-v3,wrist_center,gripper_grasping_frame,,129.67549997847527,no exact or boundary-refined wrist branch met strict wrist-center/orientation/SEW tolerances,,,,,,,,,,,,,,,oracle_inconclusive
440,tiago_sew,NUMERICAL_FAILURE,tiago_semi_analytic,c96a32d,median-body-4344-torso015-J1-root-v3,wrist_center,gripper_grasping_frame,,129.44519997108728,no exact or boundary-refined wrist branch met strict wrist-center/orientation/SEW tolerances,,,,,,,,,,,,,,,oracle_inconclusive
441,tiago_sew,NUMERICAL_FAILURE,tiago_semi_analytic,c96a32d,median-body-4344-torso015-J1-root-v3,wrist_center,gripper_grasping_frame,,128.51640000008047,no exact or boundary-refined wrist branch met strict wrist-center/orientation/SEW tolerances,,,,,,,,,,,,,,,oracle_inconclusive
442,tiago_sew,NUMERICAL_FAILURE,tiago_semi_analytic,c96a32d,median-body-4344-torso015-J1-root-v3,wrist_center,gripper_grasping_frame,,129.74070000927895,no exact or boundary-refined wrist branch met strict wrist-center/orientation/SEW tolerances,,,,,,,,,,,,,,,oracle_inconclusive
443,tiago_sew,NUMERICAL_FAILURE,tiago_semi_analytic,c96a32d,median-body-4344-torso015-J1-root-v3,wrist_center,gripper_grasping_frame,,129.94579994119704,no exact or boundary-refined wrist branch met strict wrist-center/orientation/SEW tolerances,,,,,,,,,,,,,,,oracle_inconclusive
444,tiago_sew,NUMERICAL_FAILURE,tiago_semi_analytic,c96a32d,median-body-4344-torso015-J1-root-v3,wrist_center,gripper_grasping_frame,,118.58800007030368,no exact or boundary-refined wrist branch met strict wrist-center/orientation/SEW tolerances,,,,,,,,,,,,,,,oracle_inconclusive
445,tiago_sew,NUMERICAL_FAILURE,tiago_semi_analytic,c96a32d,median-body-4344-torso015-J1-root-v3,wrist_center,gripper_grasping_frame,,118.40349994599819,no exact or boundary-refined wrist branch met strict wrist-center/orientation/SEW tolerances,,,,,,,,,,,,,,,oracle_inconclusive
446,tiago_sew,NUMERICAL_FAILURE,tiago_semi_analytic,c96a32d,median-body-4344-torso015-J1-root-v3,wrist_center,gripper_grasping_frame,,118.28670010436326,no exact or boundary-refined wrist branch met strict wrist-center/orientation/SEW tolerances,,,,,,,,,,,,,,,oracle_inconclusive
447,tiago_sew,NUMERICAL_FAILURE,tiago_semi_analytic,c96a32d,median-body-4344-torso015-J1-root-v3,wrist_center,gripper_grasping_frame,,118.81929996889085,no exact or boundary-refined wrist branch met strict wrist-center/orientation/SEW tolerances,,,,,,,,,,,,,,,oracle_inconclusive
448,tiago_sew,NUMERICAL_FAILURE,tiago_semi_analytic,c96a32d,median-body-4344-torso015-J1-root-v3,wrist_center,gripper_grasping_frame,,119.65719994623214,no exact or boundary-refined wrist branch met strict wrist-center/orientation/SEW tolerances,,,,,,,,,,,,,,,oracle_inconclusive
449,tiago_sew,NUMERICAL_FAILURE,tiago_semi_analytic,c96a32d,median-body-4344-torso015-J1-root-v3,wrist_center,gripper_grasping_frame,,120.81530003342777,no exact or boundary-refined wrist branch met strict wrist-center/orientation/SEW tolerances,,,,,,,,,,,,,,,oracle_inconclusive
450,tiago_sew,NUMERICAL_FAILURE,tiago_semi_analytic,c96a32d,median-body-4344-torso015-J1-root-v3,wrist_center,gripper_grasping_frame,,121.77490000613034,no exact or boundary-refined wrist branch met strict wrist-center/orientation/SEW tolerances,,,,,,,,,,,,,,,oracle_inconclusive
451,tiago_sew,NUMERICAL_FAILURE,tiago_semi_analytic,c96a32d,median-body-4344-torso015-J1-root-v3,wrist_center,gripper_grasping_frame,,122.55069997627288,no exact or boundary-refined wrist branch met strict wrist-center/orientation/SEW tolerances,,,,,,,,,,,,,,,oracle_inconclusive
452,tiago_sew,NUMERICAL_FAILURE,tiago_semi_analytic,c96a32d,median-body-4344-torso015-J1-root-v3,wrist_center,gripper_grasping_frame,,123.25579999014735,no exact or boundary-refined wrist branch met strict wrist-center/orientation/SEW tolerances,,,,,,,,,,,,,,,oracle_inconclusive
453,tiago_sew,NUMERICAL_FAILURE,tiago_semi_analytic,c96a32d,median-body-4344-torso015-J1-root-v3,wrist_center,gripper_grasping_frame,,124.6839000377804,no exact or boundary-refined wrist branch met strict wrist-center/orientation/SEW tolerances,,,,,,,,,,,,,,,oracle_inconclusive
454,tiago_sew,NUMERICAL_FAILURE,tiago_semi_analytic,c96a32d,median-body-4344-torso015-J1-root-v3,wrist_center,gripper_grasping_frame,,115.81310001201928,no exact or boundary-refined wrist branch met strict wrist-center/orientation/SEW tolerances,,,,,,,,,,,,,,,oracle_inconclusive
455,tiago_sew,NUMERICAL_FAILURE,tiago_semi_analytic,c96a32d,median-body-4344-torso015-J1-root-v3,wrist_center,gripper_grasping_frame,,114.1828999388963,no exact or boundary-refined wrist branch met strict wrist-center/orientation/SEW tolerances,,,,,,,,,,,,,,,oracle_inconclusive
456,tiago_sew,NUMERICAL_FAILURE,tiago_semi_analytic,c96a32d,median-body-4344-torso015-J1-root-v3,wrist_center,gripper_grasping_frame,,114.79060002602637,no exact or boundary-refined wrist branch met strict wrist-center/orientation/SEW tolerances,,,,,,,,,,,,,,,oracle_inconclusive
457,tiago_sew,NUMERICAL_FAILURE,tiago_semi_analytic,c96a32d,median-body-4344-torso015-J1-root-v3,wrist_center,gripper_grasping_frame,,114.39150001388043,no exact or boundary-refined wrist branch met strict wrist-center/orientation/SEW tolerances,,,,,,,,,,,,,,,oracle_inconclusive
458,tiago_sew,NUMERICAL_FAILURE,tiago_semi_analytic,c96a32d,median-body-4344-torso015-J1-root-v3,wrist_center,gripper_grasping_frame,,113.45689999870956,no exact or boundary-refined wrist branch met strict wrist-center/orientation/SEW tolerances,,,,,,,,,,,,,,,oracle_inconclusive
459,tiago_sew,NUMERICAL_FAILURE,tiago_semi_analytic,c96a32d,median-body-4344-torso015-J1-root-v3,wrist_center,gripper_grasping_frame,,109.74510002415627,no exact or boundary-refined wrist branch met strict wrist-center/orientation/SEW tolerances,,,,,,,,,,,,,,,oracle_inconclusive
460,tiago_sew,NUMERICAL_FAILURE,tiago_semi_analytic,c96a32d,median-body-4344-torso015-J1-root-v3,wrist_center,gripper_grasping_frame,,123.21330001577735,no exact or boundary-refined wrist branch met strict wrist-center/orientation/SEW tolerances,,,,,,,,,,,,,,,oracle_inconclusive
461,tiago_sew,NUMERICAL_FAILURE,tiago_semi_analytic,c96a32d,median-body-4344-torso015-J1-root-v3,wrist_center,gripper_grasping_frame,,119.21610007993877,no exact or boundary-refined wrist branch met strict wrist-center/orientation/SEW tolerances,,,,,,,,,,,,,,,oracle_inconclusive
462,tiago_sew,NUMERICAL_FAILURE,tiago_semi_analytic,c96a32d,median-body-4344-torso015-J1-root-v3,wrist_center,gripper_grasping_frame,,119.81049994938076,no exact or boundary-refined wrist branch met strict wrist-center/orientation/SEW tolerances,,,,,,,,,,,,,,,oracle_inconclusive
463,tiago_sew,NUMERICAL_FAILURE,tiago_semi_analytic,c96a32d,median-body-4344-torso015-J1-root-v3,wrist_center,gripper_grasping_frame,,110.59900000691414,no exact or boundary-refined wrist branch met strict wrist-center/orientation/SEW tolerances,,,,,,,,,,,,,,,oracle_inconclusive
464,tiago_sew,NUMERICAL_FAILURE,tiago_semi_analytic,c96a32d,median-body-4344-torso015-J1-root-v3,wrist_center,gripper_grasping_frame,,110.07309996057302,no exact or boundary-refined wrist branch met strict wrist-center/orientation/SEW tolerances,,,,,,,,,,,,,,,oracle_inconclusive
465,tiago_sew,NUMERICAL_FAILURE,tiago_semi_analytic,c96a32d,median-body-4344-torso015-J1-root-v3,wrist_center,gripper_grasping_frame,,110.26610003318638,no exact or boundary-refined wrist branch met strict wrist-center/orientation/SEW tolerances,,,,,,,,,,,,,,,oracle_inconclusive
466,tiago_sew,NUMERICAL_FAILURE,tiago_semi_analytic,c96a32d,median-body-4344-torso015-J1-root-v3,wrist_center,gripper_grasping_frame,,111.04949994478375,no exact or boundary-refined wrist branch met strict wrist-center/orientation/SEW tolerances,,,,,,,,,,,,,,,oracle_inconclusive
467,tiago_sew,NUMERICAL_FAILURE,tiago_semi_analytic,c96a32d,median-body-4344-torso015-J1-root-v3,wrist_center,gripper_grasping_frame,,112.6014000037685,no exact or boundary-refined wrist branch met strict wrist-center/orientation/SEW tolerances,,,,,,,,,,,,,,,oracle_inconclusive
468,tiago_sew,NUMERICAL_FAILURE,tiago_semi_analytic,c96a32d,median-body-4344-torso015-J1-root-v3,wrist_center,gripper_grasping_frame,,113.77960001118481,no exact or boundary-refined wrist branch met strict wrist-center/orientation/SEW tolerances,,,,,,,,,,,,,,,oracle_inconclusive
469,tiago_sew,NUMERICAL_FAILURE,tiago_semi_analytic,c96a32d,median-body-4344-torso015-J1-root-v3,wrist_center,gripper_grasping_frame,,112.11890005506575,no exact or boundary-refined wrist branch met strict wrist-center/orientation/SEW tolerances,,,,,,,,,,,,,,,oracle_inconclusive
470,tiago_sew,NUMERICAL_FAILURE,tiago_semi_analytic,c96a32d,median-body-4344-torso015-J1-root-v3,wrist_center,gripper_grasping_frame,,115.24610000196844,no exact or boundary-refined wrist branch met strict wrist-center/orientation/SEW tolerances,,,,,,,,,,,,,,,oracle_inconclusive
471,tiago_sew,NUMERICAL_FAILURE,tiago_semi_analytic,c96a32d,median-body-4344-torso015-J1-root-v3,wrist_center,gripper_grasping_frame,,116.18140002246946,no exact or boundary-refined wrist branch met strict wrist-center/orientation/SEW tolerances,,,,,,,,,,,,,,,oracle_inconclusive
472,tiago_sew,NUMERICAL_FAILURE,tiago_semi_analytic,c96a32d,median-body-4344-torso015-J1-root-v3,wrist_center,gripper_grasping_frame,,116.31630000192672,no exact or boundary-refined wrist branch met strict wrist-center/orientation/SEW tolerances,,,,,,,,,,,,,,,oracle_inconclusive
473,tiago_sew,NUMERICAL_FAILURE,tiago_semi_analytic,c96a32d,median-body-4344-torso015-J1-root-v3,wrist_center,gripper_grasping_frame,,118.51669999305159,no exact or boundary-refined wrist branch met strict wrist-center/orientation/SEW tolerances,,,,,,,,,,,,,,,oracle_inconclusive
474,tiago_sew,NUMERICAL_FAILURE,tiago_semi_analytic,c96a32d,median-body-4344-torso015-J1-root-v3,wrist_center,gripper_grasping_frame,,117.40370001643896,no exact or boundary-refined wrist branch met strict wrist-center/orientation/SEW tolerances,,,,,,,,,,,,,,,oracle_inconclusive
475,tiago_sew,NUMERICAL_FAILURE,tiago_semi_analytic,c96a32d,median-body-4344-torso015-J1-root-v3,wrist_center,gripper_grasping_frame,,118.59610001556575,no exact or boundary-refined wrist branch met strict wrist-center/orientation/SEW tolerances,,,,,,,,,,,,,,,oracle_inconclusive
476,tiago_sew,NUMERICAL_FAILURE,tiago_semi_analytic,c96a32d,median-body-4344-torso015-J1-root-v3,wrist_center,gripper_grasping_frame,,118.04700002539903,no exact or boundary-refined wrist branch met strict wrist-center/orientation/SEW tolerances,,,,,,,,,,,,,,,oracle_inconclusive
477,tiago_sew,NUMERICAL_FAILURE,tiago_semi_analytic,c96a32d,median-body-4344-torso015-J1-root-v3,wrist_center,gripper_grasping_frame,,118.81770007312298,no exact or boundary-refined wrist branch met strict wrist-center/orientation/SEW tolerances,,,,,,,,,,,,,,,oracle_inconclusive
478,tiago_sew,NUMERICAL_FAILURE,tiago_semi_analytic,c96a32d,median-body-4344-torso015-J1-root-v3,wrist_center,gripper_grasping_frame,,120.36930001340806,no exact or boundary-refined wrist branch met strict wrist-center/orientation/SEW tolerances,,,,,,,,,,,,,,,oracle_inconclusive
479,tiago_sew,NUMERICAL_FAILURE,tiago_semi_analytic,c96a32d,median-body-4344-torso015-J1-root-v3,wrist_center,gripper_grasping_frame,,123.11939999926835,no exact or boundary-refined wrist branch met strict wrist-center/orientation/SEW tolerances,,,,,,,,,,,,,,,oracle_inconclusive
480,tiago_sew,NUMERICAL_FAILURE,tiago_semi_analytic,c96a32d,median-body-4344-torso015-J1-root-v3,wrist_center,gripper_grasping_frame,,122.76000005658716,no exact or boundary-refined wrist branch met strict wrist-center/orientation/SEW tolerances,,,,,,,,,,,,,,,oracle_inconclusive
481,tiago_sew,NUMERICAL_FAILURE,tiago_semi_analytic,c96a32d,median-body-4344-torso015-J1-root-v3,wrist_center,gripper_grasping_frame,,124.042599927634,no exact or boundary-refined wrist branch met strict wrist-center/orientation/SEW tolerances,,,,,,,,,,,,,,,oracle_inconclusive
482,tiago_sew,NUMERICAL_FAILURE,tiago_semi_analytic,c96a32d,median-body-4344-torso015-J1-root-v3,wrist_center,gripper_grasping_frame,,124.74840006325394,no exact or boundary-refined wrist branch met strict wrist-center/orientation/SEW tolerances,,,,,,,,,,,,,,,oracle_inconclusive
483,tiago_sew,NUMERICAL_FAILURE,tiago_semi_analytic,c96a32d,median-body-4344-torso015-J1-root-v3,wrist_center,gripper_grasping_frame,,126.5642000362277,no exact or boundary-refined wrist branch met strict wrist-center/orientation/SEW tolerances,,,,,,,,,,,,,,,oracle_inconclusive
484,tiago_sew,NUMERICAL_FAILURE,tiago_semi_analytic,c96a32d,median-body-4344-torso015-J1-root-v3,wrist_center,gripper_grasping_frame,,128.10899992473423,no exact or boundary-refined wrist branch met strict wrist-center/orientation/SEW tolerances,,,,,,,,,,,,,,,oracle_inconclusive
485,tiago_sew,NUMERICAL_FAILURE,tiago_semi_analytic,c96a32d,median-body-4344-torso015-J1-root-v3,wrist_center,gripper_grasping_frame,,128.8750000530854,no exact or boundary-refined wrist branch met strict wrist-center/orientation/SEW tolerances,,,,,,,,,,,,,,,oracle_inconclusive
486,tiago_sew,NUMERICAL_FAILURE,tiago_semi_analytic,c96a32d,median-body-4344-torso015-J1-root-v3,wrist_center,gripper_grasping_frame,,130.358999944292,no exact or boundary-refined wrist branch met strict wrist-center/orientation/SEW tolerances,,,,,,,,,,,,,,,oracle_inconclusive
487,tiago_sew,NUMERICAL_FAILURE,tiago_semi_analytic,c96a32d,median-body-4344-torso015-J1-root-v3,wrist_center,gripper_grasping_frame,,132.78939994052052,no exact or boundary-refined wrist branch met strict wrist-center/orientation/SEW tolerances,,,,,,,,,,,,,,,oracle_inconclusive
488,tiago_sew,NUMERICAL_FAILURE,tiago_semi_analytic,c96a32d,median-body-4344-torso015-J1-root-v3,wrist_center,gripper_grasping_frame,,136.06440008152276,no exact or boundary-refined wrist branch met strict wrist-center/orientation/SEW tolerances,,,,,,,,,,,,,,,oracle_inconclusive
489,tiago_sew,NUMERICAL_FAILURE,tiago_semi_analytic,c96a32d,median-body-4344-torso015-J1-root-v3,wrist_center,gripper_grasping_frame,,138.21449992246926,no exact or boundary-refined wrist branch met strict wrist-center/orientation/SEW tolerances,,,,,,,,,,,,,,,oracle_inconclusive
490,tiago_sew,NUMERICAL_FAILURE,tiago_semi_analytic,c96a32d,median-body-4344-torso015-J1-root-v3,wrist_center,gripper_grasping_frame,,141.23240008484572,no exact or boundary-refined wrist branch met strict wrist-center/orientation/SEW tolerances,,,,,,,,,,,,,,,oracle_inconclusive
491,tiago_sew,NUMERICAL_FAILURE,tiago_semi_analytic,c96a32d,median-body-4344-torso015-J1-root-v3,wrist_center,gripper_grasping_frame,,140.80940000712872,no exact or boundary-refined wrist branch met strict wrist-center/orientation/SEW tolerances,,,,,,,,,,,,,,,oracle_inconclusive
492,tiago_sew,NUMERICAL_FAILURE,tiago_semi_analytic,c96a32d,median-body-4344-torso015-J1-root-v3,wrist_center,gripper_grasping_frame,,141.02980005554855,no exact or boundary-refined wrist branch met strict wrist-center/orientation/SEW tolerances,,,,,,,,,,,,,,,oracle_inconclusive
493,tiago_sew,NUMERICAL_FAILURE,tiago_semi_analytic,c96a32d,median-body-4344-torso015-J1-root-v3,wrist_center,gripper_grasping_frame,,145.59800003189594,no exact or boundary-refined wrist branch met strict wrist-center/orientation/SEW tolerances,,,,,,,,,,,,,,,oracle_inconclusive
494,tiago_sew,NUMERICAL_FAILURE,tiago_semi_analytic,c96a32d,median-body-4344-torso015-J1-root-v3,wrist_center,gripper_grasping_frame,,150.671900017187,no exact or boundary-refined wrist branch met strict wrist-center/orientation/SEW tolerances,,,,,,,,,,,,,,,oracle_inconclusive
495,tiago_sew,NUMERICAL_FAILURE,tiago_semi_analytic,c96a32d,median-body-4344-torso015-J1-root-v3,wrist_center,gripper_grasping_frame,,152.1558000240475,no exact or boundary-refined wrist branch met strict wrist-center/orientation/SEW tolerances,,,,,,,,,,,,,,,oracle_inconclusive
496,tiago_sew,NUMERICAL_FAILURE,tiago_semi_analytic,c96a32d,median-body-4344-torso015-J1-root-v3,wrist_center,gripper_grasping_frame,,152.14250003919005,no exact or boundary-refined wrist branch met strict wrist-center/orientation/SEW tolerances,,,,,,,,,,,,,,,oracle_inconclusive
497,tiago_sew,NUMERICAL_FAILURE,tiago_semi_analytic,c96a32d,median-body-4344-torso015-J1-root-v3,wrist_center,gripper_grasping_frame,,154.39419995527714,no exact or boundary-refined wrist branch met strict wrist-center/orientation/SEW tolerances,,,,,,,,,,,,,,,oracle_inconclusive
498,tiago_sew,NUMERICAL_FAILURE,tiago_semi_analytic,c96a32d,median-body-4344-torso015-J1-root-v3,wrist_center,gripper_grasping_frame,,159.2995000537485,no exact or boundary-refined wrist branch met strict wrist-center/orientation/SEW tolerances,,,,,,,,,,,,,,,oracle_inconclusive
499,tiago_sew,NUMERICAL_FAILURE,tiago_semi_analytic,c96a32d,median-body-4344-torso015-J1-root-v3,wrist_center,gripper_grasping_frame,,186.52769993059337,no exact or boundary-refined wrist branch met strict wrist-center/orientation/SEW tolerances,,,,,,,,,,,,,,,oracle_inconclusive
