frame,method,status,backend,calibration_revision,position_frame,orientation_frame,solve_time_ms,iterations,attempts,message,arm_right_1_joint,arm_right_2_joint,arm_right_3_joint,arm_right_4_joint,arm_right_5_joint,arm_right_6_joint,arm_right_7_joint,position_error_mm,orientation_error_deg,sew_error_deg,joint_limit_margin_deg,j5_margin_deg,j6_margin_deg,j7_margin_deg,classification
0,tiago_pro_7d,SUCCESS_EXACT,pro_7d_cpp,pro-rx90-y020-v1,arm_right_tool_link,gripper_right_grasping_link,0.6093999836593866,95,4,strict MuJoCo-validated Pro 7D solution,-2.9695363945810893,-1.3547112079165917,-1.6954618317900736,-1.7665724484027803,-1.505880878252702,-1.7981761067403068,0.4329415771766418,0.9202816468499135,0.12665695829999887,0.005002072990862316,3.7193812266664206,3.7193812266664206,4.972098262514597,115.19427485204102,reachable_success
1,tiago_pro_7d,SUCCESS_EXACT,pro_7d_cpp,pro-rx90-y020-v1,arm_right_tool_link,gripper_right_grasping_link,0.26050000451505184,0,1,strict MuJoCo-validated Pro 7D solution,-2.96593532578855,-1.3552842335778217,-1.6985608414028448,-1.7649203506929962,-1.4873639159256298,-1.789476476009004,0.4337491977201665,0.019824019828743693,0.0062049296402192705,0.002200168489855616,4.780325017410402,4.780325017410402,5.470550386740554,115.14800160344898,reachable_success
2,tiago_pro_7d,SUCCESS_EXACT,pro_7d_cpp,pro-rx90-y020-v1,arm_right_tool_link,gripper_right_grasping_link,0.2337999176234007,0,1,strict MuJoCo-validated Pro 7D solution,-2.9621191237614943,-1.3549992231712664,-1.70318927033605,-1.7667653077860959,-1.468948412473349,-1.781328655931004,0.43985673852176776,0.021643223318407453,0.009021000056859109,0.0020598404748810905,5.835455642834691,5.835455642834691,5.937386089441912,114.79806529231327,reachable_success
3,tiago_pro_7d,SUCCESS_EXACT,pro_7d_cpp,pro-rx90-y020-v1,arm_right_tool_link,gripper_right_grasping_link,0.2324000233784318,0,1,strict MuJoCo-validated Pro 7D solution,-2.958274280870399,-1.3539350813510622,-1.7092118592646397,-1.7677778720471102,-1.446964271999748,-1.7705668255814133,0.44691484318435226,0.027813479467326388,0.012725149926840913,0.003286163270813766,6.553993548309256,7.095054108194762,6.553993548309256,114.39366568378558,reachable_success
4,tiago_pro_7d,SUCCESS_EXACT,pro_7d_cpp,pro-rx90-y020-v1,arm_right_tool_link,gripper_right_grasping_link,0.23140001576393843,0,1,strict MuJoCo-validated Pro 7D solution,-2.953164515147796,-1.3528433403958458,-1.7161704224572647,-1.7692424193758254,-1.4304310134777385,-1.7614097483319069,0.4574948694944556,0.023844205920698816,0.010633137047295021,0.0017796650691857304,7.078655427381238,8.042340043104607,7.078655427381238,113.78747482907929,reachable_success
5,tiago_pro_7d,SUCCESS_EXACT,pro_7d_cpp,pro-rx90-y020-v1,arm_right_tool_link,gripper_right_grasping_link,0.2250999677926302,0,1,strict MuJoCo-validated Pro 7D solution,-2.9481656032603936,-1.3511590393187036,-1.7234334735998442,-1.771349220878961,-1.4138347810819671,-1.7515517910192226,0.4647585654232796,0.025069192710518662,0.010277773653131993,0.00194276486986025,7.643474776018173,8.993234115200595,7.643474776018173,113.37129570869132,reachable_success
6,tiago_pro_7d,SUCCESS_EXACT,pro_7d_cpp,pro-rx90-y020-v1,arm_right_tool_link,gripper_right_grasping_link,0.22169994190335274,0,1,strict MuJoCo-validated Pro 7D solution,-2.943745313407344,-1.35113224762153,-1.728531540895294,-1.7744076744902593,-1.3980050897484155,-1.7412157644696866,0.4705566801931784,0.025647109686688915,0.009514914036547672,0.0020363864237145993,8.235685474241754,9.90020861960792,8.235685474241754,113.03908820324365,reachable_success
7,tiago_pro_7d,SUCCESS_EXACT,pro_7d_cpp,pro-rx90-y020-v1,arm_right_tool_link,gripper_right_grasping_link,0.22639997769147158,0,1,strict MuJoCo-validated Pro 7D solution,-2.9378468151924633,-1.3486199723512902,-1.7372292444915047,-1.7780829098634297,-1.3890474486378175,-1.731178097610271,0.47505183723109595,0.027735724714061504,0.006185121407336682,0.0007355882738472995,8.8108014214446,10.413443649638067,8.8108014214446,112.78153467672246,reachable_success
8,tiago_pro_7d,SUCCESS_EXACT,pro_7d_cpp,pro-rx90-y020-v1,arm_right_tool_link,gripper_right_grasping_link,0.23170001804828644,0,1,strict MuJoCo-validated Pro 7D solution,-2.9300141499636116,-1.3496933773812487,-1.7456868206434961,-1.7783028256740046,-1.3761906664646564,-1.720903559544555,0.47777313703646657,0.03178016145658363,0.008247386970590858,0.0008120514188108539,9.39948908905664,11.150083006279234,9.39948908905664,112.62561568308493,reachable_success
9,tiago_pro_7d,SUCCESS_EXACT,pro_7d_cpp,pro-rx90-y020-v1,arm_right_tool_link,gripper_right_grasping_link,0.22060004994273186,0,1,strict MuJoCo-validated Pro 7D solution,-2.9231293637155407,-1.3482012509749965,-1.7543954303180418,-1.7813335115916638,-1.3628712440133377,-1.7080747156360048,0.4820356777843819,0.03434027419640287,0.01005509952944368,0.0016810481950779918,10.134527701048683,11.913229698291586,10.134527701048683,112.38139008822685,reachable_success
10,tiago_pro_7d,SUCCESS_EXACT,pro_7d_cpp,pro-rx90-y020-v1,arm_right_tool_link,gripper_right_grasping_link,0.21660001948475838,0,1,strict MuJoCo-validated Pro 7D solution,-2.916011358899982,-1.3475594576938723,-1.7627238410419026,-1.7837478215709157,-1.3538691115905923,-1.697563229082911,0.48869593557157126,0.028350712425249662,0.006566167150324474,0.0005687197947208357,10.736791516949472,12.429013892732776,10.736791516949472,111.99978542655177,reachable_success
11,tiago_pro_7d,SUCCESS_EXACT,pro_7d_cpp,pro-rx90-y020-v1,arm_right_tool_link,gripper_right_grasping_link,0.21780002862215042,0,1,strict MuJoCo-validated Pro 7D solution,-2.909187342690592,-1.3468196947682054,-1.7710966462182254,-1.7848651960476571,-1.3392347242525622,-1.6816317450445477,0.49292620717662106,0.0330899420383049,0.011652758132431006,0.002735991819872071,11.649598313727727,13.267502522961594,11.649598313727727,111.75740871738839,reachable_success
12,tiago_pro_7d,SUCCESS_EXACT,pro_7d_cpp,pro-rx90-y020-v1,arm_right_tool_link,gripper_right_grasping_link,0.23110001347959042,0,1,strict MuJoCo-validated Pro 7D solution,-2.9019668742251565,-1.3455352566459253,-1.7798930682470617,-1.7863778737635154,-1.3243984353907137,-1.6670923382869154,0.49919551664957734,0.03353503520015295,0.011782699185437463,0.00227537868008529,12.482644957564048,14.117559258382466,12.482644957564048,111.39820374412659,reachable_success
13,tiago_pro_7d,SUCCESS_EXACT,pro_7d_cpp,pro-rx90-y020-v1,arm_right_tool_link,gripper_right_grasping_link,0.2210000529885292,0,1,strict MuJoCo-validated Pro 7D solution,-2.8939644431726568,-1.3432253058069046,-1.7899735179808611,-1.7879364768747952,-1.3139789642987523,-1.6540967565094877,0.505993989063395,0.03191087489761954,0.008234372813136765,0.000973815762918722,13.227236945727773,14.71455097671042,13.227236945727773,111.00867996767873,reachable_success
14,tiago_pro_7d,SUCCESS_EXACT,pro_7d_cpp,pro-rx90-y020-v1,arm_right_tool_link,gripper_right_grasping_link,0.2223999472334981,0,1,strict MuJoCo-validated Pro 7D solution,-2.885943960071979,-1.3430335115213825,-1.798651949523847,-1.7897444791448733,-1.3020585638904494,-1.6414950269809767,0.51372107879971,0.0339765478683795,0.009631245608692713,0.0011096367300588914,13.94926286227684,15.397539610212199,13.94926286227684,110.56595033786903,reachable_success
15,tiago_pro_7d,SUCCESS_EXACT,pro_7d_cpp,pro-rx90-y020-v1,arm_right_tool_link,gripper_right_grasping_link,0.21860003471374512,0,1,strict MuJoCo-validated Pro 7D solution,-2.8769525335672133,-1.34167047596007,-1.8079440537330644,-1.7902121759858027,-1.2871478028398353,-1.624990839411642,0.5200822876168074,0.037205512825401965,0.012661953521522273,0.002373625731533442,14.894883154292,16.251863287740438,14.894883154292,110.20147992004793,reachable_success
16,tiago_pro_7d,SUCCESS_EXACT,pro_7d_cpp,pro-rx90-y020-v1,arm_right_tool_link,gripper_right_grasping_link,0.21630001720041037,0,1,strict MuJoCo-validated Pro 7D solution,-2.868149523181349,-1.3417116590752338,-1.8172405975579367,-1.7917344618065636,-1.278420015647243,-1.6145583041711973,0.5286925142646797,0.032674920905975596,0.007005444813645004,7.081702319890958e-06,15.492623393190977,16.751928658364314,15.492623393190977,109.70815027247377,reachable_success
17,tiago_pro_7d,SUCCESS_EXACT,pro_7d_cpp,pro-rx90-y020-v1,arm_right_tool_link,gripper_right_grasping_link,0.2305000089108944,0,1,strict MuJoCo-validated Pro 7D solution,-2.8581897879585503,-1.3391940825284894,-1.8294593614094297,-1.7920860254652213,-1.2659649660249557,-1.6003851164845693,0.5338936962046112,0.040458105155255816,0.010824354341635022,0.000858683609500997,16.304687229881548,17.465550435347385,16.304687229881548,109.41014449883603,reachable_success
18,tiago_pro_7d,SUCCESS_EXACT,pro_7d_cpp,pro-rx90-y020-v1,arm_right_tool_link,gripper_right_grasping_link,0.22179994266480207,0,1,strict MuJoCo-validated Pro 7D solution,-2.848787205255997,-1.339277307555192,-1.8403521466223334,-1.7928251226356804,-1.258659128552166,-1.5882152687891595,0.5383950281131497,0.035076534190798446,0.006276758273103444,0.00020552916897980937,17.00196814014554,17.88414408834676,17.00196814014554,109.15223717828921,reachable_success
19,tiago_pro_7d,SUCCESS_EXACT,pro_7d_cpp,pro-rx90-y020-v1,arm_right_tool_link,gripper_right_grasping_link,0.21760002709925175,0,1,strict MuJoCo-validated Pro 7D solution,-2.8394426088237665,-1.3378236867267326,-1.8503660430896556,-1.7932494762414568,-1.2481313770386893,-1.5727876068834368,0.539773306858905,0.032428410347245605,0.008429824651143019,0.001154442977842847,17.88590805509821,18.48733981783144,17.88590805509821,109.07326762316485,reachable_success
20,tiago_pro_7d,SUCCESS_EXACT,pro_7d_cpp,pro-rx90-y020-v1,arm_right_tool_link,gripper_right_grasping_link,0.21590001415461302,0,1,strict MuJoCo-validated Pro 7D solution,-2.829788516510971,-1.3348278074607909,-1.863000341179433,-1.7936836394084232,-1.2397842616863333,-1.5563433496945984,0.5428052099578733,0.037372134995939235,0.007783850111760167,0.0007955141546417983,18.82809458924631,18.965594298630293,18.82809458924631,108.89955237170133,reachable_success
21,tiago_pro_7d,SUCCESS_EXACT,pro_7d_cpp,pro-rx90-y020-v1,arm_right_tool_link,gripper_right_grasping_link,0.21780002862215042,0,1,strict MuJoCo-validated Pro 7D solution,-2.8196964189071587,-1.3352154066116926,-1.8737168444006709,-1.7938995965257774,-1.2347790900185442,-1.5445432166683655,0.5489915309140266,0.032886418770025044,0.004642043214356869,0.0007720182629476946,19.252369510933057,19.252369510933057,19.504192409342394,108.54510229020042,reachable_success
22,tiago_pro_7d,SUCCESS_EXACT,pro_7d_cpp,pro-rx90-y020-v1,arm_right_tool_link,gripper_right_grasping_link,0.22799998987466097,0,1,strict MuJoCo-validated Pro 7D solution,-2.809461063914759,-1.3330058398700917,-1.885311369105062,-1.7936738075828382,-1.2274478480053765,-1.5280636852113254,0.5526800584768068,0.03247949273349969,0.006451139447438994,0.0005774312383477238,19.672418736876562,19.672418736876562,20.448400010183864,108.33376522823542,reachable_success
23,tiago_pro_7d,SUCCESS_EXACT,pro_7d_cpp,pro-rx90-y020-v1,arm_right_tool_link,gripper_right_grasping_link,0.2226999495178461,0,1,strict MuJoCo-validated Pro 7D solution,-2.7984284088337046,-1.3325807154914324,-1.8973776304273047,-1.7930545270324305,-1.2220452935955435,-1.5167799063025451,0.5585057089920369,0.03489811644390573,0.005339928971461267,0.001214607657176385,19.981962303149785,19.981962303149785,21.09491291861571,107.99998004079453,reachable_success
24,tiago_pro_7d,SUCCESS_EXACT,pro_7d_cpp,pro-rx90-y020-v1,arm_right_tool_link,gripper_right_grasping_link,0.2196000423282385,0,1,strict MuJoCo-validated Pro 7D solution,-2.7882364295340083,-1.3324004197532544,-1.9084400946363516,-1.7925814937122249,-1.216116391788266,-1.5040362475940627,0.5594267041401515,0.03105534403217322,0.005123623156320631,0.0005402490579884932,20.321663353854273,20.321663353854273,21.82507077816689,107.94721090585554,reachable_success
25,tiago_pro_7d,SUCCESS_EXACT,pro_7d_cpp,pro-rx90-y020-v1,arm_right_tool_link,gripper_right_grasping_link,0.21900003775954247,0,1,strict MuJoCo-validated Pro 7D solution,-2.776384386785712,-1.3331485837012749,-1.9205092499231158,-1.791166021959023,-1.2111735446311698,-1.4947594039945786,0.5622505433517934,0.034940551803856704,0.0053529433718341865,0.001968095936822004,20.604867634734124,20.604867634734124,22.35659476362028,107.7854168370049,reachable_success
26,tiago_pro_7d,SUCCESS_EXACT,pro_7d_cpp,pro-rx90-y020-v1,arm_right_tool_link,gripper_right_grasping_link,0.2169000217691064,0,1,strict MuJoCo-validated Pro 7D solution,-2.7655660947017653,-1.3330033417630922,-1.9319607545986275,-1.7915635940938528,-1.2097958226866627,-1.4824981393332866,0.5660193353774874,0.03331796626591724,0.002023606464686143,0.001323589032177379,20.683805287496934,20.683805287496934,23.059113480205216,107.56948096007008,reachable_success
27,tiago_pro_7d,SUCCESS_EXACT,pro_7d_cpp,pro-rx90-y020-v1,arm_right_tool_link,gripper_right_grasping_link,0.23550004698336124,0,1,strict MuJoCo-validated Pro 7D solution,-2.753219800808152,-1.3341377275500292,-1.9436590879898052,-1.790324805612435,-1.2092323873161377,-1.4752271015353104,0.5740816711247695,0.032568578479979855,0.004249881448537726,0.0026902083459497913,20.71608775625641,20.71608775625641,23.475713258709344,107.10754314873336,reachable_success
28,tiago_pro_7d,SUCCESS_EXACT,pro_7d_cpp,pro-rx90-y020-v1,arm_right_tool_link,gripper_right_grasping_link,0.22099993657320738,0,1,strict MuJoCo-validated Pro 7D solution,-2.742857474862455,-1.3361105681986574,-1.9532251073585947,-1.7899262633019832,-1.2082092945947982,-1.4630874041978734,0.5787774152042524,0.028312390393918994,0.0018859642673132184,0.0012070940454286375,20.774706651239715,20.774706651239715,24.171266680710687,106.83849683130545,reachable_success
29,tiago_pro_7d,SUCCESS_EXACT,pro_7d_cpp,pro-rx90-y020-v1,arm_right_tool_link,gripper_right_grasping_link,0.22010004613548517,0,1,strict MuJoCo-validated Pro 7D solution,-2.7330190819118076,-1.338876218140542,-1.961687378686465,-1.7887217763260264,-1.2061529504147437,-1.4515990727419934,0.5855644864396188,0.025446220966196684,0.002767533395817529,0.0010462075233954118,20.89252649398313,20.89252649398313,24.82949958678,106.4496262942643,reachable_success
30,tiago_pro_7d,SUCCESS_EXACT,pro_7d_cpp,pro-rx90-y020-v1,arm_right_tool_link,gripper_right_grasping_link,0.22519996855407953,0,1,strict MuJoCo-validated Pro 7D solution,-2.722553902008073,-1.3406644513016013,-1.9724023787169713,-1.7864702782155297,-1.2030334471707642,-1.4405777182125574,0.5875000328971275,0.026488467806718874,0.0038131330795471096,0.0014132045245402445,21.07126086404052,21.07126086404052,25.460976685834073,106.33872765119756,reachable_success
31,tiago_pro_7d,SUCCESS_EXACT,pro_7d_cpp,pro-rx90-y020-v1,arm_right_tool_link,gripper_right_grasping_link,0.22360007278621197,0,1,strict MuJoCo-validated Pro 7D solution,-2.7118566570980227,-1.3434292357119706,-1.9814088723921313,-1.7836062578241179,-1.1968781937038449,-1.429171100333945,0.5864614625812734,0.027122083492451834,0.005003062747531533,0.0010033391046045614,21.42393090952827,21.42393090952827,26.114527748797038,106.39823334702358,reachable_success
32,tiago_pro_7d,SUCCESS_EXACT,pro_7d_cpp,pro-rx90-y020-v1,arm_right_tool_link,gripper_right_grasping_link,0.22379995789378881,0,1,strict MuJoCo-validated Pro 7D solution,-2.7003003494440483,-1.3460558173000972,-1.9914954091345578,-1.7805808772908782,-1.1946715942610555,-1.4182855353756947,0.5904771316866234,0.027641414794922558,0.003546844624896871,0.0018682541822531138,21.55035974467602,21.55035974467602,26.73822467852028,106.16815245536596,reachable_success
33,tiago_pro_7d,SUCCESS_EXACT,pro_7d_cpp,pro-rx90-y020-v1,arm_right_tool_link,gripper_right_grasping_link,0.22010004613548517,0,1,strict MuJoCo-validated Pro 7D solution,-2.690239416038927,-1.3503824905532942,-1.99951046605542,-1.7789760633105622,-1.1965532374005226,-1.408684146231042,0.5934669649206996,0.025914989180300246,0.0016044023076536309,0.0017497367709575161,21.44254953423481,21.44254953423481,27.2883437539716,105.99684762960543,reachable_success
34,tiago_pro_7d,SUCCESS_EXACT,pro_7d_cpp,pro-rx90-y020-v1,arm_right_tool_link,gripper_right_grasping_link,0.21860003471374512,0,1,strict MuJoCo-validated Pro 7D solution,-2.6797280903635485,-1.353370776200315,-2.0091522286851173,-1.7753754994595115,-1.1934853701538801,-1.399477460669868,0.5959515982456853,0.023579059110741093,0.004007519990695883,0.0017380281522619894,21.618325379573843,21.618325379573843,27.81584797993091,105.85448862644618,reachable_success
35,tiago_pro_7d,SUCCESS_EXACT,pro_7d_cpp,pro-rx90-y020-v1,arm_right_tool_link,gripper_right_grasping_link,0.22839999292045832,0,1,strict MuJoCo-validated Pro 7D solution,-2.6694190959878004,-1.3574241938096283,-2.0181167747989974,-1.7710169860712064,-1.1895510947884302,-1.3880044054256189,0.5966323298856998,0.02505299254627524,0.004449512287111505,0.0013266472253733593,21.84374275345641,21.84374275345641,28.473205623546814,105.81548557649235,reachable_success
36,tiago_pro_7d,SUCCESS_EXACT,pro_7d_cpp,pro-rx90-y020-v1,arm_right_tool_link,gripper_right_grasping_link,0.21550001110881567,0,1,strict MuJoCo-validated Pro 7D solution,-2.6579171390799394,-1.3611325954380746,-2.0279837828681155,-1.766940338696364,-1.189256315193118,-1.3771191450093192,0.602170355908731,0.026663907815499367,0.003279257958329116,0.0021535712259814297,21.86063238015438,21.86063238015438,29.096885104301602,105.49818005853903,reachable_success
37,tiago_pro_7d,SUCCESS_EXACT,pro_7d_cpp,pro-rx90-y020-v1,arm_right_tool_link,gripper_right_grasping_link,0.21799991372972727,0,1,strict MuJoCo-validated Pro 7D solution,-2.647036232799969,-1.3655037775542946,-2.036668449995902,-1.762887339644881,-1.1899662642636724,-1.367782147120017,0.6050170308404532,0.02498906922431876,0.002842781196893614,0.0021468917348508904,21.819955294742375,21.819955294742375,29.631855676681184,105.33507759930566,reachable_success
38,tiago_pro_7d,SUCCESS_EXACT,pro_7d_cpp,pro-rx90-y020-v1,arm_right_tool_link,gripper_right_grasping_link,0.2172999083995819,0,1,strict MuJoCo-validated Pro 7D solution,-2.636262278059994,-1.3701799557845198,-2.045209183289277,-1.759042897608219,-1.1922729736618805,-1.3588984951628529,0.6107375879371115,0.024941298739202103,0.002594851585533229,0.002261954354218836,21.68779058166189,21.68779058166189,30.140851440489815,105.00731382120352,reachable_success
39,tiago_pro_7d,SUCCESS_EXACT,pro_7d_cpp,pro-rx90-y020-v1,arm_right_tool_link,gripper_right_grasping_link,0.2191999228671193,0,1,strict MuJoCo-validated Pro 7D solution,-2.6253217510218363,-1.375167739977813,-2.053756903482568,-1.7534450127243473,-1.1892831274165991,-1.3486504036202693,0.6124218657643806,0.026668071970538113,0.004433360587725249,0.0019470902086617663,21.859096152909544,21.859096152909544,30.728023833943567,104.91081181017354,reachable_success
40,tiago_pro_7d,SUCCESS_EXACT,pro_7d_cpp,pro-rx90-y020-v1,arm_right_tool_link,gripper_right_grasping_link,0.22380007430911064,0,1,strict MuJoCo-validated Pro 7D solution,-2.612501336409219,-1.378275440498176,-2.065503119991616,-1.7478366917004022,-1.191351751743705,-1.3418956784592466,0.6165575642175346,0.025572934574706992,0.005657812360219815,0.0034287477782189314,21.740572709568294,21.740572709568294,31.115041077440992,104.67385374346902,reachable_success
41,tiago_pro_7d,SUCCESS_EXACT,pro_7d_cpp,pro-rx90-y020-v1,arm_right_tool_link,gripper_right_grasping_link,0.21740002557635307,0,1,strict MuJoCo-validated Pro 7D solution,-2.6023886517467933,-1.384637797713606,-2.0725141884144813,-1.7429660473144073,-1.1903767741256768,-1.3336446113932328,0.6187045116223884,0.028469387747837634,0.003548174978862216,0.0020972883725947403,21.796434812201024,21.796434812201024,31.58779239680298,104.55084271833435,reachable_success
42,tiago_pro_7d,SUCCESS_EXACT,pro_7d_cpp,pro-rx90-y020-v1,arm_right_tool_link,gripper_right_grasping_link,0.21959992591291666,0,1,strict MuJoCo-validated Pro 7D solution,-2.5915303986236737,-1.3895805852619687,-2.080923358474382,-1.7373171828077572,-1.1886606161991673,-1.3236820715806985,0.6204588260136621,0.025079154169972827,0.0038825426648390875,0.002037185882087111,21.89476341836794,21.89476341836794,32.158603881292244,104.4503279077753,reachable_success
43,tiago_pro_7d,SUCCESS_EXACT,pro_7d_cpp,pro-rx90-y020-v1,arm_right_tool_link,gripper_right_grasping_link,0.2180999144911766,0,1,strict MuJoCo-validated Pro 7D solution,-2.579502292755164,-1.393419762203004,-2.09190674543107,-1.7310741413890836,-1.18800205904732,-1.3156391341596538,0.6237257373946926,0.024909537499965734,0.005459387525875181,0.002956764662935223,21.93249596373695,21.93249596373695,32.61943025040594,104.263147673599,reachable_success
44,tiago_pro_7d,SUCCESS_EXACT,pro_7d_cpp,pro-rx90-y020-v1,arm_right_tool_link,gripper_right_grasping_link,0.22629997693002224,0,1,strict MuJoCo-validated Pro 7D solution,-2.5700850263087416,-1.4008617923038487,-2.097571982826241,-1.7250241100118207,-1.1882635570821394,-1.3069859126952728,0.6259426846473883,0.028803394437016808,0.003281223950717116,0.0019797050691156494,21.91751322999083,21.91751322999083,33.11522331950699,104.13612595261641,reachable_success
45,tiago_pro_7d,SUCCESS_EXACT,pro_7d_cpp,pro-rx90-y020-v1,arm_right_tool_link,gripper_right_grasping_link,0.21780002862215042,0,1,strict MuJoCo-validated Pro 7D solution,-2.5582833525648,-1.4049122709969333,-2.1076995240064944,-1.7186687717544216,-1.1887345536315428,-1.2987527499279392,0.6287420258958747,0.023110354494438632,0.004745112828136846,0.002787124934912809,21.890527115544792,21.890527115544792,33.58694879811945,103.97573551366126,reachable_success
46,tiago_pro_7d,SUCCESS_EXACT,pro_7d_cpp,pro-rx90-y020-v1,arm_right_tool_link,gripper_right_grasping_link,0.21840003319084644,0,1,strict MuJoCo-validated Pro 7D solution,-2.5479711647695535,-1.411738018413736,-2.1146828747636937,-1.7125245813641223,-1.187684936715242,-1.290467909836126,0.6292111038426796,0.02917820143849827,0.003840345416798798,0.0023028332566697863,21.950665734954363,21.950665734954363,34.06163516932112,103.94885932704668,reachable_success
47,tiago_pro_7d,SUCCESS_EXACT,pro_7d_cpp,pro-rx90-y020-v1,arm_right_tool_link,gripper_right_grasping_link,0.22280006669461727,0,1,strict MuJoCo-validated Pro 7D solution,-2.53689578057554,-1.4172984747083581,-2.12302232053631,-1.7071062654684175,-1.1933640075277858,-1.2860292520181404,0.6336449165798612,0.023013333801361432,0.004108202054593188,0.002953159850349911,21.62527894583967,21.62527894583967,34.31595152899445,103.69482057005483,reachable_success
48,tiago_pro_7d,SUCCESS_EXACT,pro_7d_cpp,pro-rx90-y020-v1,arm_right_tool_link,gripper_right_grasping_link,0.22029993124306202,0,1,strict MuJoCo-validated Pro 7D solution,-2.5254636977193936,-1.421699086346343,-2.133513163629563,-1.6992395998644858,-1.1867888044371229,-1.2751115824178676,0.6307594546188781,0.023159378261522538,0.007321975574716275,0.0019549638216943546,22.00201033237603,22.00201033237603,34.941487919208356,103.8601453623647,reachable_success
49,tiago_pro_7d,SUCCESS_EXACT,pro_7d_cpp,pro-rx90-y020-v1,arm_right_tool_link,gripper_right_grasping_link,0.21950004156678915,0,1,strict MuJoCo-validated Pro 7D solution,-2.5148208247805712,-1.4282323217082884,-2.1404660396889446,-1.6927094618809706,-1.1891145897075408,-1.269211875269863,0.6344222905094854,0.026377973050998944,0.0035224774109606006,0.002738643559807532,21.86875265232739,21.86875265232739,35.279516239152194,103.65028032478386,reachable_success
50,tiago_pro_7d,SUCCESS_EXACT,pro_7d_cpp,pro-rx90-y020-v1,arm_right_tool_link,gripper_right_grasping_link,0.21790002938359976,0,1,strict MuJoCo-validated Pro 7D solution,-2.504413984295411,-1.4333167589102467,-2.149021247050614,-1.6854822715157984,-1.1858983312085043,-1.2610325660726145,0.6342361014850126,0.021383758359696026,0.004828301335804221,0.002155240546874216,22.053030690145263,22.053030690145263,35.748156135487065,103.6609481700778,reachable_success
51,tiago_pro_7d,SUCCESS_EXACT,pro_7d_cpp,pro-rx90-y020-v1,arm_right_tool_link,gripper_right_grasping_link,0.21850003395229578,0,1,strict MuJoCo-validated Pro 7D solution,-2.4942217679967014,-1.4398301141059642,-2.1567453975736672,-1.6773868971572172,-1.185108139841915,-1.252780145142013,0.6334715469892928,0.024983227874686015,0.004555480215834915,0.0024305239934987806,22.098305320458508,22.098305320458508,36.22098502557595,103.70475391589031,reachable_success
52,tiago_pro_7d,SUCCESS_EXACT,pro_7d_cpp,pro-rx90-y020-v1,arm_right_tool_link,gripper_right_grasping_link,0.21790002938359976,0,1,strict MuJoCo-validated Pro 7D solution,-2.4833116301478926,-1.4454717725987334,-2.164120725757518,-1.671038739116757,-1.186124601216476,-1.2457791523406434,0.6365540510788495,0.023967137242841805,0.0034425064827364464,0.002557102253951399,22.0400663736581,22.0400663736581,36.6221123654959,103.5281394412269,reachable_success
53,tiago_pro_7d,SUCCESS_EXACT,pro_7d_cpp,pro-rx90-y020-v1,arm_right_tool_link,gripper_right_grasping_link,0.22200006060302258,0,1,strict MuJoCo-validated Pro 7D solution,-2.474916590977439,-1.452571749128079,-2.1695824442986242,-1.663788654020215,-1.1866226829579507,-1.2372313998958775,0.6355567309649386,0.022847047784149296,0.0031494218600001773,0.0017151423880263194,22.011528392019066,22.011528392019066,37.11186250490362,103.58528167457749,reachable_success
54,tiago_pro_7d,SUCCESS_EXACT,pro_7d_cpp,pro-rx90-y020-v1,arm_right_tool_link,gripper_right_grasping_link,0.21659990306943655,0,1,strict MuJoCo-validated Pro 7D solution,-2.463203032857731,-1.4570647216365473,-2.179540661732892,-1.6555628513381664,-1.1871151801272328,-1.230855003753453,0.6368601445070153,0.020425437447750147,0.005655044355842999,0.003035585310929435,21.98331038279706,21.98331038279706,37.47720309236804,103.51060157965631,reachable_success
55,tiago_pro_7d,SUCCESS_EXACT,pro_7d_cpp,pro-rx90-y020-v1,arm_right_tool_link,gripper_right_grasping_link,0.21590001415461302,0,1,strict MuJoCo-validated Pro 7D solution,-2.454508934931335,-1.4650338504016338,-2.184303885432912,-1.6488389105894317,-1.1889692388459798,-1.2248432842767443,0.6376308365108624,0.02688827246502555,0.00286151502352638,0.002151661105370043,21.877080643243424,21.877080643243424,37.82164924600005,103.46644418053137,reachable_success
56,tiago_pro_7d,SUCCESS_EXACT,pro_7d_cpp,pro-rx90-y020-v1,arm_right_tool_link,gripper_right_grasping_link,0.22219994571059942,0,1,strict MuJoCo-validated Pro 7D solution,-2.4444171236295067,-1.4710586424594452,-2.1914347333614743,-1.6409288513357152,-1.1878677251780545,-1.2168984474796907,0.6384766753265781,0.022017795289647618,0.0040354413162021815,0.002249317322579015,21.94019272749152,21.94019272749152,38.276854863391456,103.41798118624253,reachable_success
57,tiago_pro_7d,SUCCESS_EXACT,pro_7d_cpp,pro-rx90-y020-v1,arm_right_tool_link,gripper_right_grasping_link,0.2161000156775117,0,1,strict MuJoCo-validated Pro 7D solution,-2.4346988796459375,-1.4772898860822867,-2.1981600071548186,-1.6336465667263096,-1.1898967832649574,-1.2109085184337307,0.6390650921749748,0.021467996110972807,0.0035051601255146397,0.0023952406494737043,21.823936262725095,21.823936262725095,38.62005251730778,103.384267384235,reachable_success
58,tiago_pro_7d,SUCCESS_EXACT,pro_7d_cpp,pro-rx90-y020-v1,arm_right_tool_link,gripper_right_grasping_link,0.22470008116215467,0,1,strict MuJoCo-validated Pro 7D solution,-2.4256493077268337,-1.4845465176404076,-2.20413284571044,-1.6251530252034578,-1.1895310268077939,-1.2021853482908105,0.6378135131235722,0.02390276845251924,0.003875010072483408,0.0020290836389523555,21.844892564050223,21.844892564050223,39.119853350471644,103.45597758160737,reachable_success
59,tiago_pro_7d,SUCCESS_EXACT,pro_7d_cpp,pro-rx90-y020-v1,arm_right_tool_link,gripper_right_grasping_link,0.21580001339316368,0,1,strict MuJoCo-validated Pro 7D solution,-2.4161036295728326,-1.489918646500434,-2.210852262983598,-1.618185384059157,-1.1903275400740727,-1.1939426835152773,0.6374842725462307,0.01812605773109594,0.00320947763340139,0.0019144433139410201,21.799255715566268,21.799255715566268,39.59212325405084,103.47484167713348,reachable_success
60,tiago_pro_7d,SUCCESS_EXACT,pro_7d_cpp,pro-rx90-y020-v1,arm_right_tool_link,gripper_right_grasping_link,0.2169000217691064,0,1,strict MuJoCo-validated Pro 7D solution,-2.406039863998096,-1.496982238018699,-2.218407859708458,-1.6097559218333075,-1.1913959264483527,-1.186256695337581,0.6381699076307763,0.025346984840195933,0.0045307818151287295,0.0026747721949257905,21.73804168543074,21.73804168543074,40.032497938020285,103.43555768050292,reachable_success
61,tiago_pro_7d,SUCCESS_EXACT,pro_7d_cpp,pro-rx90-y020-v1,arm_right_tool_link,gripper_right_grasping_link,0.2175000263378024,0,1,strict MuJoCo-validated Pro 7D solution,-2.3972375545072464,-1.5034047848016587,-2.223757307875114,-1.6023822377450616,-1.1924948808484153,-1.1802202865840614,0.6382910272117884,0.020001516778832523,0.0028726753478720093,0.002003044880177648,21.675076236429824,21.675076236429824,40.378358683012785,103.42861803969453,reachable_success
62,tiago_pro_7d,SUCCESS_EXACT,pro_7d_cpp,pro-rx90-y020-v1,arm_right_tool_link,gripper_right_grasping_link,0.21679990459233522,0,1,strict MuJoCo-validated Pro 7D solution,-2.386926185119259,-1.5096287069728986,-2.231104864038078,-1.5935236570809845,-1.1952330818327725,-1.172331869858668,0.6413168266812252,0.020503455547311682,0.004311430029553388,0.002561419898889363,21.51818887656758,21.51818887656758,40.83033166841824,103.25525250044288,reachable_success
63,tiago_pro_7d,SUCCESS_EXACT,pro_7d_cpp,pro-rx90-y020-v1,arm_right_tool_link,gripper_right_grasping_link,0.21840003319084644,0,1,strict MuJoCo-validated Pro 7D solution,-2.3788319179679664,-1.516051242886859,-2.237095436443608,-1.585524834705325,-1.1942517509817026,-1.1635327064543812,0.6416724760118311,0.018171659066466183,0.003516781877908563,0.0015713079910259866,21.574414992639873,21.574414992639873,41.33448659472984,103.23487529481251,reachable_success
64,tiago_pro_7d,SUCCESS_EXACT,pro_7d_cpp,pro-rx90-y020-v1,arm_right_tool_link,gripper_right_grasping_link,0.2210000529885292,0,1,strict MuJoCo-validated Pro 7D solution,-2.3686649909785826,-1.52392979885359,-2.2429754589528965,-1.576206596278368,-1.1982326959935095,-1.1594283511262025,0.6440972232050127,0.026741487213984675,0.0040493346989440866,0.0030605705470970095,21.34632364498968,21.34632364498968,41.56964883265651,103.09594751425702,reachable_success
65,tiago_pro_7d,SUCCESS_EXACT,pro_7d_cpp,pro-rx90-y020-v1,arm_right_tool_link,gripper_right_grasping_link,0.21740002557635307,0,1,strict MuJoCo-validated Pro 7D solution,-2.3596520164852044,-1.5316097902184818,-2.2476893890769802,-1.56680875320919,-1.1980316366479322,-1.1551203386266087,0.6415546437500499,0.024444326353295916,0.0034129123050041883,0.0024443251406191194,21.216884349550643,21.357843496922918,41.81647976697284,103.24162658610305,reachable_success
66,tiago_pro_7d,SUCCESS_EXACT,pro_7d_cpp,pro-rx90-y020-v1,arm_right_tool_link,gripper_right_grasping_link,0.21590001415461302,0,1,strict MuJoCo-validated Pro 7D solution,-2.350674487960276,-1.5397876443623963,-2.2527484807147737,-1.5570406446910634,-1.1989373153007299,-1.1495196855261254,0.6392261489152462,0.02626694502878423,0.0038338499149158304,0.002566283881750291,20.927019750535145,21.305951932522518,42.13737355214739,103.37503951275532,reachable_success
67,tiago_pro_7d,SUCCESS_EXACT,pro_7d_cpp,pro-rx90-y020-v1,arm_right_tool_link,gripper_right_grasping_link,0.21950004156678915,0,1,strict MuJoCo-validated Pro 7D solution,-2.3419050120131697,-1.5468252976523393,-2.2580885543846696,-1.5474102054644399,-1.198597268702012,-1.1427882629313184,0.636282526110337,0.020639016685465396,0.0038179845775502754,0.00215159136636532,20.621056066961177,21.325435167466825,42.523055656948834,103.54369667595508,reachable_success
68,tiago_pro_7d,SUCCESS_EXACT,pro_7d_cpp,pro-rx90-y020-v1,arm_right_tool_link,gripper_right_grasping_link,0.2175000263378024,0,1,strict MuJoCo-validated Pro 7D solution,-2.3324795824392806,-1.5559160754923194,-2.2619187499816484,-1.5373278570755162,-1.2043820716398277,-1.1428334664337496,0.6406323175281847,0.029428078268947572,0.0035794790730123032,0.003078142530917366,20.401602024544697,20.993990373815112,42.520465687040314,103.29447198595018,reachable_success
69,tiago_pro_7d,SUCCESS_EXACT,pro_7d_cpp,pro-rx90-y020-v1,arm_right_tool_link,gripper_right_grasping_link,0.21500000730156898,0,1,strict MuJoCo-validated Pro 7D solution,-2.3236043285980927,-1.5639422054951109,-2.2669962983075864,-1.526640878437349,-1.205089688212669,-1.1386053875703375,0.6403946425832439,0.02466526692710673,0.00400161473952329,0.0026789721748362028,20.110679935194735,20.9534469306778,42.7627167613623,103.3080897571913,reachable_success
70,tiago_pro_7d,SUCCESS_EXACT,pro_7d_cpp,pro-rx90-y020-v1,arm_right_tool_link,gripper_right_grasping_link,0.2158998977392912,0,1,strict MuJoCo-validated Pro 7D solution,-2.3154054763352727,-1.5722574470655297,-2.2705310903361116,-1.5154351898679865,-1.2044678303059217,-1.1327718309350359,0.6370207016350103,0.024603902095152903,0.0036107123316661666,0.002326294444619316,19.908151270503758,20.989076764191253,43.09695493611562,103.50140233385144,reachable_success
71,tiago_pro_7d,SUCCESS_EXACT,pro_7d_cpp,pro-rx90-y020-v1,arm_right_tool_link,gripper_right_grasping_link,0.21749990992248058,0,1,strict MuJoCo-validated Pro 7D solution,-2.3051017911232488,-1.5788997696226408,-2.276881502468834,-1.5047047943184604,-1.2051686117761344,-1.1301884616988291,0.6361024652275437,0.020100207336041242,0.004409698973859629,0.0029031569656690036,19.544299457130087,20.94892494358709,43.2449710902742,103.55401340459453,reachable_success
72,tiago_pro_7d,SUCCESS_EXACT,pro_7d_cpp,pro-rx90-y020-v1,arm_right_tool_link,gripper_right_grasping_link,0.22559997159987688,0,1,strict MuJoCo-validated Pro 7D solution,-2.2983283510858215,-1.5877950936314735,-2.278754392319914,-1.4948243874065075,-1.2064670354156948,-1.1254639718207398,0.6328048109520716,0.024691314892494622,0.0027146362998008004,0.0019982581307260495,19.43699077317032,20.87453074902027,43.515664420640995,103.74295507687235,reachable_success
73,tiago_pro_7d,SUCCESS_EXACT,pro_7d_cpp,pro-rx90-y020-v1,arm_right_tool_link,gripper_right_grasping_link,0.2161000156775117,0,1,strict MuJoCo-validated Pro 7D solution,-2.2899634538825806,-1.5952875395340844,-2.2831952677049796,-1.483437884929318,-1.2069782519301837,-1.1199073199229588,0.6283664724363374,0.02067604689690999,0.003948801114471445,0.0023455085530200447,19.18254735626253,20.845240200322664,43.83403712260721,103.99725314187428,reachable_success
74,tiago_pro_7d,SUCCESS_EXACT,pro_7d_cpp,pro-rx90-y020-v1,arm_right_tool_link,gripper_right_grasping_link,0.21639990154653788,0,1,strict MuJoCo-validated Pro 7D solution,-2.280983381382255,-1.6029664369621737,-2.287344098842992,-1.4738768863722826,-1.2125035269661022,-1.1167955499216304,0.6281411233232999,0.022012394224195164,0.003134714836096324,0.0025554389315847414,18.944836842141957,20.52866526011554,44.01232841049874,104.01016469496835,reachable_success
75,tiago_pro_7d,SUCCESS_EXACT,pro_7d_cpp,pro-rx90-y020-v1,arm_right_tool_link,gripper_right_grasping_link,0.21759991068392992,0,1,strict MuJoCo-validated Pro 7D solution,-2.2733194495523135,-1.6111157366919862,-2.290554396075757,-1.4622176285033237,-1.2126143790447244,-1.1121515183797777,0.6242419535879822,0.02268457479770224,0.0034215755903803805,0.0023204428880797966,18.760900359722008,20.52231390386024,44.278411817772536,104.2335706644072,reachable_success
76,tiago_pro_7d,SUCCESS_EXACT,pro_7d_cpp,pro-rx90-y020-v1,arm_right_tool_link,gripper_right_grasping_link,0.21500000730156898,0,1,strict MuJoCo-validated Pro 7D solution,-2.2657769991823855,-1.6199935989614902,-2.292767811646391,-1.451975827798846,-1.2176151890086535,-1.1101042945207689,0.627114842261692,0.025479310558047065,0.0024911543099752358,0.002461359556501657,18.63408098921613,20.23578859878013,44.39570910461222,104.06896626839269,reachable_success
77,tiago_pro_7d,SUCCESS_EXACT,pro_7d_cpp,pro-rx90-y020-v1,arm_right_tool_link,gripper_right_grasping_link,0.21829991601407528,0,1,strict MuJoCo-validated Pro 7D solution,-2.258077551654918,-1.6286450977229296,-2.295676695175736,-1.4398983138475645,-1.2186633810932463,-1.1084901627628123,0.6257575839908011,0.02523340379240725,0.0031962721941231624,0.0026378989547176557,18.467414239889546,20.17573161621394,44.48819204192117,104.14673143902395,reachable_success
78,tiago_pro_7d,SUCCESS_EXACT,pro_7d_cpp,pro-rx90-y020-v1,arm_right_tool_link,gripper_right_grasping_link,0.21719990763813257,0,1,strict MuJoCo-validated Pro 7D solution,-2.2509680284595706,-1.6387879784618915,-2.2965508555661773,-1.427331891944788,-1.2214821626675416,-1.10931004386639,0.6252887731629769,0.03160016201795985,0.003168188855460093,0.002889614355253835,18.417328538899746,20.01422732863758,44.441216314983635,104.17359232084831,reachable_success
79,tiago_pro_7d,SUCCESS_EXACT,pro_7d_cpp,pro-rx90-y020-v1,arm_right_tool_link,gripper_right_grasping_link,0.21659990306943655,0,1,strict MuJoCo-validated Pro 7D solution,-2.243329807295219,-1.6467762573840015,-2.299915170525952,-1.4157321843037092,-1.2241048700923425,-1.1060584628955858,0.624387981010471,0.021767197214093915,0.0032673526766001716,0.0024653674931209586,18.224567490751934,19.863957262298864,44.62751818135577,104.22520390940541,reachable_success
80,tiago_pro_7d,SUCCESS_EXACT,pro_7d_cpp,pro-rx90-y020-v1,arm_right_tool_link,gripper_right_grasping_link,0.22089993581175804,0,1,strict MuJoCo-validated Pro 7D solution,-2.2366505760089597,-1.655664726621954,-2.301613473005351,-1.4044257706755405,-1.2274751812516012,-1.1051793723451788,0.6245304582477041,0.02480496676782436,0.0026962520983182907,0.0024203482543020934,18.127261926345763,19.6708526572275,44.67788635970392,104.21704056503526,reachable_success
81,tiago_pro_7d,SUCCESS_EXACT,pro_7d_cpp,pro-rx90-y020-v1,arm_right_tool_link,gripper_right_grasping_link,0.21639990154653788,0,1,strict MuJoCo-validated Pro 7D solution,-2.2306057361458187,-1.665732444846384,-2.301259114746304,-1.3928264088312072,-1.2338373638015743,-1.1074748867952453,0.6223882752657134,0.028958236924260285,0.0031111903407809393,0.002537527310680614,18.14756515902476,19.306326448622258,44.54636306990382,104.33977860884809,reachable_success
82,tiago_pro_7d,SUCCESS_EXACT,pro_7d_cpp,pro-rx90-y020-v1,arm_right_tool_link,gripper_right_grasping_link,0.21710002329200506,0,1,strict MuJoCo-validated Pro 7D solution,-2.2228676568975794,-1.673226504256334,-2.3050054422432993,-1.3807683774582096,-1.2341230129275782,-1.1014976046485172,0.6193324827045039,0.019048827205710987,0.0038396373699624,0.0022317431503334818,17.93291640477312,19.289959959280633,44.88883610987023,104.51486262567286,reachable_success
83,tiago_pro_7d,SUCCESS_EXACT,pro_7d_cpp,pro-rx90-y020-v1,arm_right_tool_link,gripper_right_grasping_link,0.21700002253055573,0,1,strict MuJoCo-validated Pro 7D solution,-2.2187764949099167,-1.683616016874281,-2.302194454065189,-1.3712524663879617,-1.2446136827664114,-1.1022557817018526,0.6238175212672837,0.02449590373274526,0.002660581206294502,0.0018440357459373604,18.093974163640006,18.688888853250305,44.84539576459046,104.25788884507216,reachable_success
84,tiago_pro_7d,SUCCESS_EXACT,pro_7d_cpp,pro-rx90-y020-v1,arm_right_tool_link,gripper_right_grasping_link,0.21569989621639252,0,1,strict MuJoCo-validated Pro 7D solution,-2.2123079348131434,-1.6905402180790956,-2.304553799111057,-1.3603326172197352,-1.2462057625096654,-1.0977843377723655,0.6212149824495737,0.01604426862345301,0.0026607271828778755,0.0018482951166761174,17.958793650096663,18.597669403313578,45.10159063007946,104.4070033353459,reachable_success
85,tiago_pro_7d,SUCCESS_EXACT,pro_7d_cpp,pro-rx90-y020-v1,arm_right_tool_link,gripper_right_grasping_link,0.215300009585917,0,1,strict MuJoCo-validated Pro 7D solution,-2.207537988532966,-1.700863590231963,-2.3033182466523336,-1.3475698847545337,-1.2497236450677265,-1.0984374217717374,0.6172081296633595,0.03047516024913811,0.0033471291127336535,0.002622633342898342,18.029585591348532,18.396109579913993,45.06417167324792,104.63657908912623,reachable_success
86,tiago_pro_7d,SUCCESS_EXACT,pro_7d_cpp,pro-rx90-y020-v1,arm_right_tool_link,gripper_right_grasping_link,0.2223000628873706,0,1,strict MuJoCo-validated Pro 7D solution,-2.2013621538356736,-1.7127083118061577,-2.3003369615507037,-1.3350853785946644,-1.2616653881761473,-1.105536076858682,0.6223240493264192,0.03619370714026471,0.004757076319304677,0.002899182708859224,17.711898099772046,17.711898099772046,44.65744869654693,104.34345848410491,reachable_success
87,tiago_pro_7d,SUCCESS_EXACT,pro_7d_cpp,pro-rx90-y020-v1,arm_right_tool_link,gripper_right_grasping_link,0.21660001948475838,0,1,strict MuJoCo-validated Pro 7D solution,-2.1961066132285385,-1.7201662889742304,-2.301670521168005,-1.321767330935427,-1.2588064377986334,-1.101495424834223,0.6136922982110444,0.017296549680544993,0.0032365976973312877,0.0018279156762199833,17.87570389024092,17.87570389024092,44.88896100402941,104.83802139282322,reachable_success
88,tiago_pro_7d,SUCCESS_EXACT,pro_7d_cpp,pro-rx90-y020-v1,arm_right_tool_link,gripper_right_grasping_link,0.21810003090649843,0,1,strict MuJoCo-validated Pro 7D solution,-2.1903012849768424,-1.72879520060737,-2.3028507778200757,-1.3098065623626776,-1.261092298547954,-1.1010997433197391,0.611850968150917,0.023472903542963542,0.0025908138058262616,0.0023656215136283027,17.74473371675024,17.74473371675024,44.91163188484069,104.9435218339591,reachable_success
89,tiago_pro_7d,SUCCESS_EXACT,pro_7d_cpp,pro-rx90-y020-v1,arm_right_tool_link,gripper_right_grasping_link,0.21700002253055573,0,1,strict MuJoCo-validated Pro 7D solution,-2.1856754968869314,-1.7378457000671523,-2.3014471852796876,-1.2981881899652896,-1.266857013235794,-1.1020010386654298,0.6101767764991499,0.024983152326021253,0.002985943161374016,0.002369333664539893,17.414439895039937,17.414439895039937,44.85999146543783,105.03944594970139,reachable_success
90,tiago_pro_7d,SUCCESS_EXACT,pro_7d_cpp,pro-rx90-y020-v1,arm_right_tool_link,gripper_right_grasping_link,0.21600001491606236,0,1,strict MuJoCo-validated Pro 7D solution,-2.1817701257556443,-1.7465993142074492,-2.299338861016048,-1.2888249662896345,-1.275732922881447,-1.1009657313676835,0.6118010322681521,0.02003067810840597,0.0021967450875504113,0.0017906366132899338,16.905887733004562,16.905887733004562,44.91931020409778,104.9463829492878,reachable_success
91,tiago_pro_7d,SUCCESS_EXACT,pro_7d_cpp,pro-rx90-y020-v1,arm_right_tool_link,gripper_right_grasping_link,0.2571999793872237,0,1,strict MuJoCo-validated Pro 7D solution,-2.1774459939906903,-1.7564607481553354,-2.296233909981335,-1.2774898723215182,-1.2847723666287467,-1.1038656459248595,0.6136322798317398,0.027765810631782767,0.003667862501178013,0.002508306963544171,16.387965757138364,16.387965757138364,44.75315733902305,104.84146019265059,reachable_success
92,tiago_pro_7d,SUCCESS_EXACT,pro_7d_cpp,pro-rx90-y020-v1,arm_right_tool_link,gripper_right_grasping_link,0.21870003547519445,0,1,strict MuJoCo-validated Pro 7D solution,-2.172829269456725,-1.7643035786016443,-2.29506600676474,-1.268149174696163,-1.294819390063769,-1.1030467984808043,0.6136300948851113,0.017178625864723917,0.0019823942126913,0.0017530755309833898,15.812313717642555,15.812313717642555,44.80007384163248,104.84158538087087,reachable_success
93,tiago_pro_7d,SUCCESS_EXACT,pro_7d_cpp,pro-rx90-y020-v1,arm_right_tool_link,gripper_right_grasping_link,0.21540001034736633,0,1,strict MuJoCo-validated Pro 7D solution,-2.1706169781431264,-1.7728260092268688,-2.2910633298385843,-1.2590673236627565,-1.3005722019947696,-1.1015598352171494,0.6087648328882722,0.01882174214256133,0.003032703449591267,0.001678084139837696,15.482701873663713,15.482701873663713,44.88527056093091,105.12034435951514,reachable_success
94,tiago_pro_7d,SUCCESS_EXACT,pro_7d_cpp,pro-rx90-y020-v1,arm_right_tool_link,gripper_right_grasping_link,0.21490000654011965,0,1,strict MuJoCo-validated Pro 7D solution,-2.1668073363466314,-1.7805720064872672,-2.2897026969851226,-1.2494062616247856,-1.3083477810857773,-1.1001751725816933,0.6091266954494694,0.017790097590507124,0.0021131740046957444,0.0017890053284979163,15.037194008478803,15.037194008478803,44.96460588599201,105.09961116199474,reachable_success
95,tiago_pro_7d,SUCCESS_EXACT,pro_7d_cpp,pro-rx90-y020-v1,arm_right_tool_link,gripper_right_grasping_link,0.2145000034943223,0,1,strict MuJoCo-validated Pro 7D solution,-2.162858745770011,-1.7881317421069811,-2.2876936858073065,-1.2408537763420986,-1.318676539552686,-1.098373790371582,0.6088551468001155,0.015280910857051648,0.0019479761975718076,0.001553292960874723,14.445399740714919,14.445399740714919,45.06781748392133,105.1151697535352,reachable_success
96,tiago_pro_7d,SUCCESS_EXACT,pro_7d_cpp,pro-rx90-y020-v1,arm_right_tool_link,gripper_right_grasping_link,0.21929992362856865,0,1,strict MuJoCo-validated Pro 7D solution,-2.1590172837681316,-1.7971657143499713,-2.2843525764019272,-1.23032731164493,-1.3263506094128135,-1.1012734373109647,0.6090286637434217,0.02471272088483122,0.003415588215005569,0.002317181738168149,14.005707926041069,14.005707926041069,44.901679952216675,105.10522796500975,reachable_success
97,tiago_pro_7d,SUCCESS_EXACT,pro_7d_cpp,pro-rx90-y020-v1,arm_right_tool_link,gripper_right_grasping_link,0.21849991753697395,0,1,strict MuJoCo-validated Pro 7D solution,-2.1540376978958764,-1.8064083430391624,-2.2822059686316933,-1.2187744624535453,-1.338241239623946,-1.1076196893736567,0.6123044606780975,0.02536420409663458,0.003683187182495069,0.0024406618973767547,13.32442499919242,13.32442499919242,44.53806649329823,104.91753862611094,reachable_success
98,tiago_pro_7d,SUCCESS_EXACT,pro_7d_cpp,pro-rx90-y020-v1,arm_right_tool_link,gripper_right_grasping_link,0.21620001643896103,0,1,strict MuJoCo-validated Pro 7D solution,-2.1498667652919403,-1.8139779232896602,-2.280394878322394,-1.2075089871757603,-1.3398177278358203,-1.1058116956269248,0.6068256190173226,0.0200459195065513,0.0023365578344606837,0.0021410306623462078,13.234098878199898,13.234098878199898,44.64165690437201,105.2314531298938,reachable_success
99,tiago_pro_7d,SUCCESS_EXACT,pro_7d_cpp,pro-rx90-y020-v1,arm_right_tool_link,gripper_right_grasping_link,0.21680002100765705,0,1,strict MuJoCo-validated Pro 7D solution,-2.1458529661258448,-1.8226909270058136,-2.2770741900818705,-1.1981292336784293,-1.352650813619828,-1.1093369028995155,0.6095587036390501,0.020626751331957092,0.0030488150778426397,0.0019567033980885,12.498817224646919,12.498817224646919,44.439677405743744,105.0748589160167,reachable_success
100,tiago_pro_7d,SUCCESS_EXACT,pro_7d_cpp,pro-rx90-y020-v1,arm_right_tool_link,gripper_right_grasping_link,0.22190005984157324,0,1,strict MuJoCo-validated Pro 7D solution,-2.1419406267376404,-1.829555243936479,-2.276995512282273,-1.186957552848216,-1.3546809448490087,-1.1085208580387513,0.6062566668543716,0.017134256370421347,0.0019894635205144223,0.0019410082915184439,12.382499273357164,12.382499273357164,44.486433332158875,105.26405168757572,reachable_success
101,tiago_pro_7d,SUCCESS_EXACT,pro_7d_cpp,pro-rx90-y020-v1,arm_right_tool_link,gripper_right_grasping_link,0.21470000501722097,0,1,strict MuJoCo-validated Pro 7D solution,-2.1378351620588183,-1.8374437702665098,-2.2738366776342827,-1.1776881288078616,-1.3642895717844306,-1.1122528357513564,0.6076309434533342,0.019568345786359544,0.0028268024192614817,0.001989977371072021,11.831965503041769,11.831965503041769,44.27260675998972,105.18531143857156,reachable_success
102,tiago_pro_7d,SUCCESS_EXACT,pro_7d_cpp,pro-rx90-y020-v1,arm_right_tool_link,gripper_right_grasping_link,0.21500000730156898,0,1,strict MuJoCo-validated Pro 7D solution,-2.1342667570902716,-1.8443870701504992,-2.272288344388963,-1.1679259446425776,-1.3684746791611209,-1.113614436421227,0.6050643428332726,0.017054852978256665,0.002102052056227087,0.00185684509565338,11.592176513548345,11.592176513548345,44.19459278822394,105.33236682179677,reachable_success
103,tiago_pro_7d,SUCCESS_EXACT,pro_7d_cpp,pro-rx90-y020-v1,arm_right_tool_link,gripper_right_grasping_link,0.21520000882446766,0,1,strict MuJoCo-validated Pro 7D solution,-2.1301125471023434,-1.8533285424732924,-2.2686784369611366,-1.1579510514090636,-1.3809255560482085,-1.1181210245129816,0.6076168872966987,0.023444666680166766,0.0035218642939679797,0.0023192712287561294,10.878793816681238,10.878793816681238,43.936384310562495,105.18611679702295,reachable_success
104,tiago_pro_7d,SUCCESS_EXACT,pro_7d_cpp,pro-rx90-y020-v1,arm_right_tool_link,gripper_right_grasping_link,0.21819991525262594,0,1,strict MuJoCo-validated Pro 7D solution,-2.1255352403619256,-1.8588590445607338,-2.2696497154872635,-1.1486768524701854,-1.3835548006233789,-1.1134484758362917,0.6032936481409706,0.0107952805355867,0.0021329893920482208,0.0013892525993944697,10.728149199216311,10.728149199216311,44.20410162930626,105.43382015447187,reachable_success
105,tiago_pro_7d,SUCCESS_EXACT,pro_7d_cpp,pro-rx90-y020-v1,arm_right_tool_link,gripper_right_grasping_link,0.21760002709925175,0,1,strict MuJoCo-validated Pro 7D solution,-2.1223473406088313,-1.8652148970813078,-2.2673144859218115,-1.1425967930452052,-1.3961836787094977,-1.1145438654743152,0.6079791426686068,0.009128072362530899,0.0008785265848570771,0.0008967162970259326,10.004567784896452,10.004567784896452,44.141340426125154,105.16536109310668,reachable_success
106,tiago_pro_7d,SUCCESS_EXACT,pro_7d_cpp,pro-rx90-y020-v1,arm_right_tool_link,gripper_right_grasping_link,0.21639990154653788,0,1,strict MuJoCo-validated Pro 7D solution,-2.119647601002953,-1.8719318859347818,-2.2641943170872256,-1.1353997640510627,-1.403185950995011,-1.1133980684279685,0.6061298315797845,0.013583434070086112,0.001988291413391776,0.0014304051971505353,9.603367135935107,9.603367135935107,44.20698976105937,105.27131881350294,reachable_success
107,tiago_pro_7d,SUCCESS_EXACT,pro_7d_cpp,pro-rx90-y020-v1,arm_right_tool_link,gripper_right_grasping_link,0.2180000301450491,0,1,strict MuJoCo-validated Pro 7D solution,-2.1140179826525585,-1.8755140158126677,-2.2679480172990063,-1.1258395147768638,-1.400324473434934,-1.1105052197932008,0.6032742527195655,0.007608292412728182,0.0024746715014250173,0.0008887397054442006,9.767317723298914,9.767317723298914,44.37273777860174,105.43493143026026,reachable_success
108,tiago_pro_7d,SUCCESS_EXACT,pro_7d_cpp,pro-rx90-y020-v1,arm_right_tool_link,gripper_right_grasping_link,0.21710002329200506,0,1,strict MuJoCo-validated Pro 7D solution,-2.1116714590622134,-1.8836949776080851,-2.2623506958400323,-1.1189191369096367,-1.4163961319085205,-1.1164345325153622,0.6084095277456645,0.014510435532276728,0.004227968373924625,0.0011471945089395652,8.84647952298674,8.84647952298674,44.03301318420867,105.14070184462587,reachable_success
109,tiago_pro_7d,SUCCESS_EXACT,pro_7d_cpp,pro-rx90-y020-v1,arm_right_tool_link,gripper_right_grasping_link,0.22469996474683285,0,1,strict MuJoCo-validated Pro 7D solution,-2.110232440411429,-1.8901430662761438,-2.258194450270352,-1.113116778392402,-1.4227435176330934,-1.1135681381283078,0.6075141012381163,0.010400072062113583,0.0018282894589930082,0.0010560334931007797,8.48280111002713,8.48280111002713,44.197245485006874,105.19200600437252,reachable_success
110,tiago_pro_7d,SUCCESS_EXACT,pro_7d_cpp,pro-rx90-y020-v1,arm_right_tool_link,gripper_right_grasping_link,0.21850003395229578,0,1,strict MuJoCo-validated Pro 7D solution,-2.107344328696578,-1.8975174728553825,-2.2544041997291315,-1.1056975883353968,-1.4357139776119057,-1.1174039597709517,0.6088835993251983,0.014639673239333373,0.0027477890068584557,0.001449637943296364,7.739648494897843,7.739648494897843,43.97746909391844,105.11353954393147,reachable_success
111,tiago_pro_7d,SUCCESS_EXACT,pro_7d_cpp,pro-rx90-y020-v1,arm_right_tool_link,gripper_right_grasping_link,0.21730002481490374,0,1,strict MuJoCo-validated Pro 7D solution,-2.104502508230358,-1.9005041233909514,-2.2560016125061972,-1.1002207369720052,-1.4351498967915521,-1.1104424420340209,0.6069509191434606,0.0027821364376930625,0.0012546441006164818,0.00010305313070810533,7.7719679452083765,7.7719679452083765,44.37633467925004,105.22427396149362,reachable_success
112,tiago_pro_7d,SUCCESS_EXACT,pro_7d_cpp,pro-rx90-y020-v1,arm_right_tool_link,gripper_right_grasping_link,0.21820003166794777,0,1,strict MuJoCo-validated Pro 7D solution,-2.103430692430189,-1.9082357142348532,-2.2494000045839737,-1.093400182302641,-1.4444844653615072,-1.11365143137345,0.6045194476140341,0.017671208363204505,0.0036776417356252115,0.0017257944259732195,7.237136562574483,7.237136562574483,44.19247313359828,105.36358701813597,reachable_success
113,tiago_pro_7d,SUCCESS_EXACT,pro_7d_cpp,pro-rx90-y020-v1,arm_right_tool_link,gripper_right_grasping_link,0.21510000806301832,0,1,strict MuJoCo-validated Pro 7D solution,-2.099753541004905,-1.9136626793786142,-2.2488016201411467,-1.08558699151814,-1.4491333333477023,-1.1151484109099452,0.6051040658030047,0.010796325468878317,0.0011208300961857624,0.0013965097295079267,6.97077604745202,6.97077604745202,44.106702524139656,105.33009086328138,reachable_success
114,tiago_pro_7d,SUCCESS_EXACT,pro_7d_cpp,pro-rx90-y020-v1,arm_right_tool_link,gripper_right_grasping_link,0.22139993961900473,0,1,strict MuJoCo-validated Pro 7D solution,-2.099275394713237,-1.921119197329089,-2.2423132272322097,-1.0801675738758847,-1.4605564955719277,-1.1180025283009383,0.6097766448513545,0.013229419830230354,0.0030347580728464626,0.0012069992464264683,6.3162770633106335,6.3162770633106335,43.94317364340086,105.06237180436968,reachable_success
115,tiago_pro_7d,SUCCESS_EXACT,pro_7d_cpp,pro-rx90-y020-v1,arm_right_tool_link,gripper_right_grasping_link,0.2161999000236392,0,1,strict MuJoCo-validated Pro 7D solution,-2.0965594457504815,-1.9251236671092706,-2.2414685364549825,-1.074348968453923,-1.4630577691529305,-1.1181412823569177,0.6067060625364029,0.0063103277658594905,0.000772265595276622,0.0008127142523859137,6.172964643711597,6.172964643711597,43.935223621602916,105.23830321166392,reachable_success
116,tiago_pro_7d,SUCCESS_EXACT,pro_7d_cpp,pro-rx90-y020-v1,arm_right_tool_link,gripper_right_grasping_link,0.21660001948475838,0,1,strict MuJoCo-validated Pro 7D solution,-2.093842039674354,-1.9288278028643127,-2.240927215898276,-1.069572099036213,-1.4669733282807327,-1.1142733592420326,0.6064644024273315,0.004379065823704728,0.0006158316132527674,0.000545633904412276,5.948619631254608,5.948619631254608,44.156839291566925,105.2521493159904,reachable_success
117,tiago_pro_7d,SUCCESS_EXACT,pro_7d_cpp,pro-rx90-y020-v1,arm_right_tool_link,gripper_right_grasping_link,0.21700002253055573,0,1,strict MuJoCo-validated Pro 7D solution,-2.092286175537325,-1.9361022860793284,-2.2359568576522575,-1.0627296784667648,-1.4780342400255566,-1.118954340632415,0.6063371021317038,0.015251879860572389,0.003178143865018591,0.0015000366592538208,5.314876070709513,5.314876070709513,43.88863881391874,105.2594430856606,reachable_success
118,tiago_pro_7d,SUCCESS_EXACT,pro_7d_cpp,pro-rx90-y020-v1,arm_right_tool_link,gripper_right_grasping_link,0.2175000263378024,0,1,strict MuJoCo-validated Pro 7D solution,-2.089894361192192,-1.9397080709223928,-2.234948684281249,-1.0590164608977823,-1.4840246990522858,-1.1167382261783623,0.6082083888830935,0.003621768718873578,0.0003648530299675034,0.0004471473169689538,4.971648051131881,4.971648051131881,44.0156128190539,105.15222625254724,reachable_success
119,tiago_pro_7d,SUCCESS_EXACT,pro_7d_cpp,pro-rx90-y020-v1,arm_right_tool_link,gripper_right_grasping_link,0.219399924390018,0,1,strict MuJoCo-validated Pro 7D solution,-2.0896200585390727,-1.9450478502917146,-2.229888038408049,-1.053364098898376,-1.4877989216688763,-1.1169019149018258,0.6046570628440034,0.010554592174985517,0.0017685297842527478,0.0011972088574591,4.755401024258426,4.755401024258426,44.00623414604556,105.35570224626201,reachable_success
120,tiago_pro_7d,SUCCESS_EXACT,pro_7d_cpp,pro-rx90-y020-v1,arm_right_tool_link,gripper_right_grasping_link,0.2204999327659607,0,1,strict MuJoCo-validated Pro 7D solution,-2.086751819025541,-1.9486630750383416,-2.2305961548137843,-1.04793842918702,-1.4919727265933738,-1.116296007649413,0.6056398034415018,0.004727616376296469,0.0006334950513737735,0.0006794128580710836,4.516259617573802,4.516259617573802,44.04095007438517,105.29939535766918,reachable_success
121,tiago_pro_7d,SUCCESS_EXACT,pro_7d_cpp,pro-rx90-y020-v1,arm_right_tool_link,gripper_right_grasping_link,0.21730002481490374,0,1,strict MuJoCo-validated Pro 7D solution,-2.084130938246661,-1.9541923307616251,-2.2277197724657305,-1.0411265127569662,-1.4998959405519015,-1.1195925814264607,0.6075877631793126,0.011271027067147988,0.0016329809936369995,0.0013890232325486163,4.062292897571023,4.062292897571023,43.85207031010684,105.18778548603122,reachable_success
122,tiago_pro_7d,SUCCESS_EXACT,pro_7d_cpp,pro-rx90-y020-v1,arm_right_tool_link,gripper_right_grasping_link,0.21580001339316368,0,1,strict MuJoCo-validated Pro 7D solution,-2.082613209859301,-1.959757192888234,-2.2230333794327373,-1.0358101566017544,-1.5069379821378595,-1.1231366125689781,0.6085653003318157,0.010566160518679939,0.0019241231399590325,0.0011563788507439343,3.6588136355400165,3.6588136355400165,43.64901228317766,105.13177673287557,reachable_success
123,tiago_pro_7d,SUCCESS_EXACT,pro_7d_cpp,pro-rx90-y020-v1,arm_right_tool_link,gripper_right_grasping_link,0.22219994571059942,0,1,strict MuJoCo-validated Pro 7D solution,-2.0816160187142962,-1.9625897389868237,-2.222185575100267,-1.0313121456757754,-1.5039921130740714,-1.1179933515036975,0.6040494765581583,0.0013164067007806768,0.0014830948884098796,2.3860117493450257e-05,3.8275994998932252,3.8275994998932252,43.943699435152205,105.39051437613097,reachable_success
124,tiago_pro_7d,SUCCESS_EXACT,pro_7d_cpp,pro-rx90-y020-v1,arm_right_tool_link,gripper_right_grasping_link,0.21810003090649843,0,1,strict MuJoCo-validated Pro 7D solution,-2.0805533124010696,-1.9657434225040165,-2.220317823118516,-1.0253108222852896,-1.501188943715311,-1.1161278271053447,0.5966412319464133,0.004048137988853611,0.0009690030527746609,0.0004767041887746894,3.9882092734105927,3.9882092734105927,44.0505861097565,105.8149755259845,reachable_success
125,tiago_pro_7d,SUCCESS_EXACT,pro_7d_cpp,pro-rx90-y020-v1,arm_right_tool_link,gripper_right_grasping_link,0.21760002709925175,0,1,strict MuJoCo-validated Pro 7D solution,-2.0792578174948084,-1.970697271083992,-2.216900804510476,-1.0204359988432992,-1.5095351919920421,-1.1191658324123774,0.597702408989209,0.0076655545435725,0.0014620305843682344,0.0008793390984910442,3.510004472385562,3.510004472385562,43.87652122752518,105.75417456011611,reachable_success
126,tiago_pro_7d,SUCCESS_EXACT,pro_7d_cpp,pro-rx90-y020-v1,arm_right_tool_link,gripper_right_grasping_link,0.22689998149871826,0,1,strict MuJoCo-validated Pro 7D solution,-2.0776579035797473,-1.9736779007252059,-2.2161906692511524,-1.0165317880677045,-1.5139541654742277,-1.1202749922757176,0.5965679223356258,0.003151038835838861,0.0004999123847826204,0.0004444621466557913,3.2568159420761007,3.2568159420761007,43.81297104855048,105.81917585728036,reachable_success
127,tiago_pro_7d,SUCCESS_EXACT,pro_7d_cpp,pro-rx90-y020-v1,arm_right_tool_link,gripper_right_grasping_link,0.21929992362856865,0,1,strict MuJoCo-validated Pro 7D solution,-2.0763635359075385,-1.9775155476078612,-2.214318814652708,-1.0124080665380149,-1.52027862675285,-1.120786939842873,0.5979719327897712,0.004712817408989842,0.0005747269065500243,0.0006023719056315466,2.8944510031171244,2.8944510031171244,43.78363861362049,105.73873198386558,reachable_success
128,tiago_pro_7d,SUCCESS_EXACT,pro_7d_cpp,pro-rx90-y020-v1,arm_right_tool_link,gripper_right_grasping_link,0.2218999434262514,0,1,strict MuJoCo-validated Pro 7D solution,-2.074782034822049,-1.98057048559892,-2.2136837704110404,-1.0067997266223094,-1.5216200527703452,-1.1178310199171713,0.5956184267559684,0.004269994181260691,0.0007434703783646133,0.0006035547348596992,2.8175929537856135,2.8175929537856135,43.95300034994182,105.87357794666106,reachable_success
129,tiago_pro_7d,SUCCESS_EXACT,pro_7d_cpp,pro-rx90-y020-v1,arm_right_tool_link,gripper_right_grasping_link,0.2180000301450491,0,1,strict MuJoCo-validated Pro 7D solution,-2.0741814385883655,-1.9846915489938326,-2.2096895521433773,-1.0037024335084783,-1.5281962096421233,-1.120901468012872,0.5970687815671605,0.004856622901489571,0.001087630384825355,0.0005313720347357769,2.4408069196167714,2.4408069196167714,43.77707663284419,105.79047873718325,reachable_success
130,tiago_pro_7d,SUCCESS_EXACT,pro_7d_cpp,pro-rx90-y020-v1,arm_right_tool_link,gripper_right_grasping_link,0.21659990306943655,0,1,strict MuJoCo-validated Pro 7D solution,-2.0731048911064955,-1.9880760838791725,-2.207671942550368,-0.9979510759361023,-1.5277480331717617,-1.119551761450103,0.5943648299569233,0.005432730629567092,0.0005869383709510842,0.0007134188417448753,2.4664855398455647,2.4664855398455647,43.854409122471964,105.94540375245745,reachable_success
131,tiago_pro_7d,SUCCESS_EXACT,pro_7d_cpp,pro-rx90-y020-v1,arm_right_tool_link,gripper_right_grasping_link,0.21600001491606236,0,1,strict MuJoCo-validated Pro 7D solution,-2.0704013978338693,-1.9915746663953686,-2.206603771419049,-0.9918051928331373,-1.52935754440607,-1.121460143139201,0.5955007923667169,0.005910310777520712,0.0005441316918018801,0.0009064380517351632,2.374267339040801,2.374267339040801,43.7450669059866,105.88031790069076,reachable_success
132,tiago_pro_7d,SUCCESS_EXACT,pro_7d_cpp,pro-rx90-y020-v1,arm_right_tool_link,gripper_right_grasping_link,0.22259994875639677,0,1,strict MuJoCo-validated Pro 7D solution,-2.0690456284190293,-1.995627407763477,-2.203587189721647,-0.9861083754604589,-1.5317126081032293,-1.1246208078649804,0.5937232692552663,0.0077241309583559415,0.001154879001080986,0.0009936673350092603,2.239332128709102,2.239332128709102,43.56397415674356,105.98216247296385,reachable_success
133,tiago_pro_7d,SUCCESS_EXACT,pro_7d_cpp,pro-rx90-y020-v1,arm_right_tool_link,gripper_right_grasping_link,0.2164999023079872,0,1,strict MuJoCo-validated Pro 7D solution,-2.067129887736989,-1.9990355093216374,-2.2027456465757496,-0.9798701544383589,-1.5302291094169254,-1.1255973021120271,0.5909788720501251,0.004915078275221354,0.00020214588882883024,0.0006813860684959095,2.3243303423475195,2.3243303423475195,43.50802515766898,106.13940485012593,reachable_success
134,tiago_pro_7d,SUCCESS_EXACT,pro_7d_cpp,pro-rx90-y020-v1,arm_right_tool_link,gripper_right_grasping_link,0.2161000156775117,0,1,strict MuJoCo-validated Pro 7D solution,-2.066536932454695,-2.0037873964096127,-2.1984167338224845,-0.9746213197858432,-1.5337722304550458,-1.1293859724457487,0.5862449374314763,0.009066356293114157,0.0015408479366258384,0.0010745248140635916,2.1213244605592045,2.1213244605592045,43.29095033758031,106.41063932426539,reachable_success
135,tiago_pro_7d,SUCCESS_EXACT,pro_7d_cpp,pro-rx90-y020-v1,arm_right_tool_link,gripper_right_grasping_link,0.2172000240534544,0,1,strict MuJoCo-validated Pro 7D solution,-2.0649891522725077,-2.006749268888424,-2.197128821091209,-0.9693433448292547,-1.5341585042253902,-1.1292519939693135,0.580682163506014,0.004487246442907525,0.00042448927363771005,0.0006616634122507199,2.0991926037818653,2.0991926037818653,43.29862673882564,106.72936279257979,reachable_success
136,tiago_pro_7d,SUCCESS_EXACT,pro_7d_cpp,pro-rx90-y020-v1,arm_right_tool_link,gripper_right_grasping_link,0.21850003395229578,0,1,strict MuJoCo-validated Pro 7D solution,-2.0635258037601374,-2.0072595291131483,-2.1995521300108862,-0.9685635240078991,-1.536336271113122,-1.1256621561363718,0.5821746796171364,0.0018065742397531395,0.0006362905352229572,8.489142189881911e-05,1.9744157523514891,1.9744157523514891,43.5043092957896,106.6438479185572,reachable_success
137,tiago_pro_7d,SUCCESS_EXACT,pro_7d_cpp,pro-rx90-y020-v1,arm_right_tool_link,gripper_right_grasping_link,0.2343999221920967,0,1,strict MuJoCo-validated Pro 7D solution,-2.0621475748359095,-2.009546800848902,-2.198811131760533,-0.9660952760704364,-1.541458669066484,-1.1254380780907005,0.5842244686353315,0.0014892995567653581,7.45367031347429e-05,0.00023771014444882337,1.6809239686374022,1.6809239686374022,43.5171480220881,106.52640365892236,reachable_success
138,tiago_pro_7d,SUCCESS_EXACT,pro_7d_cpp,pro-rx90-y020-v1,arm_right_tool_link,gripper_right_grasping_link,0.2175000263378024,0,1,strict MuJoCo-validated Pro 7D solution,-2.060939825486479,-2.012442686819007,-2.1974839791551433,-0.963224548154193,-1.546916716047133,-1.1249210643582426,0.585377170559555,0.0024411282699488236,0.00021751011488399603,0.00035031399538549705,1.368200912262086,1.368200912262086,43.54677072690824,106.46035870362775,reachable_success
139,tiago_pro_7d,SUCCESS_EXACT,pro_7d_cpp,pro-rx90-y020-v1,arm_right_tool_link,gripper_right_grasping_link,0.21670002024620771,0,1,strict MuJoCo-validated Pro 7D solution,-2.0604736472436853,-2.0159590631528763,-2.1939973218896816,-0.9619755320993864,-1.5574060872902036,-1.1283053154781282,0.5895001680658112,0.0016484662825109863,0.0014979616479695332,7.840990027242867e-05,0.7672042102882536,0.7672042102882536,43.35286742092637,106.2241283475763,reachable_success
140,tiago_pro_7d,SUCCESS_EXACT,pro_7d_cpp,pro-rx90-y020-v1,arm_right_tool_link,gripper_right_grasping_link,0.21510000806301832,0,1,strict MuJoCo-validated Pro 7D solution,-2.059674535507251,-2.0195316344206535,-2.1908878558557046,-0.958933389869801,-1.5644506506669595,-1.1300805332660437,0.5887425149859896,0.003919062930580425,0.0009047370395599313,0.0005165442265991444,0.3635804602877093,0.3635804602877093,43.25115493396226,106.26753867138517,reachable_success
141,tiago_pro_7d,SUCCESS_EXACT,pro_7d_cpp,pro-rx90-y020-v1,arm_right_tool_link,gripper_right_grasping_link,0.21590001415461302,0,1,strict MuJoCo-validated Pro 7D solution,-2.0565648222193804,-2.020378537334644,-2.1943608401656216,-0.9546104522150293,-1.5612636439866796,-1.1261062698069515,0.5852340605179865,0.00465251303620605,0.0011863350329653476,9.632849117130724e-05,0.546182492347749,0.546182492347749,43.47886345684131,106.46855830501556,reachable_success
142,tiago_pro_7d,SUCCESS_EXACT,pro_7d_cpp,pro-rx90-y020-v1,arm_right_tool_link,gripper_right_grasping_link,0.21789991296827793,0,1,strict MuJoCo-validated Pro 7D solution,-2.056596180074379,-2.0230636849356176,-2.1923517955946474,-0.9510203367301334,-1.5595193398341238,-1.1224196866129634,0.5771333363453833,0.0015167805996129879,0.0015697814329531554,0.0001110009444784127,0.6461237584763385,0.6461237584763385,43.69008911468069,106.93269561110533,reachable_success
143,tiago_pro_7d,SUCCESS_EXACT,pro_7d_cpp,pro-rx90-y020-v1,arm_right_tool_link,gripper_right_grasping_link,0.2164000179618597,0,1,strict MuJoCo-validated Pro 7D solution,-2.0553131627494516,-2.0226611411751727,-2.195484496569797,-0.9499655969164271,-1.5551426666774961,-1.1168055436134416,0.5739217038783101,0.0021031495704530554,0.000951951392032771,0.00037369765693299984,0.8968886586593058,0.8968886586593058,44.0117558141362,107.11670859681581,reachable_success
144,tiago_pro_7d,SUCCESS_EXACT,pro_7d_cpp,pro-rx90-y020-v1,arm_right_tool_link,gripper_right_grasping_link,0.22000004537403584,1,1,strict MuJoCo-validated Pro 7D solution,-2.063436334757242,-1.9567492718395398,-2.2732433622263617,-1.0520633573427265,-1.567863007173944,-1.0109871133732453,0.6107511040441902,0.015360267062099427,0.005222797050508789,0.0027494060351623034,0.16806683424350227,0.16806683424350227,50.07470526159897,105.00653940531247,reachable_success
145,tiago_pro_7d,SUCCESS_EXACT,pro_7d_cpp,pro-rx90-y020-v1,arm_right_tool_link,gripper_right_grasping_link,0.2164000179618597,0,1,strict MuJoCo-validated Pro 7D solution,-2.0629528912820576,-1.9484174632564761,-2.2804860268895264,-1.0617741315316627,-1.56229039535465,-1.0092781804069983,0.6172970513597886,0.028233470227379404,0.004496648683767294,0.002717884492924617,0.48735397235375666,0.48735397235375666,50.1726199080357,104.63148425121369,reachable_success
146,tiago_pro_7d,SUCCESS_EXACT,pro_7d_cpp,pro-rx90-y020-v1,arm_right_tool_link,gripper_right_grasping_link,0.22259994875639677,0,1,strict MuJoCo-validated Pro 7D solution,-2.064159540091056,-1.939838277204368,-2.286522987198981,-1.0712790962480385,-1.552493051294991,-1.0054169928119592,0.618186950765359,0.026627599410023364,0.0047469589476395865,0.002456580682714116,1.048700437409788,1.048700437409788,50.39384966113971,104.5804967710833,reachable_success
147,tiago_pro_7d,SUCCESS_EXACT,pro_7d_cpp,pro-rx90-y020-v1,arm_right_tool_link,gripper_right_grasping_link,0.2177999122068286,0,1,strict MuJoCo-validated Pro 7D solution,-2.064461494158232,-1.929785868645266,-2.295437251240055,-1.081784157014128,-1.5401583251342053,-1.000263662296393,0.6194027194005288,0.03775889604473304,0.0074910882713287,0.003304875128384858,1.7554281878724192,1.7554281878724192,50.689113750117635,104.51083835942369,reachable_success
148,tiago_pro_7d,SUCCESS_EXACT,pro_7d_cpp,pro-rx90-y020-v1,arm_right_tool_link,gripper_right_grasping_link,0.21660001948475838,0,1,strict MuJoCo-validated Pro 7D solution,-2.063352049557778,-1.918382808538665,-2.3064626717041747,-1.0917782892698493,-1.5236089027297386,-0.9959794269871887,0.619166557652378,0.04150510956490068,0.009421448101705688,0.0031580243389465017,2.703640245027606,2.703640245027606,50.934582351775965,104.52436943087517,reachable_success
149,tiago_pro_7d,SUCCESS_EXACT,pro_7d_cpp,pro-rx90-y020-v1,arm_right_tool_link,gripper_right_grasping_link,0.21780002862215042,0,1,strict MuJoCo-validated Pro 7D solution,-2.0668457720503284,-1.9101345818702327,-2.30859098284658,-1.102641336842814,-1.5137997552960658,-0.994028147937472,0.615337648535807,0.023034178261866538,0.002527464524264676,0.0023915321753851036,3.2656629935986388,3.2656629935986388,51.04638240597703,104.74374976339385,reachable_success
150,tiago_pro_7d,SUCCESS_EXACT,pro_7d_cpp,pro-rx90-y020-v1,arm_right_tool_link,gripper_right_grasping_link,0.21650001872330904,0,1,strict MuJoCo-validated Pro 7D solution,-2.069956116374279,-1.900596910945886,-2.3117585950744357,-1.1164848178818587,-1.5089811933024022,-0.993687947703454,0.6192643861669195,0.03450133588496623,0.0044435761163306026,0.003667372978020276,3.5417462591577062,3.5417462591577062,51.065874443575616,104.5187642698759,reachable_success
151,tiago_pro_7d,SUCCESS_EXACT,pro_7d_cpp,pro-rx90-y020-v1,arm_right_tool_link,gripper_right_grasping_link,0.21749990992248058,0,1,strict MuJoCo-validated Pro 7D solution,-2.0700107932265834,-1.8887404652352657,-2.320903310300285,-1.1292027288999842,-1.4966292380831874,-0.9895926388111771,0.6197402043066524,0.04841509970128752,0.008981778342957212,0.004061328087906268,4.249461161953306,4.249461161953306,51.300518358905485,104.49150189865344,reachable_success
152,tiago_pro_7d,SUCCESS_EXACT,pro_7d_cpp,pro-rx90-y020-v1,arm_right_tool_link,gripper_right_grasping_link,0.21780002862215042,0,1,strict MuJoCo-validated Pro 7D solution,-2.072580476126635,-1.878455611823849,-2.325103089223385,-1.1443008124222147,-1.4935073035304312,-0.9905040567571669,0.6257304137482652,0.03983781150337026,0.004977177542580736,0.004059290917697242,4.4283348357423,4.4283348357423,51.248297957227784,104.1482881792496,reachable_success
153,tiago_pro_7d,SUCCESS_EXACT,pro_7d_cpp,pro-rx90-y020-v1,arm_right_tool_link,gripper_right_grasping_link,0.21600001491606236,0,1,strict MuJoCo-validated Pro 7D solution,-2.0742913327754504,-1.8664229306312996,-2.3316075777343324,-1.159177067839328,-1.4844821582034269,-0.9882802196733049,0.6290883519775718,0.05036650584535134,0.007850818663509016,0.00452957795471774,4.945437572471862,4.945437572471862,51.375714436457756,103.95589249084472,reachable_success
154,tiago_pro_7d,SUCCESS_EXACT,pro_7d_cpp,pro-rx90-y020-v1,arm_right_tool_link,gripper_right_grasping_link,0.2169000217691064,0,1,strict MuJoCo-validated Pro 7D solution,-2.0754549443871904,-1.8539320923901246,-2.339203031303658,-1.172808912829486,-1.4726115244839273,-0.9836595014598889,0.630403595151315,0.04854672689292335,0.008482643312339772,0.0038846452113827008,5.625574784744871,5.625574784744871,51.64046208840573,103.88053460795582,reachable_success
155,tiago_pro_7d,SUCCESS_EXACT,pro_7d_cpp,pro-rx90-y020-v1,arm_right_tool_link,gripper_right_grasping_link,0.21550001110881567,0,1,strict MuJoCo-validated Pro 7D solution,-2.0775476926984884,-1.8410963978615558,-2.345697231913438,-1.1868825435249375,-1.459654372170403,-0.9826099707760707,0.6292643494109817,0.04840996523401336,0.007622741802240468,0.003977189767337479,6.3679649268179865,6.3679649268179865,51.70059576705799,103.94580858070519,reachable_success
156,tiago_pro_7d,SUCCESS_EXACT,pro_7d_cpp,pro-rx90-y020-v1,arm_right_tool_link,gripper_right_grasping_link,0.2183000324293971,0,1,strict MuJoCo-validated Pro 7D solution,-2.079486914368338,-1.8278870121784174,-2.3522220412292683,-1.202508051712927,-1.4488722944180263,-0.9819797119471654,0.627111844521438,0.0544024171056365,0.00820698684655421,0.00461441207632864,6.985732476411067,6.985732476411067,51.73670693795512,104.06913802625732,reachable_success
157,tiago_pro_7d,SUCCESS_EXACT,pro_7d_cpp,pro-rx90-y020-v1,arm_right_tool_link,gripper_right_grasping_link,0.21710002329200506,0,1,strict MuJoCo-validated Pro 7D solution,-2.082538104654469,-1.8152187726282956,-2.356348260294947,-1.2184559531542583,-1.4412895111128716,-0.9831422787880874,0.6247697713861341,0.04907785431194618,0.006215877474757782,0.004311310621746458,7.420193956758693,7.420193956758693,51.670096764568434,104.2033289322212,reachable_success
158,tiago_pro_7d,SUCCESS_EXACT,pro_7d_cpp,pro-rx90-y020-v1,arm_right_tool_link,gripper_right_grasping_link,0.21700002253055573,0,1,strict MuJoCo-validated Pro 7D solution,-2.084203600507079,-1.799720777600758,-2.3655038344827366,-1.234086184158679,-1.4238754102520046,-0.98100349271591,0.6163737686053098,0.06300251862430312,0.010982468309612185,0.004665264552913392,8.417948440101508,8.417948440101508,51.79264017978556,104.68438445634253,reachable_success
159,tiago_pro_7d,SUCCESS_EXACT,pro_7d_cpp,pro-rx90-y020-v1,arm_right_tool_link,gripper_right_grasping_link,0.21820003166794777,0,1,strict MuJoCo-validated Pro 7D solution,-2.0876602066905248,-1.7830011956965117,-2.372979514750897,-1.2522715400125424,-1.4072837646147394,-0.9769918964126146,0.6098421098514458,0.07600160988089735,0.011310701492821651,0.005828262432163482,9.36857971029345,9.36857971029345,52.02248771707467,105.05862093615863,reachable_success
160,tiago_pro_7d,SUCCESS_EXACT,pro_7d_cpp,pro-rx90-y020-v1,arm_right_tool_link,gripper_right_grasping_link,0.22739998530596495,0,1,strict MuJoCo-validated Pro 7D solution,-2.089521221241001,-1.7651797329576437,-2.38228234626189,-1.2698996502459883,-1.391002396180933,-0.9712567397001783,0.6079367099145576,0.07798862799888358,0.01360065693536626,0.005292152758742832,10.301433406248076,10.301433406248076,52.35108799154339,105.16779231082681,reachable_success
161,tiago_pro_7d,SUCCESS_EXACT,pro_7d_cpp,pro-rx90-y020-v1,arm_right_tool_link,gripper_right_grasping_link,0.2164000179618597,0,1,strict MuJoCo-validated Pro 7D solution,-2.0892948850509936,-1.7489143685930022,-2.3922067186275537,-1.2856520316397022,-1.3782563715321192,-0.9720607768313653,0.6134539971383216,0.06012744625387501,0.01184406274196537,0.004163510040743905,11.031726824194825,11.031726824194825,52.305020057354575,104.85167503854369,reachable_success
162,tiago_pro_7d,SUCCESS_EXACT,pro_7d_cpp,pro-rx90-y020-v1,arm_right_tool_link,gripper_right_grasping_link,0.2547000767663121,0,1,strict MuJoCo-validated Pro 7D solution,-2.087546570581908,-1.7301178916444533,-2.4056736209702536,-1.3001312696513703,-1.3547206105220944,-0.9678708730176342,0.6116064226987273,0.06185593643998106,0.01750986355394292,0.0027136661175764824,12.165054632449982,12.380226597697808,52.54508386244713,104.95753325626869,reachable_success
163,tiago_pro_7d,SUCCESS_EXACT,pro_7d_cpp,pro-rx90-y020-v1,arm_right_tool_link,gripper_right_grasping_link,0.21770002786070108,0,1,strict MuJoCo-validated Pro 7D solution,-2.0884706017499894,-1.7126622617337577,-2.4143249153919712,-1.31694056227921,-1.341947158802093,-0.9654351655720631,0.6111136378327133,0.06666613922079731,0.011565626179193243,0.004235156813867224,11.66937197476049,13.112091471068007,52.68463961920695,104.98576774929921,reachable_success
164,tiago_pro_7d,SUCCESS_EXACT,pro_7d_cpp,pro-rx90-y020-v1,arm_right_tool_link,gripper_right_grasping_link,0.21540001034736633,0,1,strict MuJoCo-validated Pro 7D solution,-2.087637333233868,-1.6910965788120182,-2.4280484758751073,-1.3340814337689157,-1.3175125937926604,-0.9555922618988784,0.5975730577982493,0.08024174755909476,0.020666787890138687,0.0032366208008367697,10.883069879184276,14.512088920346535,53.248596457834246,105.76158583743309,reachable_success
165,tiago_pro_7d,SUCCESS_EXACT,pro_7d_cpp,pro-rx90-y020-v1,arm_right_tool_link,gripper_right_grasping_link,0.22739998530596495,0,1,strict MuJoCo-validated Pro 7D solution,-2.0897881061975183,-1.6714124814411895,-2.4364380090472575,-1.3515934220193344,-1.295858288646993,-0.9505251709231859,0.5806541870378567,0.07392511707271106,0.012233426041670412,0.003691959660941715,10.402385036335069,15.752789213481703,53.53891938515025,106.73096572613089,reachable_success
166,tiago_pro_7d,SUCCESS_EXACT,pro_7d_cpp,pro-rx90-y020-v1,arm_right_tool_link,gripper_right_grasping_link,0.21920003928244114,0,1,strict MuJoCo-validated Pro 7D solution,-2.0933608691553536,-1.652572372723523,-2.4416315285646295,-1.3714963783909633,-1.2844095428707372,-0.9508455557952699,0.5742651540642781,0.08001409417440632,0.010115177419788762,0.005378800270984591,10.104818287170833,16.408754027179384,53.520562684160005,107.09703035068685,reachable_success
167,tiago_pro_7d,SUCCESS_EXACT,pro_7d_cpp,pro-rx90-y020-v1,arm_right_tool_link,gripper_right_grasping_link,0.21710002329200506,0,1,strict MuJoCo-validated Pro 7D solution,-2.0986097798590944,-1.6347059724224924,-2.444935347024389,-1.3912003503761285,-1.2738331981173001,-0.9525308828834111,0.5709679910764951,0.07445105743114293,0.008270753481022266,0.005464313081998971,9.91552343314921,17.01473394422666,53.424000554910435,107.28594387425358,reachable_success
168,tiago_pro_7d,SUCCESS_EXACT,pro_7d_cpp,pro-rx90-y020-v1,arm_right_tool_link,gripper_right_grasping_link,0.21759991068392992,0,1,strict MuJoCo-validated Pro 7D solution,-2.105364417788591,-1.6173079413279199,-2.445515685409508,-1.4122891405314681,-1.2666107700086555,-0.9552967749174104,0.576315953011268,0.07459465605248132,0.008323057801849783,0.006109414150338306,9.882272492992437,17.42854859268865,53.26552661477342,106.97952822639446,reachable_success
169,tiago_pro_7d,SUCCESS_EXACT,pro_7d_cpp,pro-rx90-y020-v1,arm_right_tool_link,gripper_right_grasping_link,0.22339995484799147,0,1,strict MuJoCo-validated Pro 7D solution,-2.112928436779497,-1.5982555321045984,-2.4464840619973858,-1.432352284974511,-1.25124699272218,-0.9527959484330087,0.5761469605250573,0.08289324582746296,0.008443621438477523,0.0059636295597986,9.826788601527769,18.30882818858265,53.408813417624174,106.98921078262377,reachable_success
170,tiago_pro_7d,SUCCESS_EXACT,pro_7d_cpp,pro-rx90-y020-v1,arm_right_tool_link,gripper_right_grasping_link,0.2180000301450491,0,1,strict MuJoCo-validated Pro 7D solution,-2.121424135855522,-1.5804054549746267,-2.4450484878690015,-1.4536603535297716,-1.246045064712698,-0.9540684584945165,0.5859327435188498,0.07924117385739936,0.008419884252886332,0.006730574208839311,9.909040940262358,18.606876708856863,53.33590396171185,106.42852671784857,reachable_success
171,tiago_pro_7d,SUCCESS_EXACT,pro_7d_cpp,pro-rx90-y020-v1,arm_right_tool_link,gripper_right_grasping_link,0.21570001263171434,0,1,strict MuJoCo-validated Pro 7D solution,-2.128855655070612,-1.5625351790231896,-2.4441714617143306,-1.4751555465530917,-1.241508284228086,-0.9560749711980294,0.596311527379683,0.0776992353967527,0.008351114256204079,0.006331845708671048,9.959290837447588,18.866815083202443,53.220939252261175,105.83386620614432,reachable_success
172,tiago_pro_7d,SUCCESS_EXACT,pro_7d_cpp,pro-rx90-y020-v1,arm_right_tool_link,gripper_right_grasping_link,0.21470000501722097,0,1,strict MuJoCo-validated Pro 7D solution,-2.1366083214423646,-1.5456854332523664,-2.442146730799381,-1.494612218148104,-1.2359455445030398,-0.961992224130182,0.6002485920927498,0.06779728615532102,0.007639388228172464,0.005502062645807939,10.075299373523855,19.185536591977353,52.88190563293742,105.6082890144157,reachable_success
173,tiago_pro_7d,SUCCESS_EXACT,pro_7d_cpp,pro-rx90-y020-v1,arm_right_tool_link,gripper_right_grasping_link,0.21580001339316368,0,1,strict MuJoCo-validated Pro 7D solution,-2.146245745188607,-1.5275043778071151,-2.438181901284803,-1.516395752275775,-1.2320161310830628,-0.9653573894845654,0.596085906198803,0.08235448442872421,0.009307199267294715,0.007276258110960512,10.30246737119809,19.4106753969041,52.68909586076761,105.8467933475775,reachable_success
174,tiago_pro_7d,SUCCESS_EXACT,pro_7d_cpp,pro-rx90-y020-v1,arm_right_tool_link,gripper_right_grasping_link,0.22469996474683285,0,1,strict MuJoCo-validated Pro 7D solution,-2.1555345295207333,-1.5095663389552352,-2.435421566088104,-1.5349739380732859,-1.2191605638036687,-0.9721898942867871,0.5854176971978516,0.07476572617507986,0.005394740702090687,0.0056902667448825335,10.460622928010364,20.147245145259866,52.297622172097434,106.4580366982955,reachable_success
175,tiago_pro_7d,SUCCESS_EXACT,pro_7d_cpp,pro-rx90-y020-v1,arm_right_tool_link,gripper_right_grasping_link,0.22410007659345865,0,1,strict MuJoCo-validated Pro 7D solution,-2.167096020106464,-1.4918399101687037,-2.430052261467018,-1.5552401653686736,-1.2106527368785882,-0.9790589951069969,0.5781075332978822,0.07971369540058433,0.008815850639591788,0.0074788867721825615,10.768261421718663,20.634707720894742,51.90405168604956,106.87687823731264,reachable_success
176,tiago_pro_7d,SUCCESS_EXACT,pro_7d_cpp,pro-rx90-y020-v1,arm_right_tool_link,gripper_right_grasping_link,0.21770002786070108,0,1,strict MuJoCo-validated Pro 7D solution,-2.180943303973349,-1.4735153698249002,-2.4232249427097257,-1.5746548317058637,-1.196150028882992,-0.9817785160592225,0.5623270702811627,0.08518031848342944,0.009984494973287494,0.008495783956097151,11.159437971902022,21.465651680553034,51.74823461318964,107.78103216693295,reachable_success
177,tiago_pro_7d,SUCCESS_EXACT,pro_7d_cpp,pro-rx90-y020-v1,arm_right_tool_link,gripper_right_grasping_link,0.2172000240534544,0,1,strict MuJoCo-validated Pro 7D solution,-2.193969196842236,-1.4552164929151268,-2.4164134789032365,-1.5961170378329472,-1.1903281777555383,-0.9875850953145103,0.5629564139938943,0.08905851600689281,0.011851492571751887,0.008963731802474069,11.549706100319964,21.799219179109613,51.415542128453424,107.74497342833034,reachable_success
178,tiago_pro_7d,SUCCESS_EXACT,pro_7d_cpp,pro-rx90-y020-v1,arm_right_tool_link,gripper_right_grasping_link,0.21700002253055573,0,1,strict MuJoCo-validated Pro 7D solution,-2.2088485119881938,-1.4393394955418424,-2.4056203684971207,-1.6170232995991851,-1.1885133053864556,-0.9986614908669632,0.5648928755515817,0.07063546443233687,0.015061856219294718,0.008926466270005302,12.168105774409133,21.903203706212963,50.7809114110804,107.63402235388551,reachable_success
179,tiago_pro_7d,SUCCESS_EXACT,pro_7d_cpp,pro-rx90-y020-v1,arm_right_tool_link,gripper_right_grasping_link,0.2188999205827713,0,1,strict MuJoCo-validated Pro 7D solution,-2.2235587015418177,-1.4201045194395185,-2.3965500068328316,-1.6390511226382174,-1.1827383434469294,-1.0032797631990007,0.5641043430053736,0.10169009064805923,0.014906725094546245,0.01076158310684579,12.687799216430154,22.234084652196497,50.51630389781261,107.67920194079194,reachable_success
180,tiago_pro_7d,SUCCESS_EXACT,pro_7d_cpp,pro-rx90-y020-v1,arm_right_tool_link,gripper_right_grasping_link,0.21609989926218987,0,1,strict MuJoCo-validated Pro 7D solution,-2.238655050781703,-1.4028533968391295,-2.3860142215966675,-1.6603254208172467,-1.1797392671925122,-1.0126939505303156,0.5669024871989773,0.08546614775681226,0.015448403316192494,0.00990603284483423,13.291455244318598,22.405919064012505,49.976910696182735,107.5188800880294,reachable_success
181,tiago_pro_7d,SUCCESS_EXACT,pro_7d_cpp,pro-rx90-y020-v1,arm_right_tool_link,gripper_right_grasping_link,0.2161000156775117,0,1,strict MuJoCo-validated Pro 7D solution,-2.255202985726215,-1.383644040185195,-2.3755043442341606,-1.6808004689192424,-1.1718255236914719,-1.0167031618666285,0.5601460094839305,0.10638614619458613,0.016071589422303106,0.011831416065215037,13.893626860390333,22.8593431667712,49.74719980743601,107.90599774547579,reachable_success
182,tiago_pro_7d,SUCCESS_EXACT,pro_7d_cpp,pro-rx90-y020-v1,arm_right_tool_link,gripper_right_grasping_link,0.2161000156775117,0,1,strict MuJoCo-validated Pro 7D solution,-2.2721227411674114,-1.3666902762540523,-2.3633343685953068,-1.701263433958559,-1.170183387810007,-1.027542478904299,0.5566952506205132,0.08941076279323688,0.01655794898936688,0.010873652833062254,14.590915101273684,22.953430622166135,49.12615268837324,108.10371166446697,reachable_success
183,tiago_pro_7d,SUCCESS_EXACT,pro_7d_cpp,pro-rx90-y020-v1,arm_right_tool_link,gripper_right_grasping_link,0.22449996322393417,0,1,strict MuJoCo-validated Pro 7D solution,-2.289096669737679,-1.3472623951251796,-2.3523585398356284,-1.7218830483125505,-1.162002451161013,-1.033642773828147,0.5492721423158615,0.1121927587877372,0.0164735683643139,0.012202381674428203,15.219783765861564,23.42216376461739,48.77663153545166,108.52902444119202,reachable_success
184,tiago_pro_7d,SUCCESS_EXACT,pro_7d_cpp,pro-rx90-y020-v1,arm_right_tool_link,gripper_right_grasping_link,0.2188000362366438,0,1,strict MuJoCo-validated Pro 7D solution,-2.306236344087044,-1.3274038074499255,-2.343525065797188,-1.7399257410071738,-1.1485051309093146,-1.039046530461737,0.5369647519137775,0.11555968618590616,0.011773294537108674,0.01123182114828653,15.725904546702594,24.19550324977616,48.467019086831144,109.23418596805125,reachable_success
185,tiago_pro_7d,SUCCESS_EXACT,pro_7d_cpp,pro-rx90-y020-v1,arm_right_tool_link,gripper_right_grasping_link,0.21660001948475838,0,1,strict MuJoCo-validated Pro 7D solution,-2.325460877751371,-1.3108493559712202,-2.328924900739912,-1.7608888799429925,-1.1506176489559554,-1.0494600702881258,0.5367650094189452,0.09430957605418515,0.020078347104182475,0.012724321703113453,16.562432384678864,24.07446488155842,47.870367204987666,109.24563036999456,reachable_success
186,tiago_pro_7d,SUCCESS_EXACT,pro_7d_cpp,pro-rx90-y020-v1,arm_right_tool_link,gripper_right_grasping_link,0.21710002329200506,0,1,strict MuJoCo-validated Pro 7D solution,-2.34526685701755,-1.2920335459035848,-2.3142872252341955,-1.7815370083969566,-1.1481250121942719,-1.0579323352550505,0.5350394367461658,0.11915460976818323,0.021244291113218308,0.014689693944606659,17.401109413038455,24.217282447862043,47.384942179466336,109.34449840138792,reachable_success
187,tiago_pro_7d,SUCCESS_EXACT,pro_7d_cpp,pro-rx90-y020-v1,arm_right_tool_link,gripper_right_grasping_link,0.2194000408053398,0,1,strict MuJoCo-validated Pro 7D solution,-2.367033507209885,-1.2765519618988912,-2.296050176922106,-1.8034560360237113,-1.1561463191867254,-1.0714209378353068,0.5401626927324743,0.09144475881244499,0.02585372620446394,0.014012630413505147,18.446015312097366,23.757695411015682,46.61210218008838,109.05095745600731,reachable_success
188,tiago_pro_7d,SUCCESS_EXACT,pro_7d_cpp,pro-rx90-y020-v1,arm_right_tool_link,gripper_right_grasping_link,0.22339995484799147,0,1,strict MuJoCo-validated Pro 7D solution,-2.388895136295147,-1.2597138568406028,-2.278362959010832,-1.826774337669786,-1.1667525716711005,-1.0839945783786233,0.5444717180606582,0.10501690368631851,0.026947794836060007,0.014667414370913394,19.459418249741557,23.150001907210846,45.89168564384176,108.8040684908874,reachable_success
189,tiago_pro_7d,SUCCESS_EXACT,pro_7d_cpp,pro-rx90-y020-v1,arm_right_tool_link,gripper_right_grasping_link,0.2164000179618597,0,1,strict MuJoCo-validated Pro 7D solution,-2.412281858161451,-1.2428737829803336,-2.259571889748478,-1.848396462758154,-1.175817622865746,-1.0947914191324208,0.541641927059613,0.11407777312995049,0.028640774924542912,0.01642918757962501,20.536067211012465,22.630612732687634,45.27307223657432,108.9662035721514,reachable_success
190,tiago_pro_7d,SUCCESS_EXACT,pro_7d_cpp,pro-rx90-y020-v1,arm_right_tool_link,gripper_right_grasping_link,0.21670002024620771,0,1,strict MuJoCo-validated Pro 7D solution,-2.4360946821732825,-1.2269568553965546,-2.240352825696687,-1.8713430273970781,-1.1899322594896973,-1.1055348347861043,0.5424302015123437,0.10472637141649019,0.029407673187601287,0.015606823330576145,21.637238467371667,21.821903624774443,44.657519862063474,108.92103877291194,reachable_success
191,tiago_pro_7d,SUCCESS_EXACT,pro_7d_cpp,pro-rx90-y020-v1,arm_right_tool_link,gripper_right_grasping_link,0.21660001948475838,0,1,strict MuJoCo-validated Pro 7D solution,-2.4604247507155064,-1.209974775388864,-2.222492806204448,-1.8907686936894388,-1.1941888688066387,-1.1145006701886884,0.5352749650998985,0.12602398596377834,0.02670934373862746,0.017377478267674964,21.578017875877638,21.578017875877638,44.14381533368643,109.33100362076337,reachable_success
192,tiago_pro_7d,SUCCESS_EXACT,pro_7d_cpp,pro-rx90-y020-v1,arm_right_tool_link,gripper_right_grasping_link,0.22499996703118086,0,1,strict MuJoCo-validated Pro 7D solution,-2.485606953694685,-1.1950850314454777,-2.2042953171496014,-1.906635280392261,-1.1909538815358789,-1.1238818317969834,0.5225862008411482,0.11291038086843463,0.021937273876303915,0.016700381703586974,21.763368993270717,21.763368993270717,43.60631436660096,110.0580162600262,reachable_success
193,tiago_pro_7d,SUCCESS_EXACT,pro_7d_cpp,pro-rx90-y020-v1,arm_right_tool_link,gripper_right_grasping_link,0.2234999556094408,0,1,strict MuJoCo-validated Pro 7D solution,-2.510297172166518,-1.18054546203853,-2.186432219724548,-1.9211974693462572,-1.1863970472257976,-1.133691380651859,0.5149742371419168,0.11004845520419108,0.019580141112284753,0.015893731090968848,22.024456367178782,22.024456367178782,43.04426861828921,110.49414965379896,reachable_success
194,tiago_pro_7d,SUCCESS_EXACT,pro_7d_cpp,pro-rx90-y020-v1,arm_right_tool_link,gripper_right_grasping_link,0.22010004613548517,0,1,strict MuJoCo-validated Pro 7D solution,-2.535689284864182,-1.167308130626996,-2.168505714078316,-1.933132108239711,-1.1769461183189152,-1.1469079693739528,0.5089325156249289,0.10439378148687112,0.015174757561784531,0.014695778454792603,22.565954706021337,22.565954706021337,42.287013864953025,110.84031479771575,reachable_success
195,tiago_pro_7d,SUCCESS_EXACT,pro_7d_cpp,pro-rx90-y020-v1,arm_right_tool_link,gripper_right_grasping_link,0.22489996626973152,0,1,strict MuJoCo-validated Pro 7D solution,-2.5613527820187136,-1.155207840872719,-2.150723073665051,-1.9436320830571667,-1.1712196821594267,-1.1623949210357358,0.5046841399972359,0.1039442931891936,0.013728559977661847,0.01392981471431098,22.894055329611128,22.894055329611128,41.399676897209744,111.08372879096879,reachable_success
196,tiago_pro_7d,SUCCESS_EXACT,pro_7d_cpp,pro-rx90-y020-v1,arm_right_tool_link,gripper_right_grasping_link,0.21740002557635307,0,1,strict MuJoCo-validated Pro 7D solution,-2.5876639778981247,-1.1443381372509158,-2.1305539067362043,-1.9541260312670214,-1.1672861894573667,-1.1830049898141772,0.49992539979674977,0.10055173765744786,0.014475149207465775,0.013393289351197239,23.119427860184675,23.119427860184675,40.2188069407307,111.3563845202559,reachable_success
197,tiago_pro_7d,SUCCESS_EXACT,pro_7d_cpp,pro-rx90-y020-v1,arm_right_tool_link,gripper_right_grasping_link,0.2221000613644719,0,1,strict MuJoCo-validated Pro 7D solution,-2.6153092235056223,-1.1355739934506122,-2.108742288837794,-1.9645542766822068,-1.167949468807758,-1.2058832504483494,0.49361697747159483,0.09728153042117661,0.016103249481106773,0.012976203372590716,23.081424752769074,23.081424752769074,38.90797916379234,111.71783049487337,reachable_success
198,tiago_pro_7d,SUCCESS_EXACT,pro_7d_cpp,pro-rx90-y020-v1,arm_right_tool_link,gripper_right_grasping_link,0.2164000179618597,0,1,strict MuJoCo-validated Pro 7D solution,-2.642205158515185,-1.1271599920215596,-2.0885054106107495,-1.974668383483466,-1.1707236934107184,-1.2288799096250704,0.48181445641237713,0.09586917301364896,0.015394228873526181,0.011437616224283596,22.922473391598093,22.922473391598093,37.59036765006543,112.39406513918081,reachable_success
199,tiago_pro_7d,SUCCESS_EXACT,pro_7d_cpp,pro-rx90-y020-v1,arm_right_tool_link,gripper_right_grasping_link,0.21630001720041037,0,1,strict MuJoCo-validated Pro 7D solution,-2.6712809604075143,-1.1189652750805912,-2.0669308853368427,-1.9850436465449022,-1.172937299196663,-1.249349712760952,0.4617428296401701,0.10529851250323873,0.01756624921963669,0.013995362152403098,22.79564312255773,22.79564312255773,36.417534322915756,113.54408464119008,reachable_success
200,tiago_pro_7d,SUCCESS_EXACT,pro_7d_cpp,pro-rx90-y020-v1,arm_right_tool_link,gripper_right_grasping_link,0.21730002481490374,0,1,strict MuJoCo-validated Pro 7D solution,-2.7014138510154275,-1.1105698414789489,-2.046205835413416,-1.9941605340775794,-1.173513570262225,-1.2634719105475674,0.43784973215669054,0.11214790340673846,0.018965172198352424,0.01588572903250767,22.762625222645514,22.762625222645514,35.60839199229371,114.9130582864881,reachable_success
201,tiago_pro_7d,SUCCESS_EXACT,pro_7d_cpp,pro-rx90-y020-v1,arm_right_tool_link,gripper_right_grasping_link,0.2175000263378024,0,1,strict MuJoCo-validated Pro 7D solution,-2.7306962776123007,-1.103252137235424,-2.0249101591775123,-2.003713912332075,-1.179622727101762,-1.2808622102972511,0.41968841780529187,0.1073188300050353,0.021850650641619132,0.013896331543803729,22.41259631935656,22.41259631935656,34.61200121216942,115.95362494923361,reachable_success
202,tiago_pro_7d,SUCCESS_EXACT,pro_7d_cpp,pro-rx90-y020-v1,arm_right_tool_link,gripper_right_grasping_link,0.21760002709925175,0,1,strict MuJoCo-validated Pro 7D solution,-2.760961948742389,-1.0968177104267327,-2.0033446471831473,-2.0125496937032445,-1.1862999218614165,-1.2962278190481253,0.4058405840408046,0.10975927877779351,0.02210071095941029,0.014489418134306991,22.03002124064149,22.03002124064149,33.73161668109504,116.7470473793375,reachable_success
203,tiago_pro_7d,SUCCESS_EXACT,pro_7d_cpp,pro-rx90-y020-v1,arm_right_tool_link,gripper_right_grasping_link,0.21630001720041037,0,1,strict MuJoCo-validated Pro 7D solution,-2.791141871326436,-1.0921222325647701,-1.9799894785389711,-2.0205345009667153,-1.196543550294081,-1.3132682186261018,0.39651890245250726,0.10919231700625008,0.02507426198906952,0.013577858025738269,21.4431045645496,21.4431045645496,32.75527370406048,117.28114039231174,reachable_success
204,tiago_pro_7d,SUCCESS_EXACT,pro_7d_cpp,pro-rx90-y020-v1,arm_right_tool_link,gripper_right_grasping_link,0.2164000179618597,0,1,strict MuJoCo-validated Pro 7D solution,-2.8220458306853353,-1.0882708607731766,-1.9562365622124367,-2.0283699698391535,-1.206692002540999,-1.3297730319884513,0.38842792051534886,0.11144331708863195,0.024921078160192706,0.01394689384243123,20.861641082211143,20.861641082211143,31.809617556746726,117.7447195094275,reachable_success
205,tiago_pro_7d,SUCCESS_EXACT,pro_7d_cpp,pro-rx90-y020-v1,arm_right_tool_link,gripper_right_grasping_link,0.21650001872330904,0,1,strict MuJoCo-validated Pro 7D solution,-2.852811891170151,-1.0858789323258569,-1.9329389766141467,-2.033398425380136,-1.2124582429971114,-1.347751502631967,0.37615825578799117,0.11505368580193368,0.01888138267499793,0.013391008522816064,20.53125984041832,20.53125984041832,30.779527066773422,118.44771951434564,reachable_success
206,tiago_pro_7d,SUCCESS_EXACT,pro_7d_cpp,pro-rx90-y020-v1,arm_right_tool_link,gripper_right_grasping_link,0.21550001110881567,0,1,strict MuJoCo-validated Pro 7D solution,-2.8835895739358692,-1.0873736078835636,-1.9071832711756385,-2.0375769067873244,-1.2231096621268533,-1.3709824869620604,0.36464691709895475,0.1268723909849145,0.024776573589325467,0.010968744227287323,19.920978478459194,19.920978478459194,29.448489710724527,119.10727063777308,reachable_success
207,tiago_pro_7d,SUCCESS_EXACT,pro_7d_cpp,pro-rx90-y020-v1,arm_right_tool_link,gripper_right_grasping_link,0.2161000156775117,0,1,strict MuJoCo-validated Pro 7D solution,-2.9140194466204448,-1.0894760263749375,-1.8817525814903853,-2.0407206289419273,-1.2324067501878402,-1.3954129837183065,0.3474724024380914,0.13108995315535701,0.02262199301820257,0.010434951290811978,19.388294570803183,19.388294570803183,28.048725355183578,120.0912978430261,reachable_success
208,tiago_pro_7d,SUCCESS_EXACT,pro_7d_cpp,pro-rx90-y020-v1,arm_right_tool_link,gripper_right_grasping_link,0.21630001720041037,0,1,strict MuJoCo-validated Pro 7D solution,-2.9434269395923316,-1.0927553967831591,-1.8578026801799654,-2.043350331034594,-1.2431514634893548,-1.4191348742850907,0.3252384261446332,0.12682103577591072,0.023154171690156152,0.008819713980315369,18.77266784654832,18.77266784654832,26.689561143635643,121.36521084643519,reachable_success
209,tiago_pro_7d,SUCCESS_EXACT,pro_7d_cpp,pro-rx90-y020-v1,arm_right_tool_link,gripper_right_grasping_link,0.215300009585917,0,1,strict MuJoCo-validated Pro 7D solution,-2.9712646639930913,-1.0950577393693544,-1.8358163082206895,-2.0432756357609057,-1.2507487788335077,-1.4414503715113678,0.2946027069120382,0.12795051840779836,0.018662799010304904,0.008630311296358951,18.33737374169838,18.33737374169838,25.41097733483407,123.12050826081065,reachable_success
210,tiago_pro_7d,SUCCESS_EXACT,pro_7d_cpp,pro-rx90-y020-v1,arm_right_tool_link,gripper_right_grasping_link,0.21520000882446766,0,1,strict MuJoCo-validated Pro 7D solution,-2.9987939367267447,-1.0986794819562176,-1.8135910623366214,-2.0420651340058718,-1.2590152375452495,-1.461790162982278,0.2629129199542453,0.1341934596484582,0.01968959743094733,0.008749613900603205,17.86374054599642,17.86374054599642,24.245593127374725,124.93619930716089,reachable_success
211,tiago_pro_7d,SUCCESS_EXACT,pro_7d_cpp,pro-rx90-y020-v1,arm_right_tool_link,gripper_right_grasping_link,0.22140005603432655,0,1,strict MuJoCo-validated Pro 7D solution,-3.025121220798452,-1.1031655949599375,-1.790931176324321,-2.0407384374086357,-1.268416136769275,-1.480604105427654,0.23254067962161537,0.13181092000222172,0.021830458770007437,0.00838913776551306,17.325108696831947,17.325108696831947,23.167633629252645,126.67640049257761,reachable_success
212,tiago_pro_7d,SUCCESS_EXACT,pro_7d_cpp,pro-rx90-y020-v1,arm_right_tool_link,gripper_right_grasping_link,0.21590001415461302,0,1,strict MuJoCo-validated Pro 7D solution,-3.050895445896358,-1.108676427936419,-1.76831108318663,-2.039127321407021,-1.2772101816285202,-1.4969557502672017,0.207747022353883,0.12926632997565424,0.020562461178899004,0.008561226618270508,16.82124704154848,16.82124704154848,22.230753391849685,128.09697241271252,reachable_success
213,tiago_pro_7d,SUCCESS_EXACT,pro_7d_cpp,pro-rx90-y020-v1,arm_right_tool_link,gripper_right_grasping_link,0.21630001720041037,0,1,strict MuJoCo-validated Pro 7D solution,-3.076207836466536,-1.1150247541252924,-1.7447264236723938,-2.0360752496800187,-1.285564184112037,-1.5139012328317498,0.18359006076920592,0.14340641900643733,0.020730237103311094,0.008706024316304658,16.342597957201153,16.342597957201153,21.259848759088555,129.48106435737418,reachable_success
214,tiago_pro_7d,SUCCESS_EXACT,pro_7d_cpp,pro-rx90-y020-v1,arm_right_tool_link,gripper_right_grasping_link,0.2164000179618597,0,1,strict MuJoCo-validated Pro 7D solution,-3.1003338573377754,-1.1221937898832284,-1.721673338338618,-2.032238589990228,-1.2931361641422212,-1.5307772871975676,0.16637510503307695,0.14207668323163655,0.018041387051479743,0.007984899323227173,15.908755458914262,15.908755458914262,20.292922069093873,130.4674086655589,reachable_success
215,tiago_pro_7d,SUCCESS_EXACT,pro_7d_cpp,pro-rx90-y020-v1,arm_right_tool_link,gripper_right_grasping_link,0.21520000882446766,0,1,strict MuJoCo-validated Pro 7D solution,-3.1233337667550525,-1.1313856948139183,-1.698261237149095,-2.025862511286639,-1.296714829000835,-1.5478052828291298,0.14735945380772278,0.15497719331215182,0.013481711371394891,0.007917267512059557,15.703713066223909,15.703713066223909,19.317289785838156,131.55692522546448,reachable_success
216,tiago_pro_7d,SUCCESS_EXACT,pro_7d_cpp,pro-rx90-y020-v1,arm_right_tool_link,gripper_right_grasping_link,0.22009992972016335,0,1,strict MuJoCo-validated Pro 7D solution,-3.1443264179054804,-1.1408561645381494,-1.6766714691327687,-2.0171063473801816,-1.2966602753779506,-1.5652052704190058,0.1306050858068169,0.15049262344554468,0.008071768431759845,0.006647438663728268,15.706838758572335,15.706838758572335,18.32034393335825,132.51687980032543,reachable_success
217,tiago_pro_7d,SUCCESS_EXACT,pro_7d_cpp,pro-rx90-y020-v1,arm_right_tool_link,gripper_right_grasping_link,0.21789991296827793,0,1,strict MuJoCo-validated Pro 7D solution,-3.1634394934294154,-1.150336119555721,-1.65641632719998,-2.008057618306836,-1.295915689648426,-1.5826932971582626,0.11342394093429398,0.1380294548640376,0.007227821935152991,0.005421079211012334,15.749500378359759,15.749500378359759,17.318353809186906,133.5012868887238,reachable_success
218,tiago_pro_7d,SUCCESS_EXACT,pro_7d_cpp,pro-rx90-y020-v1,arm_right_tool_link,gripper_right_grasping_link,0.2172999083995819,0,1,strict MuJoCo-validated Pro 7D solution,-3.180092069662302,-1.160656547529689,-1.63705691508477,-1.999469987617199,-1.2993708489852926,-1.5999055533454691,0.09634705005342481,0.12872867108110322,0.009752865808555587,0.0038042816559569607,15.551534330812084,15.551534330812084,16.33216417376203,134.47972066340307,reachable_success
219,tiago_pro_7d,SUCCESS_EXACT,pro_7d_cpp,pro-rx90-y020-v1,arm_right_tool_link,gripper_right_grasping_link,0.215300009585917,0,1,strict MuJoCo-validated Pro 7D solution,-3.195241118832945,-1.1709083110207787,-1.6183220483420675,-1.9896334535829772,-1.3037558201739623,-1.61771285938233,0.07794435383520218,0.13054255031362208,0.01073105226530699,0.0028440221787444267,15.30029398841485,15.30029398841485,15.311880693352071,135.5341174883686,reachable_success
220,tiago_pro_7d,SUCCESS_EXACT,pro_7d_cpp,pro-rx90-y020-v1,arm_right_tool_link,gripper_right_grasping_link,0.21520000882446766,0,1,strict MuJoCo-validated Pro 7D solution,-3.209836439609102,-1.1812225642570227,-1.6001934420671196,-1.9798488246588424,-1.3046374333670203,-1.6328070238560863,0.05740796993771251,0.12023124167697222,0.007141943176768282,0.0031878777131279738,14.447048773729529,15.249781273289573,14.447048773729529,136.71076561215517,reachable_success
221,tiago_pro_7d,SUCCESS_EXACT,pro_7d_cpp,pro-rx90-y020-v1,arm_right_tool_link,gripper_right_grasping_link,0.21769991144537926,0,1,strict MuJoCo-validated Pro 7D solution,-3.222241593623815,-1.189857253826535,-1.5834284449004659,-1.969355328488847,-1.3068950119362863,-1.6457047099459636,0.036708240938478603,0.1082357433622124,0.006222007585101828,0.002331240240124983,13.70806579529497,15.120431549351448,13.70806579529497,137.89677272087582,reachable_success
222,tiago_pro_7d,SUCCESS_EXACT,pro_7d_cpp,pro-rx90-y020-v1,arm_right_tool_link,gripper_right_grasping_link,0.2164999023079872,0,1,strict MuJoCo-validated Pro 7D solution,-3.2341616801653976,-1.1990031033763373,-1.5678752057528351,-1.9586259480340626,-1.3100828891589544,-1.658562837478402,0.016650831853252286,0.10495928936688448,0.006617825583544419,0.0018299973696654398,12.971349355245286,14.93777963888668,12.971349355245286,139.04597760942664,reachable_success
223,tiago_pro_7d,SUCCESS_EXACT,pro_7d_cpp,pro-rx90-y020-v1,arm_right_tool_link,gripper_right_grasping_link,0.22739998530596495,0,1,strict MuJoCo-validated Pro 7D solution,-3.2444075398164753,-1.208757142745664,-1.549971425958641,-1.9472020855936947,-1.3089658710727978,-1.6721515646368943,-0.0023218006524899117,0.11213645965823565,0.006048982565067194,0.001737460716676601,12.19277264010888,15.001780060863233,12.19277264010888,139.86697062174161,reachable_success
224,tiago_pro_7d,SUCCESS_EXACT,pro_7d_cpp,pro-rx90-y020-v1,arm_right_tool_link,gripper_right_grasping_link,0.2210000529885292,0,1,strict MuJoCo-validated Pro 7D solution,-3.2539789902457574,-1.2180083793194456,-1.5353020697528788,-1.9364875639160442,-1.3092763334059214,-1.6828461924964626,-0.019116802526819666,0.08942941274383863,0.004714425540464214,0.0013594858301648632,11.580015600292587,14.983991879477466,11.580015600292587,138.9046878974282,reachable_success
225,tiago_pro_7d,SUCCESS_EXACT,pro_7d_cpp,pro-rx90-y020-v1,arm_right_tool_link,gripper_right_grasping_link,0.22250006441026926,0,1,strict MuJoCo-validated Pro 7D solution,-3.2618203033945856,-1.228345002392657,-1.5191409705359962,-1.925911753580284,-1.3142673843036223,-1.6967230545600818,-0.031037561445729247,0.09851934387338575,0.009228397210453617,0.0001876886891452418,10.784929971162006,14.698025727704223,10.784929971162006,138.22167872278175,reachable_success
226,tiago_pro_7d,SUCCESS_EXACT,pro_7d_cpp,pro-rx90-y020-v1,arm_right_tool_link,gripper_right_grasping_link,0.21650001872330904,0,1,strict MuJoCo-validated Pro 7D solution,-3.2677998673455706,-1.2374066000875394,-1.50627274887009,-1.9142620168614943,-1.316704323886396,-1.7096046068227109,-0.04543723254741584,0.07829446309656402,0.006604493168644793,0.00014713746041423905,10.046871392936163,14.558399374682919,10.046871392936163,137.3966383422786,reachable_success
227,tiago_pro_7d,SUCCESS_EXACT,pro_7d_cpp,pro-rx90-y020-v1,arm_right_tool_link,gripper_right_grasping_link,0.21710002329200506,0,1,strict MuJoCo-validated Pro 7D solution,-3.2736412194502424,-1.2451759705113707,-1.4941603845308828,-1.9033942620735755,-1.3215500649157206,-1.7225997912778148,-0.06379712627237762,0.07100878140166803,0.007545177860809967,0.0005624623864781868,9.302302169664692,14.280758865089243,9.302302169664692,136.3446939195296,reachable_success
228,tiago_pro_7d,SUCCESS_EXACT,pro_7d_cpp,pro-rx90-y020-v1,arm_right_tool_link,gripper_right_grasping_link,0.215600011870265,0,1,strict MuJoCo-validated Pro 7D solution,-3.279102395637072,-1.2537978160048169,-1.481710058393899,-1.8921356926117563,-1.3224700614624547,-1.7348718368349092,-0.08449086003977832,0.07151718164296911,0.005408971978022673,0.0002980930216651732,8.599165753250912,14.228046945794766,8.599165753250912,135.15903031229016,reachable_success
229,tiago_pro_7d,SUCCESS_EXACT,pro_7d_cpp,pro-rx90-y020-v1,arm_right_tool_link,gripper_right_grasping_link,0.21590001415461302,0,1,strict MuJoCo-validated Pro 7D solution,-3.282435142818494,-1.261989998699348,-1.4708871777330594,-1.8801179214646768,-1.3254164252810323,-1.7468149791013308,-0.10434712655588335,0.06301849013499893,0.006168717965974982,0.0007589106753163046,7.914874107260646,14.05923273408022,7.914874107260646,134.0213500440304,reachable_success
230,tiago_pro_7d,SUCCESS_EXACT,pro_7d_cpp,pro-rx90-y020-v1,arm_right_tool_link,gripper_right_grasping_link,0.21710002329200506,0,1,strict MuJoCo-validated Pro 7D solution,-3.2849155713120504,-1.2708837723012418,-1.4598509601794585,-1.8704230840864113,-1.3327011339915151,-1.75933383301989,-0.12157363208205149,0.05517544642797936,0.0086361543297879,0.001364711534201938,7.1975966133863905,13.641849669987367,7.1975966133863905,133.0343439816222,reachable_success
231,tiago_pro_7d,SUCCESS_EXACT,pro_7d_cpp,pro-rx90-y020-v1,arm_right_tool_link,gripper_right_grasping_link,0.2161000156775117,0,1,strict MuJoCo-validated Pro 7D solution,-3.2878139911193465,-1.2770708650791007,-1.450710789246745,-1.8590436733139688,-1.3351018821178802,-1.7678032720172179,-0.13738962706806002,0.04878373106347227,0.0038455588420139414,0.0004621123583304269,6.712333503995991,13.50429693467271,6.712333503995991,132.12815422012383,reachable_success
232,tiago_pro_7d,SUCCESS_EXACT,pro_7d_cpp,pro-rx90-y020-v1,arm_right_tool_link,gripper_right_grasping_link,0.22050004918128252,0,1,strict MuJoCo-validated Pro 7D solution,-3.289850161513878,-1.2846782497771596,-1.4412809212069673,-1.848158413236496,-1.3394213122497745,-1.7762699135786082,-0.1482355149486153,0.048844982945604146,0.005297640134381471,0.0006069860546754688,6.227230675878272,13.256811818213531,6.227230675878272,131.5067306194959,reachable_success
233,tiago_pro_7d,SUCCESS_EXACT,pro_7d_cpp,pro-rx90-y020-v1,arm_right_tool_link,gripper_right_grasping_link,0.21510000806301832,0,1,strict MuJoCo-validated Pro 7D solution,-3.2917017393623373,-1.29110615668224,-1.4315351388503217,-1.8390148466747607,-1.33976571617716,-1.7833060751604715,-0.15570543229048306,0.03880467020503759,0.0028854263524817044,0.0004554173958623617,5.824088313265414,13.237078926726616,5.824088313265414,131.0787358824953,reachable_success
234,tiago_pro_7d,SUCCESS_EXACT,pro_7d_cpp,pro-rx90-y020-v1,arm_right_tool_link,gripper_right_grasping_link,0.215600011870265,0,1,strict MuJoCo-validated Pro 7D solution,-3.292815696627961,-1.2972916347065873,-1.4231561152903338,-1.8286475093851666,-1.3378951336674012,-1.7921957166369424,-0.16235863079485433,0.036549621059245196,0.004423355100209349,0.000620622763454777,5.314749375279181,13.344255409766777,5.314749375279181,130.6975356879321,reachable_success
235,tiago_pro_7d,SUCCESS_EXACT,pro_7d_cpp,pro-rx90-y020-v1,arm_right_tool_link,gripper_right_grasping_link,0.21840003319084644,0,1,strict MuJoCo-validated Pro 7D solution,-3.2940954781735745,-1.3028316132160793,-1.4169134582804224,-1.8190878537216182,-1.340266895468204,-1.800033644918862,-0.16992474134126584,0.02961491885002147,0.0037054836888015482,0.0004591795208449959,4.865669164598961,13.20836346857043,4.865669164598961,130.26402948629328,reachable_success
236,tiago_pro_7d,SUCCESS_EXACT,pro_7d_cpp,pro-rx90-y020-v1,arm_right_tool_link,gripper_right_grasping_link,0.2172000240534544,0,1,strict MuJoCo-validated Pro 7D solution,-3.2939629810416005,-1.3084045082850884,-1.411009144895802,-1.8101244852164027,-1.3383559472302382,-1.8095781122998582,-0.17949801541103638,0.022876556409195566,0.004375174512320897,0.000625553786607059,4.318811465967601,13.317852737473832,4.318811465967601,129.71552128597338,reachable_success
237,tiago_pro_7d,SUCCESS_EXACT,pro_7d_cpp,pro-rx90-y020-v1,arm_right_tool_link,gripper_right_grasping_link,0.21670002024620771,0,1,strict MuJoCo-validated Pro 7D solution,-3.294080624708662,-1.3128164084926444,-1.4057379439987707,-1.8011689709324035,-1.3403949631451004,-1.8170748333247841,-0.19075589931829762,0.021530178831216162,0.003171907407645074,0.00049884067117028,3.8892809910523556,13.20102573119222,3.8892809910523556,129.0704920518391,reachable_success
238,tiago_pro_7d,SUCCESS_EXACT,pro_7d_cpp,pro-rx90-y020-v1,arm_right_tool_link,gripper_right_grasping_link,0.2175000263378024,0,1,strict MuJoCo-validated Pro 7D solution,-3.2936975336868892,-1.3163331362856927,-1.401604924677673,-1.7935609467446507,-1.3434629173922892,-1.8240121276250234,-0.19930193888962647,0.014352287236094902,0.0028720489604843347,0.00046084204107576246,3.4918033064084844,13.025244901089069,3.4918033064084844,128.58084005285014,reachable_success
239,tiago_pro_7d,SUCCESS_EXACT,pro_7d_cpp,pro-rx90-y020-v1,arm_right_tool_link,gripper_right_grasping_link,0.22439996246248484,0,1,strict MuJoCo-validated Pro 7D solution,-3.293202930279666,-1.3183270145488153,-1.4004497808438208,-1.78781771053861,-1.3439966274613828,-1.8292988309438367,-0.2036647267332227,0.0051141725875913395,0.0013459467419587653,8.175343909443361e-05,3.1888975187026762,12.994665566646367,3.1888975187026762,128.3308707225011,reachable_success
240,tiago_pro_7d,SUCCESS_EXACT,pro_7d_cpp,pro-rx90-y020-v1,arm_right_tool_link,gripper_right_grasping_link,0.21580001339316368,0,1,strict MuJoCo-validated Pro 7D solution,-3.2926854557275487,-1.3201887387965934,-1.3970889113263154,-1.783543640347302,-1.3443599215232778,-1.832033500533977,-0.20538484911126778,0.004947238752610611,0.0006722620822600756,0.0001340839925924201,3.0322124928248697,12.973850350177623,3.0322124928248697,128.2323149699931,reachable_success
241,tiago_pro_7d,SUCCESS_EXACT,pro_7d_cpp,pro-rx90-y020-v1,arm_right_tool_link,gripper_right_grasping_link,0.21590001415461302,0,1,strict MuJoCo-validated Pro 7D solution,-3.293147942664093,-1.320080927112979,-1.3964518594130408,-1.7808430462726923,-1.345203128126096,-1.8341617702457576,-0.2038376896312853,0.0015517338963711652,0.0001862487634007461,1.526721392831777e-05,2.9102716206743175,12.925538170578568,2.9102716206743175,128.32096067842974,reachable_success
242,tiago_pro_7d,SUCCESS_EXACT,pro_7d_cpp,pro-rx90-y020-v1,arm_right_tool_link,gripper_right_grasping_link,0.21620001643896103,0,1,strict MuJoCo-validated Pro 7D solution,-3.292502014174928,-1.3190127975096309,-1.3971321358104973,-1.7795216578272253,-1.3417707441849787,-1.8366652150052423,-0.19794957504758337,0.0008627275178936688,0.0006757532090521227,3.6020397650182846e-05,2.7668348017117,13.122199284073076,2.7668348017117,128.65832479336532,reachable_success
243,tiago_pro_7d,SUCCESS_EXACT,pro_7d_cpp,pro-rx90-y020-v1,arm_right_tool_link,gripper_right_grasping_link,0.21680002100765705,0,1,strict MuJoCo-validated Pro 7D solution,-3.29219723114298,-1.316281286541583,-1.3997996672591257,-1.7781571131092582,-1.333263379955127,-1.8381940683071898,-0.19067380186989044,0.0025004322197815015,0.0014215133367793,0.00015288544720311117,2.6792379600154668,13.60963534922414,2.6792379600154668,129.0751958891416,reachable_success
244,tiago_pro_7d,SUCCESS_EXACT,pro_7d_cpp,pro-rx90-y020-v1,arm_right_tool_link,gripper_right_grasping_link,0.2175000263378024,0,1,strict MuJoCo-validated Pro 7D solution,-3.290656707288901,-1.312938576495655,-1.4033471100394244,-1.7773161550559449,-1.32747594841256,-1.8410261769836602,-0.18608272837526982,0.0025698373716536486,0.00131388177492747,5.089439148645574e-05,2.5169700857313293,13.941230750834118,2.5169700857313293,129.33824502381776,reachable_success
245,tiago_pro_7d,SUCCESS_EXACT,pro_7d_cpp,pro-rx90-y020-v1,arm_right_tool_link,gripper_right_grasping_link,0.2161000156775117,0,1,strict MuJoCo-validated Pro 7D solution,-3.2885487547646615,-1.3107807459999308,-1.4059238839042507,-1.7781755182089418,-1.3299103315243106,-1.8455842801630147,-0.1883195008499588,0.0018938381329469604,0.000573903750736733,0.00016226659537005975,2.255810010969157,13.801750872812885,2.255810010969157,129.21008740128704,reachable_success
246,tiago_pro_7d,SUCCESS_EXACT,pro_7d_cpp,pro-rx90-y020-v1,arm_right_tool_link,gripper_right_grasping_link,0.2172000240534544,1,1,strict MuJoCo-validated Pro 7D solution,-3.2440272226525155,-1.2968464579644468,-1.5425162781981514,-1.6997385604104212,-1.3780302887824105,-1.8714017731988382,-0.09369475729892164,0.007654231451990038,0.0013727179265149078,0.00018831724176050058,0.7765766224080766,11.044680411573847,0.7765766224080766,134.6316858442692,reachable_success
247,tiago_pro_7d,SUCCESS_EXACT,pro_7d_cpp,pro-rx90-y020-v1,arm_right_tool_link,gripper_right_grasping_link,0.21490000654011965,0,1,strict MuJoCo-validated Pro 7D solution,-3.246139473729738,-1.2930095243448836,-1.5452125167070592,-1.70912510957627,-1.3647464600754544,-1.8640654068037765,-0.0751893770892339,0.016275112685862136,0.00962319530027359,0.0008458522789970183,1.1969194538067145,11.805787732257157,1.1969194538067145,135.69196602856923,reachable_success
248,tiago_pro_7d,SUCCESS_EXACT,pro_7d_cpp,pro-rx90-y020-v1,arm_right_tool_link,gripper_right_grasping_link,0.2158998977392912,0,1,strict MuJoCo-validated Pro 7D solution,-3.2473553715002628,-1.2892595138802072,-1.5485986851034357,-1.7188174484444443,-1.3540017950550685,-1.8584972616349997,-0.05776080953698655,0.018125704266430096,0.007086886060662312,0.00042379885393311093,1.5159506716937843,12.421411690207119,1.5159506716937843,136.6905493922717,reachable_success
249,tiago_pro_7d,SUCCESS_EXACT,pro_7d_cpp,pro-rx90-y020-v1,arm_right_tool_link,gripper_right_grasping_link,0.21600001491606236,0,1,strict MuJoCo-validated Pro 7D solution,-3.247039327599073,-1.2866721510215204,-1.5520963420379172,-1.7279099328045948,-1.3416294911718138,-1.8543398555226733,-0.040987980543189584,0.019662341732384573,0.00788729534949352,0.0004916637458421141,1.7541524956519785,13.130292485570926,1.7541524956519785,137.6515617041109,reachable_success
250,tiago_pro_7d,SUCCESS_EXACT,pro_7d_cpp,pro-rx90-y020-v1,arm_right_tool_link,gripper_right_grasping_link,0.2172999083995819,0,1,strict MuJoCo-validated Pro 7D solution,-3.246802467441768,-1.282602512804431,-1.5556566937903409,-1.7389561320137434,-1.3342887124610423,-1.8475685735124907,-0.0313826069601358,0.02552881202829524,0.0054254806870559814,0.0002664467334928811,2.1421183767283027,13.550888124037622,2.1421183767283027,138.20190907106632,reachable_success
251,tiago_pro_7d,SUCCESS_EXACT,pro_7d_cpp,pro-rx90-y020-v1,arm_right_tool_link,gripper_right_grasping_link,0.21540001034736633,0,1,strict MuJoCo-validated Pro 7D solution,-3.2453534636172954,-1.2785765009405716,-1.56120757774933,-1.7485610103646805,-1.3247949175976579,-1.8426294384880861,-0.027073187251434143,0.027263550911768172,0.005683459899407066,0.00040697107845922816,2.4251099680719297,14.09484250127253,2.4251099680719297,138.44882063252544,reachable_success
252,tiago_pro_7d,SUCCESS_EXACT,pro_7d_cpp,pro-rx90-y020-v1,arm_right_tool_link,gripper_right_grasping_link,0.21630001720041037,0,1,strict MuJoCo-validated Pro 7D solution,-3.2436283325923867,-1.273737265975507,-1.5671844324330744,-1.7592613435227855,-1.313010882044522,-1.8367077794400302,-0.023865241622281076,0.03477463826488481,0.007822994812520825,0.0006089953239901627,2.7643960392409936,14.77001800409932,2.7643960392409936,138.63262237798335,reachable_success
253,tiago_pro_7d,SUCCESS_EXACT,pro_7d_cpp,pro-rx90-y020-v1,arm_right_tool_link,gripper_right_grasping_link,0.2250999677926302,0,1,strict MuJoCo-validated Pro 7D solution,-3.241728405177779,-1.2696710303033574,-1.5731815723281817,-1.7709063999885366,-1.306846890479177,-1.8288061532035313,-0.017267880366349953,0.03615811805763376,0.00580120212668774,0.000455452494173827,3.217125873882216,15.12318870574783,3.217125873882216,139.01062333387134,reachable_success
254,tiago_pro_7d,SUCCESS_EXACT,pro_7d_cpp,pro-rx90-y020-v1,arm_right_tool_link,gripper_right_grasping_link,0.2177999122068286,0,1,strict MuJoCo-validated Pro 7D solution,-3.238866086102829,-1.2651771363705484,-1.5783789882058994,-1.7833790265921048,-1.2979298042926344,-1.8197400569360738,-0.0016429483201128702,0.04397870643580494,0.008380661996478545,0.0005878358199295197,3.736574926666844,15.63410010979113,3.736574926666844,139.90586599529942,reachable_success
255,tiago_pro_7d,SUCCESS_EXACT,pro_7d_cpp,pro-rx90-y020-v1,arm_right_tool_link,gripper_right_grasping_link,0.21730002481490374,0,1,strict MuJoCo-validated Pro 7D solution,-3.235133009157727,-1.2593312168156754,-1.5865206631302196,-1.7937880855094548,-1.2850160561468542,-1.807257158930032,0.016219465754666464,0.048429607569139776,0.013199840853302952,0.0017609245603384012,4.451792298505313,16.374003376239227,4.451792298505313,139.07069306630063,reachable_success
256,tiago_pro_7d,SUCCESS_EXACT,pro_7d_cpp,pro-rx90-y020-v1,arm_right_tool_link,gripper_right_grasping_link,0.21930004004389048,0,1,strict MuJoCo-validated Pro 7D solution,-3.23001909961316,-1.2546312622051454,-1.5947458564153327,-1.8056284801144022,-1.2719998907831014,-1.7948132023910786,0.04327287573748878,0.060856255320593265,0.015486901995409455,0.0015305815660966876,5.164778488631564,17.119774717026626,5.164778488631564,137.52064685284782,reachable_success
257,tiago_pro_7d,SUCCESS_EXACT,pro_7d_cpp,pro-rx90-y020-v1,arm_right_tool_link,gripper_right_grasping_link,0.21670002024620771,0,1,strict MuJoCo-validated Pro 7D solution,-3.2252222327411793,-1.2475618162257298,-1.6045002851939556,-1.8157896854234719,-1.2529517701034756,-1.7805419892037713,0.06856603547476808,0.0612304092936455,0.02208062811570912,0.0029075116119842434,5.982458772795715,18.21115163962505,5.982458772795715,136.0714555493515,reachable_success
258,tiago_pro_7d,SUCCESS_EXACT,pro_7d_cpp,pro-rx90-y020-v1,arm_right_tool_link,gripper_right_grasping_link,0.21959992591291666,0,1,strict MuJoCo-validated Pro 7D solution,-3.2189672361253345,-1.2406913674875664,-1.6162410842652828,-1.8243650291768567,-1.233109696639515,-1.7664028766231887,0.08952843227886764,0.06597340109719538,0.022061864263186976,0.0028767647166883323,6.79257024972342,19.348018705898518,6.79257024972342,134.87039868399808,reachable_success
259,tiago_pro_7d,SUCCESS_EXACT,pro_7d_cpp,pro-rx90-y020-v1,arm_right_tool_link,gripper_right_grasping_link,0.21569989621639252,0,1,strict MuJoCo-validated Pro 7D solution,-3.2111271532172925,-1.2341917069377086,-1.627798377854344,-1.8344855789858223,-1.216673443092266,-1.7546808923488044,0.10910082987360549,0.07610384461320074,0.01761814119019321,0.0013865153598898393,7.4641904761643625,20.28974666516281,7.4641904761643625,133.74898290686758,reachable_success
260,tiago_pro_7d,SUCCESS_EXACT,pro_7d_cpp,pro-rx90-y020-v1,arm_right_tool_link,gripper_right_grasping_link,0.21520000882446766,0,1,strict MuJoCo-validated Pro 7D solution,-3.2022970083932645,-1.2283773247698397,-1.6394152513527107,-1.8439645681384627,-1.198307166820342,-1.7428053062570161,0.12377563326169848,0.07854376541897105,0.019195149626543614,0.00157000102820906,8.144611438468091,21.34205678091533,8.144611438468091,132.90817860754558,reachable_success
261,tiago_pro_7d,SUCCESS_EXACT,pro_7d_cpp,pro-rx90-y020-v1,arm_right_tool_link,gripper_right_grasping_link,0.21580001339316368,0,1,strict MuJoCo-validated Pro 7D solution,-3.193401480167573,-1.2221340955072724,-1.651925956187557,-1.85441754786803,-1.1847445273207782,-1.7305321748387503,0.13384170745952084,0.08306690905195811,0.01464511031679086,0.0007629705106493431,8.847810070144131,22.119138783297757,8.847810070144131,132.33143503974483,reachable_success
262,tiago_pro_7d,SUCCESS_EXACT,pro_7d_cpp,pro-rx90-y020-v1,arm_right_tool_link,gripper_right_grasping_link,0.21570001263171434,0,1,strict MuJoCo-validated Pro 7D solution,-3.182093874400929,-1.215947089622791,-1.6649648785317295,-1.8650891572069392,-1.1753777486389216,-1.7178151705171312,0.1442775144672613,0.09379497412088046,0.01097057593273522,0.0004043871599084615,9.576440745822538,22.65581566940125,9.576440745822538,131.73350734238824,reachable_success
263,tiago_pro_7d,SUCCESS_EXACT,pro_7d_cpp,pro-rx90-y020-v1,arm_right_tool_link,gripper_right_grasping_link,0.22299995180219412,0,1,strict MuJoCo-validated Pro 7D solution,-3.1706006237461244,-1.209045067276385,-1.6786944809686524,-1.875978387055956,-1.1678080623942642,-1.7037396345955493,0.15026177500796511,0.09740721307321175,0.01023365216504997,0.0006008414582647056,10.382909548513961,23.089526743458357,10.382909548513961,131.39063446989925,reachable_success
264,tiago_pro_7d,SUCCESS_EXACT,pro_7d_cpp,pro-rx90-y020-v1,arm_right_tool_link,gripper_right_grasping_link,0.21770002786070108,0,1,strict MuJoCo-validated Pro 7D solution,-3.157681487768137,-1.2031757994142804,-1.692045978451713,-1.8868533665879368,-1.1620954090553546,-1.6901708524199617,0.15814485603619738,0.09959200389969772,0.008120757811014956,0.0013175079458967172,11.160343500307473,23.416837669599193,11.160343500307473,130.93896719742187,reachable_success
265,tiago_pro_7d,SUCCESS_EXACT,pro_7d_cpp,pro-rx90-y020-v1,arm_right_tool_link,gripper_right_grasping_link,0.22330007050186396,0,1,strict MuJoCo-validated Pro 7D solution,-3.1438002449910862,-1.1960118275822318,-1.7076175777847493,-1.8962642864053987,-1.1563627763870752,-1.6756893940425053,0.16815677849831634,0.10369523062016174,0.008356793682773415,0.0018091133793729682,11.990069946530094,23.74529332699042,11.990069946530094,130.36532629553025,reachable_success
266,tiago_pro_7d,SUCCESS_EXACT,pro_7d_cpp,pro-rx90-y020-v1,arm_right_tool_link,gripper_right_grasping_link,0.21590001415461302,0,1,strict MuJoCo-validated Pro 7D solution,-3.1287928344200724,-1.1902467471226381,-1.722475805054656,-1.9063680551042748,-1.1529589440325307,-1.660683900270142,0.17549118917848106,0.10695422071847585,0.006613835412228761,0.0023775993945463854,12.849821409196355,23.940318555075898,12.849821409196355,129.94509551834113,reachable_success
267,tiago_pro_7d,SUCCESS_EXACT,pro_7d_cpp,pro-rx90-y020-v1,arm_right_tool_link,gripper_right_grasping_link,0.22379995789378881,0,1,strict MuJoCo-validated Pro 7D solution,-3.1134126877857997,-1.183311922628613,-1.738774816576193,-1.9130704319382652,-1.1415388383648448,-1.643641991914656,0.18051535719592562,0.10156098821616066,0.01494561930960308,0.0010829354294550435,13.826250832814425,24.59464241142773,13.826250832814425,129.65723189537695,reachable_success
268,tiago_pro_7d,SUCCESS_EXACT,pro_7d_cpp,pro-rx90-y020-v1,arm_right_tool_link,gripper_right_grasping_link,0.21630001720041037,0,1,strict MuJoCo-validated Pro 7D solution,-3.096657289404148,-1.176758434418486,-1.7563339257064647,-1.920010285563021,-1.133202265708416,-1.6279953434594703,0.1884121761208486,0.10952095904889199,0.012130353720157699,0.002712047799600568,14.722737752821462,25.072292840245268,14.722737752821462,129.20477749939982,reachable_success
269,tiago_pro_7d,SUCCESS_EXACT,pro_7d_cpp,pro-rx90-y020-v1,arm_right_tool_link,gripper_right_grasping_link,0.21579989697784185,0,1,strict MuJoCo-validated Pro 7D solution,-3.079426667940705,-1.1719015982172598,-1.7725464009574716,-1.9256159010731047,-1.1254483982169485,-1.6135757725946664,0.19538663694002553,0.09538498755379445,0.01047668021480072,0.0029861136587758658,15.548918305764529,25.516556722410044,15.548918305764529,128.8051703300816,reachable_success
270,tiago_pro_7d,SUCCESS_EXACT,pro_7d_cpp,pro-rx90-y020-v1,arm_right_tool_link,gripper_right_grasping_link,0.2145000034943223,0,1,strict MuJoCo-validated Pro 7D solution,-3.061046205849686,-1.1671359550414966,-1.789577443669855,-1.932324317999361,-1.1216481287126372,-1.6001273945365995,0.2064782721111507,0.10450075651917554,0.00717831384990418,0.004375734615790102,16.31945360978811,25.734296126019355,16.31945360978811,128.1696664468773,reachable_success
271,tiago_pro_7d,SUCCESS_EXACT,pro_7d_cpp,pro-rx90-y020-v1,arm_right_tool_link,gripper_right_grasping_link,0.22309995256364346,0,1,strict MuJoCo-validated Pro 7D solution,-3.042670336522904,-1.1627108628823686,-1.807553545363942,-1.9359952709986334,-1.1103787157800296,-1.5872658313499153,0.21232795715917388,0.09544392577142079,0.015140692536852665,0.0035674489328583344,17.056366898325944,26.379985924647922,17.056366898325944,127.83450418214478,reachable_success
272,tiago_pro_7d,SUCCESS_EXACT,pro_7d_cpp,pro-rx90-y020-v1,arm_right_tool_link,gripper_right_grasping_link,0.22569997236132622,0,1,strict MuJoCo-validated Pro 7D solution,-3.024378552556255,-1.160067996219626,-1.8242492475671344,-1.9404517277518258,-1.1042788002917698,-1.5752620150446537,0.21906636009063327,0.08894529494166499,0.00939212343798021,0.004379939459760955,17.744134910667754,26.729485337511687,17.744134910667754,127.44842213351359,reachable_success
273,tiago_pro_7d,SUCCESS_EXACT,pro_7d_cpp,pro-rx90-y020-v1,arm_right_tool_link,gripper_right_grasping_link,0.21700002253055573,0,1,strict MuJoCo-validated Pro 7D solution,-3.005991965634184,-1.1572286409530994,-1.840844820935932,-1.9440282066955397,-1.0990894434670349,-1.5626246231426149,0.227249506161183,0.08257778627166919,0.008544925408175185,0.004428420216286513,18.46820413070738,27.02681358195641,18.46820413070738,126.97956240053202,reachable_success
274,tiago_pro_7d,SUCCESS_EXACT,pro_7d_cpp,pro-rx90-y020-v1,arm_right_tool_link,gripper_right_grasping_link,0.2164000179618597,0,1,strict MuJoCo-validated Pro 7D solution,-2.9880196763322906,-1.1546482224855816,-1.8584520197702765,-1.9455637908818644,-1.0934168943663005,-1.549858738227948,0.23193582626630765,0.07316021136670062,0.009591523755329854,0.004535192398513979,19.199635458067515,27.35182670450922,19.199635458067515,126.71105603706106,reachable_success
275,tiago_pro_7d,SUCCESS_EXACT,pro_7d_cpp,pro-rx90-y020-v1,arm_right_tool_link,gripper_right_grasping_link,0.21549989469349384,0,1,strict MuJoCo-validated Pro 7D solution,-2.97009646508043,-1.1535373591623126,-1.8736697724422187,-1.945789613114494,-1.0856516800804525,-1.538191047740936,0.23651972980579608,0.061451332605377176,0.009911609619708888,0.0038465608307859714,19.868144879638248,27.796740710103002,19.868144879638248,126.44841771055329,reachable_success
276,tiago_pro_7d,SUCCESS_EXACT,pro_7d_cpp,pro-rx90-y020-v1,arm_right_tool_link,gripper_right_grasping_link,0.21670002024620771,0,1,strict MuJoCo-validated Pro 7D solution,-2.9530503398180783,-1.1520185551778708,-1.8887352554727956,-1.9472423210154937,-1.0845485920493207,-1.5268985097819914,0.24347342565570984,0.05607532937414709,0.004819771836027924,0.004343943969543372,20.51515964467705,27.85994299871825,20.51515964467705,126.05000028633562,reachable_success
277,tiago_pro_7d,SUCCESS_EXACT,pro_7d_cpp,pro-rx90-y020-v1,arm_right_tool_link,gripper_right_grasping_link,0.21660001948475838,0,1,strict MuJoCo-validated Pro 7D solution,-2.9356089209106724,-1.1500760076518854,-1.905064896309095,-1.9464225302889069,-1.0759862600831887,-1.5142200749724253,0.2462161864767237,0.056701375525264476,0.011070911454850644,0.00354456212443384,21.241580450096937,28.350528483167572,21.241580450096937,125.89285166707766,reachable_success
278,tiago_pro_7d,SUCCESS_EXACT,pro_7d_cpp,pro-rx90-y020-v1,arm_right_tool_link,gripper_right_grasping_link,0.21550001110881567,0,1,strict MuJoCo-validated Pro 7D solution,-2.919358845411595,-1.1505484831482244,-1.9191240174484439,-1.9473928754920131,-1.0773633354656003,-1.5062738193461749,0.25434657658720367,0.045570002762456596,0.004694815571218319,0.004638659775121462,21.69686736041317,28.271627875684022,21.69686736041317,125.42701462795226,reachable_success
279,tiago_pro_7d,SUCCESS_EXACT,pro_7d_cpp,pro-rx90-y020-v1,arm_right_tool_link,gripper_right_grasping_link,0.21760002709925175,0,1,strict MuJoCo-validated Pro 7D solution,-2.9034014695882324,-1.150015430133028,-1.9334508588792416,-1.9464654109457895,-1.0727131117686384,-1.4953233443895126,0.2582494627127041,0.043050075750635707,0.006885010041988108,0.003515590156481359,22.324283359093616,28.53806606731166,22.324283359093616,125.20339572504093,reachable_success
280,tiago_pro_7d,SUCCESS_EXACT,pro_7d_cpp,pro-rx90-y020-v1,arm_right_tool_link,gripper_right_grasping_link,0.215600011870265,0,1,strict MuJoCo-validated Pro 7D solution,-2.887220990972753,-1.1497827527191147,-1.9480323534635464,-1.945471982589261,-1.0686914062916386,-1.4854714906615472,0.260707807255717,0.04296797080980228,0.0067536860051064795,0.003918816504487839,22.888752998086268,28.768492817588395,22.888752998086268,125.06254295813727,reachable_success
281,tiago_pro_7d,SUCCESS_EXACT,pro_7d_cpp,pro-rx90-y020-v1,arm_right_tool_link,gripper_right_grasping_link,0.22309995256364346,0,1,strict MuJoCo-validated Pro 7D solution,-2.8735542949084087,-1.1510557957677232,-1.9605025303292343,-1.9447112129345423,-1.0661044325568663,-1.475702813702417,0.26610254466728356,0.03308542395583821,0.004776669428197,0.003011219317486456,23.448456959271113,28.916715494302046,23.448456959271113,124.75344727287316,reachable_success
282,tiago_pro_7d,SUCCESS_EXACT,pro_7d_cpp,pro-rx90-y020-v1,arm_right_tool_link,gripper_right_grasping_link,0.21599989850074053,0,1,strict MuJoCo-validated Pro 7D solution,-2.8596524704140642,-1.1525123344708206,-1.9728362225507945,-1.9422001101151056,-1.059309517746153,-1.4667083082618515,0.26741165956866725,0.030409322966336663,0.007001429656320532,0.0026811826845120354,23.963804159822978,29.306035435106857,23.963804159822978,124.6784405141262,reachable_success
283,tiago_pro_7d,SUCCESS_EXACT,pro_7d_cpp,pro-rx90-y020-v1,arm_right_tool_link,gripper_right_grasping_link,0.2148000057786703,0,1,strict MuJoCo-validated Pro 7D solution,-2.846983889838891,-1.1555550505738716,-1.9834768757215524,-1.9403928065490492,-1.0581038016222815,-1.459135588744924,0.273505086618407,0.02641009895005358,0.004121670325376214,0.0029491152363373564,24.39768902757927,29.375117880295562,24.39768902757927,124.32931286140527,reachable_success
284,tiago_pro_7d,SUCCESS_EXACT,pro_7d_cpp,pro-rx90-y020-v1,arm_right_tool_link,gripper_right_grasping_link,0.21460000425577164,0,1,strict MuJoCo-validated Pro 7D solution,-2.8339446227626266,-1.157360553339787,-1.9955799254295385,-1.9382290220958072,-1.054358029525398,-1.4517590971150334,0.2793191773443879,0.026657079840642917,0.005839357611118141,0.0029789431605090444,24.82033086558558,29.58973481246485,24.82033086558558,123.99619000110042,reachable_success
285,tiago_pro_7d,SUCCESS_EXACT,pro_7d_cpp,pro-rx90-y020-v1,arm_right_tool_link,gripper_right_grasping_link,0.2164000179618597,0,1,strict MuJoCo-validated Pro 7D solution,-2.8218311692141245,-1.1593899536293761,-2.006001539194278,-1.9366520398017621,-1.0535151869419124,-1.4419753804209339,0.28450978732553883,0.023343019588418397,0.002902127523351721,0.0023523692239391246,25.380896540109166,29.638026135292485,25.380896540109166,123.69878995608197,reachable_success
286,tiago_pro_7d,SUCCESS_EXACT,pro_7d_cpp,pro-rx90-y020-v1,arm_right_tool_link,gripper_right_grasping_link,0.21850003395229578,0,1,strict MuJoCo-validated Pro 7D solution,-2.809927897669942,-1.1622609330870768,-2.0167545859492004,-1.9343269879094336,-1.0518878018796223,-1.434281944577386,0.2906933520030326,0.02297883154390453,0.00429108157004802,0.002686390954427679,25.82169794389913,29.73126843100434,25.82169794389913,123.3444977977154,reachable_success
287,tiago_pro_7d,SUCCESS_EXACT,pro_7d_cpp,pro-rx90-y020-v1,arm_right_tool_link,gripper_right_grasping_link,0.21980004385113716,0,1,strict MuJoCo-validated Pro 7D solution,-2.7988192214995817,-1.1653677712366142,-2.026252072956491,-1.932010404876051,-1.0508603855060423,-1.4267156651318906,0.29491555678741527,0.020122483035086337,0.0032724849969411568,0.0022947994640079967,26.2552138227426,29.790135053013106,26.2552138227426,123.10258328333033,reachable_success
288,tiago_pro_7d,SUCCESS_EXACT,pro_7d_cpp,pro-rx90-y020-v1,arm_right_tool_link,gripper_right_grasping_link,0.21680002100765705,0,1,strict MuJoCo-validated Pro 7D solution,-2.7885006004778523,-1.1687111762333116,-2.034717339213319,-1.9301080941289446,-1.0520334271032006,-1.4188624995626742,0.3002212533972631,0.01780709603556564,0.001954327829382021,0.0020268813690504806,26.705167065676157,29.722924720302654,26.705167065676157,122.79858926020918,reachable_success
289,tiago_pro_7d,SUCCESS_EXACT,pro_7d_cpp,pro-rx90-y020-v1,arm_right_tool_link,gripper_right_grasping_link,0.21440000273287296,0,1,strict MuJoCo-validated Pro 7D solution,-2.7782453866661077,-1.1725567145820746,-2.0437776743477936,-1.9266830641537942,-1.0496567109892296,-1.413592827232542,0.30229131253417885,0.017600530385650005,0.003885432955364048,0.002230288678352094,27.0070970496096,29.859100522733925,27.0070970496096,122.67998360832142,reachable_success
290,tiago_pro_7d,SUCCESS_EXACT,pro_7d_cpp,pro-rx90-y020-v1,arm_right_tool_link,gripper_right_grasping_link,0.21470000501722097,0,1,strict MuJoCo-validated Pro 7D solution,-2.7681931684439536,-1.1757407587853637,-2.052710601870018,-1.9239372434454862,-1.0475231586202223,-1.406421547015533,0.30561311810056435,0.017005665243277988,0.0034065620333238434,0.0018910878389779933,27.417981139749877,29.981344068848184,27.417981139749877,122.48965816900449,reachable_success
291,tiago_pro_7d,SUCCESS_EXACT,pro_7d_cpp,pro-rx90-y020-v1,arm_right_tool_link,gripper_right_grasping_link,0.2169000217691064,0,1,strict MuJoCo-validated Pro 7D solution,-2.7581855233856003,-1.1796984788667533,-2.0621429808936327,-1.9208164582570615,-1.0451070541393432,-1.399401556793097,0.30602394824705226,0.018757825113006606,0.003823458504169836,0.0020876067317281517,27.820196951718557,30.1197766584652,27.820196951718557,122.46611933551398,reachable_success
292,tiago_pro_7d,SUCCESS_EXACT,pro_7d_cpp,pro-rx90-y020-v1,arm_right_tool_link,gripper_right_grasping_link,0.21499989088624716,0,1,strict MuJoCo-validated Pro 7D solution,-2.7489210075879082,-1.1830709397101544,-2.0702932535767062,-1.9180226689608433,-1.0436752575727428,-1.3932188420936367,0.3096320620658579,0.014684736421611572,0.0029276604274303688,0.0017356656625795912,28.174440409931137,30.201812558852726,28.174440409931137,122.25938964169357,reachable_success
293,tiago_pro_7d,SUCCESS_EXACT,pro_7d_cpp,pro-rx90-y020-v1,arm_right_tool_link,gripper_right_grasping_link,0.21550001110881567,0,1,strict MuJoCo-validated Pro 7D solution,-2.7399719498246307,-1.1887445882673562,-2.076597699143663,-1.9163289597456055,-1.0490572676082253,-1.3896478305954953,0.31610657779977974,0.017409316532795104,0.0018215012986946683,0.0020588705714483096,28.379044297367322,29.893446098522528,28.379044297367322,121.88842721574882,reachable_success
294,tiago_pro_7d,SUCCESS_EXACT,pro_7d_cpp,pro-rx90-y020-v1,arm_right_tool_link,gripper_right_grasping_link,0.21580001339316368,0,1,strict MuJoCo-validated Pro 7D solution,-2.7309671489938507,-1.1927805896143509,-2.084577682427164,-1.9137611074122562,-1.0502417708847664,-1.3839651486340507,0.31836177152265077,0.015113000383206508,0.002341489508194413,0.0019073375666277374,28.704637990073223,29.8255790599573,28.704637990073223,121.75921413344392,reachable_success
295,tiago_pro_7d,SUCCESS_EXACT,pro_7d_cpp,pro-rx90-y020-v1,arm_right_tool_link,gripper_right_grasping_link,0.22449996322393417,0,1,strict MuJoCo-validated Pro 7D solution,-2.7227810131255126,-1.1974740775553672,-2.0912378989324365,-1.9113278574092756,-1.0525878695688209,-1.3786407001021188,0.31996725205004917,0.014485661249706166,0.0017974067218876144,0.0016528629497174119,29.009706419187548,29.691157507039783,29.009706419187548,121.66722687513352,reachable_success
296,tiago_pro_7d,SUCCESS_EXACT,pro_7d_cpp,pro-rx90-y020-v1,arm_right_tool_link,gripper_right_grasping_link,0.2148000057786703,0,1,strict MuJoCo-validated Pro 7D solution,-2.713809915876402,-1.2017620717330972,-2.0998764369213516,-1.9074484065221122,-1.050078897136749,-1.3728163835545253,0.3186869547882344,0.01569860801368357,0.0034688950157640815,0.001859271333091481,29.343415175912867,29.83491103831218,29.343415175912867,121.74058250475768,reachable_success
297,tiago_pro_7d,SUCCESS_EXACT,pro_7d_cpp,pro-rx90-y020-v1,arm_right_tool_link,gripper_right_grasping_link,0.21540001034736633,0,1,strict MuJoCo-validated Pro 7D solution,-2.7052234032731475,-1.2064444621780903,-2.1075695770980443,-1.9043748601314263,-1.051116946856568,-1.368812745269299,0.32187753085617943,0.015000922737236489,0.0027781843538525228,0.001988536787249817,29.245158202110307,29.77543517044181,29.572806752353323,121.557775961849,reachable_success
298,tiago_pro_7d,SUCCESS_EXACT,pro_7d_cpp,pro-rx90-y020-v1,arm_right_tool_link,gripper_right_grasping_link,0.21710002329200506,0,1,strict MuJoCo-validated Pro 7D solution,-2.6963010254755595,-1.2103676697164016,-2.115796546577264,-1.9002171745034386,-1.0493487661345344,-1.3639270950363902,0.3223385339839051,0.013575969771557679,0.00322876827543589,0.0018563645838641026,28.773787572768082,29.87674446323073,29.852733890876106,121.53136242828796,reachable_success
299,tiago_pro_7d,SUCCESS_EXACT,pro_7d_cpp,pro-rx90-y020-v1,arm_right_tool_link,gripper_right_grasping_link,0.21570001263171434,0,1,strict MuJoCo-validated Pro 7D solution,-2.687604851987454,-1.2149521158297403,-2.1233866124365277,-1.8971015322660196,-1.0500138890064754,-1.3594119400429379,0.32492772928160074,0.015038526418254731,0.0026777029761236686,0.001946226503339133,28.33890883280593,29.83863572981089,30.111433215848347,121.3830124653949,reachable_success
300,tiago_pro_7d,SUCCESS_EXACT,pro_7d_cpp,pro-rx90-y020-v1,arm_right_tool_link,gripper_right_grasping_link,0.21760002709925175,0,1,strict MuJoCo-validated Pro 7D solution,-2.6797810281964343,-1.2191575290434002,-2.130265572210047,-1.8941091372507772,-1.0506452483787942,-1.3534707603645777,0.3253767621374768,0.012734981790296453,0.002007421761536764,0.0014428602545755894,27.944773470343005,29.802461502420993,30.451837736747276,121.35728477789048,reachable_success
301,tiago_pro_7d,SUCCESS_EXACT,pro_7d_cpp,pro-rx90-y020-v1,arm_right_tool_link,gripper_right_grasping_link,0.21620001643896103,0,1,strict MuJoCo-validated Pro 7D solution,-2.6725500352757177,-1.2247838829957103,-2.1359447564572673,-1.8919669280002955,-1.0536070593440665,-1.348199197446065,0.32951149398458407,0.015129529837618162,0.0015629769518697558,0.0014457224185075543,27.619380181900098,29.632762234395322,30.75387604341572,121.12038209363291,reachable_success
302,tiago_pro_7d,SUCCESS_EXACT,pro_7d_cpp,pro-rx90-y020-v1,arm_right_tool_link,gripper_right_grasping_link,0.21559989545494318,0,1,strict MuJoCo-validated Pro 7D solution,-2.6641562271413246,-1.2289564556469468,-2.143287950538246,-1.8891602366140845,-1.0555954846057511,-1.3440158123914525,0.33102479371977783,0.013036106356570201,0.0021651901471126354,0.0018211120406358952,27.198646152914584,29.518833859023598,30.99356635112312,121.03367640566806,reachable_success
303,tiago_pro_7d,SUCCESS_EXACT,pro_7d_cpp,pro-rx90-y020-v1,arm_right_tool_link,gripper_right_grasping_link,0.2234000712633133,0,1,strict MuJoCo-validated Pro 7D solution,-2.6565589945698185,-1.2341670870272223,-2.149748309661486,-1.8853677893129552,-1.0563563753971705,-1.3391582305808414,0.3297161273270826,0.014305207657595824,0.002226273492396983,0.0015778723998920421,26.828494841014084,29.475238028004895,31.271885287510656,121.10865746676009,reachable_success
304,tiago_pro_7d,SUCCESS_EXACT,pro_7d_cpp,pro-rx90-y020-v1,arm_right_tool_link,gripper_right_grasping_link,0.21650001872330904,0,1,strict MuJoCo-validated Pro 7D solution,-2.6475191260114364,-1.2381211742745788,-2.157169354051737,-1.8835573274047044,-1.0622786598219867,-1.3350643475418185,0.33369030012308365,0.012591816302291925,0.002196035878644568,0.0019711133938552904,26.40330031787347,29.13591612538687,31.50644750746686,120.88095413849354,reachable_success
305,tiago_pro_7d,SUCCESS_EXACT,pro_7d_cpp,pro-rx90-y020-v1,arm_right_tool_link,gripper_right_grasping_link,0.21670002024620771,0,1,strict MuJoCo-validated Pro 7D solution,-2.6398740935902048,-1.242520938191333,-2.16351949105501,-1.8808792698497838,-1.0667345925246476,-1.3305047546960085,0.3354563148343559,0.011263679256125056,0.0016755536756552873,0.0015064413021408948,26.039464268256076,28.880609987730075,31.767692933829814,120.77976894897962,reachable_success
306,tiago_pro_7d,SUCCESS_EXACT,pro_7d_cpp,pro-rx90-y020-v1,arm_right_tool_link,gripper_right_grasping_link,0.2164000179618597,0,1,strict MuJoCo-validated Pro 7D solution,-2.632022592483686,-1.2477269230014771,-2.170194877652062,-1.8764402289925106,-1.0658405413343197,-1.3262523599669374,0.3361634621252663,0.014354806185156284,0.002784476194262009,0.0016867465840681613,25.65699278962679,28.931835347604512,32.01133720462927,120.73925239371633,reachable_success
307,tiago_pro_7d,SUCCESS_EXACT,pro_7d_cpp,pro-rx90-y020-v1,arm_right_tool_link,gripper_right_grasping_link,0.2153998939320445,0,1,strict MuJoCo-validated Pro 7D solution,-2.6238991135486573,-1.2522703655453222,-2.1776668264375583,-1.8721561561593119,-1.063340655094105,-1.3203682288008936,0.33484654608452835,0.013727852974188126,0.003077428652825874,0.0015383922724648976,25.22888165947996,29.075068278431647,32.34847308654497,120.81470612482369,reachable_success
308,tiago_pro_7d,SUCCESS_EXACT,pro_7d_cpp,pro-rx90-y020-v1,arm_right_tool_link,gripper_right_grasping_link,0.21570001263171434,0,1,strict MuJoCo-validated Pro 7D solution,-2.6163461939206036,-1.2577854409264653,-2.1838730426635338,-1.8682835805161195,-1.0654807796985302,-1.317151405272746,0.3388318335233381,0.014164642815271713,0.002401687954654345,0.0017437205063659286,24.873291662985952,28.952448170965976,32.53278349814621,120.58636597443339,reachable_success
309,tiago_pro_7d,SUCCESS_EXACT,pro_7d_cpp,pro-rx90-y020-v1,arm_right_tool_link,gripper_right_grasping_link,0.22419996093958616,0,1,strict MuJoCo-validated Pro 7D solution,-2.607286637279038,-1.2614273414048098,-2.192673830324826,-1.8621996714749016,-1.0611933311227695,-1.311581305633,0.33742522741633135,0.011371058243242742,0.004242816518841913,0.0017221058980335813,24.369043673603105,29.19810087923644,32.851926698971,120.66695856780223,reachable_success
310,tiago_pro_7d,SUCCESS_EXACT,pro_7d_cpp,pro-rx90-y020-v1,arm_right_tool_link,gripper_right_grasping_link,0.2158998977392912,0,1,strict MuJoCo-validated Pro 7D solution,-2.5991461682376067,-1.2664653534682762,-2.1993707691602764,-1.8581114317091154,-1.0631401449915052,-1.3073140154652174,0.34135017560479936,0.013806487880167879,0.0024292805858338595,0.0018201643060254662,23.985337342674534,29.086556661060346,33.09642441554261,120.44207560179548,reachable_success
311,tiago_pro_7d,SUCCESS_EXACT,pro_7d_cpp,pro-rx90-y020-v1,arm_right_tool_link,gripper_right_grasping_link,0.22339995484799147,0,1,strict MuJoCo-validated Pro 7D solution,-2.591072653784248,-1.2706871280588348,-2.2071303478555926,-1.8531861240694936,-1.060951422916792,-1.3010991345501621,0.34268349486263094,0.0121541838583492,0.0033104230015578904,0.0015124036412929689,23.540746232633285,29.21196119846853,33.45251086215168,120.36568203557822,reachable_success
312,tiago_pro_7d,SUCCESS_EXACT,pro_7d_cpp,pro-rx90-y020-v1,arm_right_tool_link,gripper_right_grasping_link,0.2172000240534544,0,1,strict MuJoCo-validated Pro 7D solution,-2.5833324601534104,-1.2752102662476175,-2.213496922213466,-1.8501126974294282,-1.0676010434557441,-1.2956823106117106,0.347110596031627,0.01015393750411185,0.0021101201941482583,0.0014381945145429567,23.175968391970915,28.830966006223065,33.762872012190385,120.1120278231173,reachable_success
313,tiago_pro_7d,SUCCESS_EXACT,pro_7d_cpp,pro-rx90-y020-v1,arm_right_tool_link,gripper_right_grasping_link,0.21630001720041037,0,1,strict MuJoCo-validated Pro 7D solution,-2.5741423491161157,-1.2787323892416478,-2.22165006598344,-1.8466092957277833,-1.0716836103982286,-1.2881850836496052,0.3518430702448825,0.011889755924071897,0.0023920338504786636,0.001757438390534039,22.70882766418804,28.597052150839076,34.192431475170714,119.84087702404327,reachable_success
314,tiago_pro_7d,SUCCESS_EXACT,pro_7d_cpp,pro-rx90-y020-v1,arm_right_tool_link,gripper_right_grasping_link,0.22040004841983318,0,1,strict MuJoCo-validated Pro 7D solution,-2.566542537114771,-1.2829581574078914,-2.2286631276420965,-1.8398272094422268,-1.0657449537979014,-1.2807476414992194,0.3463695653546766,0.009388333795700327,0.004345694849662939,0.0008783926220062696,22.307008829682,28.937312110015338,34.61856552076052,120.15448575339629,reachable_success
315,tiago_pro_7d,SUCCESS_EXACT,pro_7d_cpp,pro-rx90-y020-v1,arm_right_tool_link,gripper_right_grasping_link,0.21470000501722097,0,1,strict MuJoCo-validated Pro 7D solution,-2.5573126315769477,-1.2882607124324208,-2.236612692061632,-1.8348612697135764,-1.067991732770366,-1.2754478468440598,0.35151778766003355,0.015989436367810715,0.003234675554225926,0.0022937587642523393,21.85153233947525,28.808581157394368,34.92222138678716,119.85951434330423,reachable_success
316,tiago_pro_7d,SUCCESS_EXACT,pro_7d_cpp,pro-rx90-y020-v1,arm_right_tool_link,gripper_right_grasping_link,0.2150998916476965,0,1,strict MuJoCo-validated Pro 7D solution,-2.5500159108407856,-1.2939661193027079,-2.241750919674795,-1.8291401182421325,-1.067346714727826,-1.2685294499844446,0.35348942431334957,0.01408652655516586,0.0023177523674099893,0.0012682244932957594,21.557133583063425,28.84553796894171,35.31861632783967,119.74654788433593,reachable_success
317,tiago_pro_7d,SUCCESS_EXACT,pro_7d_cpp,pro-rx90-y020-v1,arm_right_tool_link,gripper_right_grasping_link,0.21460000425577164,0,1,strict MuJoCo-validated Pro 7D solution,-2.5386910689959543,-1.2980852469097177,-2.251619589271612,-1.8234689789922354,-1.0712179675278104,-1.2646790682813154,0.36015753554776864,0.014692272894518493,0.004964126742661482,0.003041015506490644,20.991700465756736,28.623731522074397,35.53922694894337,119.36449325327992,reachable_success
318,tiago_pro_7d,SUCCESS_EXACT,pro_7d_cpp,pro-rx90-y020-v1,arm_right_tool_link,gripper_right_grasping_link,0.215300009585917,0,1,strict MuJoCo-validated Pro 7D solution,-2.5302404026066507,-1.3034623159944816,-2.2590171539499293,-1.8152451262246505,-1.064858185646871,-1.257856157234132,0.35652504799916024,0.01290963950368979,0.004868410932182659,0.0014297467410364947,20.567851231014114,28.988120182475992,35.930150955940164,119.57261945894902,reachable_success
319,tiago_pro_7d,SUCCESS_EXACT,pro_7d_cpp,pro-rx90-y020-v1,arm_right_tool_link,gripper_right_grasping_link,0.2215000567957759,0,1,strict MuJoCo-validated Pro 7D solution,-2.521209949107726,-1.3093846614545714,-2.2655870750790283,-1.8096110517095836,-1.0691396588726811,-1.2538400416394209,0.35904647713691973,0.015849260152842343,0.002730714807916699,0.002213991130324826,20.191422478582915,28.74280983653881,36.16025742955378,119.4281522110141,reachable_success
320,tiago_pro_7d,SUCCESS_EXACT,pro_7d_cpp,pro-rx90-y020-v1,arm_right_tool_link,gripper_right_grasping_link,0.21790002938359976,0,1,strict MuJoCo-validated Pro 7D solution,-2.5108740449792193,-1.3141861522428289,-2.272957318188144,-1.8018497011389836,-1.0687708019246032,-1.2478794631883903,0.3602171256817469,0.014095410096172644,0.0035999614032565944,0.002223016733901931,19.7691386544452,28.763943782907756,36.50177341825446,119.36107899010237,reachable_success
321,tiago_pro_7d,SUCCESS_EXACT,pro_7d_cpp,pro-rx90-y020-v1,arm_right_tool_link,gripper_right_grasping_link,0.2722999779507518,0,1,strict MuJoCo-validated Pro 7D solution,-2.5023021793546087,-1.3198516655096773,-2.2794783942632346,-1.793924539324927,-1.0671597121827041,-1.2417300890224974,0.3580709325980935,0.014447593482047265,0.003544824636899951,0.0017999296495836532,19.39550851745878,28.856252425535395,36.854106604606905,119.48404679581587,reachable_success
322,tiago_pro_7d,SUCCESS_EXACT,pro_7d_cpp,pro-rx90-y020-v1,arm_right_tool_link,gripper_right_grasping_link,0.21660001948475838,0,1,strict MuJoCo-validated Pro 7D solution,-2.492749353207018,-1.3249946421076526,-2.2869564775668,-1.7868279780959022,-1.0678991497021275,-1.2341799888602276,0.35983471718708665,0.013899491747398268,0.0033927976414337532,0.001997922698310123,18.967045905317242,28.81388577645881,37.286695478806,119.38298938289633,reachable_success
323,tiago_pro_7d,SUCCESS_EXACT,pro_7d_cpp,pro-rx90-y020-v1,arm_right_tool_link,gripper_right_grasping_link,0.22430007811635733,0,1,strict MuJoCo-validated Pro 7D solution,-2.4828617656863305,-1.3289233421184032,-2.294699337174092,-1.7794632337452803,-1.067126722076077,-1.2245432574498223,0.36025180817156466,0.009618944928641914,0.0036547118760778354,0.0015126798593631688,18.523412728457092,28.858142619410817,37.83883951692338,119.3590918298128,reachable_success
324,tiago_pro_7d,SUCCESS_EXACT,pro_7d_cpp,pro-rx90-y020-v1,arm_right_tool_link,gripper_right_grasping_link,0.21680002100765705,0,1,strict MuJoCo-validated Pro 7D solution,-2.4745361204528855,-1.334905587862771,-2.300277780885913,-1.7719773183408773,-1.0666894064527035,-1.2171517167943564,0.3659576653313992,0.014986335388288849,0.0024894648233724824,0.0016560363068799644,18.203791447518437,28.883198958945247,38.262343600580934,119.03217029604977,reachable_success
325,tiago_pro_7d,SUCCESS_EXACT,pro_7d_cpp,pro-rx90-y020-v1,arm_right_tool_link,gripper_right_grasping_link,0.21730002481490374,0,1,strict MuJoCo-validated Pro 7D solution,-2.463758278527759,-1.3397599868503862,-2.308076486358969,-1.7641628998606278,-1.0665773529370892,-1.210138605050094,0.3724771663201757,0.014054292518006752,0.003740659204222698,0.0023480444546858962,17.756958538246767,28.88961915246955,38.6641653047808,118.65863040486151,reachable_success
326,tiago_pro_7d,SUCCESS_EXACT,pro_7d_cpp,pro-rx90-y020-v1,arm_right_tool_link,gripper_right_grasping_link,0.21620001643896103,0,1,strict MuJoCo-validated Pro 7D solution,-2.454385879297633,-1.3451510525741868,-2.315379613337424,-1.754701393056909,-1.0616490203357647,-1.2003798802739327,0.373186808378128,0.011908129849293674,0.004985385366102984,0.0014789758907042651,17.338520185133156,29.171991810562176,39.223299047884595,118.61797090997587,reachable_success
327,tiago_pro_7d,SUCCESS_EXACT,pro_7d_cpp,pro-rx90-y020-v1,arm_right_tool_link,gripper_right_grasping_link,0.21900003775954247,0,1,strict MuJoCo-validated Pro 7D solution,-2.444321361024209,-1.3507982607218436,-2.3236113915785475,-1.7455758254749514,-1.0582215095889418,-1.1952685775771428,0.37413668379283144,0.014721288827556758,0.005074837061108416,0.0024501129038065044,16.866874034029163,29.36837371059086,39.5161551202245,118.56354705765013,reachable_success
328,tiago_pro_7d,SUCCESS_EXACT,pro_7d_cpp,pro-rx90-y020-v1,arm_right_tool_link,gripper_right_grasping_link,0.21710002329200506,0,1,strict MuJoCo-validated Pro 7D solution,-2.4336441717499397,-1.3558330480698149,-2.3319691558448197,-1.7350684054985064,-1.050464229982851,-1.1885371568867389,0.3688357043792663,0.011319501589841826,0.006395283689925936,0.0019477597834351957,16.38800941540651,29.812833092522766,39.901837115911675,118.86727080533313,reachable_success
329,tiago_pro_7d,SUCCESS_EXACT,pro_7d_cpp,pro-rx90-y020-v1,arm_right_tool_link,gripper_right_grasping_link,0.21670002024620771,0,1,strict MuJoCo-validated Pro 7D solution,-2.4242921833736615,-1.363151394275618,-2.3366834525676197,-1.7270447635177868,-1.054012101947084,-1.1868068544635313,0.3718408582819469,0.02061163706387779,0.002706245844061729,0.0025118732469409607,16.117900109817715,29.609555002719425,40.00097614204273,118.69508816992227,reachable_success
330,tiago_pro_7d,SUCCESS_EXACT,pro_7d_cpp,pro-rx90-y020-v1,arm_right_tool_link,gripper_right_grasping_link,0.21600001491606236,0,1,strict MuJoCo-validated Pro 7D solution,-2.4143776113867195,-1.3689741392568928,-2.3439288978779267,-1.7182811554236388,-1.053972068063454,-1.1793084961934632,0.3701584422345887,0.014704708240147097,0.004173666974283173,0.0022212553003289033,15.702766672844268,29.61184877528895,40.430600424194644,118.79148350882099,reachable_success
331,tiago_pro_7d,SUCCESS_EXACT,pro_7d_cpp,pro-rx90-y020-v1,arm_right_tool_link,gripper_right_grasping_link,0.21630001720041037,0,1,strict MuJoCo-validated Pro 7D solution,-2.403972314634286,-1.3749380555433448,-2.35205829272288,-1.7085653071282576,-1.0504887117716097,-1.1716504523241627,0.366420198398888,0.015246317987729048,0.0055141344941205634,0.002360399091618326,15.236986658233027,29.811430389351962,40.86937401723161,119.00566910339742,reachable_success
332,tiago_pro_7d,SUCCESS_EXACT,pro_7d_cpp,pro-rx90-y020-v1,arm_right_tool_link,gripper_right_grasping_link,0.21510000806301832,0,1,strict MuJoCo-validated Pro 7D solution,-2.3946349957970905,-1.3799987620001968,-2.3575337721906817,-1.7015738551007464,-1.053139968779645,-1.1628395326487153,0.3711800170170833,0.011274150979158324,0.0020561584712112026,0.001588821600599608,14.923264793917458,29.659524552387058,41.37420252826352,118.73295158532706,reachable_success
333,tiago_pro_7d,SUCCESS_EXACT,pro_7d_cpp,pro-rx90-y020-v1,arm_right_tool_link,gripper_right_grasping_link,0.21670002024620771,0,1,strict MuJoCo-validated Pro 7D solution,-2.3849415724556446,-1.3871795003271545,-2.3621364163223117,-1.6924638041587285,-1.0562876899510865,-1.1596190313101549,0.3779737212643713,0.020348505025235702,0.002495540676791207,0.0025622990377645325,14.6595527105744,29.47917341417949,41.55872366287926,118.34370100469735,reachable_success
334,tiago_pro_7d,SUCCESS_EXACT,pro_7d_cpp,pro-rx90-y020-v1,arm_right_tool_link,gripper_right_grasping_link,0.21520000882446766,0,1,strict MuJoCo-validated Pro 7D solution,-2.374488376451842,-1.3931867913477973,-2.369416229998121,-1.6832313698929369,-1.0546301310470778,-1.150314892521748,0.3777131313209586,0.015208790520830635,0.004471595648815115,0.0022033996853541623,14.242450111308903,29.574144543673512,42.091811547458946,118.35863170863844,reachable_success
335,tiago_pro_7d,SUCCESS_EXACT,pro_7d_cpp,pro-rx90-y020-v1,arm_right_tool_link,gripper_right_grasping_link,0.22689998149871826,0,1,strict MuJoCo-validated Pro 7D solution,-2.3652634778372956,-1.3992450909789387,-2.3763052405162712,-1.6728819124833525,-1.0490255811872187,-1.1428579271107875,0.37733993718076975,0.012547036087361926,0.0050808293608396995,0.0018157861657415722,13.847738883597673,29.89526159671408,42.51906419348201,118.3800141578103,reachable_success
336,tiago_pro_7d,SUCCESS_EXACT,pro_7d_cpp,pro-rx90-y020-v1,arm_right_tool_link,gripper_right_grasping_link,0.21540001034736633,0,1,strict MuJoCo-validated Pro 7D solution,-2.3563094662196864,-1.4063219574404169,-2.381018640549562,-1.6622521950538032,-1.0452898412314082,-1.1357704958951516,0.3755655690634804,0.017709544890504577,0.0037061267425511067,0.00199502923219865,13.577680954533294,30.109303729540407,42.925144089727226,118.48167796223353,reachable_success
337,tiago_pro_7d,SUCCESS_EXACT,pro_7d_cpp,pro-rx90-y020-v1,arm_right_tool_link,gripper_right_grasping_link,0.22149994038045406,0,1,strict MuJoCo-validated Pro 7D solution,-2.3469453999193726,-1.4127563882678371,-2.3859895313900834,-1.6514716462989443,-1.0401856415193946,-1.1302703194303116,0.36877699381983947,0.01596672065088531,0.004001732374753597,0.0019392934641907192,13.292869888951175,30.401752830830674,43.24028098773974,118.87063467260116,reachable_success
338,tiago_pro_7d,SUCCESS_EXACT,pro_7d_cpp,pro-rx90-y020-v1,arm_right_tool_link,gripper_right_grasping_link,0.21570001263171434,0,1,strict MuJoCo-validated Pro 7D solution,-2.3376888435682956,-1.4192800753820733,-2.391298977217064,-1.6417923138031008,-1.0397884137055593,-1.122834953814028,0.369469587176467,0.015533409192905323,0.003217178802390711,0.0020604656956490427,12.988661051511835,30.42451230806865,43.666296056689475,118.8309519963476,reachable_success
339,tiago_pro_7d,SUCCESS_EXACT,pro_7d_cpp,pro-rx90-y020-v1,arm_right_tool_link,gripper_right_grasping_link,0.21579989697784185,0,1,strict MuJoCo-validated Pro 7D solution,-2.3291584402262218,-1.4277489953982507,-2.39419630956262,-1.6322859115123323,-1.0431342672965218,-1.1196772032573925,0.36980484090614596,0.023717743659757862,0.002217188622816905,0.0024307678538524288,12.822656136264744,30.232809018437806,43.84722183633978,118.81174337257097,reachable_success
340,tiago_pro_7d,SUCCESS_EXACT,pro_7d_cpp,pro-rx90-y020-v1,arm_right_tool_link,gripper_right_grasping_link,0.21650001872330904,0,1,strict MuJoCo-validated Pro 7D solution,-2.3196130221230336,-1.4349522930154028,-2.3973421366714027,-1.623456813992942,-1.0504002907270695,-1.1164005468525324,0.3741102161836929,0.018919860980208956,0.0016393747830573812,0.0022398674556783965,12.64241351985365,29.816496542024254,44.03496041925277,118.56506353994754,reachable_success
341,tiago_pro_7d,SUCCESS_EXACT,pro_7d_cpp,pro-rx90-y020-v1,arm_right_tool_link,gripper_right_grasping_link,0.21820003166794777,0,1,strict MuJoCo-validated Pro 7D solution,-2.3112927315443397,-1.4425709005488192,-2.400584225423832,-1.6134890899674748,-1.0495803615274208,-1.111335118436081,0.37021227665867706,0.02002005087465618,0.0026875713072775803,0.0020820535692310706,12.456655517532624,29.86347502466366,44.325188088941076,118.78839902352821,reachable_success
342,tiago_pro_7d,SUCCESS_EXACT,pro_7d_cpp,pro-rx90-y020-v1,arm_right_tool_link,gripper_right_grasping_link,0.21709990687668324,0,1,strict MuJoCo-validated Pro 7D solution,-2.302128876649861,-1.450495669660764,-2.4049474860136613,-1.6031432771770362,-1.0517764210365377,-1.108793418690901,0.3712505564425083,0.021429098506216986,0.003017603181700349,0.0026287496789866496,12.206659100819639,29.737650083231696,44.47081675712936,118.72890997396091,reachable_success
343,tiago_pro_7d,SUCCESS_EXACT,pro_7d_cpp,pro-rx90-y020-v1,arm_right_tool_link,gripper_right_grasping_link,0.21929992362856865,0,1,strict MuJoCo-validated Pro 7D solution,-2.2938991979589245,-1.4580562134699013,-2.4069212928430312,-1.5924117457573352,-1.053067514589168,-1.1038510838690674,0.3698142163584801,0.01981929647536749,0.001936162993991695,0.002118972152037411,12.09356829992264,29.663675871709433,44.75399168336097,118.81120619872118,reachable_success
344,tiago_pro_7d,SUCCESS_EXACT,pro_7d_cpp,pro-rx90-y020-v1,arm_right_tool_link,gripper_right_grasping_link,0.21540001034736633,0,1,strict MuJoCo-validated Pro 7D solution,-2.287541194962874,-1.4656772783415128,-2.4091163423767976,-1.5827367051813181,-1.0516727422403014,-1.0972216455992716,0.36486128821909775,0.01616063769885612,0.002671393226921954,0.0014492909044257383,11.967801225815668,29.743590440681032,45.13383051676278,119.09498807733938,reachable_success
345,tiago_pro_7d,SUCCESS_EXACT,pro_7d_cpp,pro-rx90-y020-v1,arm_right_tool_link,gripper_right_grasping_link,0.21590001415461302,0,1,strict MuJoCo-validated Pro 7D solution,-2.2780303666425383,-1.4726728795293265,-2.4151586502514273,-1.5707637005145783,-1.0475781922495333,-1.0932422765769652,0.3601453964801736,0.01592500205792521,0.00453678075588327,0.0023682410257156207,11.621602486080725,29.978190874157374,45.361831566866044,119.36518877062035,reachable_success
346,tiago_pro_7d,SUCCESS_EXACT,pro_7d_cpp,pro-rx90-y020-v1,arm_right_tool_link,gripper_right_grasping_link,0.21790002938359976,0,1,strict MuJoCo-validated Pro 7D solution,-2.2704363547588913,-1.4812218330454108,-2.415714255087802,-1.5610241157715952,-1.056494217326579,-1.0932240325892857,0.36487283667016673,0.02101551080788812,0.0007415534830196142,0.002011755988650406,11.589768673879403,29.467340267209853,45.36287687036156,119.09432639983324,reachable_success
347,tiago_pro_7d,SUCCESS_EXACT,pro_7d_cpp,pro-rx90-y020-v1,arm_right_tool_link,gripper_right_grasping_link,0.21540001034736633,0,1,strict MuJoCo-validated Pro 7D solution,-2.2628933442267773,-1.4897728634943104,-2.4166691773888407,-1.5528742511480633,-1.0675680258607558,-1.092904776360686,0.3723792036950564,0.01911468770378417,0.0012882701953549774,0.0017540949015067981,11.53505565626696,28.832857775065566,45.381168904843584,118.66424324983088,reachable_success
348,tiago_pro_7d,SUCCESS_EXACT,pro_7d_cpp,pro-rx90-y020-v1,arm_right_tool_link,gripper_right_grasping_link,0.21520000882446766,0,1,strict MuJoCo-validated Pro 7D solution,-2.254978659918833,-1.4956656549970346,-2.4202557577844472,-1.5435488724877862,-1.0699570801831995,-1.0863115759707391,0.3718107450956416,0.010917502415338773,0.002337352318855653,0.0015441092182614117,11.329559736714343,28.69597504536206,45.758931460671555,118.69681352840526,reachable_success
349,tiago_pro_7d,SUCCESS_EXACT,pro_7d_cpp,pro-rx90-y020-v1,arm_right_tool_link,gripper_right_grasping_link,0.21600001491606236,0,1,strict MuJoCo-validated Pro 7D solution,-2.2482808688180462,-1.5035073905695822,-2.421061841473577,-1.533546070734072,-1.0744945250886673,-1.0849435610778344,0.3733122663012369,0.018451979168236283,0.0013109117869920394,0.0018698607928108013,11.283374543392876,28.435998602505617,45.83731294034604,118.61078270047526,reachable_success
350,tiago_pro_7d,SUCCESS_EXACT,pro_7d_cpp,pro-rx90-y020-v1,arm_right_tool_link,gripper_right_grasping_link,0.24009996559470892,0,1,strict MuJoCo-validated Pro 7D solution,-2.2407863350939765,-1.51081236765483,-2.423864335647761,-1.522620287159774,-1.0776586766389369,-1.082247180018975,0.37326177351445466,0.016391813790278046,0.002189547374148929,0.0020194614494209845,11.122803455102119,28.25470607293539,45.991804194977696,118.61367572405373,reachable_success
351,tiago_pro_7d,SUCCESS_EXACT,pro_7d_cpp,pro-rx90-y020-v1,arm_right_tool_link,gripper_right_grasping_link,0.2207999350503087,0,1,strict MuJoCo-validated Pro 7D solution,-2.234488758006925,-1.5176004013293851,-2.425799640264279,-1.5146655376537097,-1.0838562965654346,-1.075938695485163,0.37786124042946434,0.011720031395954338,0.0014225561453858804,0.0012554109045619048,11.011918668503464,27.899608608120893,46.35325373388867,118.35014568181363,reachable_success
352,tiago_pro_7d,SUCCESS_EXACT,pro_7d_cpp,pro-rx90-y020-v1,arm_right_tool_link,gripper_right_grasping_link,0.2161000156775117,0,1,strict MuJoCo-validated Pro 7D solution,-2.226685024623082,-1.5241645594848354,-2.429438104941526,-1.5034112256406957,-1.0838732699393292,-1.0732560617762044,0.37709587818712126,0.013791645161684782,0.0025660076367812028,0.001897479748908789,10.803449998589786,27.898636105432637,46.50695732339153,118.39399770809854,reachable_success
353,tiago_pro_7d,SUCCESS_EXACT,pro_7d_cpp,pro-rx90-y020-v1,arm_right_tool_link,gripper_right_grasping_link,0.21600001491606236,0,1,strict MuJoCo-validated Pro 7D solution,-2.219999494829306,-1.5323040818202935,-2.4316960356846096,-1.490631497822645,-1.0830619043903633,-1.0709103769233117,0.37862449150778116,0.018897293333049778,0.002266078626480279,0.0021211215350908207,10.674080096578253,27.945123927030696,46.64135516553005,118.30641461631727,reachable_success
354,tiago_pro_7d,SUCCESS_EXACT,pro_7d_cpp,pro-rx90-y020-v1,arm_right_tool_link,gripper_right_grasping_link,0.21510000806301832,0,1,strict MuJoCo-validated Pro 7D solution,-2.2143612896821554,-1.5388797355857904,-2.4321972700159002,-1.4833704927051958,-1.0927366836571006,-1.0673418357409503,0.3842978439141378,0.009819687777358258,0.001284170082291208,0.0010015821859688488,10.645361484848236,27.390799907325974,46.845817514297984,117.98135546774263,reachable_success
355,tiago_pro_7d,SUCCESS_EXACT,pro_7d_cpp,pro-rx90-y020-v1,arm_right_tool_link,gripper_right_grasping_link,0.2215999411419034,0,1,strict MuJoCo-validated Pro 7D solution,-2.2059343790664565,-1.5449980006860964,-2.4381108370441904,-1.4707435955942674,-1.0886171449409725,-1.0621901007617987,0.38006704983300144,0.009735303936215911,0.004926694454481247,0.0017606015834580517,10.30653905225949,27.62683208930086,47.14099018577329,118.22376211258069,reachable_success
356,tiago_pro_7d,SUCCESS_EXACT,pro_7d_cpp,pro-rx90-y020-v1,arm_right_tool_link,gripper_right_grasping_link,0.21780002862215042,0,1,strict MuJoCo-validated Pro 7D solution,-2.199309701147498,-1.5525974808157408,-2.4405111898912346,-1.4574143215487518,-1.08675003718345,-1.0600335889414756,0.37738674436873587,0.01643587013340791,0.0024266760405130027,0.0019709454284572293,10.169008964781645,27.733809483703034,47.26454921154787,118.37733230348894,reachable_success
357,tiago_pro_7d,SUCCESS_EXACT,pro_7d_cpp,pro-rx90-y020-v1,arm_right_tool_link,gripper_right_grasping_link,0.21520000882446766,0,1,strict MuJoCo-validated Pro 7D solution,-2.1926788683376937,-1.5591284788029698,-2.4429437347067386,-1.4465256181883699,-1.0886553337412779,-1.0589963859069247,0.3744501710784399,0.013069407801058402,0.0019495278799402799,0.0016595803027306569,10.029634413376835,27.624644032218693,47.323976567925804,118.54558555925375,reachable_success
358,tiago_pro_7d,SUCCESS_EXACT,pro_7d_cpp,pro-rx90-y020-v1,arm_right_tool_link,gripper_right_grasping_link,0.21870003547519445,0,1,strict MuJoCo-validated Pro 7D solution,-2.1857806457240385,-1.5659805808716436,-2.4461444999661,-1.4357846703086667,-1.0908644392649225,-1.0535058981240955,0.3748415324629484,0.0124795767789145,0.0024753302400055675,0.0016846938846609585,9.846244072803335,27.49807160921482,47.638558345350056,118.52316220365701,reachable_success
359,tiago_pro_7d,SUCCESS_EXACT,pro_7d_cpp,pro-rx90-y020-v1,arm_right_tool_link,gripper_right_grasping_link,0.229199999012053,0,1,strict MuJoCo-validated Pro 7D solution,-2.1796235725833544,-1.5746710137095643,-2.4467281728848227,-1.4246273992398886,-1.1007372692350648,-1.0549452071212524,0.3804831749029992,0.01871654056577838,0.0014130228673290828,0.0019358218568740217,9.81280207794444,26.932400120075396,47.556092014397755,118.19991990232022,reachable_success
360,tiago_pro_7d,SUCCESS_EXACT,pro_7d_cpp,pro-rx90-y020-v1,arm_right_tool_link,gripper_right_grasping_link,0.2215999411419034,0,1,strict MuJoCo-validated Pro 7D solution,-2.1727925228364677,-1.580611888475766,-2.451060813870892,-1.4115467464127789,-1.095274714309923,-1.0506508019130785,0.37606943110090674,0.007943395851439727,0.004103136899537133,0.0012743283609990491,9.564560035297268,27.245381462644417,47.80214330834512,118.45280879403214,reachable_success
361,tiago_pro_7d,SUCCESS_EXACT,pro_7d_cpp,pro-rx90-y020-v1,arm_right_tool_link,gripper_right_grasping_link,0.21920003928244114,0,1,strict MuJoCo-validated Pro 7D solution,-2.1671494710436665,-1.5877310328666907,-2.4533238843917338,-1.3998948034477638,-1.0961299070551593,-1.0456072660726379,0.37399921549656123,0.01275172022081401,0.002544126080591083,0.0015679053017492377,9.434895645712563,27.19638252767217,48.091116625825336,118.57142341084325,reachable_success
362,tiago_pro_7d,SUCCESS_EXACT,pro_7d_cpp,pro-rx90-y020-v1,arm_right_tool_link,gripper_right_grasping_link,0.21730002481490374,0,1,strict MuJoCo-validated Pro 7D solution,-2.160527501445215,-1.5951392943083773,-2.4570827930693815,-1.3863591992588087,-1.094510382906591,-1.0418138076253547,0.3731083371725268,0.014071389308840224,0.0034467358308317183,0.0019057808420015624,9.219526042908248,27.289174426204656,48.30846578461291,118.62246697887014,reachable_success
363,tiago_pro_7d,SUCCESS_EXACT,pro_7d_cpp,pro-rx90-y020-v1,arm_right_tool_link,gripper_right_grasping_link,0.21650001872330904,0,1,strict MuJoCo-validated Pro 7D solution,-2.153584672798903,-1.6029468648684322,-2.4592008852089324,-1.3739556704804854,-1.0993899168936303,-1.042921427034573,0.37627652737506034,0.017600668243605035,0.0019782444943623086,0.0021568261126430205,9.098168302692144,27.00959772275666,48.245003867157926,118.44094305157026,reachable_success
364,tiago_pro_7d,SUCCESS_EXACT,pro_7d_cpp,pro-rx90-y020-v1,arm_right_tool_link,gripper_right_grasping_link,0.2172000240534544,0,1,strict MuJoCo-validated Pro 7D solution,-2.148636376478276,-1.6105892934355368,-2.460034656322471,-1.3630379087304978,-1.1054203493012384,-1.0384806314539583,0.38068133283836086,0.013886258357592584,0.001062719722007378,0.001597732047538139,9.050396736806468,26.664079397161796,48.4994427116075,118.18856628894696,reachable_success
365,tiago_pro_7d,SUCCESS_EXACT,pro_7d_cpp,pro-rx90-y020-v1,arm_right_tool_link,gripper_right_grasping_link,0.21789991296827793,0,1,strict MuJoCo-validated Pro 7D solution,-2.1424241197086995,-1.6192665854808588,-2.462506488906435,-1.3479470995747516,-1.103474322801028,-1.0382423667545992,0.3780009275852034,0.020476128697107458,0.0025916657769862305,0.002304987901531083,8.908771162082395,26.77557850244447,48.51309427328773,118.34214219733758,reachable_success
366,tiago_pro_7d,SUCCESS_EXACT,pro_7d_cpp,pro-rx90-y020-v1,arm_right_tool_link,gripper_right_grasping_link,0.21909992210566998,0,1,strict MuJoCo-validated Pro 7D solution,-2.1348117194898406,-1.6262236621272552,-2.4674807048385525,-1.335098197761791,-1.105743019374083,-1.0344984106325186,0.380178995829216,0.013184867829033275,0.003986842954538691,0.0020539626935995557,8.62376958278534,26.64559176381263,48.72760715776512,118.2173480794642,reachable_success
367,tiago_pro_7d,SUCCESS_EXACT,pro_7d_cpp,pro-rx90-y020-v1,arm_right_tool_link,gripper_right_grasping_link,0.255499966442585,0,1,strict MuJoCo-validated Pro 7D solution,-2.131013039855519,-1.6346896003057325,-2.4665558406219508,-1.3228847053782613,-1.1108734242622391,-1.0325266799777657,0.3812148871005216,0.018916719531777128,0.002058335203509612,0.0019303271656178713,8.676760399019294,26.35164121652799,48.84057900261902,118.15799588158394,reachable_success
368,tiago_pro_7d,SUCCESS_EXACT,pro_7d_cpp,pro-rx90-y020-v1,arm_right_tool_link,gripper_right_grasping_link,0.23390003480017185,0,1,strict MuJoCo-validated Pro 7D solution,-2.1259234374920597,-1.6441035144891645,-2.466909082397096,-1.308836478691477,-1.1160655478444619,-1.0319248468415765,0.3818097334894791,0.024222859155179303,0.0025307899206319837,0.0025308164159490386,8.65652113615576,26.054154448556282,48.875061501293786,118.12391369403808,reachable_success
369,tiago_pro_7d,SUCCESS_EXACT,pro_7d_cpp,pro-rx90-y020-v1,arm_right_tool_link,gripper_right_grasping_link,0.21609989926218987,0,1,strict MuJoCo-validated Pro 7D solution,-2.1208598480397773,-1.6531691384470935,-2.4665130078010993,-1.2960668065482952,-1.1233839630175517,-1.033263462137085,0.3846031633212484,0.022254957233192808,0.002109281989449022,0.0023061384092501183,8.679214538878725,25.63484014641373,48.79836449446949,117.96386195431175,reachable_success
370,tiago_pro_7d,SUCCESS_EXACT,pro_7d_cpp,pro-rx90-y020-v1,arm_right_tool_link,gripper_right_grasping_link,0.23529992904514074,0,1,strict MuJoCo-validated Pro 7D solution,-2.1144912369743727,-1.6590801810381497,-2.4717221970390146,-1.2831993168949214,-1.1205579773701626,-1.026155635543323,0.38052296470115454,0.009428661049897966,0.005168977848327673,0.0011517380090347923,8.380749980861205,25.796757196973672,49.205612959802906,118.19764011481824,reachable_success
371,tiago_pro_7d,SUCCESS_EXACT,pro_7d_cpp,pro-rx90-y020-v1,arm_right_tool_link,gripper_right_grasping_link,0.21789991296827793,0,1,strict MuJoCo-validated Pro 7D solution,-2.111216990494846,-1.6698345616177512,-2.468910056450418,-1.2695069977627926,-1.1273851838565843,-1.0267430792586425,0.3816218173018985,0.0300898694449141,0.0038023958234957014,0.00269678662330648,8.541873767985237,25.40558707943737,49.17195491421361,118.13468049848862,reachable_success
372,tiago_pro_7d,SUCCESS_EXACT,pro_7d_cpp,pro-rx90-y020-v1,arm_right_tool_link,gripper_right_grasping_link,0.2153998939320445,0,1,strict MuJoCo-validated Pro 7D solution,-2.1051696255743977,-1.6783134707807126,-2.469909720855558,-1.2556159212916707,-1.1323479754842398,-1.0265160659968993,0.3828531616838835,0.020882863449632753,0.0020678573103926757,0.002499358805277671,8.484597216641259,25.121240064569847,49.184961816005,118.06412966227374,reachable_success
373,tiago_pro_7d,SUCCESS_EXACT,pro_7d_cpp,pro-rx90-y020-v1,arm_right_tool_link,gripper_right_grasping_link,0.22279995027929544,0,1,strict MuJoCo-validated Pro 7D solution,-2.1006860386003225,-1.6878941625339312,-2.4688874092791044,-1.24224465457695,-1.1426694025768651,-1.029338176395946,0.38459308395818387,0.024560153219282604,0.003122465376022297,0.002471051002407662,8.543171355319403,24.529865853610435,49.02326680081964,117.96443945927554,reachable_success
374,tiago_pro_7d,SUCCESS_EXACT,pro_7d_cpp,pro-rx90-y020-v1,arm_right_tool_link,gripper_right_grasping_link,0.2145000034943223,0,1,strict MuJoCo-validated Pro 7D solution,-2.095396824286351,-1.6968949366403996,-2.4691703299839327,-1.227425773219587,-1.1454115459813026,-1.0289350879520398,0.38047545360351087,0.02401777031644503,0.002772905405055378,0.0026699595870302985,8.526961192995877,24.37275260971653,49.04636206742596,118.20036230019325,reachable_success
375,tiago_pro_7d,SUCCESS_EXACT,pro_7d_cpp,pro-rx90-y020-v1,arm_right_tool_link,gripper_right_grasping_link,0.2183000324293971,0,1,strict MuJoCo-validated Pro 7D solution,-2.0922474500988812,-1.7073656851178731,-2.4659736930981477,-1.21437434154699,-1.155779593660248,-1.030116642090432,0.3817491317769316,0.02864850250085242,0.00403764057829704,0.002683164311295215,8.7101149951872,23.778707235922553,48.97866400202987,118.12738591639831,reachable_success
376,tiago_pro_7d,SUCCESS_EXACT,pro_7d_cpp,pro-rx90-y020-v1,arm_right_tool_link,gripper_right_grasping_link,0.2148000057786703,0,1,strict MuJoCo-validated Pro 7D solution,-2.0877586523022686,-1.7174671091536367,-2.464769342102561,-1.1994085572239297,-1.162662477660373,-1.0335736135314715,0.3796273047646751,0.030285846505998505,0.0038646856219804763,0.0030412110507836813,8.779119224286703,23.384347031837272,48.78059412856105,118.24895764905747,reachable_success
377,tiago_pro_7d,SUCCESS_EXACT,pro_7d_cpp,pro-rx90-y020-v1,arm_right_tool_link,gripper_right_grasping_link,0.21760002709925175,0,1,strict MuJoCo-validated Pro 7D solution,-2.085858314068346,-1.7277906861552137,-2.4591785048735826,-1.1879589888833548,-1.176252492017103,-1.035176193013324,0.3831714902933747,0.02592870929675047,0.004999531538120252,0.0024108500740888635,9.099450601451778,22.605696565674446,48.68877308791663,118.04589077645163,reachable_success
378,tiago_pro_7d,SUCCESS_EXACT,pro_7d_cpp,pro-rx90-y020-v1,arm_right_tool_link,gripper_right_grasping_link,0.21730002481490374,0,1,strict MuJoCo-validated Pro 7D solution,-2.0806471227521044,-1.7354105169971397,-2.460842331023093,-1.1734849930170574,-1.1748966520454047,-1.0324615441932754,0.3789120785469431,0.016524637568500387,0.0027376333237850853,0.0020348571350874397,9.004120385241333,22.68338047374789,48.84431100816559,118.28993709273063,reachable_success
379,tiago_pro_7d,SUCCESS_EXACT,pro_7d_cpp,pro-rx90-y020-v1,arm_right_tool_link,gripper_right_grasping_link,0.24940003640949726,0,1,strict MuJoCo-validated Pro 7D solution,-2.0778487466618474,-1.7446943093072844,-2.458158236409451,-1.159729422892557,-1.1790465694634689,-1.0326062533714084,0.37886454102070544,0.027209459705671544,0.003294812694561464,0.002737167196246383,9.157907678416802,22.445607720364986,48.83601978300176,118.2926607923525,reachable_success
380,tiago_pro_7d,SUCCESS_EXACT,pro_7d_cpp,pro-rx90-y020-v1,arm_right_tool_link,gripper_right_grasping_link,0.21620001643896103,0,1,strict MuJoCo-validated Pro 7D solution,-2.0755512124666,-1.7553570925953998,-2.453070602853178,-1.1452962842808752,-1.186655992492545,-1.0355008992052883,0.3789483256235207,0.03653964363962012,0.0056143134142190715,0.0035339930363453655,9.449407608900394,22.009619896269268,48.67016879353532,118.28786028822302,reachable_success
381,tiago_pro_7d,SUCCESS_EXACT,pro_7d_cpp,pro-rx90-y020-v1,arm_right_tool_link,gripper_right_grasping_link,0.21550001110881567,0,1,strict MuJoCo-validated Pro 7D solution,-2.0710228974568508,-1.763369318580247,-2.4533953416040815,-1.129920618672088,-1.1832216485667129,-1.0349414080991013,0.3741966133468688,0.01946199703026674,0.0017387741359811907,0.002186385499453287,9.43080144902927,22.20639330861584,48.70222527259494,118.56011334713568,reachable_success
382,tiago_pro_7d,SUCCESS_EXACT,pro_7d_cpp,pro-rx90-y020-v1,arm_right_tool_link,gripper_right_grasping_link,0.22119993809610605,0,1,strict MuJoCo-validated Pro 7D solution,-2.067304538821955,-1.773041019580311,-2.4520175779455546,-1.1144801806860405,-1.1843567084107811,-1.0368709817374993,0.3704004233800829,0.029682306240976127,0.0027732964856243872,0.003025003403144595,9.509741491829361,22.141359170055953,48.591668846855036,118.77761901046242,reachable_success
383,tiago_pro_7d,SUCCESS_EXACT,pro_7d_cpp,pro-rx90-y020-v1,arm_right_tool_link,gripper_right_grasping_link,0.22060004994273186,0,1,strict MuJoCo-validated Pro 7D solution,-2.0647058832564937,-1.782826513643029,-2.4475855939042965,-1.1015282816293261,-1.1927514945238213,-1.0400616112089254,0.3703934538850683,0.030575333388839752,0.004712623568860356,0.0031013815311690695,9.763675472262785,21.660373355863715,48.40885924415226,118.7780183331121,reachable_success
384,tiago_pro_7d,SUCCESS_EXACT,pro_7d_cpp,pro-rx90-y020-v1,arm_right_tool_link,gripper_right_grasping_link,0.21570001263171434,0,1,strict MuJoCo-validated Pro 7D solution,-2.0608634520132747,-1.791952678238711,-2.444400474174407,-1.0879192424901534,-1.19897002871474,-1.043312668130394,0.37000615366152145,0.028817488103969086,0.0038293719764490378,0.0031553518434745227,9.946169390029292,21.304077591966273,48.22258740359532,118.80020900132581,reachable_success
385,tiago_pro_7d,SUCCESS_EXACT,pro_7d_cpp,pro-rx90-y020-v1,arm_right_tool_link,gripper_right_grasping_link,0.2161000156775117,0,1,strict MuJoCo-validated Pro 7D solution,-2.0571840758363393,-1.8006071164680018,-2.4429599328619616,-1.074116247627959,-1.2023381437375742,-1.0447013332641417,0.3672583110111654,0.02513175702798804,0.0027645403592611796,0.0028010808054844036,10.028706327446663,21.111098816243267,48.143022752274604,118.95764878795725,reachable_success
386,tiago_pro_7d,SUCCESS_EXACT,pro_7d_cpp,pro-rx90-y020-v1,arm_right_tool_link,gripper_right_grasping_link,0.21550001110881567,0,1,strict MuJoCo-validated Pro 7D solution,-2.054770724009769,-1.809342916710089,-2.4392461249267043,-1.0612126667624355,-1.2046899431038078,-1.0458909330908008,0.3619385736644912,0.02646226184182672,0.0032271823486228917,0.0027678637365680216,10.241491848059097,20.976350638296537,48.07486370289754,119.26244728603979,reachable_success
387,tiago_pro_7d,SUCCESS_EXACT,pro_7d_cpp,pro-rx90-y020-v1,arm_right_tool_link,gripper_right_grasping_link,0.2277999883517623,0,1,strict MuJoCo-validated Pro 7D solution,-2.051250224155998,-1.817843918374946,-2.435794080612723,-1.0497773630545453,-1.2128868738306788,-1.048115611873572,0.36469467291612917,0.023721027392764826,0.0030927152253317075,0.0027239557414952048,10.439279417942352,20.506701102685728,47.947398997872455,119.10453443100178,reachable_success
388,tiago_pro_7d,SUCCESS_EXACT,pro_7d_cpp,pro-rx90-y020-v1,arm_right_tool_link,gripper_right_grasping_link,0.21700002253055573,0,1,strict MuJoCo-validated Pro 7D solution,-2.049759931159585,-1.8267557492438862,-2.4310405363590184,-1.0371079979186777,-1.2172027212378569,-1.0497635634046938,0.3622458200137951,0.029087198973588618,0.004069007073530524,0.003055106161056419,10.7116374414083,20.259421261231946,47.85297833029705,119.24484336695387,reachable_success
389,tiago_pro_7d,SUCCESS_EXACT,pro_7d_cpp,pro-rx90-y020-v1,arm_right_tool_link,gripper_right_grasping_link,0.21710002329200506,0,1,strict MuJoCo-validated Pro 7D solution,-2.0463386495796803,-1.8345932024644915,-2.429028357863003,-1.0228028254582602,-1.2123384615022117,-1.0503542647239266,0.3530195011599807,0.020189632442602842,0.0009216503970441043,0.0021754987344590067,10.826926776856965,20.538122814539836,47.8191336377522,119.77347249771942,reachable_success
390,tiago_pro_7d,SUCCESS_EXACT,pro_7d_cpp,pro-rx90-y020-v1,arm_right_tool_link,gripper_right_grasping_link,0.21790002938359976,0,1,strict MuJoCo-validated Pro 7D solution,-2.0438990870692666,-1.8431771148359586,-2.4237994997597907,-1.010926079647937,-1.2164179312224765,-1.0521822456931083,0.3497656670379989,0.027594904200065787,0.0039254866773874905,0.0030598561072665764,11.12651827784381,20.304386416917247,47.714398043187856,119.95990346014466,reachable_success
391,tiago_pro_7d,SUCCESS_EXACT,pro_7d_cpp,pro-rx90-y020-v1,arm_right_tool_link,gripper_right_grasping_link,0.21850003395229578,0,1,strict MuJoCo-validated Pro 7D solution,-2.040854045929888,-1.8515045305776228,-2.42020688269431,-0.9996696852654747,-1.2249119602058847,-1.0565830935145772,0.35106424086731874,0.023537853217543658,0.00352420286185931,0.002749169764350014,11.332360073102532,19.817714405106162,47.46224803673834,119.88550066033848,reachable_success
392,tiago_pro_7d,SUCCESS_EXACT,pro_7d_cpp,pro-rx90-y020-v1,arm_right_tool_link,gripper_right_grasping_link,0.21780002862215042,0,1,strict MuJoCo-validated Pro 7D solution,-2.0372825486737236,-1.8591349488032982,-2.4175130892904804,-0.9877572674107211,-1.2270789235165138,-1.0599582923632913,0.3466096769450694,0.021615373390505017,0.0024621676253036976,0.0025194221584183404,11.486703066022146,19.693556553047415,47.26886338768961,120.1407283726546,reachable_success
393,tiago_pro_7d,SUCCESS_EXACT,pro_7d_cpp,pro-rx90-y020-v1,arm_right_tool_link,gripper_right_grasping_link,0.21540001034736633,0,1,strict MuJoCo-validated Pro 7D solution,-2.033308488146325,-1.8675357203384275,-2.414223197354035,-0.97534319274952,-1.2318659890221335,-1.0639936168876802,0.34274702585526023,0.02608238713448876,0.003475618729176464,0.0031201463428891644,11.675199989034581,19.419277903322747,47.03765632347649,120.36204197783228,reachable_success
394,tiago_pro_7d,SUCCESS_EXACT,pro_7d_cpp,pro-rx90-y020-v1,arm_right_tool_link,gripper_right_grasping_link,0.21570001263171434,0,1,strict MuJoCo-validated Pro 7D solution,-2.0307050735582237,-1.874385005107076,-2.4105134091325904,-0.9658865651842908,-1.2385376523509937,-1.0645333637584156,0.34110753087563017,0.01774632238238876,0.002712044010339867,0.0022676071145135454,11.887755197010708,19.03701975224686,47.00673110577796,120.45597812069796,reachable_success
395,tiago_pro_7d,SUCCESS_EXACT,pro_7d_cpp,pro-rx90-y020-v1,arm_right_tool_link,gripper_right_grasping_link,0.21590001415461302,0,1,strict MuJoCo-validated Pro 7D solution,-2.0271400340908357,-1.8807192283716374,-2.4087101050912305,-0.9555638226206927,-1.239290504408013,-1.0653030251368056,0.3370048047007697,0.015051352509149515,0.0014397129252112623,0.0018979175855929054,11.991076907759513,18.993884506781914,46.96263275714199,120.69104701501531,reachable_success
396,tiago_pro_7d,SUCCESS_EXACT,pro_7d_cpp,pro-rx90-y020-v1,arm_right_tool_link,gripper_right_grasping_link,0.21920003928244114,0,1,strict MuJoCo-validated Pro 7D solution,-2.024000131885901,-1.8879499387271974,-2.40419236539349,-0.9468636545394822,-1.2507178440606521,-1.0691216719605146,0.33977035363021396,0.01733254281639017,0.003111295147771769,0.0022927261686008986,12.249924325378766,18.339146173623195,46.74384041069243,120.53259273332124,reachable_success
397,tiago_pro_7d,SUCCESS_EXACT,pro_7d_cpp,pro-rx90-y020-v1,arm_right_tool_link,gripper_right_grasping_link,0.21820003166794777,0,1,strict MuJoCo-validated Pro 7D solution,-2.021087167506994,-1.893654558217407,-2.4030629885830743,-0.9368187572233948,-1.2472715569098711,-1.0675283366762691,0.33309579409259343,0.010315388243660443,0.001252852476571345,0.0012281666202480597,12.314632850095519,18.536603882353113,46.83513179782897,120.91501682493568,reachable_success
398,tiago_pro_7d,SUCCESS_EXACT,pro_7d_cpp,pro-rx90-y020-v1,arm_right_tool_link,gripper_right_grasping_link,0.21780002862215042,0,1,strict MuJoCo-validated Pro 7D solution,-2.0194964983110917,-1.9019078099160611,-2.3944359589532307,-0.9286830825826083,-1.2623745973471268,-1.0735110227117821,0.3360290634954283,0.02308893443630265,0.005862258088656354,0.002831962716725987,12.808925237619867,17.671263407482947,46.49234913784222,120.7469528679784,reachable_success
399,tiago_pro_7d,SUCCESS_EXACT,pro_7d_cpp,pro-rx90-y020-v1,arm_right_tool_link,gripper_right_grasping_link,0.2177999122068286,0,1,strict MuJoCo-validated Pro 7D solution,-2.0158333432077344,-1.9075198476628057,-2.3937700241850304,-0.9188100671515884,-1.2597021945903764,-1.0728993447430568,0.3312089574158036,0.010479604894723323,0.0008727230039133983,0.001335406292437826,12.847080489268768,17.824380806603873,46.52739570387131,121.02312460314623,reachable_success
400,tiago_pro_7d,SUCCESS_EXACT,pro_7d_cpp,pro-rx90-y020-v1,arm_right_tool_link,gripper_right_grasping_link,0.21670002024620771,0,1,strict MuJoCo-validated Pro 7D solution,-2.011500871585461,-1.9133440871614231,-2.3944129108062517,-0.9068984113361237,-1.2565051949139423,-1.07410819067706,0.32490986281500706,0.011235656081798879,0.0007722629577937852,0.001564262731450747,12.810245799167358,18.007555395168232,46.458133933771386,121.38403613852553,reachable_success
401,tiago_pro_7d,SUCCESS_EXACT,pro_7d_cpp,pro-rx90-y020-v1,arm_right_tool_link,gripper_right_grasping_link,0.22389995865523815,0,1,strict MuJoCo-validated Pro 7D solution,-2.0114127257430816,-1.9222591183878646,-2.3824504366971717,-0.9015627947559594,-1.2804033602437777,-1.083744015885857,0.33510514935391567,0.01716037621665066,0.01039203579216216,0.0014906075738684908,13.495645078152164,16.6382913836628,45.90604181718156,120.79988924891953,reachable_success
402,tiago_pro_7d,SUCCESS_EXACT,pro_7d_cpp,pro-rx90-y020-v1,arm_right_tool_link,gripper_right_grasping_link,0.21670002024620771,0,1,strict MuJoCo-validated Pro 7D solution,-2.0089559044403167,-1.9286236545765136,-2.377733657467446,-0.8931317088479382,-1.2848897890993463,-1.0862342547732198,0.3334396559813023,0.017392715838839907,0.002541625743819771,0.0022592050342550812,13.76589662091042,16.38123794515301,45.76336163895631,120.89531498997727,reachable_success
403,tiago_pro_7d,SUCCESS_EXACT,pro_7d_cpp,pro-rx90-y020-v1,arm_right_tool_link,gripper_right_grasping_link,0.2158998977392912,0,1,strict MuJoCo-validated Pro 7D solution,-2.0059220574021994,-1.9306043538584017,-2.3812613811387977,-0.8863227034594194,-1.2755506557489067,-1.078553290817979,0.3215068601721813,0.008587385863923273,0.005484121434399878,0.000950644134448503,13.563772943253566,16.91633087044307,46.20344845618372,121.5790138276313,reachable_success
404,tiago_pro_7d,SUCCESS_EXACT,pro_7d_cpp,pro-rx90-y020-v1,arm_right_tool_link,gripper_right_grasping_link,0.2183000324293971,0,1,strict MuJoCo-validated Pro 7D solution,-2.005180849197849,-1.936958200918378,-2.374869422517357,-0.879894892965058,-1.2848134743687187,-1.0806111754176881,0.32231073368137797,0.01506383545514162,0.002939235010785588,0.002020624830854926,13.930005195084378,16.385610457132646,46.08554035389542,121.53295526829197,reachable_success
405,tiago_pro_7d,SUCCESS_EXACT,pro_7d_cpp,pro-rx90-y020-v1,arm_right_tool_link,gripper_right_grasping_link,0.21870003547519445,0,1,strict MuJoCo-validated Pro 7D solution,-2.002894378930793,-1.943294691275092,-2.3702101385581784,-0.8725184237808914,-1.2911818022771508,-1.0847463536644208,0.3236334373279437,0.015228484517280046,0.0023541383433089104,0.0019953066034616436,14.196962501498316,16.02073214542411,45.84861209282332,121.45716993179718,reachable_success
406,tiago_pro_7d,SUCCESS_EXACT,pro_7d_cpp,pro-rx90-y020-v1,arm_right_tool_link,gripper_right_grasping_link,0.2183000324293971,0,1,strict MuJoCo-validated Pro 7D solution,-1.9995402490821412,-1.9486724718394035,-2.3682352081381555,-0.8637491983429859,-1.2929105432419168,-1.089984516012047,0.32129089003018846,0.011395066587318375,0.0013529406997655898,0.0015915624802109048,14.31011767939763,15.921682584271647,45.54848749790001,121.59138800526833,reachable_success
407,tiago_pro_7d,SUCCESS_EXACT,pro_7d_cpp,pro-rx90-y020-v1,arm_right_tool_link,gripper_right_grasping_link,0.39820000529289246,0,1,strict MuJoCo-validated Pro 7D solution,-1.9980098752426565,-1.9524868722675073,-2.3665295052835194,-0.858075460353175,-1.2948172644336378,-1.0880018218009109,0.31778534053478313,0.005707383982737421,0.0008658173673530105,0.000825961712059308,14.407847254071696,15.81243550727788,45.66208750826313,121.79224119622927,reachable_success
408,tiago_pro_7d,SUCCESS_EXACT,pro_7d_cpp,pro-rx90-y020-v1,arm_right_tool_link,gripper_right_grasping_link,0.23260002490133047,0,1,strict MuJoCo-validated Pro 7D solution,-1.9967928286112304,-1.9568859204606106,-2.3635420896654677,-0.8532884772834954,-1.3004103285064148,-1.0891927672964488,0.31960839230265536,0.00673164790212336,0.0009482438087568399,0.000973552729418121,14.579013560637518,15.491976541361504,45.593851357738686,121.68778802409633,reachable_success
409,tiago_pro_7d,SUCCESS_EXACT,pro_7d_cpp,pro-rx90-y020-v1,arm_right_tool_link,gripper_right_grasping_link,0.22219994571059942,0,1,strict MuJoCo-validated Pro 7D solution,-1.9945665193570457,-1.9600894026510607,-2.3633815495623853,-0.8480732587969395,-1.3011400906974302,-1.0882874929898398,0.31830690357246405,0.0036490542725355095,0.00039235343208309425,0.0005589492084975805,14.588211830986737,15.450164247768104,45.645719754809015,121.76235783542013,reachable_success
410,tiago_pro_7d,SUCCESS_EXACT,pro_7d_cpp,pro-rx90-y020-v1,arm_right_tool_link,gripper_right_grasping_link,0.2204999327659607,0,1,strict MuJoCo-validated Pro 7D solution,-1.9939424062754307,-1.9635952649160067,-2.359732932661005,-0.8464804774418961,-1.311538667607675,-1.0889627416521186,0.32312186095475226,0.0014978364383108867,0.0011055962908086813,0.00022492179178792225,14.797262180495927,14.854369677868887,45.60703085633858,121.48648109887966,reachable_success
411,tiago_pro_7d,SUCCESS_EXACT,pro_7d_cpp,pro-rx90-y020-v1,arm_right_tool_link,gripper_right_grasping_link,0.2188000362366438,0,1,strict MuJoCo-validated Pro 7D solution,-1.9922371585796517,-1.9674508524703052,-2.3577927467878426,-0.8417922113306092,-1.3156584522539572,-1.090100922342872,0.32227561024666707,0.005394053885110524,0.0007345591503734046,0.0008093238380910134,14.618323405134124,14.618323405134124,45.541817906435135,121.53496769286292,reachable_success
412,tiago_pro_7d,SUCCESS_EXACT,pro_7d_cpp,pro-rx90-y020-v1,arm_right_tool_link,gripper_right_grasping_link,0.21630001720041037,0,1,strict MuJoCo-validated Pro 7D solution,-1.9907272082819738,-1.9709892821318433,-2.3572832340873147,-0.8360780011156368,-1.315118143570918,-1.0885505205754331,0.31954044506951057,0.004226638471362589,0.0005515925300290781,0.0005666842648892476,14.649280812306536,14.649280812306536,45.630649384259,121.69168111378512,reachable_success
413,tiago_pro_7d,SUCCESS_EXACT,pro_7d_cpp,pro-rx90-y020-v1,arm_right_tool_link,gripper_right_grasping_link,0.21630001720041037,0,1,strict MuJoCo-validated Pro 7D solution,-1.990201343326907,-1.973399019303919,-2.3564827952793785,-0.8331009844083709,-1.3140960343002528,-1.0868831604481337,0.3158640786651549,0.001473025483278865,0.00039238041900330846,0.00012044531716165235,14.70784335971685,14.70784335971685,45.72618208248165,121.9023213926984,reachable_success
414,tiago_pro_7d,SUCCESS_EXACT,pro_7d_cpp,pro-rx90-y020-v1,arm_right_tool_link,gripper_right_grasping_link,0.2234000712633133,0,1,strict MuJoCo-validated Pro 7D solution,-1.989219539926406,-1.9738277948794216,-2.359676591978726,-0.8319079932726597,-1.3098945499997963,-1.0803107604829545,0.3134502740738319,0.0024265311487182617,0.0009990767270273725,0.0004262198541680959,14.800490263805408,14.948570677823485,46.102752861758354,122.04062220835048,reachable_success
415,tiago_pro_7d,SUCCESS_EXACT,pro_7d_cpp,pro-rx90-y020-v1,arm_right_tool_link,gripper_right_grasping_link,0.2242999617010355,0,1,strict MuJoCo-validated Pro 7D solution,-1.9890394036750616,-1.976484427849467,-2.35683581570161,-0.8301513251316877,-1.3160283221511249,-1.0795758901019448,0.31529361290525687,0.0015024736559267897,0.00035530812473850314,0.00029346491848464154,14.597131421057476,14.597131421057476,46.14485783307938,121.93500667309728,reachable_success
416,tiago_pro_7d,SUCCESS_EXACT,pro_7d_cpp,pro-rx90-y020-v1,arm_right_tool_link,gripper_right_grasping_link,0.2180000301450491,0,1,strict MuJoCo-validated Pro 7D solution,-1.9876966079132954,-1.9799975110263741,-2.355011591342805,-0.8271983184887104,-1.3236738027646733,-1.0806125558844557,0.318379741683841,0.0025948565699914915,0.0003772016328607993,0.0004536323531337117,14.159077649552062,14.159077649552062,46.085461258975876,121.75818451905054,reachable_success
417,tiago_pro_7d,SUCCESS_EXACT,pro_7d_cpp,pro-rx90-y020-v1,arm_right_tool_link,gripper_right_grasping_link,0.21790002938359976,0,1,strict MuJoCo-validated Pro 7D solution,-1.9858541554581997,-1.9830648526719195,-2.3553004593368647,-0.8231456994545826,-1.3264291433901885,-1.0806021679341689,0.3199584408252849,0.002793640867549995,0.00028896976836370375,0.00043797846591621647,14.001208260589104,14.001208260589104,46.086056444685106,121.66773172112487,reachable_success
418,tiago_pro_7d,SUCCESS_EXACT,pro_7d_cpp,pro-rx90-y020-v1,arm_right_tool_link,gripper_right_grasping_link,0.21780002862215042,0,1,strict MuJoCo-validated Pro 7D solution,-1.9864680820585525,-1.9866371091094681,-2.3492873577877256,-0.821011918114948,-1.3360075420582471,-1.0823289602949973,0.3237067585723948,0.0047149896138169506,0.0014722690075636858,0.0006991755290782762,13.452406442415615,13.452406442415615,45.987118530314206,121.45296893394149,reachable_success
419,tiago_pro_7d,SUCCESS_EXACT,pro_7d_cpp,pro-rx90-y020-v1,arm_right_tool_link,gripper_right_grasping_link,0.2242999617010355,0,1,strict MuJoCo-validated Pro 7D solution,-1.9863899394364928,-1.9881202037042256,-2.3497263091253298,-0.8205881437313102,-1.3381765562968584,-1.0783802290322528,0.32509369824387396,0.0006384379859460414,0.00038352851698277316,0.00012683197406289164,13.328131080839407,13.328131080839407,46.213364166100824,121.37350314432646,reachable_success
420,tiago_pro_7d,SUCCESS_EXACT,pro_7d_cpp,pro-rx90-y020-v1,arm_right_tool_link,gripper_right_grasping_link,0.21659990306943655,0,1,strict MuJoCo-validated Pro 7D solution,-1.985721930339277,-1.9900782918389914,-2.3492400242816722,-0.8173080805050371,-1.3358855589677758,-1.0772707199371838,0.3203458268540099,0.0009509420840389599,0.0004609219511433863,6.842244902232883e-05,13.459395558671583,13.459395558671583,46.27693435457966,121.64553613663661,reachable_success
421,tiago_pro_7d,SUCCESS_EXACT,pro_7d_cpp,pro-rx90-y020-v1,arm_right_tool_link,gripper_right_grasping_link,0.21550001110881567,0,1,strict MuJoCo-validated Pro 7D solution,-1.9848802681090147,-1.9918530328667714,-2.349277228378957,-0.8156438663250685,-1.3372135934126022,-1.0762033417903174,0.31945917125013634,0.0008444925808485632,9.26121372075847e-05,9.010938176868858e-05,13.383304789935034,13.383304789935034,46.3380906175396,121.69633776062017,reachable_success
422,tiago_pro_7d,SUCCESS_EXACT,pro_7d_cpp,pro-rx90-y020-v1,arm_right_tool_link,gripper_right_grasping_link,0.21399999968707561,0,1,strict MuJoCo-validated Pro 7D solution,-1.985572674507393,-1.9934694168000204,-2.346903209328201,-0.8144796301216736,-1.3394439392105595,-1.0754193563104482,0.31748630123592586,0.0008733093285838062,0.00025478281407907276,0.00015292888238450749,13.255515388857342,13.255515388857342,46.38300967673565,121.80937488596236,reachable_success
423,tiago_pro_7d,SUCCESS_EXACT,pro_7d_cpp,pro-rx90-y020-v1,arm_right_tool_link,gripper_right_grasping_link,0.21620001643896103,0,1,strict MuJoCo-validated Pro 7D solution,-1.9855093844661762,-1.9933121867641526,-2.349320139636855,-0.8147585004924364,-1.3363710797162713,-1.0690517949775187,0.31613990936839664,0.001182018295743073,0.0005441739068754049,0.0003216642390464645,13.431577268916756,13.431577268916756,46.7478440669032,121.88651745754251,reachable_success
424,tiago_pro_7d,SUCCESS_EXACT,pro_7d_cpp,pro-rx90-y020-v1,arm_right_tool_link,gripper_right_grasping_link,0.21540001034736633,0,1,strict MuJoCo-validated Pro 7D solution,-1.9867370260088122,-1.9941680077814616,-2.3467036329378157,-0.8149159573102147,-1.3387676934441888,-1.067308515135653,0.3156974801061687,0.0011230034394165381,0.0002406022667506714,3.4586660188207986e-05,13.294261417183973,13.294261417183973,46.84772664435234,121.91186678700126,reachable_success
425,tiago_pro_7d,SUCCESS_EXACT,pro_7d_cpp,pro-rx90-y020-v1,arm_right_tool_link,gripper_right_grasping_link,0.21470000501722097,0,1,strict MuJoCo-validated Pro 7D solution,-1.9861452508331385,-1.99559619275847,-2.3464069607443263,-0.8126608653753399,-1.3405900665948296,-1.0645857514241583,0.3178148464577133,0.0006936659659851484,0.00018888060191281066,0.0001040721509888321,13.189847126954295,13.189847126954295,47.00372951363236,121.79055063137476,reachable_success
426,tiago_pro_7d,SUCCESS_EXACT,pro_7d_cpp,pro-rx90-y020-v1,arm_right_tool_link,gripper_right_grasping_link,0.21540001034736633,0,1,strict MuJoCo-validated Pro 7D solution,-1.9872412114094389,-1.9965167211918158,-2.344749401532274,-0.8137952592405614,-1.3444226319546086,-1.0622123592655712,0.32081691305910015,0.0015145853972361669,0.0004624248681841825,0.00011385590671857899,12.970257307130918,12.970257307130918,47.139714867448845,121.61854488529809,reachable_success
427,tiago_pro_7d,SUCCESS_EXACT,pro_7d_cpp,pro-rx90-y020-v1,arm_right_tool_link,gripper_right_grasping_link,0.2142000012099743,0,1,strict MuJoCo-validated Pro 7D solution,-1.9883132071522114,-1.9970340439903669,-2.3435486848277987,-0.814773218503942,-1.346839786202464,-1.0599355682460638,0.320747822284869,0.0009576262384252517,0.00012792686350615267,7.16465590338223e-05,12.831764570296691,12.831764570296691,47.270165383699904,121.62250349506483,reachable_success
428,tiago_pro_7d,SUCCESS_EXACT,pro_7d_cpp,pro-rx90-y020-v1,arm_right_tool_link,gripper_right_grasping_link,0.21520000882446766,0,1,strict MuJoCo-validated Pro 7D solution,-1.9888291678467618,-1.9962102277796032,-2.3450529471114234,-0.8169071671423688,-1.3479810120096287,-1.0558603423209647,0.31957483426064665,0.0003285126467192151,0.000275823339337987,3.8934912087316105e-05,12.766377148074739,12.766377148074739,47.503658629770385,121.68971075827216,reachable_success
429,tiago_pro_7d,SUCCESS_EXACT,pro_7d_cpp,pro-rx90-y020-v1,arm_right_tool_link,gripper_right_grasping_link,0.21760002709925175,0,1,strict MuJoCo-validated Pro 7D solution,-1.989021143596688,-1.9974175570079686,-2.3435290414608367,-0.8158023461539397,-1.3507324067632402,-1.054709327945272,0.3170521593958015,0.0005207546254081442,0.00020786624638225901,0.00010723122842775363,12.60873384091836,12.60873384091836,47.56960689565646,121.83424938111153,reachable_success
430,tiago_pro_7d,SUCCESS_EXACT,pro_7d_cpp,pro-rx90-y020-v1,arm_right_tool_link,gripper_right_grasping_link,0.21410000044852495,0,1,strict MuJoCo-validated Pro 7D solution,-1.990081637494262,-1.9982170712104472,-2.3407685855530964,-0.8164347610169327,-1.3552196395095752,-1.0550999357928341,0.31635147126038426,0.001292154646720196,0.00032677853865938707,2.5066844926035093e-05,12.351634342860468,12.351634342860468,47.54722671454646,121.87439585402582,reachable_success
431,tiago_pro_7d,SUCCESS_EXACT,pro_7d_cpp,pro-rx90-y020-v1,arm_right_tool_link,gripper_right_grasping_link,0.215300009585917,0,1,strict MuJoCo-validated Pro 7D solution,-1.9900122662422572,-1.9981490714637162,-2.3414387167528816,-0.8154922487938864,-1.3527511370940835,-1.0533998542223417,0.3135334520419429,0.00046901107814624455,0.0003283052024855166,0.00010936744869200285,12.493069112985996,12.493069112985996,47.644634213363645,122.03585646182925,reachable_success
432,tiago_pro_7d,SUCCESS_EXACT,pro_7d_cpp,pro-rx90-y020-v1,arm_right_tool_link,gripper_right_grasping_link,0.21580001339316368,0,1,strict MuJoCo-validated Pro 7D solution,-1.9903946593655828,-1.998556462756365,-2.3410398570681377,-0.8143366686068736,-1.350978557844156,-1.0523293694088813,0.3109451094873756,0.00015746451288468804,0.00026168541387585535,4.3982693223843624e-05,12.594630422859305,12.594630422859305,47.705968475207776,122.18415756614009,reachable_success
433,tiago_pro_7d,SUCCESS_EXACT,pro_7d_cpp,pro-rx90-y020-v1,arm_right_tool_link,gripper_right_grasping_link,0.22209994494915009,0,1,strict MuJoCo-validated Pro 7D solution,-1.9895648822396501,-2.0013479587453022,-2.3385994910494485,-0.8093870444668863,-1.3543030680610864,-1.0588847194213555,0.3124891401872645,0.0041313340635956665,0.0008982873320652609,0.0006329467857927316,12.404150018481074,12.404150018481074,47.330374586261975,122.0956911235978,reachable_success
434,tiago_pro_7d,SUCCESS_EXACT,pro_7d_cpp,pro-rx90-y020-v1,arm_right_tool_link,gripper_right_grasping_link,0.21740002557635307,1,1,strict MuJoCo-validated Pro 7D solution,-2.019090026057069,-1.936879488225122,-2.3815303731446162,-0.9514833986178778,-1.3975555257372692,-0.9401609210793486,0.39824295258056563,0.05228981391391663,0.01587322268414871,0.009244136649363929,9.925966740067578,9.925966740067578,54.13274715902126,117.182359596305,reachable_success
435,tiago_pro_7d,SUCCESS_EXACT,pro_7d_cpp,pro-rx90-y020-v1,arm_right_tool_link,gripper_right_grasping_link,0.21520000882446766,0,1,strict MuJoCo-validated Pro 7D solution,-2.0195561323653752,-1.9347800120284033,-2.382326613491301,-0.9538096654884286,-1.3958395488822657,-0.9392118566217889,0.3989711432099631,0.0012787716387346226,0.0002019631627571177,0.00010401589186184901,10.024284971601409,10.024284971601409,54.1871245469253,117.14063734655956,reachable_success
436,tiago_pro_7d,SUCCESS_EXACT,pro_7d_cpp,pro-rx90-y020-v1,arm_right_tool_link,gripper_right_grasping_link,0.21520000882446766,0,1,strict MuJoCo-validated Pro 7D solution,-2.0210373329791547,-1.9326711008624518,-2.381235094669177,-0.9570667212420755,-1.3972143441556586,-0.9401191159564929,0.39976382385160825,0.0011194180748130024,0.0002464042377441612,0.00014758504979856416,9.945515004741463,9.945515004741463,54.13514241612291,117.09522009129157,reachable_success
437,tiago_pro_7d,SUCCESS_EXACT,pro_7d_cpp,pro-rx90-y020-v1,arm_right_tool_link,gripper_right_grasping_link,0.21660001948475838,0,1,strict MuJoCo-validated Pro 7D solution,-2.0212788602796747,-1.9294072796072022,-2.383674398072641,-0.9601476468540893,-1.3932674156540137,-0.9384664501796566,0.39894004024135776,0.003167330488442079,0.0005988114758159496,0.00023890054528000627,10.171657349925608,10.171657349925608,54.22983319008134,117.14241941539096,reachable_success
438,tiago_pro_7d,SUCCESS_EXACT,pro_7d_cpp,pro-rx90-y020-v1,arm_right_tool_link,gripper_right_grasping_link,0.21740002557635307,0,1,strict MuJoCo-validated Pro 7D solution,-2.0215709720324027,-1.9263597030724762,-2.385008493551395,-0.9641777266530819,-1.393612286839108,-0.9396293206526408,0.4040208063509801,0.0027892177476853764,0.0003489609975889922,0.00028133391719119575,10.151897686544025,10.151897686544025,54.163205619858964,116.8513129606165,reachable_success
439,tiago_pro_7d,SUCCESS_EXACT,pro_7d_cpp,pro-rx90-y020-v1,arm_right_tool_link,gripper_right_grasping_link,0.2164000179618597,0,1,strict MuJoCo-validated Pro 7D solution,-2.022124600874191,-1.9247195351303767,-2.383707788147574,-0.9668143431517725,-1.3982556896263012,-0.943936092790438,0.4138240038880312,0.0014796664335210083,0.0017177238707437954,0.00012166013172701464,9.885850304258577,9.885850304258577,53.916445753038644,116.28963111601044,reachable_success
440,tiago_pro_7d,SUCCESS_EXACT,pro_7d_cpp,pro-rx90-y020-v1,arm_right_tool_link,gripper_right_grasping_link,0.21710002329200506,0,1,strict MuJoCo-validated Pro 7D solution,-2.0218262946683994,-1.921880382391483,-2.3850802742784976,-0.9690811857915141,-1.3952721202539378,-0.9477921184470832,0.41856222636100165,0.0011635956150581363,0.000609643049698165,2.1281343629825287e-05,10.056796237179498,10.056796237179498,53.69551175721872,116.0181509659152,reachable_success
441,tiago_pro_7d,SUCCESS_EXACT,pro_7d_cpp,pro-rx90-y020-v1,arm_right_tool_link,gripper_right_grasping_link,0.21570001263171434,0,1,strict MuJoCo-validated Pro 7D solution,-2.022021361039035,-1.9185111451117582,-2.386056390117852,-0.9756793354324493,-1.4035057565021822,-0.9496748728986674,0.4338063680084858,0.0013765386898647483,0.003417778507195381,8.851056082197147e-05,9.58504363010916,9.58504363010916,53.58763787328348,115.14472598721476,reachable_success
442,tiago_pro_7d,SUCCESS_EXACT,pro_7d_cpp,pro-rx90-y020-v1,arm_right_tool_link,gripper_right_grasping_link,0.21500000730156898,0,1,strict MuJoCo-validated Pro 7D solution,-2.0225219061450277,-1.9159946697282284,-2.3860579194102574,-0.9799315356575365,-1.4069392363296667,-0.9522121510225752,0.4398795881028172,0.0009158023148989737,0.0008682741084596171,8.611485935503385e-05,9.388319726950996,9.388319726950996,53.44226254533269,114.79675610775551,reachable_success
443,tiago_pro_7d,SUCCESS_EXACT,pro_7d_cpp,pro-rx90-y020-v1,arm_right_tool_link,gripper_right_grasping_link,0.21730002481490374,0,1,strict MuJoCo-validated Pro 7D solution,-2.0242534058953736,-1.9112632774354987,-2.3871718178360495,-0.9871072753661879,-1.4070812602668203,-0.9506741962387381,0.4434389326431617,0.007506206840382896,0.0007339212008213793,0.0008484703224568511,9.380182354762258,9.380182354762258,53.53038086352851,114.59282068776083,reachable_success
444,tiago_pro_7d,SUCCESS_EXACT,pro_7d_cpp,pro-rx90-y020-v1,arm_right_tool_link,gripper_right_grasping_link,0.215300009585917,0,1,strict MuJoCo-validated Pro 7D solution,-2.0265331341817236,-1.9052283685402782,-2.388846416327148,-0.9955006777543995,-1.4046456612040907,-0.9477184962852968,0.44249994096461687,0.012188188380505924,0.0013851439849856988,0.0013265725284945544,9.519731901642684,9.519731901642684,53.69972999636771,114.64662094793935,reachable_success
445,tiago_pro_7d,SUCCESS_EXACT,pro_7d_cpp,pro-rx90-y020-v1,arm_right_tool_link,gripper_right_grasping_link,0.2215999411419034,0,1,strict MuJoCo-validated Pro 7D solution,-2.0275760579718693,-1.8988765011214939,-2.393228205156709,-1.0020933756185493,-1.3975996397022818,-0.9430439126383173,0.4399117703642608,0.012514253515129845,0.002258240104080963,0.0010714744207072455,9.923439196054764,9.923439196054764,53.9675639103205,114.7949121999996,reachable_success
446,tiago_pro_7d,SUCCESS_EXACT,pro_7d_cpp,pro-rx90-y020-v1,arm_right_tool_link,gripper_right_grasping_link,0.2215000567957759,0,1,strict MuJoCo-validated Pro 7D solution,-2.028274419620718,-1.893072208434324,-2.3965313088379663,-1.0080660251451268,-1.391922117397637,-0.9435557942842866,0.4397565735195321,0.009807942280079855,0.0015058889799971086,0.0008591605959889098,10.2487372622023,10.2487372622023,53.938235252396254,114.80380432419629,reachable_success
447,tiago_pro_7d,SUCCESS_EXACT,pro_7d_cpp,pro-rx90-y020-v1,arm_right_tool_link,gripper_right_grasping_link,0.22749998606741428,0,1,strict MuJoCo-validated Pro 7D solution,-2.028320498161375,-1.8866181567113474,-2.4008645166342304,-1.014304414972939,-1.3859893564066377,-0.9431586423231153,0.4399520184852435,0.011769989865659431,0.001999529482792081,0.0009652788895569689,10.588659427846414,10.588659427846414,53.96099038359671,114.79260615253396,reachable_success
448,tiago_pro_7d,SUCCESS_EXACT,pro_7d_cpp,pro-rx90-y020-v1,arm_right_tool_link,gripper_right_grasping_link,0.21670002024620771,0,1,strict MuJoCo-validated Pro 7D solution,-2.030678482647569,-1.8809134233946787,-2.4011648781931614,-1.0220395065985783,-1.3833810805916544,-0.9446352683232441,0.44005943251533836,0.009586100458863135,0.0010604287545955577,0.0010434335446929894,10.738102623850999,10.738102623850999,53.87638594587005,114.78645178194904,reachable_success
449,tiago_pro_7d,SUCCESS_EXACT,pro_7d_cpp,pro-rx90-y020-v1,arm_right_tool_link,gripper_right_grasping_link,0.21620001643896103,0,1,strict MuJoCo-validated Pro 7D solution,-2.0317357205581903,-1.8750780476497337,-2.403282681008459,-1.029683243378811,-1.381417875731203,-0.9471743796244737,0.4413078258302543,0.010538978539682897,0.0013936559027016258,0.0010323851683110125,10.850585976674436,10.850585976674436,53.73090558459562,114.71492411383203,reachable_success
450,tiago_pro_7d,SUCCESS_EXACT,pro_7d_cpp,pro-rx90-y020-v1,arm_right_tool_link,gripper_right_grasping_link,0.2150998916476965,0,1,strict MuJoCo-validated Pro 7D solution,-2.033224426164983,-1.8686421236887107,-2.404624100774586,-1.0388010108874404,-1.382979362148674,-0.9506222820028296,0.4484465078275068,0.01124935621492433,0.0016551675045492222,0.0011023787893619905,10.761119395186352,10.761119395186352,53.53335533014271,114.30590776410341,reachable_success
451,tiago_pro_7d,SUCCESS_EXACT,pro_7d_cpp,pro-rx90-y020-v1,arm_right_tool_link,gripper_right_grasping_link,0.22119993809610605,0,1,strict MuJoCo-validated Pro 7D solution,-2.035373876548462,-1.8611879492141672,-2.407876294054407,-1.0479022615230793,-1.378180170832624,-0.9506351567177388,0.4479784444257251,0.01784186068997021,0.0023336544982094313,0.0017674205840219172,11.036092802671845,11.036092802671845,53.532617663315975,114.33272582157005,reachable_success
452,tiago_pro_7d,SUCCESS_EXACT,pro_7d_cpp,pro-rx90-y020-v1,arm_right_tool_link,gripper_right_grasping_link,0.21620001643896103,0,1,strict MuJoCo-validated Pro 7D solution,-2.035786090295575,-1.8510113600509648,-2.414772005970373,-1.0582693667660041,-1.369020279040998,-0.9473984715616601,0.4475640336492885,0.030468407872297085,0.005258408358443432,0.0025432561972208467,11.560915943128542,11.560915943128542,53.718066062371925,114.3564698100446,reachable_success
453,tiago_pro_7d,SUCCESS_EXACT,pro_7d_cpp,pro-rx90-y020-v1,arm_right_tool_link,gripper_right_grasping_link,0.21599989850074053,0,1,strict MuJoCo-validated Pro 7D solution,-2.0366204139253723,-1.8433812761252806,-2.4178834051102633,-1.065476866092889,-1.362678992471175,-0.9491964717556483,0.44579573528574395,0.013925390986544928,0.0017878535650809341,0.000984870396952979,11.465485532461654,11.924244900262385,53.615048239692705,114.4577858431956,reachable_success
454,tiago_pro_7d,SUCCESS_EXACT,pro_7d_cpp,pro-rx90-y020-v1,arm_right_tool_link,gripper_right_grasping_link,0.21359999664127827,0,1,strict MuJoCo-validated Pro 7D solution,-2.0391207866045113,-1.832922942520511,-2.4225944855578962,-1.0773921714763361,-1.3535567983796635,-0.9470526826630736,0.44832414286551997,0.03250993985470369,0.004876996480813217,0.002971646321475723,11.195560505865688,12.446908121605176,53.73787830686341,114.31291875998554,reachable_success
455,tiago_pro_7d,SUCCESS_EXACT,pro_7d_cpp,pro-rx90-y020-v1,arm_right_tool_link,gripper_right_grasping_link,0.22060004994273186,0,1,strict MuJoCo-validated Pro 7D solution,-2.0414728070850106,-1.8227594987764755,-2.4276292952086953,-1.0873060689577057,-1.339072084099079,-0.9442396733976931,0.44231672118107507,0.025094515727758823,0.003814280974984259,0.001950094059129459,10.907087162223165,13.276821117335535,53.89905186550091,114.6571186682596,reachable_success
456,tiago_pro_7d,SUCCESS_EXACT,pro_7d_cpp,pro-rx90-y020-v1,arm_right_tool_link,gripper_right_grasping_link,0.21770002786070108,0,1,strict MuJoCo-validated Pro 7D solution,-2.047167533260263,-1.8083138762629145,-2.43362173046898,-1.1030326976457268,-1.3189893004528672,-0.9306343046761139,0.43196616802644955,0.05099910107998002,0.011710385228448967,0.00410927773576801,10.563745912803473,14.427479861137826,54.6785820719667,115.25016167964546,reachable_success
457,tiago_pro_7d,SUCCESS_EXACT,pro_7d_cpp,pro-rx90-y020-v1,arm_right_tool_link,gripper_right_grasping_link,0.21660001948475838,0,1,strict MuJoCo-validated Pro 7D solution,-2.0495107625930173,-1.7962012770702473,-2.4387553550526997,-1.1159131106510105,-1.3079443666617672,-0.927635943368432,0.4310706341302991,0.038970694175884966,0.0056276746422239884,0.0031481800528338345,10.26961089055173,15.060307952369287,54.850375520352195,115.3014719923058,reachable_success
458,tiago_pro_7d,SUCCESS_EXACT,pro_7d_cpp,pro-rx90-y020-v1,arm_right_tool_link,gripper_right_grasping_link,0.21679990459233522,0,1,strict MuJoCo-validated Pro 7D solution,-2.0535759983667012,-1.784446833151075,-2.44279343508612,-1.1318714958033138,-1.306417115054682,-0.9282772456082146,0.4382508974054489,0.04221972116233929,0.004773988562866727,0.004101029712927207,10.0382459473007,15.147813023709842,54.81363160862037,114.89007321084692,reachable_success
459,tiago_pro_7d,SUCCESS_EXACT,pro_7d_cpp,pro-rx90-y020-v1,arm_right_tool_link,gripper_right_grasping_link,0.2164000179618597,0,1,strict MuJoCo-validated Pro 7D solution,-2.0579926502064763,-1.7717702625508076,-2.4464435362872554,-1.1456480384675076,-1.291766223734973,-0.9265600209225401,0.4344374364416206,0.04014302140110821,0.0046038113070271825,0.0034000210064530642,9.829110553680009,15.98724726243402,54.9120213355852,115.10856842941219,reachable_success
460,tiago_pro_7d,SUCCESS_EXACT,pro_7d_cpp,pro-rx90-y020-v1,arm_right_tool_link,gripper_right_grasping_link,0.21550001110881567,0,1,strict MuJoCo-validated Pro 7D solution,-2.0621318814288316,-1.7568119717323534,-2.4524091957475602,-1.1644076808254795,-1.2847386360931836,-0.9239463588669201,0.4369544800818608,0.0665540955260531,0.008830597241824101,0.005939744308467946,9.48730344459225,16.389898374466846,55.06177314044571,114.9643524519762,reachable_success
461,tiago_pro_7d,SUCCESS_EXACT,pro_7d_cpp,pro-rx90-y020-v1,arm_right_tool_link,gripper_right_grasping_link,0.2164000179618597,0,1,strict MuJoCo-validated Pro 7D solution,-2.0673464929784395,-1.7428834856427002,-2.4560070898905617,-1.1823569491018644,-1.277217134877818,-0.9237604412112231,0.43757723378484015,0.05592455004986826,0.006550498764464364,0.005237101774691818,9.281159295063427,16.82084864970981,55.072425437454115,114.92867129311932,reachable_success
462,tiago_pro_7d,SUCCESS_EXACT,pro_7d_cpp,pro-rx90-y020-v1,arm_right_tool_link,gripper_right_grasping_link,0.21500000730156898,0,1,strict MuJoCo-validated Pro 7D solution,-2.070425428937999,-1.7261246065926894,-2.464009183801108,-1.2016887505386125,-1.2664444524190308,-0.9226134523364267,0.43601081664330865,0.07649656042085526,0.011540266310444908,0.006348599551311694,8.822673086721789,17.438077888632932,55.13814305912841,115.01842038428602,reachable_success
463,tiago_pro_7d,SUCCESS_EXACT,pro_7d_cpp,pro-rx90-y020-v1,arm_right_tool_link,gripper_right_grasping_link,0.21399999968707561,0,1,strict MuJoCo-validated Pro 7D solution,-2.076466531504049,-1.7105599742412128,-2.46633142700004,-1.2241341735140818,-1.2678108611462473,-0.9226907781094673,0.4416160105540516,0.0669518572944479,0.006040816451756597,0.006245648720371474,8.689618352420023,17.359788435473586,55.13371261868559,114.69726642984801,reachable_success
464,tiago_pro_7d,SUCCESS_EXACT,pro_7d_cpp,pro-rx90-y020-v1,arm_right_tool_link,gripper_right_grasping_link,0.21430000197142363,0,1,strict MuJoCo-validated Pro 7D solution,-2.081389805334043,-1.695298461735314,-2.4703153529205175,-1.2432816794164636,-1.2607236062489504,-0.9258262520733819,0.43848129966836913,0.061454424176121285,0.007095204322755782,0.005464099965930096,8.461356211283892,17.765858229422122,54.95406319378014,114.87687213359133,reachable_success
465,tiago_pro_7d,SUCCESS_EXACT,pro_7d_cpp,pro-rx90-y020-v1,arm_right_tool_link,gripper_right_grasping_link,0.2202000468969345,0,1,strict MuJoCo-validated Pro 7D solution,-2.0879007644280896,-1.6784075288570925,-2.4732860793432376,-1.268024175165552,-1.2631015524528508,-0.9289380856141423,0.443679696868156,0.07626347638270013,0.007472575290556338,0.007263965405178174,8.291146125174032,17.62961194802947,54.77576826534732,114.57902591381092,reachable_success
466,tiago_pro_7d,SUCCESS_EXACT,pro_7d_cpp,pro-rx90-y020-v1,arm_right_tool_link,gripper_right_grasping_link,0.21520000882446766,0,1,strict MuJoCo-validated Pro 7D solution,-2.096570663483842,-1.6614424125880696,-2.4742957387425,-1.289528439435889,-1.2517723192320738,-0.9304886940679393,0.4317107628423273,0.07467637982936692,0.0047972626140871145,0.0070671023465142665,8.233296902850574,18.278729196699402,54.686924945267435,115.26479531876143,reachable_success
467,tiago_pro_7d,SUCCESS_EXACT,pro_7d_cpp,pro-rx90-y020-v1,arm_right_tool_link,gripper_right_grasping_link,0.2169000217691064,0,1,strict MuJoCo-validated Pro 7D solution,-2.1029265377338424,-1.6435515588124958,-2.4778483831497358,-1.3104587429903263,-1.2395823622665114,-0.9346625861789388,0.4226350414011649,0.076905621388449,0.007388800084715764,0.006437590701324922,8.02974537220522,18.977162283272225,54.44777854316421,115.78479585337644,reachable_success
468,tiago_pro_7d,SUCCESS_EXACT,pro_7d_cpp,pro-rx90-y020-v1,arm_right_tool_link,gripper_right_grasping_link,0.21620001643896103,0,1,strict MuJoCo-validated Pro 7D solution,-2.111455612562353,-1.626251572794412,-2.478946148960518,-1.3316435127156059,-1.2278667681039217,-0.9385050913526425,0.41300130867103135,0.07404532968359859,0.005091636311634594,0.0067598662618609355,7.966848024353652,19.648416383276718,54.227619213953815,116.33676807977012,reachable_success
469,tiago_pro_7d,SUCCESS_EXACT,pro_7d_cpp,pro-rx90-y020-v1,arm_right_tool_link,gripper_right_grasping_link,0.21680002100765705,0,1,strict MuJoCo-validated Pro 7D solution,-2.120943753110212,-1.609151620890251,-2.4778002176088054,-1.3552633558293814,-1.2244443510782423,-0.9475625999318753,0.41189250413198397,0.07151255937648118,0.007590245066007941,0.007350963296890752,8.032505054418493,19.844506434581863,53.708662199460235,116.40029790016249,reachable_success
470,tiago_pro_7d,SUCCESS_EXACT,pro_7d_cpp,pro-rx90-y020-v1,arm_right_tool_link,gripper_right_grasping_link,0.22099993657320738,0,1,strict MuJoCo-validated Pro 7D solution,-2.1314269695568133,-1.5909203678673416,-2.476477931598033,-1.3793813070419874,-1.2166774869842025,-0.9527907491130073,0.4042256391279065,0.08394905173219377,0.006915642485974578,0.0083872370491912,8.108266462144943,20.289514967222043,53.4091113167166,116.83957690699269,reachable_success
471,tiago_pro_7d,SUCCESS_EXACT,pro_7d_cpp,pro-rx90-y020-v1,arm_right_tool_link,gripper_right_grasping_link,0.21620001643896103,0,1,strict MuJoCo-validated Pro 7D solution,-2.141098289347451,-1.5722243968159402,-2.475461135132246,-1.404549786237759,-1.212562211823397,-0.9599433550445098,0.40135171504528894,0.08576235353157459,0.008511652031090906,0.008377792500457898,8.166524608258358,20.525302865471225,52.999297184321264,117.00424062756768,reachable_success
472,tiago_pro_7d,SUCCESS_EXACT,pro_7d_cpp,pro-rx90-y020-v1,arm_right_tool_link,gripper_right_grasping_link,0.215300009585917,0,1,strict MuJoCo-validated Pro 7D solution,-2.15421911653011,-1.5540651896571862,-2.4690662591950603,-1.4334284798684476,-1.218820338729015,-0.9681404008645041,0.4011697547564335,0.07840447080676383,0.013574415764687186,0.009544115967453927,8.532924009968864,20.166738606122042,52.52964105436023,117.01466618415806,reachable_success
473,tiago_pro_7d,SUCCESS_EXACT,pro_7d_cpp,pro-rx90-y020-v1,arm_right_tool_link,gripper_right_grasping_link,0.2142000012099743,0,1,strict MuJoCo-validated Pro 7D solution,-2.1676519655274737,-1.5353449176741532,-2.462510106187176,-1.4641405193319332,-1.2292445410213853,-0.9760279213819381,0.4002859036816785,0.08106382201535013,0.014413621686316576,0.009754087199938173,8.90856390716264,19.56947580997863,52.07771941788843,117.06530712045964,reachable_success
474,tiago_pro_7d,SUCCESS_EXACT,pro_7d_cpp,pro-rx90-y020-v1,arm_right_tool_link,gripper_right_grasping_link,0.2175000263378024,0,1,strict MuJoCo-validated Pro 7D solution,-2.182462936514221,-1.5160769487050396,-2.454240049795611,-1.4951407448607699,-1.239199653739733,-0.9849450832436175,0.3933680759201707,0.08737359410992358,0.016954932962908998,0.010846612311009522,9.38240323473449,18.9990898666403,51.56680367797917,117.46166945459247,reachable_success
475,tiago_pro_7d,SUCCESS_EXACT,pro_7d_cpp,pro-rx90-y020-v1,arm_right_tool_link,gripper_right_grasping_link,0.228899996727705,0,1,strict MuJoCo-validated Pro 7D solution,-2.1973043763719318,-1.4983265001597768,-2.4426601366065737,-1.5309996951315592,-1.270314774272125,-0.999731835321958,0.4039823700270808,0.041121644675295485,0.0372548842896458,0.004720017994674511,10.045883387594216,17.216324781093384,50.71958519118397,116.85351519975592,reachable_success
476,tiago_pro_7d,SUCCESS_EXACT,pro_7d_cpp,pro-rx90-y020-v1,arm_right_tool_link,gripper_right_grasping_link,0.2164999023079872,0,1,strict MuJoCo-validated Pro 7D solution,-2.213994729284055,-1.4806739291781084,-2.4293813442525867,-1.5672096183985766,-1.3001428604422358,-1.011992100222494,0.40728742023369446,0.04929073865590912,0.034240993069590046,0.006560202491856175,10.80670214650826,15.507301332593496,50.01712375667087,116.66414977183814,reachable_success
477,tiago_pro_7d,SUCCESS_EXACT,pro_7d_cpp,pro-rx90-y020-v1,arm_right_tool_link,gripper_right_grasping_link,0.21659990306943655,0,1,strict MuJoCo-validated Pro 7D solution,-2.2315520066274335,-1.4599097448020975,-2.417137768792709,-1.6048650605836177,-1.3240818322436843,-1.0179919163851816,0.40388962986410215,0.09348414563520144,0.026439715863310904,0.01165708229111388,11.5082073465092,14.13569928248781,49.6733596126945,116.85882881968597,reachable_success
478,tiago_pro_7d,SUCCESS_EXACT,pro_7d_cpp,pro-rx90-y020-v1,arm_right_tool_link,gripper_right_grasping_link,0.22329995408654213,0,1,strict MuJoCo-validated Pro 7D solution,-2.2501735459411534,-1.4400569847007505,-2.402995229275042,-1.6396984088456539,-1.34564487456489,-1.0264797344346233,0.3984024395200993,0.09068701975751585,0.029796357806687147,0.012264494321167281,12.318515172468507,12.900227964020749,49.187043461186526,117.17322166778227,reachable_success
479,tiago_pro_7d,SUCCESS_EXACT,pro_7d_cpp,pro-rx90-y020-v1,arm_right_tool_link,gripper_right_grasping_link,0.22839999292045832,0,1,strict MuJoCo-validated Pro 7D solution,-2.2668550558347764,-1.4222911078897698,-2.391125672076529,-1.6689771395994732,-1.3520027452223597,-1.0459577063997325,0.38043367952872525,0.07769113659274059,0.01840943627010773,0.010296453682359525,12.535948808657661,12.535948808657661,48.07103787411163,118.20275577837153,reachable_success
480,tiago_pro_7d,SUCCESS_EXACT,pro_7d_cpp,pro-rx90-y020-v1,arm_right_tool_link,gripper_right_grasping_link,0.21600001491606236,0,1,strict MuJoCo-validated Pro 7D solution,-2.285096081805115,-1.4024753384852147,-2.3774394217527837,-1.7007208759911336,-1.3628582277099286,-1.059433159061849,0.37206363055869246,0.10503405454748588,0.026780494475316902,0.013568073859462524,11.91397547754179,11.91397547754179,47.29895130954402,118.68232425867222,reachable_success
481,tiago_pro_7d,SUCCESS_EXACT,pro_7d_cpp,pro-rx90-y020-v1,arm_right_tool_link,gripper_right_grasping_link,0.215300009585917,0,1,strict MuJoCo-validated Pro 7D solution,-2.3051440236453766,-1.3832379479116639,-2.3623831714657006,-1.7346287200106942,-1.3799522925251746,-1.0721989655234194,0.3781121122077693,0.09990102736110579,0.030181836883608783,0.013817083270868707,10.934557708905116,10.934557708905116,46.56752447721521,118.33577178771782,reachable_success
482,tiago_pro_7d,SUCCESS_EXACT,pro_7d_cpp,pro-rx90-y020-v1,arm_right_tool_link,gripper_right_grasping_link,0.21540001034736633,0,1,strict MuJoCo-validated Pro 7D solution,-2.3244694490083173,-1.3653203778575707,-2.34602409969886,-1.7684860935092135,-1.4024257261208348,-1.0890586261708421,0.394829044152365,0.08080419286748276,0.03740198539290638,0.010413918708312566,9.64692481270627,9.64692481270627,45.601537078095085,117.37796214088505,reachable_success
483,tiago_pro_7d,SUCCESS_EXACT,pro_7d_cpp,pro-rx90-y020-v1,arm_right_tool_link,gripper_right_grasping_link,0.21980004385113716,0,1,strict MuJoCo-validated Pro 7D solution,-2.3444561608570247,-1.348337504737045,-2.329335635195017,-1.8023196285213066,-1.427787770053821,-1.1073468772163906,0.4168073712947799,0.07621165337498469,0.04147000885007649,0.008909280773755173,8.193786735520783,8.193786735520783,44.55369747850944,116.11869675486686,reachable_success
484,tiago_pro_7d,SUCCESS_EXACT,pro_7d_cpp,pro-rx90-y020-v1,arm_right_tool_link,gripper_right_grasping_link,0.22179994266480207,0,1,strict MuJoCo-validated Pro 7D solution,-2.3656739325744134,-1.3307782186372634,-2.3121931540046963,-1.8345857496587332,-1.4466890137522497,-1.1210727927567323,0.4311486188868888,0.09600935408611382,0.0312221701173249,0.013097551311909527,7.110825244052582,7.110825244052582,43.76726044809483,115.29700379488686,reachable_success
485,tiago_pro_7d,SUCCESS_EXACT,pro_7d_cpp,pro-rx90-y020-v1,arm_right_tool_link,gripper_right_grasping_link,0.2180000301450491,0,1,strict MuJoCo-validated Pro 7D solution,-2.387572842628651,-1.315651277868143,-2.2923579282589412,-1.865388160941833,-1.4677942155236674,-1.1408559497209572,0.4389681789043233,0.07632132878748991,0.03902540686317426,0.010241601191993516,5.901586256778318,5.901586256778318,42.63376904859991,114.84897600823861,reachable_success
486,tiago_pro_7d,SUCCESS_EXACT,pro_7d_cpp,pro-rx90-y020-v1,arm_right_tool_link,gripper_right_grasping_link,0.2161000156775117,0,1,strict MuJoCo-validated Pro 7D solution,-2.4099765186513946,-1.300299315335724,-2.272899983299317,-1.8975485555614968,-1.4905934836322792,-1.1614658502932678,0.44285383180016186,0.08387849913639028,0.039670474022687405,0.009791359615076382,4.5952844181676475,4.5952844181676475,41.45290872962225,114.62634449665427,reachable_success
487,tiago_pro_7d,SUCCESS_EXACT,pro_7d_cpp,pro-rx90-y020-v1,arm_right_tool_link,gripper_right_grasping_link,0.21630001720041037,0,1,strict MuJoCo-validated Pro 7D solution,-2.434430812036759,-1.2851769059712999,-2.2511445259022107,-1.9294595899816755,-1.512176663489237,-1.1823290447949453,0.43948968958876483,0.09370684059996957,0.04257889890315969,0.011939632305728087,3.3586593038921886,3.3586593038921886,40.25753573751558,114.81909564704914,reachable_success
488,tiago_pro_7d,SUCCESS_EXACT,pro_7d_cpp,pro-rx90-y020-v1,arm_right_tool_link,gripper_right_grasping_link,0.22259994875639677,0,1,strict MuJoCo-validated Pro 7D solution,-2.4596262493656496,-1.271390059278496,-2.2280203864465618,-1.9602710234876648,-1.5334908728402392,-1.205194139763115,0.43132488471494307,0.09118604736999579,0.0447132203250862,0.011111301800992113,2.137445064421492,2.137445064421492,38.947462297673646,115.28690450686696,reachable_success
489,tiago_pro_7d,SUCCESS_EXACT,pro_7d_cpp,pro-rx90-y020-v1,arm_right_tool_link,gripper_right_grasping_link,0.21660001948475838,0,1,strict MuJoCo-validated Pro 7D solution,-2.4852861086835816,-1.2573290184117945,-2.205233995036054,-1.9892950547004047,-1.5505832445058703,-1.2283539800558336,0.4191705662323505,0.10464733549495717,0.04076620131913727,0.012375554782195005,1.15812430611184,1.15812430611184,37.620501194703834,115.98329565877737,reachable_success
490,tiago_pro_7d,SUCCESS_EXACT,pro_7d_cpp,pro-rx90-y020-v1,arm_right_tool_link,gripper_right_grasping_link,0.21510000806301832,0,1,strict MuJoCo-validated Pro 7D solution,-2.511004245217067,-1.2434314190068179,-2.1835566864332234,-2.0184255305111116,-1.5707963267948966,-1.2511765965890074,0.4158181963093221,0.1298329471873799,0.032825018645992146,0.010536400390443132,0.0,0.0,36.312861589907484,116.17537230673351,reachable_success
491,tiago_pro_7d,SUCCESS_EXACT,pro_7d_cpp,pro-rx90-y020-v1,arm_right_tool_link,gripper_right_grasping_link,0.21680002100765705,1,1,strict MuJoCo-validated Pro 7D solution,-2.5359810781447263,-1.226889997144586,-2.1622392976995486,-2.0405338640070134,-1.5707963267948966,-1.2660477352872497,0.40344089085485063,0.2604867676399025,0.5807818636022589,0.30602785672043903,0.0,0.0,35.46080810594453,116.88453967101897,reachable_success
492,tiago_pro_7d,NUMERICAL_FAILURE,pro_7d_cpp,pro-rx90-y020-v1,arm_right_tool_link,gripper_right_grasping_link,11.174899991601706,1342,44,no valid strict in-limit solution found by bounded search,,,,,,,,,,,,,,,oracle_inconclusive
493,tiago_pro_7d,NUMERICAL_FAILURE,pro_7d_cpp,pro-rx90-y020-v1,arm_right_tool_link,gripper_right_grasping_link,10.890800040215254,1208,44,no valid strict in-limit solution found by bounded search,,,,,,,,,,,,,,,oracle_inconclusive
494,tiago_pro_7d,NUMERICAL_FAILURE,pro_7d_cpp,pro-rx90-y020-v1,arm_right_tool_link,gripper_right_grasping_link,11.130800005048513,1349,44,no valid strict in-limit solution found by bounded search,,,,,,,,,,,,,,,oracle_inconclusive
495,tiago_pro_7d,NUMERICAL_FAILURE,pro_7d_cpp,pro-rx90-y020-v1,arm_right_tool_link,gripper_right_grasping_link,11.122699943371117,1363,44,no valid strict in-limit solution found by bounded search,,,,,,,,,,,,,,,oracle_inconclusive
496,tiago_pro_7d,SUCCESS_EXACT,pro_7d_cpp,pro-rx90-y020-v1,arm_right_tool_link,gripper_right_grasping_link,1.9156000344082713,388,15,strict MuJoCo-validated Pro 7D solution,0.3952019120680998,1.1090501154026662,1.1769127636447383,-2.09442070164946,-1.5707963267948966,-1.3798372734765223,0.2898196926092739,0.06071493071926163,0.027881562337965994,0.01702163953077102,0.0,0.0,28.9411478149565,123.39455479370973,reachable_success
497,tiago_pro_7d,SUCCESS_EXACT,pro_7d_cpp,pro-rx90-y020-v1,arm_right_tool_link,gripper_right_grasping_link,0.23360003251582384,1,1,strict MuJoCo-validated Pro 7D solution,0.3658928606897047,1.0980289443639517,1.201208805051386,-2.1098328599566387,-1.5707963267948966,-1.3964237366927619,0.290290398444595,0.34928335197477006,0.7698194635269718,0.3830745860155401,0.0,0.0,27.99081347561699,123.36758533595368,reachable_success
498,tiago_pro_7d,NUMERICAL_FAILURE,pro_7d_cpp,pro-rx90-y020-v1,arm_right_tool_link,gripper_right_grasping_link,11.600599973462522,1842,44,no valid strict in-limit solution found by bounded search,,,,,,,,,,,,,,,oracle_inconclusive
499,tiago_pro_7d,NUMERICAL_FAILURE,pro_7d_cpp,pro-rx90-y020-v1,arm_right_tool_link,gripper_right_grasping_link,11.712900013662875,1916,44,no valid strict in-limit solution found by bounded search,,,,,,,,,,,,,,,oracle_inconclusive
