frame,method,status,backend,model_revision,calibration_revision,position_target_frame,orientation_target_frame,branch_id,solve_time_ms,message,arm_1_joint,arm_2_joint,arm_3_joint,arm_4_joint,arm_5_joint,arm_6_joint,arm_7_joint,wrist_center_position_error_mm,ee_orientation_error_deg,sew_angle_error_deg,joint_limit_margin_deg,grasping_frame_position_x_m,grasping_frame_position_y_m,grasping_frame_position_z_m,classification
0,tiago_sew,NUMERICAL_FAILURE,tiago_semi_analytic,c96a32d,median-body-4344-torso015-J1-root-zplus020-v4,wrist_center,gripper_grasping_frame,,228.0840000603348,no exact or boundary-refined wrist branch met strict wrist-center/orientation/SEW tolerances,,,,,,,,,,,,,,,oracle_inconclusive
1,tiago_sew,NUMERICAL_FAILURE,tiago_semi_analytic,c96a32d,median-body-4344-torso015-J1-root-zplus020-v4,wrist_center,gripper_grasping_frame,,179.2583999922499,no exact or boundary-refined wrist branch met strict wrist-center/orientation/SEW tolerances,,,,,,,,,,,,,,,oracle_inconclusive
2,tiago_sew,NUMERICAL_FAILURE,tiago_semi_analytic,c96a32d,median-body-4344-torso015-J1-root-zplus020-v4,wrist_center,gripper_grasping_frame,,179.43739995826036,no exact or boundary-refined wrist branch met strict wrist-center/orientation/SEW tolerances,,,,,,,,,,,,,,,oracle_inconclusive
3,tiago_sew,NUMERICAL_FAILURE,tiago_semi_analytic,c96a32d,median-body-4344-torso015-J1-root-zplus020-v4,wrist_center,gripper_grasping_frame,,177.38220002502203,no exact or boundary-refined wrist branch met strict wrist-center/orientation/SEW tolerances,,,,,,,,,,,,,,,oracle_inconclusive
4,tiago_sew,NUMERICAL_FAILURE,tiago_semi_analytic,c96a32d,median-body-4344-torso015-J1-root-zplus020-v4,wrist_center,gripper_grasping_frame,,175.70110002998263,no exact or boundary-refined wrist branch met strict wrist-center/orientation/SEW tolerances,,,,,,,,,,,,,,,oracle_inconclusive
5,tiago_sew,NUMERICAL_FAILURE,tiago_semi_analytic,c96a32d,median-body-4344-torso015-J1-root-zplus020-v4,wrist_center,gripper_grasping_frame,,175.2150000538677,no exact or boundary-refined wrist branch met strict wrist-center/orientation/SEW tolerances,,,,,,,,,,,,,,,oracle_inconclusive
6,tiago_sew,NUMERICAL_FAILURE,tiago_semi_analytic,c96a32d,median-body-4344-torso015-J1-root-zplus020-v4,wrist_center,gripper_grasping_frame,,174.86719996668398,no exact or boundary-refined wrist branch met strict wrist-center/orientation/SEW tolerances,,,,,,,,,,,,,,,oracle_inconclusive
7,tiago_sew,NUMERICAL_FAILURE,tiago_semi_analytic,c96a32d,median-body-4344-torso015-J1-root-zplus020-v4,wrist_center,gripper_grasping_frame,,176.91979999653995,no exact or boundary-refined wrist branch met strict wrist-center/orientation/SEW tolerances,,,,,,,,,,,,,,,oracle_inconclusive
8,tiago_sew,NUMERICAL_FAILURE,tiago_semi_analytic,c96a32d,median-body-4344-torso015-J1-root-zplus020-v4,wrist_center,gripper_grasping_frame,,207.76739995926619,no exact or boundary-refined wrist branch met strict wrist-center/orientation/SEW tolerances,,,,,,,,,,,,,,,oracle_inconclusive
9,tiago_sew,NUMERICAL_FAILURE,tiago_semi_analytic,c96a32d,median-body-4344-torso015-J1-root-zplus020-v4,wrist_center,gripper_grasping_frame,,217.25820004940033,no exact or boundary-refined wrist branch met strict wrist-center/orientation/SEW tolerances,,,,,,,,,,,,,,,oracle_inconclusive
10,tiago_sew,NUMERICAL_FAILURE,tiago_semi_analytic,c96a32d,median-body-4344-torso015-J1-root-zplus020-v4,wrist_center,gripper_grasping_frame,,235.37260002922267,no exact or boundary-refined wrist branch met strict wrist-center/orientation/SEW tolerances,,,,,,,,,,,,,,,oracle_inconclusive
11,tiago_sew,NUMERICAL_FAILURE,tiago_semi_analytic,c96a32d,median-body-4344-torso015-J1-root-zplus020-v4,wrist_center,gripper_grasping_frame,,215.3223999775946,no exact or boundary-refined wrist branch met strict wrist-center/orientation/SEW tolerances,,,,,,,,,,,,,,,oracle_inconclusive
12,tiago_sew,NUMERICAL_FAILURE,tiago_semi_analytic,c96a32d,median-body-4344-torso015-J1-root-zplus020-v4,wrist_center,gripper_grasping_frame,,204.0571999968961,no exact or boundary-refined wrist branch met strict wrist-center/orientation/SEW tolerances,,,,,,,,,,,,,,,oracle_inconclusive
13,tiago_sew,NUMERICAL_FAILURE,tiago_semi_analytic,c96a32d,median-body-4344-torso015-J1-root-zplus020-v4,wrist_center,gripper_grasping_frame,,207.65389990992844,no exact or boundary-refined wrist branch met strict wrist-center/orientation/SEW tolerances,,,,,,,,,,,,,,,oracle_inconclusive
14,tiago_sew,NUMERICAL_FAILURE,tiago_semi_analytic,c96a32d,median-body-4344-torso015-J1-root-zplus020-v4,wrist_center,gripper_grasping_frame,,217.84529997967184,no exact or boundary-refined wrist branch met strict wrist-center/orientation/SEW tolerances,,,,,,,,,,,,,,,oracle_inconclusive
15,tiago_sew,NUMERICAL_FAILURE,tiago_semi_analytic,c96a32d,median-body-4344-torso015-J1-root-zplus020-v4,wrist_center,gripper_grasping_frame,,188.66650003474206,no exact or boundary-refined wrist branch met strict wrist-center/orientation/SEW tolerances,,,,,,,,,,,,,,,oracle_inconclusive
16,tiago_sew,NUMERICAL_FAILURE,tiago_semi_analytic,c96a32d,median-body-4344-torso015-J1-root-zplus020-v4,wrist_center,gripper_grasping_frame,,187.7851999597624,no exact or boundary-refined wrist branch met strict wrist-center/orientation/SEW tolerances,,,,,,,,,,,,,,,oracle_inconclusive
17,tiago_sew,NUMERICAL_FAILURE,tiago_semi_analytic,c96a32d,median-body-4344-torso015-J1-root-zplus020-v4,wrist_center,gripper_grasping_frame,,201.04309997987002,no exact or boundary-refined wrist branch met strict wrist-center/orientation/SEW tolerances,,,,,,,,,,,,,,,oracle_inconclusive
18,tiago_sew,NUMERICAL_FAILURE,tiago_semi_analytic,c96a32d,median-body-4344-torso015-J1-root-zplus020-v4,wrist_center,gripper_grasping_frame,,255.42649999260902,no exact or boundary-refined wrist branch met strict wrist-center/orientation/SEW tolerances,,,,,,,,,,,,,,,oracle_inconclusive
19,tiago_sew,NUMERICAL_FAILURE,tiago_semi_analytic,c96a32d,median-body-4344-torso015-J1-root-zplus020-v4,wrist_center,gripper_grasping_frame,,188.9444999396801,no exact or boundary-refined wrist branch met strict wrist-center/orientation/SEW tolerances,,,,,,,,,,,,,,,oracle_inconclusive
20,tiago_sew,NUMERICAL_FAILURE,tiago_semi_analytic,c96a32d,median-body-4344-torso015-J1-root-zplus020-v4,wrist_center,gripper_grasping_frame,,184.75859996397048,no exact or boundary-refined wrist branch met strict wrist-center/orientation/SEW tolerances,,,,,,,,,,,,,,,oracle_inconclusive
21,tiago_sew,NUMERICAL_FAILURE,tiago_semi_analytic,c96a32d,median-body-4344-torso015-J1-root-zplus020-v4,wrist_center,gripper_grasping_frame,,183.79130004905164,no exact or boundary-refined wrist branch met strict wrist-center/orientation/SEW tolerances,,,,,,,,,,,,,,,oracle_inconclusive
22,tiago_sew,NUMERICAL_FAILURE,tiago_semi_analytic,c96a32d,median-body-4344-torso015-J1-root-zplus020-v4,wrist_center,gripper_grasping_frame,,181.8657999392599,no exact or boundary-refined wrist branch met strict wrist-center/orientation/SEW tolerances,,,,,,,,,,,,,,,oracle_inconclusive
23,tiago_sew,NUMERICAL_FAILURE,tiago_semi_analytic,c96a32d,median-body-4344-torso015-J1-root-zplus020-v4,wrist_center,gripper_grasping_frame,,179.9426000798121,no exact or boundary-refined wrist branch met strict wrist-center/orientation/SEW tolerances,,,,,,,,,,,,,,,oracle_inconclusive
24,tiago_sew,NUMERICAL_FAILURE,tiago_semi_analytic,c96a32d,median-body-4344-torso015-J1-root-zplus020-v4,wrist_center,gripper_grasping_frame,,184.13189996499568,no exact or boundary-refined wrist branch met strict wrist-center/orientation/SEW tolerances,,,,,,,,,,,,,,,oracle_inconclusive
25,tiago_sew,NUMERICAL_FAILURE,tiago_semi_analytic,c96a32d,median-body-4344-torso015-J1-root-zplus020-v4,wrist_center,gripper_grasping_frame,,192.74660001974553,no exact or boundary-refined wrist branch met strict wrist-center/orientation/SEW tolerances,,,,,,,,,,,,,,,oracle_inconclusive
26,tiago_sew,NUMERICAL_FAILURE,tiago_semi_analytic,c96a32d,median-body-4344-torso015-J1-root-zplus020-v4,wrist_center,gripper_grasping_frame,,184.5077999169007,no exact or boundary-refined wrist branch met strict wrist-center/orientation/SEW tolerances,,,,,,,,,,,,,,,oracle_inconclusive
27,tiago_sew,NUMERICAL_FAILURE,tiago_semi_analytic,c96a32d,median-body-4344-torso015-J1-root-zplus020-v4,wrist_center,gripper_grasping_frame,,177.17999999877065,no exact or boundary-refined wrist branch met strict wrist-center/orientation/SEW tolerances,,,,,,,,,,,,,,,oracle_inconclusive
28,tiago_sew,NUMERICAL_FAILURE,tiago_semi_analytic,c96a32d,median-body-4344-torso015-J1-root-zplus020-v4,wrist_center,gripper_grasping_frame,,177.52379993908107,no exact or boundary-refined wrist branch met strict wrist-center/orientation/SEW tolerances,,,,,,,,,,,,,,,oracle_inconclusive
29,tiago_sew,NUMERICAL_FAILURE,tiago_semi_analytic,c96a32d,median-body-4344-torso015-J1-root-zplus020-v4,wrist_center,gripper_grasping_frame,,175.23890000302345,no exact or boundary-refined wrist branch met strict wrist-center/orientation/SEW tolerances,,,,,,,,,,,,,,,oracle_inconclusive
30,tiago_sew,NUMERICAL_FAILURE,tiago_semi_analytic,c96a32d,median-body-4344-torso015-J1-root-zplus020-v4,wrist_center,gripper_grasping_frame,,172.6740999147296,no exact or boundary-refined wrist branch met strict wrist-center/orientation/SEW tolerances,,,,,,,,,,,,,,,oracle_inconclusive
31,tiago_sew,NUMERICAL_FAILURE,tiago_semi_analytic,c96a32d,median-body-4344-torso015-J1-root-zplus020-v4,wrist_center,gripper_grasping_frame,,175.21029990166426,no exact or boundary-refined wrist branch met strict wrist-center/orientation/SEW tolerances,,,,,,,,,,,,,,,oracle_inconclusive
32,tiago_sew,NUMERICAL_FAILURE,tiago_semi_analytic,c96a32d,median-body-4344-torso015-J1-root-zplus020-v4,wrist_center,gripper_grasping_frame,,262.67600001301616,no exact or boundary-refined wrist branch met strict wrist-center/orientation/SEW tolerances,,,,,,,,,,,,,,,oracle_inconclusive
33,tiago_sew,NUMERICAL_FAILURE,tiago_semi_analytic,c96a32d,median-body-4344-torso015-J1-root-zplus020-v4,wrist_center,gripper_grasping_frame,,282.7061000280082,no exact or boundary-refined wrist branch met strict wrist-center/orientation/SEW tolerances,,,,,,,,,,,,,,,oracle_inconclusive
34,tiago_sew,SUCCESS_EXACT,tiago_semi_analytic,c96a32d,median-body-4344-torso015-J1-root-zplus020-v4,wrist_center,gripper_grasping_frame,seed-0-wrist-1,12.911599944345653,,1.213691734670572,-0.5405495804676425,-2.0792789413142527,2.353399949825624,0.09453591402275174,-0.6929056091505847,-1.6330746077382958,4.2576481594792223e-10,6.877427134950225e-14,2.2772771519278782e-11,0.15985809962147476,0.36633054099135165,0.33764574345908105,0.9159131154970311,reachable_success
35,tiago_sew,SUCCESS_EXACT,tiago_semi_analytic,c96a32d,median-body-4344-torso015-J1-root-zplus020-v4,wrist_center,gripper_grasping_frame,seed-0-wrist-0,4.296500002965331,,1.2246619859549737,-0.528353767281606,-2.084611059725683,2.3434156435441795,0.09553609685762865,-0.6822820953925524,-1.6302794074211127,3.1031676915590914e-13,9.951954368526612e-14,5.088887490341627e-14,0.7319167109141972,0.36759008839251317,0.341595506793138,0.9197183076851214,reachable_success
36,tiago_sew,SUCCESS_EXACT,tiago_semi_analytic,c96a32d,median-body-4344-torso015-J1-root-zplus020-v4,wrist_center,gripper_grasping_frame,seed-0-wrist-0,4.29219997022301,,1.2353183769509637,-0.5150074549589886,-2.0891603646489094,2.3325761066669766,0.09581597035718614,-0.6751076810092895,-1.6235357000319066,1.6653345369377348e-13,3.245445077346461e-14,2.5444437451708134e-14,1.3529764258543429,0.3690376185156044,0.34573106099341644,0.9226494495651545,reachable_success
37,tiago_sew,SUCCESS_EXACT,tiago_semi_analytic,c96a32d,median-body-4344-torso015-J1-root-zplus020-v4,wrist_center,gripper_grasping_frame,seed-0-wrist-0,4.328800016082823,,1.2455932229416473,-0.5029370197710248,-2.0938309322387605,2.32202790387938,0.09629603742259363,-0.6696217079039846,-1.6205483902780369,4.002966042486721e-13,2.4903535299226804e-14,0.0,1.9573439270317519,0.37041970394799806,0.34967373766615173,0.9253586646152941,reachable_success
38,tiago_sew,SUCCESS_EXACT,tiago_semi_analytic,c96a32d,median-body-4344-torso015-J1-root-zplus020-v4,wrist_center,gripper_grasping_frame,seed-0-wrist-0,4.2464000871405005,,1.2558427771749976,-0.49114772484840674,-2.098172002716723,2.311404441832361,0.09588687229005144,-0.6655487862236766,-1.6149086615926063,4.0412728104402654e-13,1.2941652435587703e-13,0.0,2.5660234661433585,0.3717986363498687,0.3537034163429497,0.9277378915660767,reachable_success
39,tiago_sew,SUCCESS_EXACT,tiago_semi_analytic,c96a32d,median-body-4344-torso015-J1-root-zplus020-v4,wrist_center,gripper_grasping_frame,seed-0-wrist-0,4.367399960756302,,1.2662818561597218,-0.47911304869811056,-2.1029378141044903,2.3000807246485637,0.09872063895654115,-0.6567055222480223,-1.6133504074638996,3.973993651728112e-13,2.45680202550409e-14,2.5444437451708134e-14,3.214824669174705,0.37314006128450844,0.3576913265287892,0.9313758474464225,reachable_success
40,tiago_sew,SUCCESS_EXACT,tiago_semi_analytic,c96a32d,median-body-4344-torso015-J1-root-zplus020-v4,wrist_center,gripper_grasping_frame,seed-0-wrist-0,4.259999957866967,,1.274721800323173,-0.46567848632159653,-2.1039504476675654,2.288606156124835,0.10481212667368522,-0.6544374886227282,-1.6138212404184102,3.248706834302236e-13,4.5410876952646244e-14,2.5444437451708134e-14,3.872269017318022,0.37396810197700014,0.36153376604340126,0.932552564666489,reachable_success
41,tiago_sew,SUCCESS_EXACT,tiago_semi_analytic,c96a32d,median-body-4344-torso015-J1-root-zplus020-v4,wrist_center,gripper_grasping_frame,seed-0-wrist-0,4.223999916575849,,1.2854493280033892,-0.45497508988522334,-2.1093619373766965,2.2777385262614525,0.10716360353743415,-0.6482261110935159,-1.6129515684114404,2.3551386880256624e-13,5.4723560145070645e-14,0.0,4.494938341800176,0.3750280839595033,0.3654581487675392,0.9360095778449351,reachable_success
42,tiago_sew,SUCCESS_EXACT,tiago_semi_analytic,c96a32d,median-body-4344-torso015-J1-root-zplus020-v4,wrist_center,gripper_grasping_frame,seed-0-wrist-0,4.428900079801679,,1.2951520846589992,-0.44301668586597354,-2.113025503530746,2.2661616191010916,0.10961439931488526,-0.640723490820398,-1.6116570702870199,3.200929131383589e-13,1.858122085870936e-14,2.5444437451708134e-14,5.158246261903636,0.37637118251856205,0.3694553031078981,0.9392468050925559,reachable_success
43,tiago_sew,SUCCESS_EXACT,tiago_semi_analytic,c96a32d,median-body-4344-torso015-J1-root-zplus020-v4,wrist_center,gripper_grasping_frame,seed-0-wrist-0,4.408700042404234,,1.3037725140298466,-0.4301932762654082,-2.1140115896856644,2.2545675933189697,0.11569032639558552,-0.635559427280445,-1.6118926653507106,1.570092458683775e-13,6.506793283866943e-14,0.0,5.822535006785083,0.37713174101248315,0.3733847398791146,0.9412191742796441,reachable_success
44,tiago_sew,SUCCESS_EXACT,tiago_semi_analytic,c96a32d,median-body-4344-torso015-J1-root-zplus020-v4,wrist_center,gripper_grasping_frame,seed-0-wrist-0,4.2505000019446015,,1.3143603005047415,-0.4208246284104,-2.1190357504412676,2.242754355839951,0.11590103012672781,-0.6297430337178689,-1.6102182333410795,2.897767167584095e-13,9.694274280275323e-14,2.5444437451708134e-14,6.499383656718621,0.37872948370330706,0.3775252849006684,0.944598778635325,reachable_success
45,tiago_sew,SUCCESS_EXACT,tiago_semi_analytic,c96a32d,median-body-4344-torso015-J1-root-zplus020-v4,wrist_center,gripper_grasping_frame,seed-0-wrist-0,4.31300001218915,,1.3225926778145554,-0.40831471845707,-2.1198622362689963,2.2307829722595436,0.12066785410155134,-0.625354104861807,-1.6106145736868536,1.0007415106216802e-13,1.4722195876711278e-14,2.5444437451708134e-14,7.1852934108081765,0.3798187355520302,0.3814845826004908,0.9464645761218853,reachable_success
46,tiago_sew,SUCCESS_EXACT,tiago_semi_analytic,c96a32d,median-body-4344-torso015-J1-root-zplus020-v4,wrist_center,gripper_grasping_frame,seed-0-wrist-0,4.2903999565169215,,1.3327662824973703,-0.3975214014039039,-2.123948501014667,2.2187883553548744,0.12416881145151892,-0.6192585021744503,-1.6123770835225528,2.435541875787129e-13,6.52916904756172e-14,5.088887490341627e-14,7.872534336321992,0.38090074939836255,0.38555289601733633,0.9498477919486314,reachable_success
47,tiago_sew,SUCCESS_EXACT,tiago_semi_analytic,c96a32d,median-body-4344-torso015-J1-root-zplus020-v4,wrist_center,gripper_grasping_frame,seed-0-wrist-0,4.247799981385469,,1.3410467833994137,-0.38673292217077654,-2.1252177679677904,2.2073271587786323,0.12806644788680854,-0.6207252192464381,-1.6138609651037115,3.608224830031759e-13,1.266896884564718e-13,2.5444437451708134e-14,8.529212528310454,0.38178218817951365,0.38940648544360945,0.9507067389325132,reachable_success
48,tiago_sew,SUCCESS_EXACT,tiago_semi_analytic,c96a32d,median-body-4344-torso015-J1-root-zplus020-v4,wrist_center,gripper_grasping_frame,seed-0-wrist-0,4.287800053134561,,1.3497740013443111,-0.37387981890166516,-2.1259347667115396,2.1949885517718504,0.1357002671160581,-0.609713281274761,-1.6184541452353214,2.0955000055363632e-13,5.057029419445758e-14,5.088887490341627e-14,9.236162634869604,0.3825003476979689,0.39346222033642075,0.9541720150486993,reachable_success
49,tiago_sew,SUCCESS_EXACT,tiago_semi_analytic,c96a32d,median-body-4344-torso015-J1-root-zplus020-v4,wrist_center,gripper_grasping_frame,seed-0-wrist-0,4.253500024788082,,1.358540312414496,-0.3634199229102124,-2.1283745142642605,2.1827554598286203,0.14017492020623568,-0.6078589306785513,-1.6196269487468529,6.206335383118183e-14,5.87821631209164e-14,0.0,9.937067173612178,0.38364374054559824,0.3973590167758083,0.9562768262995374,reachable_success
50,tiago_sew,SUCCESS_EXACT,tiago_semi_analytic,c96a32d,median-body-4344-torso015-J1-root-zplus020-v4,wrist_center,gripper_grasping_frame,seed-0-wrist-0,4.38099994789809,,1.366645123422914,-0.3523096093813473,-2.1293301448491073,2.171093366080759,0.147003961687449,-0.6009046579880657,-1.6230318210873627,2.288783399261119e-13,7.306289932458936e-14,0.0,10.605255925650535,0.38436774528426715,0.4011124473283909,0.9590057376115897,reachable_success
51,tiago_sew,SUCCESS_EXACT,tiago_semi_analytic,c96a32d,median-body-4344-torso015-J1-root-zplus020-v4,wrist_center,gripper_grasping_frame,seed-0-wrist-0,4.243800067342818,,1.3755339032332585,-0.34211775314715887,-2.1305279362564415,2.158366616105365,0.15130254629562456,-0.5952168073818047,-1.626542154591208,2.077037090527612e-13,5.735592199556989e-14,5.088887490341627e-14,11.334444986158838,0.3855921926982901,0.4052987738008714,0.9615189498113473,reachable_success
52,tiago_sew,SUCCESS_EXACT,tiago_semi_analytic,c96a32d,median-body-4344-torso015-J1-root-zplus020-v4,wrist_center,gripper_grasping_frame,seed-0-wrist-0,4.197599948383868,,1.3835726572403912,-0.33058919310151735,-2.1320700568016884,2.1460271368704675,0.15644542911495574,-0.5921916964761662,-1.627956838711694,2.8305244335018377e-13,5.4037469340608484e-14,5.088887490341627e-14,12.041445067707778,0.38665551145680604,0.4091235486535951,0.9638198139405836,reachable_success
53,tiago_sew,SUCCESS_EXACT,tiago_semi_analytic,c96a32d,median-body-4344-torso015-J1-root-zplus020-v4,wrist_center,gripper_grasping_frame,seed-0-wrist-0,4.225900047458708,,1.3924545712802907,-0.3220905594023256,-2.1340105062397137,2.133963610676145,0.15679630925587063,-0.5867630349688171,-1.629504578940847,3.1031676915590914e-13,5.081380361580351e-14,5.088887490341627e-14,12.732634204687985,0.388142695134725,0.4132353972453665,0.9664948220468436,reachable_success
54,tiago_sew,SUCCESS_EXACT,tiago_semi_analytic,c96a32d,median-body-4344-torso015-J1-root-zplus020-v4,wrist_center,gripper_grasping_frame,seed-0-wrist-0,4.314800025895238,,1.3992261708387537,-0.31034229944534636,-2.1322452078630327,2.1213788083098946,0.16508524054223805,-0.5841477646530215,-1.634449628298218,2.482534153247273e-13,5.96400397000571e-14,5.088887490341627e-14,13.453690266280377,0.3890089893490975,0.41710000117290913,0.9675750831728052,reachable_success
55,tiago_sew,SUCCESS_EXACT,tiago_semi_analytic,c96a32d,median-body-4344-torso015-J1-root-zplus020-v4,wrist_center,gripper_grasping_frame,seed-0-wrist-0,4.248599987477064,,1.4083351671121676,-0.30163914230677996,-2.13489563186687,2.1093419624502445,0.16791606056932284,-0.5813787979041409,-1.6373378552220226,1.2412670766236365e-13,4.206961784383889e-14,2.5444437451708134e-14,14.143350732687843,0.3900119466829308,0.42106273798100746,0.9701600917187372,reachable_success
56,tiago_sew,SUCCESS_EXACT,tiago_semi_analytic,c96a32d,median-body-4344-torso015-J1-root-zplus020-v4,wrist_center,gripper_grasping_frame,seed-0-wrist-0,4.2168000945821404,,1.4162133261041387,-0.29105842875554006,-2.1354098035973723,2.09663092571323,0.17343434433344607,-0.5761658621023957,-1.6399972504467062,2.5589376332604514e-13,4.72674181835025e-14,2.5444437451708134e-14,14.871639490954525,0.39113876930911246,0.4250024622068259,0.9726639515137446,reachable_success
57,tiago_sew,SUCCESS_EXACT,tiago_semi_analytic,c96a32d,median-body-4344-torso015-J1-root-zplus020-v4,wrist_center,gripper_grasping_frame,seed-0-wrist-0,4.4639999978244305,,1.4237831392231715,-0.2812638183760893,-2.135523470838828,2.084487117300144,0.1780277152819023,-0.5741937655962035,-1.6441080787509952,2.288783399261119e-13,4.3083689124559265e-14,2.5444437451708134e-14,15.567428460239805,0.39213723613071966,0.4288607130280422,0.9742981498127916,reachable_success
58,tiago_sew,SUCCESS_EXACT,tiago_semi_analytic,c96a32d,median-body-4344-torso015-J1-root-zplus020-v4,wrist_center,gripper_grasping_frame,seed-0-wrist-0,4.3382999720051885,,1.4324323713557878,-0.271937251505052,-2.136337283110982,2.071307288199134,0.1806961769583717,-0.5684523719269237,-1.6471128103656225,1.2412670766236365e-13,5.057121751338124e-14,0.0,16.322577042431387,0.39356090560149415,0.43313433151878056,0.9769732689580182,reachable_success
59,tiago_sew,SUCCESS_EXACT,tiago_semi_analytic,c96a32d,median-body-4344-torso015-J1-root-zplus020-v4,wrist_center,gripper_grasping_frame,seed-0-wrist-0,4.40490001346916,,1.4395510350105298,-0.2616042258862188,-2.136026492761245,2.0590689914472424,0.18351735853786577,-0.5644669655436969,-1.649798103511161,3.692639165456277e-13,2.8812989428699824e-14,0.0,17.023779794743433,0.3948468899264831,0.4370085843272078,0.9789849906026061,reachable_success
60,tiago_sew,SUCCESS_EXACT,tiago_semi_analytic,c96a32d,median-body-4344-torso015-J1-root-zplus020-v4,wrist_center,gripper_grasping_frame,seed-0-wrist-0,4.323800094425678,,1.4480820815235367,-0.25121122453119266,-2.1354079938623274,2.045690482710073,0.18795370806695644,-0.5607205662240347,-1.6529855043924258,2.498001805406602e-13,7.155221358490666e-14,7.63333123551244e-14,17.790311881562147,0.395820522784076,0.4414390470329329,0.9809128265069341,reachable_success
61,tiago_sew,SUCCESS_EXACT,tiago_semi_analytic,c96a32d,median-body-4344-torso015-J1-root-zplus020-v4,wrist_center,gripper_grasping_frame,seed-0-wrist-0,4.268900025635958,,1.4553058192949102,-0.24212955015993393,-2.135702713618104,2.0337250450342474,0.1924722798777072,-0.5580715051395124,-1.6570674695777692,3.188872858294072e-13,1.1081698101177792e-13,2.5444437451708134e-14,18.475880960413768,0.39685204471748675,0.4451086704398768,0.9828875056245671,reachable_success
62,tiago_sew,SUCCESS_EXACT,tiago_semi_analytic,c96a32d,median-body-4344-torso015-J1-root-zplus020-v4,wrist_center,gripper_grasping_frame,seed-0-wrist-0,4.386399989016354,,1.4626725068953244,-0.2316917018683563,-2.134030002628514,2.01987595935008,0.19557197624504452,-0.5555735528811647,-1.6576904876418315,3.7238012298709096e-13,5.472212722865759e-14,7.63333123551244e-14,19.2693751202316,0.39846657376964856,0.44945981297072746,0.9842049840395862,reachable_success
63,tiago_sew,SUCCESS_EXACT,tiago_semi_analytic,c96a32d,median-body-4344-torso015-J1-root-zplus020-v4,wrist_center,gripper_grasping_frame,seed-0-wrist-0,4.249499994330108,,1.4703884568556929,-0.22293737162129929,-2.1334904264595687,2.007727289548243,0.19797765096749442,-0.5496263949391427,-1.6582604745579452,3.4219371797089427e-13,7.959109251521552e-14,2.5444437451708134e-14,19.96544262657489,0.3995841502454777,0.45350527411479774,0.9865154844090072,reachable_success
64,tiago_sew,SUCCESS_EXACT,tiago_semi_analytic,c96a32d,median-body-4344-torso015-J1-root-zplus020-v4,wrist_center,gripper_grasping_frame,seed-0-wrist-0,4.289800068363547,,1.4781772815752554,-0.21325773213641266,-2.1328353741598622,1.993802810404561,0.20476208231867288,-0.5501344134819011,-1.6636594605649986,2.288783399261119e-13,4.551715848932536e-14,5.088887490341627e-14,20.763256513425816,0.4006984014375112,0.4576506583597785,0.9877191274825458,reachable_success
65,tiago_sew,SUCCESS_EXACT,tiago_semi_analytic,c96a32d,median-body-4344-torso015-J1-root-zplus020-v4,wrist_center,gripper_grasping_frame,seed-0-wrist-0,4.305200069211423,,1.4856447762355263,-0.20440285373352016,-2.13308837614783,1.9807959828155228,0.2136862815585281,-0.5478022674941228,-1.6732533720113647,4.079219866531555e-13,1.306144564497161e-13,2.5444437451708134e-14,21.50849283913203,0.4015459658455408,0.4613244565895743,0.9898646146077434,reachable_success
66,tiago_sew,SUCCESS_EXACT,tiago_semi_analytic,c96a32d,median-body-4344-torso015-J1-root-zplus020-v4,wrist_center,gripper_grasping_frame,seed-0-wrist-0,4.2271000565961,,1.4937763091253153,-0.1955023985225308,-2.1328464219294903,1.967075278731417,0.22015449024870648,-0.5451413016837567,-1.6811403490171566,3.682193206295148e-13,4.3952995467524286e-14,2.5444437451708134e-14,22.294631275099206,0.40260573300801994,0.46546431500384133,0.99188621016773,reachable_success
67,tiago_sew,SUCCESS_EXACT,tiago_semi_analytic,c96a32d,median-body-4344-torso015-J1-root-zplus020-v4,wrist_center,gripper_grasping_frame,seed-0-wrist-0,4.2978000128641725,,1.5010690605796526,-0.1865622340091295,-2.131906633144627,1.9537691222837579,0.22611831193703136,-0.5412529398342745,-1.6882672973109027,4.335559509131367e-13,1.1072245830125766e-13,2.5444437451708134e-14,23.05701788109086,0.4038496489755711,0.4694213626263234,0.9938887472968098,reachable_success
68,tiago_sew,SUCCESS_EXACT,tiago_semi_analytic,c96a32d,median-body-4344-torso015-J1-root-zplus020-v4,wrist_center,gripper_grasping_frame,seed-0-wrist-0,4.239400033839047,,1.508535766026445,-0.17827709155457716,-2.131644188933674,1.9400860578476449,0.23561077833290067,-0.5452769753779525,-1.6952650895687071,2.3551386880256624e-13,6.414320016504549e-14,2.5444437451708134e-14,22.868745824045206,0.40466884576727885,0.4731893223284517,0.9946005384659609,reachable_success
69,tiago_sew,SUCCESS_EXACT,tiago_semi_analytic,c96a32d,median-body-4344-torso015-J1-root-zplus020-v4,wrist_center,gripper_grasping_frame,seed-0-wrist-0,4.258799948729575,,1.5160105812060587,-0.16976057835522468,-2.1304272164212925,1.9265028430965623,0.2441394152431564,-0.5435826210255499,-1.7024052932934417,1.2412670766236365e-13,3.006483586091751e-14,2.5444437451708134e-14,22.459642285754327,0.4056051378601083,0.4771499481417651,0.9961130464729481,reachable_success
70,tiago_sew,SUCCESS_EXACT,tiago_semi_analytic,c96a32d,median-body-4344-torso015-J1-root-zplus020-v4,wrist_center,gripper_grasping_frame,seed-0-wrist-0,4.235200001858175,,1.523639283318849,-0.1617248799227058,-2.130184023350854,1.9122502555205472,0.25119187323844017,-0.5397860381555866,-1.7106708553482726,1.2412670766236365e-13,6.853092405752623e-14,0.0,21.986060464709038,0.4071161368457031,0.48112708106992286,0.9984424742447521,reachable_success
71,tiago_sew,SUCCESS_EXACT,tiago_semi_analytic,c96a32d,median-body-4344-torso015-J1-root-zplus020-v4,wrist_center,gripper_grasping_frame,seed-0-wrist-0,4.446899984031916,,1.5296546489101646,-0.15180139660869685,-2.127439381418978,1.898832658353122,0.2636580275109415,-0.5402134929700515,-1.7215809275336493,1.6653345369377348e-13,2.872597504418812e-14,0.0,21.360959374303878,0.4078391404478402,0.4846883802683911,0.9992393318683925,reachable_success
72,tiago_sew,SUCCESS_EXACT,tiago_semi_analytic,c96a32d,median-body-4344-torso015-J1-root-zplus020-v4,wrist_center,gripper_grasping_frame,seed-0-wrist-0,4.265199997462332,,1.5375338558086113,-0.14502766511335222,-2.1280899121135177,1.8856050069572747,0.2683274022372619,-0.5377237123541532,-1.7291772223222992,4.996003610813204e-13,1.3115636232926757e-13,2.5444437451708134e-14,20.92572374297702,0.40910573370331127,0.4885210011406097,1.0015250983315822,reachable_success
73,tiago_sew,SUCCESS_EXACT,tiago_semi_analytic,c96a32d,median-body-4344-torso015-J1-root-zplus020-v4,wrist_center,gripper_grasping_frame,seed-0-wrist-0,4.34860005043447,,1.544386398517084,-0.13690739269128754,-2.12611831969516,1.8716035745150372,0.2750828600573634,-0.5351460639162005,-1.7385990907997382,3.4219371797089427e-13,4.7446822036292436e-14,5.088887490341627e-14,20.385890444092414,0.41064676045831977,0.49248229722026793,1.0029550828821445,reachable_success
74,tiago_sew,SUCCESS_EXACT,tiago_semi_analytic,c96a32d,median-body-4344-torso015-J1-root-zplus020-v4,wrist_center,gripper_grasping_frame,seed-0-wrist-0,4.253500024788082,,1.5511273314143963,-0.12805817132686464,-2.1241643808004054,1.8579333044418902,0.2804350042789463,-0.5372117672955459,-1.7461465067548883,3.682193206295148e-13,8.835570473605948e-14,0.0,19.953455363632617,0.411889940700855,0.496372317348159,1.003593950252924,reachable_success
75,tiago_sew,SUCCESS_EXACT,tiago_semi_analytic,c96a32d,median-body-4344-torso015-J1-root-zplus020-v4,wrist_center,gripper_grasping_frame,seed-0-wrist-0,4.403700004331768,,1.55817137005507,-0.1206602301017722,-2.1228550145209306,1.8440488093326515,0.28795974766672083,-0.5347091802955202,-1.7554391764725104,3.7238012298709096e-13,3.600360015954098e-14,5.088887490341627e-14,19.421024608403844,0.41330429660345064,0.5002018916163586,1.005280342743791,reachable_success
76,tiago_sew,SUCCESS_EXACT,tiago_semi_analytic,c96a32d,median-body-4344-torso015-J1-root-zplus020-v4,wrist_center,gripper_grasping_frame,seed-0-wrist-0,3.7086999509483576,,1.5654282472201067,-0.11346835009237163,-2.1220212344530776,1.8305802367656487,0.2934351533862172,-0.5364336066326203,-1.7596023176023952,2.5438405243138007e-13,2.046771792353868e-14,0.0,19.18249419214412,0.41445298332248903,0.503996564987067,1.0062814220765814,reachable_success
77,tiago_sew,SUCCESS_EXACT,tiago_semi_analytic,c96a32d,median-body-4344-torso015-J1-root-zplus020-v4,wrist_center,gripper_grasping_frame,seed-0-wrist-0,3.554699942469597,,1.5722810112583183,-0.10642093428814214,-2.120513691004154,1.8171152462459368,0.30373910645931756,-0.5365454316292602,-1.7691086587630593,1.2412670766236365e-13,9.098079544162624e-14,0.0,18.637820965026567,0.4153664916583472,0.5075906454889025,1.0074162917071692,reachable_success
78,tiago_sew,SUCCESS_EXACT,tiago_semi_analytic,c96a32d,median-body-4344-torso015-J1-root-zplus020-v4,wrist_center,gripper_grasping_frame,seed-0-wrist-0,3.5717999562621117,,1.5796487596804387,-0.10031399785482928,-2.1203092706249502,1.8033667419533403,0.31441807293408086,-0.5387169729477366,-1.7792084731722957,2.8305244335018377e-13,5.6651364737855416e-14,7.63333123551244e-14,18.059144225511908,0.41620489025106644,0.5111068677359387,1.008617799671184,reachable_success
79,tiago_sew,SUCCESS_EXACT,tiago_semi_analytic,c96a32d,median-body-4344-torso015-J1-root-zplus020-v4,wrist_center,gripper_grasping_frame,seed-0-wrist-0,4.302400047890842,,1.5862831504934949,-0.09302624225188194,-2.1177916502856458,1.7898167899826938,0.32112297759236075,-0.5386833453936148,-1.7860382968828779,2.0014830212433604e-13,5.357016032807257e-14,0.0,17.66782415207717,0.41748115522912904,0.5149131383714763,1.0093432571387133,reachable_success
80,tiago_sew,SUCCESS_EXACT,tiago_semi_analytic,c96a32d,median-body-4344-torso015-J1-root-zplus020-v4,wrist_center,gripper_grasping_frame,seed-0-wrist-0,5.744500085711479,,1.5931221703422478,-0.08691362088873399,-2.116502413619382,1.7769929096500383,0.32851818444660674,-0.540154373510608,-1.7930008510642317,4.775249788392736e-13,4.6168912981431256e-14,1.2722218725854067e-13,17.268899182854433,0.4183810467472279,0.5184367311026263,1.0101429356476606,reachable_success
81,tiago_sew,SUCCESS_EXACT,tiago_semi_analytic,c96a32d,median-body-4344-torso015-J1-root-zplus020-v4,wrist_center,gripper_grasping_frame,seed-0-wrist-0,4.3512999545782804,,1.6000557120233483,-0.08199672866854235,-2.116271479735722,1.7642625992218621,0.33554864645463134,-0.5447963869357761,-1.8038053477011493,4.0412728104402654e-13,8.039317393297934e-14,0.0,16.64984712579576,0.4192598767425018,0.5217577807959708,1.0105749670988808,reachable_success
82,tiago_sew,SUCCESS_EXACT,tiago_semi_analytic,c96a32d,median-body-4344-torso015-J1-root-zplus020-v4,wrist_center,gripper_grasping_frame,seed-0-wrist-0,4.354400094598532,,1.606757712387954,-0.07398144357972976,-2.113125930385045,1.7500075132596673,0.3420831506171105,-0.5418337208598283,-1.8108839849471963,4.577566798522238e-13,7.358027397562761e-14,2.5444437451708134e-14,16.24427108689316,0.42080162126740295,0.5257545027299156,1.0118501547578176,reachable_success
83,tiago_sew,SUCCESS_EXACT,tiago_semi_analytic,c96a32d,median-body-4344-torso015-J1-root-zplus020-v4,wrist_center,gripper_grasping_frame,seed-0-wrist-0,4.309699987061322,,1.614155221884665,-0.07055340669079263,-2.1142691323664993,1.73775831061836,0.3406884881823782,-0.5464020715497862,-1.8109014982722176,2.8305244335018377e-13,5.749213461181136e-14,7.63333123551244e-14,16.2432676472842,0.4222533586941486,0.5292312578500089,1.0124202643686022,reachable_success
84,tiago_sew,SUCCESS_EXACT,tiago_semi_analytic,c96a32d,median-body-4344-torso015-J1-root-zplus020-v4,wrist_center,gripper_grasping_frame,seed-0-wrist-0,4.315100028179586,,1.6199876403200524,-0.06402412821221978,-2.1116564354924408,1.7250656491201881,0.34560932706893377,-0.5447367262991247,-1.8170398666606555,2.220446049250313e-13,5.1910841447365395e-14,0.0,15.891565045530184,0.4237927267190758,0.5326998648738174,1.0133402685918742,reachable_success
85,tiago_sew,SUCCESS_EXACT,tiago_semi_analytic,c96a32d,median-body-4344-torso015-J1-root-zplus020-v4,wrist_center,gripper_grasping_frame,seed-0-wrist-0,4.290199954994023,,1.6272511842310564,-0.060158146052051616,-2.1115790802312873,1.7122645843930255,0.35249352896355246,-0.5461572993758335,-1.8271742215795612,2.7194799110210365e-13,2.6591595817508976e-14,2.5444437451708134e-14,15.310909280589241,0.4247809153185121,0.536106959727242,1.0143290695500513,reachable_success
86,tiago_sew,SUCCESS_EXACT,tiago_semi_analytic,c96a32d,median-body-4344-torso015-J1-root-zplus020-v4,wrist_center,gripper_grasping_frame,seed-0-wrist-0,4.27729997318238,,1.6343571244176542,-0.05553879311115536,-2.1119462966364595,1.6987860111951685,0.3592013613353062,-0.5563522283317521,-1.8333858515094557,3.3306690738754696e-13,3.783405093272538e-14,0.0,14.955009101709148,0.42555667259523533,0.5392837615208839,1.0139969451988309,reachable_success
87,tiago_sew,SUCCESS_EXACT,tiago_semi_analytic,c96a32d,median-body-4344-torso015-J1-root-zplus020-v4,wrist_center,gripper_grasping_frame,seed-0-wrist-0,4.3481000466272235,,1.6402146710419823,-0.05062157812700477,-2.109647059172353,1.6863260512997091,0.3680165788839451,-0.5522038789690082,-1.8451699960647057,3.554447978966673e-13,3.0731950397313955e-14,7.63333123551244e-14,14.279827353521254,0.42694763730923035,0.5425519295302206,1.0153619406773569,reachable_success
88,tiago_sew,SUCCESS_EXACT,tiago_semi_analytic,c96a32d,median-body-4344-torso015-J1-root-zplus020-v4,wrist_center,gripper_grasping_frame,seed-0-wrist-0,4.3883000034838915,,1.6466480005221855,-0.045192596149437964,-2.107483913102981,1.674222193417885,0.3760052853620355,-0.5532837866345619,-1.8530124785008395,1.1102230246251565e-13,6.402181379598605e-14,2.5444437451708134e-14,13.830486209025308,0.42755024401204067,0.5458674890398778,1.0158777905510423,reachable_success
89,tiago_sew,SUCCESS_EXACT,tiago_semi_analytic,c96a32d,median-body-4344-torso015-J1-root-zplus020-v4,wrist_center,gripper_grasping_frame,seed-0-wrist-0,4.31150000076741,,1.6527944902359901,-0.04132863448125041,-2.1065891670992793,1.6623488375973046,0.3801899847263841,-0.5561009421138201,-1.8596709963799078,3.3306690738754696e-13,4.8736810320836346e-14,2.5444437451708134e-14,13.448981236742291,0.4287286069994774,0.5489594074658182,1.0161646597315748,reachable_success
90,tiago_sew,SUCCESS_EXACT,tiago_semi_analytic,c96a32d,median-body-4344-torso015-J1-root-zplus020-v4,wrist_center,gripper_grasping_frame,seed-0-wrist-0,4.2712000431492925,,1.6592183586312281,-0.03756999617466893,-2.1061967505025927,1.6507338919803263,0.3783838348330337,-0.558622235001101,-1.860402017026125,1.6653345369377348e-13,6.905940543898066e-14,5.088887490341627e-14,13.40709683897712,0.43024576775989126,0.5522465362927437,1.0165261499621392,reachable_success
91,tiago_sew,SUCCESS_EXACT,tiago_semi_analytic,c96a32d,median-body-4344-torso015-J1-root-zplus020-v4,wrist_center,gripper_grasping_frame,seed-0-wrist-0,4.255600040778518,,1.6655050845219108,-0.03413437086218929,-2.1061036505106148,1.6387862735833427,0.38099108054902775,-0.563891724795345,-1.8641399516733674,1.2412670766236365e-13,6.1147832767985e-14,0.0,13.19292895959441,0.4314349932078498,0.5552377793535392,1.0165730247643203,reachable_success
92,tiago_sew,SUCCESS_EXACT,tiago_semi_analytic,c96a32d,median-body-4344-torso015-J1-root-zplus020-v4,wrist_center,gripper_grasping_frame,seed-0-wrist-0,4.262700094841421,,1.6711268263342784,-0.029771340567117145,-2.104390626868314,1.6272627720952615,0.3788336614341903,-0.5675757899545544,-1.866715960017041,3.8459253727671276e-13,1.0403026470063255e-13,2.5444437451708134e-14,13.045334553511422,0.43312800701307014,0.5584073221919026,1.0162239117684906,reachable_success
93,tiago_sew,SUCCESS_EXACT,tiago_semi_analytic,c96a32d,median-body-4344-torso015-J1-root-zplus020-v4,wrist_center,gripper_grasping_frame,seed-0-wrist-0,4.452099907211959,,1.6772925013922457,-0.027531450864835685,-2.1055246200099793,1.616723803754776,0.3779448686774898,-0.5673442949107725,-1.8725438366197817,1.2412670766236365e-13,6.309648550199233e-14,0.0,12.711421820651344,0.43458367031275846,0.5612621451780779,1.0174946096925137,reachable_success
94,tiago_sew,SUCCESS_EXACT,tiago_semi_analytic,c96a32d,median-body-4344-torso015-J1-root-zplus020-v4,wrist_center,gripper_grasping_frame,seed-0-wrist-0,4.412200069054961,,1.6829367295241047,-0.023967167166213454,-2.1039981754666948,1.6057538014571824,0.3767919024265929,-0.5692001712377106,-1.8739236208885561,3.188872858294072e-13,4.880117101332758e-14,7.63333123551244e-14,12.632366005412027,0.43611632993701177,0.5643454868554898,1.0174172965067787,reachable_success
95,tiago_sew,SUCCESS_EXACT,tiago_semi_analytic,c96a32d,median-body-4344-torso015-J1-root-zplus020-v4,wrist_center,gripper_grasping_frame,seed-0-wrist-0,4.360900027677417,,1.6884803847718812,-0.019955092948012555,-2.1027182060929657,1.594458039861323,0.3728511417861582,-0.5718592791137969,-1.875511027588944,2.482534153247273e-13,7.107793259814433e-14,0.0,12.541414301109016,0.43801081932521513,0.5674341982073545,1.0173357750307614,reachable_success
96,tiago_sew,SUCCESS_EXACT,tiago_semi_analytic,c96a32d,median-body-4344-torso015-J1-root-zplus020-v4,wrist_center,gripper_grasping_frame,seed-0-wrist-0,5.773000069893897,,1.6941717136098235,-0.016675524513348167,-2.1025460237312465,1.5836715534391075,0.3762120775617914,-0.5762810198480595,-1.8803301954347287,4.577566798522238e-13,4.9611758125139746e-14,0.0,12.265296322780399,0.4388728783949433,0.5700491979108137,1.017510626408744,reachable_success
97,tiago_sew,SUCCESS_EXACT,tiago_semi_analytic,c96a32d,median-body-4344-torso015-J1-root-zplus020-v4,wrist_center,gripper_grasping_frame,seed-0-wrist-0,4.652699921280146,,1.6993279237250474,-0.013142739116185008,-2.1005293332907757,1.5730106665286705,0.3794745211037944,-0.5857417834657008,-1.8840144145921922,1.2412670766236365e-13,5.591156097979315e-14,2.5444437451708134e-14,12.054206114256495,0.4395502981304951,0.572620705558764,1.0158809805984357,reachable_success
98,tiago_sew,SUCCESS_EXACT,tiago_semi_analytic,c96a32d,median-body-4344-torso015-J1-root-zplus020-v4,wrist_center,gripper_grasping_frame,seed-0-wrist-0,4.787200014106929,,1.7047596814588022,-0.008803761126741388,-2.0992056937792705,1.5616150481177635,0.38513270541448064,-0.5843716659135856,-1.8923172775447235,3.8459253727671276e-13,1.1135943702323262e-13,2.5444437451708134e-14,11.578487109200925,0.4407423263026753,0.5753934856411831,1.017044512387622,reachable_success
99,tiago_sew,SUCCESS_EXACT,tiago_semi_analytic,c96a32d,median-body-4344-torso015-J1-root-zplus020-v4,wrist_center,gripper_grasping_frame,seed-0-wrist-0,4.5897000236436725,,1.71008823813207,-0.005415068356749798,-2.0981996080419925,1.551111975578577,0.38371847123824043,-0.5916517924625571,-1.8937187949894758,3.3306690738754696e-13,4.212590069453741e-14,2.5444437451708134e-14,11.498186074702655,0.44187476530004877,0.5780256480752446,1.0161362092394368,reachable_success
100,tiago_sew,SUCCESS_EXACT,tiago_semi_analytic,c96a32d,median-body-4344-torso015-J1-root-zplus020-v4,wrist_center,gripper_grasping_frame,seed-0-wrist-0,4.5894000213593245,,1.7149527673183285,-0.0018554053470653151,-2.0953675965269403,1.541321167442467,0.38907082424259665,-0.5915994089521233,-1.8995896396304257,1.1102230246251565e-13,6.919127371090077e-14,0.0,11.16181145459923,0.4426231047484066,0.5806771969823836,1.0160799348625498,reachable_success
101,tiago_sew,SUCCESS_EXACT,tiago_semi_analytic,c96a32d,median-body-4344-torso015-J1-root-zplus020-v4,wrist_center,gripper_grasping_frame,seed-0-wrist-0,4.725700011476874,,1.7195961045348942,0.001773714310843077,-2.0943816016510177,1.5315791226233448,0.39093031693724045,-0.5977661997615797,-1.9029270316977378,2.220446049250313e-13,8.905239300402539e-14,0.0,10.970592974561805,0.44344832667286543,0.5828810044237819,1.0156159562181113,reachable_success
102,tiago_sew,SUCCESS_EXACT,tiago_semi_analytic,c96a32d,median-body-4344-torso015-J1-root-zplus020-v4,wrist_center,gripper_grasping_frame,seed-0-wrist-0,4.701899946667254,,1.7241046722458462,0.0050097904479289085,-2.092642946721435,1.5226921952261525,0.3954280921168287,-0.5999698493862673,-1.9088309617611632,2.989366980140908e-13,3.820695288162203e-14,0.0,10.632322699387126,0.4439609609778733,0.5851099341323398,1.0155460446231859,reachable_success
103,tiago_sew,SUCCESS_EXACT,tiago_semi_analytic,c96a32d,median-body-4344-torso015-J1-root-zplus020-v4,wrist_center,gripper_grasping_frame,seed-0-wrist-0,4.590700031258166,,1.7293757287020242,0.0085329346949847,-2.0913745181604035,1.5123192460237906,0.3955190747393411,-0.6076596167909334,-1.9107528209840403,4.0412728104402654e-13,1.0129489374663892e-13,2.5444437451708134e-14,10.522208277097974,0.4447928780425784,0.5876025288194106,1.0145699657311915,reachable_success
104,tiago_sew,SUCCESS_EXACT,tiago_semi_analytic,c96a32d,median-body-4344-torso015-J1-root-zplus020-v4,wrist_center,gripper_grasping_frame,seed-0-wrist-0,4.495000001043081,,1.7341316628264518,0.013851766326321985,-2.0874767272171204,1.5018314670131092,0.39785692536872386,-0.60555494840496,-1.9161269568047992,4.577566798522238e-13,7.007515179666389e-14,2.5444437451708134e-14,10.214292976038418,0.446047954480297,0.5904940336220924,1.0148680221208501,reachable_success
105,tiago_sew,SUCCESS_EXACT,tiago_semi_analytic,c96a32d,median-body-4344-torso015-J1-root-zplus020-v4,wrist_center,gripper_grasping_frame,seed-0-wrist-0,4.4908999698236585,,1.7383452862846547,0.017053861422217622,-2.0859420231417554,1.4934720218741513,0.3928817603790633,-0.6111637401987466,-1.9131308190088312,1.1102230246251565e-13,6.97523635759319e-14,0.0,10.385959026587011,0.44722691340514187,0.592711178951865,1.0138683693997461,reachable_success
106,tiago_sew,SUCCESS_EXACT,tiago_semi_analytic,c96a32d,median-body-4344-torso015-J1-root-zplus020-v4,wrist_center,gripper_grasping_frame,seed-0-wrist-0,4.490199964493513,,1.7432271213937227,0.02030356254204518,-2.085335578669616,1.4843559162581865,0.3918033908819636,-0.6120583318502546,-1.9160976402729784,2.0014830212433604e-13,2.855388145333873e-14,2.5444437451708134e-14,10.215972689581712,0.4482825192316941,0.5950863253293217,1.0144206437966896,reachable_success
107,tiago_sew,SUCCESS_EXACT,tiago_semi_analytic,c96a32d,median-body-4344-torso015-J1-root-zplus020-v4,wrist_center,gripper_grasping_frame,seed-0-wrist-0,4.55139996483922,,1.7463322421853742,0.026373423534674516,-2.0796115817889547,1.4758151348090927,0.40148381824061374,-0.6102653718414484,-1.9226183014386962,3.14018491736755e-13,2.44441562638825e-14,5.088887490341627e-14,9.842366325151225,0.4486156653927273,0.5972073406341907,1.0143648246560624,reachable_success
108,tiago_sew,SUCCESS_EXACT,tiago_semi_analytic,c96a32d,median-body-4344-torso015-J1-root-zplus020-v4,wrist_center,gripper_grasping_frame,seed-0-wrist-0,4.538399982266128,,1.7507010208627325,0.02799177482505161,-2.079909706214691,1.467925583825747,0.396514842484172,-0.6197018476376628,-1.920368683320989,3.3306690738754696e-13,6.81778730704429e-14,2.5444437451708134e-14,9.971259948812012,0.44947788713382053,0.5990354736794743,1.013036143434242,reachable_success
109,tiago_sew,SUCCESS_EXACT,tiago_semi_analytic,c96a32d,median-body-4344-torso015-J1-root-zplus020-v4,wrist_center,gripper_grasping_frame,seed-0-wrist-0,4.497200017794967,,1.7557699055738734,0.030394799034976213,-2.080403389811069,1.4594278258546562,0.3934746834277991,-0.6183503183217618,-1.9206007005305201,2.482534153247273e-13,6.7068945358951e-14,0.0,9.957966341931474,0.45060611879925416,0.6014042373408014,1.0142211859292243,reachable_success
110,tiago_sew,SUCCESS_EXACT,tiago_semi_analytic,c96a32d,median-body-4344-torso015-J1-root-zplus020-v4,wrist_center,gripper_grasping_frame,seed-0-wrist-0,4.476699978113174,,1.7600460877397723,0.03283122701356584,-2.079337636455704,1.4513359516664546,0.39054653918518145,-0.6254501750613417,-1.9217667226005144,1.2412670766236365e-13,3.383164029353493e-14,2.5444437451708134e-14,9.891158198501694,0.45140170614978053,0.603381069901973,1.0130319479853356,reachable_success
111,tiago_sew,SUCCESS_EXACT,tiago_semi_analytic,c96a32d,median-body-4344-torso015-J1-root-zplus020-v4,wrist_center,gripper_grasping_frame,seed-0-wrist-0,4.588200012221932,,1.7636281815569488,0.03698594910246643,-2.07600653444455,1.4439031989391231,0.3916345454333756,-0.6202641472030095,-1.9229555618600322,3.3306690738754696e-13,4.5474152016438824e-14,0.0,9.823042726411863,0.4523763397496995,0.6056430094761882,1.013858319594955,reachable_success
112,tiago_sew,SUCCESS_EXACT,tiago_semi_analytic,c96a32d,median-body-4344-torso015-J1-root-zplus020-v4,wrist_center,gripper_grasping_frame,seed-0-wrist-0,4.547399934381247,,1.7681988782814935,0.03797008990652234,-2.0777217926036093,1.4365031478610484,0.39019397786391563,-0.6239811441880931,-1.9268420468277325,3.3306690738754696e-13,1.3887253294095015e-14,2.5444437451708134e-14,9.600363540621599,0.4529694523222422,0.6073744293150387,1.0142600925816623,reachable_success
113,tiago_sew,SUCCESS_EXACT,tiago_semi_analytic,c96a32d,median-body-4344-torso015-J1-root-zplus020-v4,wrist_center,gripper_grasping_frame,seed-0-wrist-0,4.6316999942064285,,1.7717181112839941,0.041627669802728855,-2.0748526661599196,1.42929005505345,0.39407662225949824,-0.626948336045035,-1.9293759199572893,5.551115123125783e-14,5.550278619707124e-14,2.5444437451708134e-14,9.45518330447639,0.45310381116168424,0.609151232844686,1.0137143353660434,reachable_success
114,tiago_sew,SUCCESS_EXACT,tiago_semi_analytic,c96a32d,median-body-4344-torso015-J1-root-zplus020-v4,wrist_center,gripper_grasping_frame,seed-0-wrist-0,4.468400031328201,,1.7762633337315719,0.042067564335941145,-2.0766627867373377,1.4227093467207435,0.3894484714378508,-0.6311614724831722,-1.9251046186370964,3.554447978966673e-13,4.497832612436642e-14,2.5444437451708134e-14,9.699910843152102,0.45369953707703425,0.6108959998056738,1.0137368902650643,reachable_success
115,tiago_sew,SUCCESS_EXACT,tiago_semi_analytic,c96a32d,median-body-4344-torso015-J1-root-zplus020-v4,wrist_center,gripper_grasping_frame,seed-0-wrist-0,4.526200005784631,,1.7790127639633513,0.04505582849868277,-2.0747386126988427,1.4169182517237524,0.39273088115893273,-0.6320568821471655,-1.9301947405976625,1.570092458683775e-13,4.097921521724521e-14,0.0,9.408268337604808,0.45391703890844853,0.6122735939912293,1.0138083556913298,reachable_success
116,tiago_sew,SUCCESS_EXACT,tiago_semi_analytic,c96a32d,median-body-4344-torso015-J1-root-zplus020-v4,wrist_center,gripper_grasping_frame,seed-0-wrist-0,4.535299958661199,,1.7823932144344823,0.04883815554242831,-2.072444192862846,1.4096497467613467,0.391967823117628,-0.6305452941307208,-1.9307450808757523,2.7194799110210365e-13,8.816451139414224e-14,0.0,9.376736162374208,0.4549374226112571,0.6141967786950268,1.0142704753622178,reachable_success
117,tiago_sew,SUCCESS_EXACT,tiago_semi_analytic,c96a32d,median-body-4344-torso015-J1-root-zplus020-v4,wrist_center,gripper_grasping_frame,seed-0-wrist-0,4.518100060522556,,1.7864172612412617,0.04985684617479463,-2.0725428220084234,1.4033046717826845,0.39011221663588014,-0.6366864827054544,-1.932663558486368,3.188872858294072e-13,9.369416664549804e-14,0.0,9.26681549219558,0.45517640124878966,0.6157891011593757,1.0134120816562544,reachable_success
118,tiago_sew,SUCCESS_EXACT,tiago_semi_analytic,c96a32d,median-body-4344-torso015-J1-root-zplus020-v4,wrist_center,gripper_grasping_frame,seed-0-wrist-0,4.632399999536574,,1.789428203458812,0.05309609576339705,-2.07073433576485,1.3970477599998175,0.3879072453440573,-0.637193207306765,-1.931315384133761,3.14018491736755e-13,5.767041046171795e-14,2.5444437451708134e-14,9.344060192647751,0.45604193364619683,0.6174194528231296,1.0134840395806877,reachable_success
119,tiago_sew,SUCCESS_EXACT,tiago_semi_analytic,c96a32d,median-body-4344-torso015-J1-root-zplus020-v4,wrist_center,gripper_grasping_frame,seed-0-wrist-0,4.596899962052703,,1.7928478941537735,0.05352812023292325,-2.071895448920808,1.3914857542916648,0.3881260562104387,-0.6365408453154369,-1.934570185099643,1.2412670766236365e-13,4.1649769703749e-14,0.0,9.1575738341476,0.4565802065425146,0.6188054429704957,1.01432872172085,reachable_success
120,tiago_sew,SUCCESS_EXACT,tiago_semi_analytic,c96a32d,median-body-4344-torso015-J1-root-zplus020-v4,wrist_center,gripper_grasping_frame,seed-0-wrist-0,4.542099894024432,,1.7956007803446383,0.05663235031143755,-2.0685929985187608,1.3859493875630595,0.3892444221491518,-0.638067441007129,-1.9350375014757173,4.002966042486721e-13,4.087000083288584e-14,2.5444437451708134e-14,9.1307985781012,0.4568306938319977,0.6203656446858525,1.0135877358862875,reachable_success
121,tiago_sew,SUCCESS_EXACT,tiago_semi_analytic,c96a32d,median-body-4344-torso015-J1-root-zplus020-v4,wrist_center,gripper_grasping_frame,seed-0-wrist-0,4.598699975758791,,1.798598753846646,0.0589100205262616,-2.0669782853634473,1.3798163611142824,0.3900960488361793,-0.6428699346307649,-1.93537797857128,2.5438405243138007e-13,5.42366046081394e-14,0.0,9.111290677504588,0.45715874643062204,0.6217104349798104,1.0127361166507067,reachable_success
122,tiago_sew,SUCCESS_EXACT,tiago_semi_analytic,c96a32d,median-body-4344-torso015-J1-root-zplus020-v4,wrist_center,gripper_grasping_frame,seed-0-wrist-0,4.515300039201975,,1.8016119462745601,0.06036295935963274,-2.0674333167480166,1.3745686919053195,0.39075195082695435,-0.646727022463855,-1.9362645291696765,3.7238012298709096e-13,6.327797655945807e-14,5.088887490341627e-14,9.060495069891665,0.45726706432016984,0.6227936576493858,1.0127702189452148,reachable_success
123,tiago_sew,SUCCESS_EXACT,tiago_semi_analytic,c96a32d,median-body-4344-torso015-J1-root-zplus020-v4,wrist_center,gripper_grasping_frame,seed-0-wrist-0,4.574600025080144,,1.8046514701825358,0.06249515024202196,-2.066296708290977,1.3692384848651888,0.3938932042413925,-0.6407658462985553,-1.9400184994153804,3.37661150723213e-13,3.1052713767184745e-14,2.5444437451708134e-14,8.845408418395143,0.457671116466289,0.6244008457064155,1.0142714680642433,reachable_success
124,tiago_sew,SUCCESS_EXACT,tiago_semi_analytic,c96a32d,median-body-4344-torso015-J1-root-zplus020-v4,wrist_center,gripper_grasping_frame,seed-0-wrist-0,4.6307999873533845,,1.8069700185310047,0.06384903278275983,-2.0653958739096847,1.364570912508872,0.3992372478022448,-0.6371244695497587,-1.947548667616907,4.002966042486721e-13,5.0529669787559187e-14,0.0,8.413961561424056,0.45792428429543447,0.625546059345188,1.0152605651176014,reachable_success
125,tiago_sew,SUCCESS_EXACT,tiago_semi_analytic,c96a32d,median-body-4344-torso015-J1-root-zplus020-v4,wrist_center,gripper_grasping_frame,seed-0-wrist-0,4.499900038354099,,1.8096765038452316,0.06480839400337877,-2.0649208299127944,1.3600625885011948,0.3975501935784451,-0.6414800129169089,-1.9474360091124057,3.37661150723213e-13,2.0771699449386924e-14,2.5444437451708134e-14,8.420416418258235,0.45815112559861637,0.6266678917738178,1.0144637315366465,reachable_success
126,tiago_sew,SUCCESS_EXACT,tiago_semi_analytic,c96a32d,median-body-4344-torso015-J1-root-zplus020-v4,wrist_center,gripper_grasping_frame,seed-0-wrist-0,3.5747000947594643,,1.8115031444343452,0.06627873612474021,-2.0632175961740855,1.3566310239379789,0.39767244679636793,-0.6438505339541618,-1.949482212619575,3.392635210931589e-08,5.519999675895576e-14,4.29705659684447e-10,8.303177593272565,0.45826042089859226,0.6275847533590406,1.0137275209842485,reachable_success
127,tiago_sew,SUCCESS_EXACT,tiago_semi_analytic,c96a32d,median-body-4344-torso015-J1-root-zplus020-v4,wrist_center,gripper_grasping_frame,seed-0-wrist-0,4.519900074228644,,1.814010659461606,0.06759460843625618,-2.0619951623629036,1.352270343077677,0.395812489319205,-0.6459808040485542,-1.9483051302685146,3.188872858294072e-13,3.137472399760581e-14,5.088887490341627e-14,8.370619444127662,0.45865430846943983,0.6287980228437029,1.0131199459115365,reachable_success
128,tiago_sew,SUCCESS_EXACT,tiago_semi_analytic,c96a32d,median-body-4344-torso015-J1-root-zplus020-v4,wrist_center,gripper_grasping_frame,seed-0-wrist-0,4.536700085736811,,1.8165294050884981,0.06950709996494608,-2.059562262837838,1.3469145747315825,0.3969378446408047,-0.6436985095552319,-1.9501067314308802,2.0014830212433604e-13,6.576837561634126e-14,0.0,8.267395301158249,0.45939305805411557,0.6302938672416933,1.0131265468440271,reachable_success
129,tiago_sew,SUCCESS_EXACT,tiago_semi_analytic,c96a32d,median-body-4344-torso015-J1-root-zplus020-v4,wrist_center,gripper_grasping_frame,seed-0-wrist-0,3.6675999872386456,,1.818688119668386,0.07000596791551215,-2.060383200929953,1.3437198426050259,0.39579973811885516,-0.6471664076095673,-1.949563247318439,2.4071932719992898e-08,9.289164796552842e-14,8.07708222467023e-10,8.298534647033543,0.45939234123204986,0.6309976344176538,1.0129885981206728,reachable_success
130,tiago_sew,SUCCESS_EXACT,tiago_semi_analytic,c96a32d,median-body-4344-torso015-J1-root-zplus020-v4,wrist_center,gripper_grasping_frame,seed-0-wrist-0,4.547500051558018,,1.8210762153522553,0.07128630323005414,-2.0592330578281874,1.3391144914535937,0.3993995549086522,-0.6448098758879723,-1.9522310136495271,2.5438405243138007e-13,4.975519573515932e-14,5.088887490341627e-14,8.145682895535094,0.45967498712159965,0.6321900067873453,1.0135140596946355,reachable_success
131,tiago_sew,SUCCESS_EXACT,tiago_semi_analytic,c96a32d,median-body-4344-torso015-J1-root-zplus020-v4,wrist_center,gripper_grasping_frame,seed-0-wrist-0,4.521099966950715,,1.8229749264809718,0.07390867865968659,-2.0568437558052013,1.3345672814388811,0.40480922761587346,-0.6466497009724996,-1.953549755754766,3.8459253727671276e-13,5.78858650246196e-14,2.5444437451708134e-14,8.070124538638705,0.45953736536017337,0.6330871720398994,1.013245331942168,reachable_success
132,tiago_sew,SUCCESS_EXACT,tiago_semi_analytic,c96a32d,median-body-4344-torso015-J1-root-zplus020-v4,wrist_center,gripper_grasping_frame,seed-0-wrist-0,3.61949997022748,,1.8249200094872784,0.0748844131875737,-2.056261394605433,1.3310644824934965,0.4089491912514682,-0.6487672489421104,-1.956895938813667,2.9771696222757968e-08,5.3298073242003426e-14,6.246863838768864e-10,7.878402371885501,0.4592396267790015,0.6337962820265286,1.0131201064797815,reachable_success
133,tiago_sew,SUCCESS_EXACT,tiago_semi_analytic,c96a32d,median-body-4344-torso015-J1-root-zplus020-v4,wrist_center,gripper_grasping_frame,seed-0-wrist-0,4.579699947498739,,1.8270346510509725,0.076788052693666,-2.05425978697151,1.3272292251552464,0.41586555799650426,-0.6484127776264539,-1.9614040173022769,2.482534153247273e-13,4.412620158316895e-14,2.5444437451708134e-14,7.620108500774445,0.4587235968480351,0.6347575445527225,1.013269926539605,reachable_success
134,tiago_sew,SUCCESS_EXACT,tiago_semi_analytic,c96a32d,median-body-4344-torso015-J1-root-zplus020-v4,wrist_center,gripper_grasping_frame,seed-0-wrist-0,3.6992999957874417,,1.8293868217778162,0.07699650609261047,-2.0548251774718733,1.324059106572088,0.4187226168434317,-0.6508251668506118,-1.9672118224032236,3.7954198640264556e-08,3.8674795173653815e-14,4.5855965175468397e-10,7.287345780255649,0.4582427775744695,0.6354972080937524,1.0132976920567631,reachable_success
135,tiago_sew,SUCCESS_EXACT,tiago_semi_analytic,c96a32d,median-body-4344-torso015-J1-root-zplus020-v4,wrist_center,gripper_grasping_frame,seed-0-wrist-0,4.575500031933188,,1.831288186994559,0.07861095353928653,-2.053080584288887,1.3201303560678939,0.4225339914962434,-0.6502084638465098,-1.97351214365049,2.989366980140908e-13,5.720787350750039e-14,5.088887490341627e-14,6.926363963210678,0.4583099427795332,0.6364569593607937,1.0133671561952111,reachable_success
136,tiago_sew,SUCCESS_EXACT,tiago_semi_analytic,c96a32d,median-body-4344-torso015-J1-root-zplus020-v4,wrist_center,gripper_grasping_frame,seed-0-wrist-0,4.501299932599068,,1.8326464134347036,0.08084126705948438,-2.05030734017133,1.3173740901811324,0.42026654076823444,-0.6493100468797461,-1.971745100928759,2.7194799110210365e-13,1.1376865960189845e-13,5.088887490341627e-14,7.027608053385181,0.458768243526874,0.6374547198797388,1.0129371505670954,reachable_success
137,tiago_sew,SUCCESS_EXACT,tiago_semi_analytic,c96a32d,median-body-4344-torso015-J1-root-zplus020-v4,wrist_center,gripper_grasping_frame,seed-0-wrist-0,3.5865999525412917,,1.8342595897446776,0.08243514929279344,-2.048741778266469,1.3140628315517668,0.41838796247536614,-0.6509800116154008,-1.9699904301971802,2.4906232039916295e-08,2.2678822248400584e-14,2.1067994210014337e-11,7.128143280739776,0.4591935641770996,0.6383115805237928,1.0123822614667328,reachable_success
138,tiago_sew,SUCCESS_EXACT,tiago_semi_analytic,c96a32d,median-body-4344-torso015-J1-root-zplus020-v4,wrist_center,gripper_grasping_frame,seed-0-wrist-0,4.300299915485084,,1.8363696477508016,0.08396058835954222,-2.047387548879842,1.3102526482931856,0.41627277474687174,-0.6522130125196495,-1.968845256598791,4.742874840267547e-13,4.655346666308283e-14,2.5444437451708134e-14,7.193756894737285,0.45961377175251555,0.6393688441351437,1.011975107208272,reachable_success
139,tiago_sew,SUCCESS_EXACT,tiago_semi_analytic,c96a32d,median-body-4344-torso015-J1-root-zplus020-v4,wrist_center,gripper_grasping_frame,seed-0-wrist-0,3.6552000092342496,,1.8380889963108278,0.0842353387980279,-2.047969348844013,1.307921279295838,0.4108057685434541,-0.6577944675893566,-1.9650471392834739,1.3129449184663167e-08,2.4422747059207835e-14,4.230137726346477e-10,7.41137298700052,0.45981663941588913,0.6399166486336441,1.011035413048215,reachable_success
140,tiago_sew,SUCCESS_EXACT,tiago_semi_analytic,c96a32d,median-body-4344-torso015-J1-root-zplus020-v4,wrist_center,gripper_grasping_frame,seed-0-wrist-0,3.6897999234497547,,1.840066333552776,0.0849763476387498,-2.047754591453642,1.3046156644855684,0.40845735260123117,-0.6607434679366553,-1.9659537081159817,2.6549518164300458e-08,7.064730134952317e-14,7.037168066018919e-10,7.359430419059718,0.46009507994595006,0.640712266070558,1.0105389994283684,reachable_success
141,tiago_sew,SUCCESS_EXACT,tiago_semi_analytic,c96a32d,median-body-4344-torso015-J1-root-zplus020-v4,wrist_center,gripper_grasping_frame,seed-0-wrist-0,4.616999998688698,,1.8416487544404216,0.08895806809621723,-2.0429293349290543,1.3002009512345478,0.41393399997960767,-0.6578388877036998,-1.9709777839836562,2.288783399261119e-13,3.145996151643354e-14,0.0,7.071572075888442,0.4602328856303969,0.6419075816830144,1.0105837447729362,reachable_success
142,tiago_sew,SUCCESS_EXACT,tiago_semi_analytic,c96a32d,median-body-4344-torso015-J1-root-zplus020-v4,wrist_center,gripper_grasping_frame,seed-0-wrist-0,4.570399993099272,,1.8442258626040582,0.08971539428835418,-2.0426811172352917,1.2963233483521361,0.4159317422193185,-0.6529474670553004,-1.9779035267912057,2.7194799110210365e-13,3.6670737894136914e-14,0.0,6.674756243022768,0.46046897781679896,0.6431810688780404,1.0117737342756143,reachable_success
143,tiago_sew,SUCCESS_EXACT,tiago_semi_analytic,c96a32d,median-body-4344-torso015-J1-root-zplus020-v4,wrist_center,gripper_grasping_frame,seed-0-wrist-0,4.548100056126714,,1.8454133831717094,0.09215578584713119,-2.0400012914048373,1.2937199332964813,0.41840763144781334,-0.6480008922651201,-1.9810603443232502,2.5438405243138007e-13,4.825831196576511e-14,0.0,6.493883921743716,0.4607010079117944,0.644112328460218,1.0124981033340048,reachable_success
144,tiago_sew,SUCCESS_EXACT,tiago_semi_analytic,c96a32d,median-body-4344-torso015-J1-root-zplus020-v4,wrist_center,gripper_grasping_frame,seed-0-wrist-0,4.4917999766767025,,1.8282293007310138,0.09934497964168386,-2.0218137261873514,1.3212175390338365,0.28188032839787525,-0.6028729009018181,-1.9065172995922506,6.056459943975136e-11,4.563637186018913e-14,1.9541327962911847e-11,10.764885776884903,0.4755751133420418,0.6434694506869361,1.0099098485452531,reachable_success
145,tiago_sew,SUCCESS_EXACT,tiago_semi_analytic,c96a32d,median-body-4344-torso015-J1-root-zplus020-v4,wrist_center,gripper_grasping_frame,seed-0-wrist-0,5.2284999983385205,,1.8231578126197823,0.10015384806721009,-2.020609592404044,1.328755676132447,0.28116875154702203,-0.6026501622755251,-1.9009612665286086,2.482534153247273e-13,3.6053841273096487e-14,0.0,11.083223022266726,0.4751254383894515,0.6414574007709867,1.0096608862336058,reachable_success
146,tiago_sew,SUCCESS_EXACT,tiago_semi_analytic,c96a32d,median-body-4344-torso015-J1-root-zplus020-v4,wrist_center,gripper_grasping_frame,seed-0-wrist-0,4.3990000849589705,,1.8182224049665026,0.09936851576727573,-2.0208306337880053,1.336974853480795,0.2807827567009449,-0.598411636209415,-1.898131434542818,2.482534153247273e-13,3.771808113583483e-14,0.0,11.245360451783657,0.47461298090942255,0.6394915816528469,1.0102595453253196,reachable_success
147,tiago_sew,SUCCESS_EXACT,tiago_semi_analytic,c96a32d,median-body-4344-torso015-J1-root-zplus020-v4,wrist_center,gripper_grasping_frame,seed-0-wrist-0,4.358700010925531,,1.8127751029591639,0.09973114315068891,-2.019410137382211,1.3460620679178092,0.2821051037017077,-0.5933154851987683,-1.8954874695721244,2.482534153247273e-13,5.67550460917299e-14,2.5444437451708134e-14,11.396848485784826,0.4736977011979727,0.6374505211109254,1.010714415175475,reachable_success
148,tiago_sew,SUCCESS_EXACT,tiago_semi_analytic,c96a32d,median-body-4344-torso015-J1-root-zplus020-v4,wrist_center,gripper_grasping_frame,seed-0-wrist-0,4.294699989259243,,1.8062216308317842,0.10133816641334019,-2.016369971744101,1.3561276147925545,0.28909012119276234,-0.5882228246119849,-1.896050888766739,3.3306690738754696e-13,7.435199299747964e-14,2.5444437451708134e-14,11.364566943836746,0.47220833325445133,0.6349981378724566,1.010985858846511,reachable_success
149,tiago_sew,SUCCESS_EXACT,tiago_semi_analytic,c96a32d,median-body-4344-torso015-J1-root-zplus020-v4,wrist_center,gripper_grasping_frame,seed-0-wrist-0,4.291999968700111,,1.800893244645733,0.09821302662676758,-2.0200109886182216,1.3663387028639062,0.28752667392639886,-0.5838560820596865,-1.896046580109144,2.5438405243138007e-13,3.284916631949039e-14,5.088887490341627e-14,11.364813811732315,0.4713436520602338,0.6324762324966979,1.012299192134219,reachable_success
150,tiago_sew,SUCCESS_EXACT,tiago_semi_analytic,c96a32d,median-body-4344-torso015-J1-root-zplus020-v4,wrist_center,gripper_grasping_frame,seed-0-wrist-0,4.304800066165626,,1.7944436616009363,0.0953858709316922,-2.0231733694195455,1.378157643603209,0.28211569173931306,-0.5832562585701777,-1.8896598401936222,2.482534153247273e-13,3.826218395518388e-14,0.0,11.730747053739451,0.4705930412227485,0.6294597011213399,1.0126319494296492,reachable_success
151,tiago_sew,SUCCESS_EXACT,tiago_semi_analytic,c96a32d,median-body-4344-torso015-J1-root-zplus020-v4,wrist_center,gripper_grasping_frame,seed-0-wrist-0,4.299799911677837,,1.7874284152348474,0.09607122807287322,-2.0216614107278863,1.3894365884172868,0.2838458602653322,-0.5791948418189894,-1.888115267008847,5.978733960281816e-13,1.0293083956351514e-13,0.0,11.81924457837615,0.46936673241400334,0.6266704102214222,1.0128705051072917,reachable_success
152,tiago_sew,SUCCESS_EXACT,tiago_semi_analytic,c96a32d,median-body-4344-torso015-J1-root-zplus020-v4,wrist_center,gripper_grasping_frame,seed-0-wrist-0,4.341200110502541,,1.7803334759527834,0.09368626909095354,-2.0239263805919436,1.402524885749433,0.2782295545030564,-0.5806746341512357,-1.8807327632239943,1.6653345369377348e-13,3.691204332397073e-14,0.0,12.242230887487567,0.4682385911243524,0.6233745306162711,1.0124832989781625,reachable_success
153,tiago_sew,SUCCESS_EXACT,tiago_semi_analytic,c96a32d,median-body-4344-torso015-J1-root-zplus020-v4,wrist_center,gripper_grasping_frame,seed-0-wrist-0,4.2375000193715096,,1.7726537477075373,0.0926013918634064,-2.024574278559207,1.4156830711518165,0.27621371197241906,-0.5783146530264038,-1.875215821316301,3.554447978966673e-13,6.758795629255873e-14,2.5444437451708134e-14,12.558328374617243,0.4670164916783,0.6200466038002788,1.012626775207356,reachable_success
154,tiago_sew,SUCCESS_EXACT,tiago_semi_analytic,c96a32d,median-body-4344-torso015-J1-root-zplus020-v4,wrist_center,gripper_grasping_frame,seed-0-wrist-0,4.3271000031381845,,1.765048356670413,0.09219981033544454,-2.0239504807608077,1.4280536063451301,0.27570957612780944,-0.573360161836983,-1.870619973039254,2.482534153247273e-13,4.931983409221087e-14,5.088887490341627e-14,12.821651084174505,0.46596236522873324,0.6169512407830532,1.012936040885633,reachable_success
155,tiago_sew,SUCCESS_EXACT,tiago_semi_analytic,c96a32d,median-body-4344-torso015-J1-root-zplus020-v4,wrist_center,gripper_grasping_frame,seed-0-wrist-0,4.2591000674292445,,1.7563853030732188,0.09033860194270163,-2.024495868649038,1.4429006224797187,0.27755315077210385,-0.5702699459212734,-1.869138613047296,2.7755575615628914e-13,7.201116914111377e-14,0.0,12.906526759653238,0.4641880808851793,0.6131306997011666,1.0129167916645851,reachable_success
156,tiago_sew,SUCCESS_EXACT,tiago_semi_analytic,c96a32d,median-body-4344-torso015-J1-root-zplus020-v4,wrist_center,gripper_grasping_frame,seed-0-wrist-0,4.248899989761412,,1.7474881104117292,0.08888431101849664,-2.0250364912279606,1.4582946857006351,0.2778795230059705,-0.568410457622802,-1.8691788112862442,4.710277376051325e-13,6.936931627022595e-14,5.088887490341627e-14,12.904223570217647,0.4623064734773008,0.6091621466478252,1.0127181095182676,reachable_success
157,tiago_sew,SUCCESS_EXACT,tiago_semi_analytic,c96a32d,median-body-4344-torso015-J1-root-zplus020-v4,wrist_center,gripper_grasping_frame,seed-0-wrist-0,4.251800011843443,,1.738397142808887,0.08606547654040535,-2.0269677846738183,1.4741028210863256,0.27565229089171916,-0.5683041613613526,-1.868983035496866,2.482534153247273e-13,3.105978625407055e-14,2.5444437451708134e-14,12.915440696679862,0.46069113033465814,0.6049402498448913,1.0123045047877666,reachable_success
158,tiago_sew,SUCCESS_EXACT,tiago_semi_analytic,c96a32d,median-body-4344-torso015-J1-root-zplus020-v4,wrist_center,gripper_grasping_frame,seed-0-wrist-0,4.3738000094890594,,1.7282012694301592,0.08490809576172337,-2.0257531243571174,1.491589906380903,0.28052961280423094,-0.5634380559565826,-1.8741652759374618,2.482534153247273e-13,4.798838505842318e-14,2.5444437451708134e-14,12.6185201910117,0.4581080270140782,0.6005497541369607,1.0119265949940297,reachable_success
159,tiago_sew,SUCCESS_EXACT,tiago_semi_analytic,c96a32d,median-body-4344-torso015-J1-root-zplus020-v4,wrist_center,gripper_grasping_frame,seed-0-wrist-0,4.236399894580245,,1.7173571756188208,0.08234163078355412,-2.0261154765223393,1.5105275950569506,0.2804247922965968,-0.5567632198260171,-1.8739909473982834,2.0014830212433604e-13,7.671543054906087e-14,2.5444437451708134e-14,12.628508480555306,0.4559248934206322,0.5958021007279553,1.0120479710470967,reachable_success
160,tiago_sew,SUCCESS_EXACT,tiago_semi_analytic,c96a32d,median-body-4344-torso015-J1-root-zplus020-v4,wrist_center,gripper_grasping_frame,seed-0-wrist-0,4.238899913616478,,1.705935079479733,0.08146785383319605,-2.024261264864301,1.528555064806499,0.28026376209342896,-0.5497240760446935,-1.8691431352904102,2.288783399261119e-13,3.866911086296273e-14,2.5444437451708134e-14,12.906267654208861,0.4542605688273447,0.5911298223503676,1.011662886182757,reachable_success
161,tiago_sew,SUCCESS_EXACT,tiago_semi_analytic,c96a32d,median-body-4344-torso015-J1-root-zplus020-v4,wrist_center,gripper_grasping_frame,seed-0-wrist-0,4.561099922284484,,1.6944710176217623,0.08194402661897822,-2.0210229493031755,1.5463046841660815,0.2860069653684807,-0.5493219212994727,-1.8633849228723758,1.570092458683775e-13,2.0644495953402932e-14,0.0,13.236188923302054,0.4516927538294887,0.5862819023429824,1.0097238940221418,reachable_success
162,tiago_sew,SUCCESS_EXACT,tiago_semi_analytic,c96a32d,median-body-4344-torso015-J1-root-zplus020-v4,wrist_center,gripper_grasping_frame,seed-0-wrist-0,4.22410003375262,,1.6821303891437613,0.08455192675130661,-2.0155255549271835,1.5640133438155328,0.2988310349911747,-0.542020950363697,-1.8631174478394374,3.510833468576701e-13,6.968871706763367e-14,2.5444437451708134e-14,13.251514113814544,0.44884472928885116,0.5813742030168734,1.0087286068072723,reachable_success
163,tiago_sew,SUCCESS_EXACT,tiago_semi_analytic,c96a32d,median-body-4344-torso015-J1-root-zplus020-v4,wrist_center,gripper_grasping_frame,seed-0-wrist-0,4.994400078430772,,1.6701386256946986,0.08432034097924847,-2.012981940985674,1.581932854141323,0.30011007035116144,-0.538620829517833,-1.8590872789796817,1.2412670766236365e-13,4.428215706243818e-14,2.5444437451708134e-14,13.482425780203597,0.44705151890447603,0.5763972213851525,1.0072643921765656,reachable_success
164,tiago_sew,SUCCESS_EXACT,tiago_semi_analytic,c96a32d,median-body-4344-torso015-J1-root-zplus020-v4,wrist_center,gripper_grasping_frame,seed-0-wrist-0,4.204099997878075,,1.656732971508945,0.08686958658145495,-2.007397296418576,1.6007462760388587,0.30658399839513617,-0.5266420319025351,-1.8643592334376127,6.304854800243424e-13,9.200177972783838e-14,5.088887490341627e-14,13.180365039978975,0.44498711442986894,0.5713039845701864,1.0067590245950462,reachable_success
165,tiago_sew,SUCCESS_EXACT,tiago_semi_analytic,c96a32d,median-body-4344-torso015-J1-root-zplus020-v4,wrist_center,gripper_grasping_frame,seed-0-wrist-0,3.421699977479875,,1.643555890665086,0.08619708712631863,-2.0057814911093534,1.6208803594262016,0.3114516250771966,-0.5173193701270642,-1.8724899827640105,3.510833468576701e-13,6.986376155271506e-14,2.5444437451708134e-14,12.714507419297544,0.4425235868142115,0.5656794146483406,1.0066292918385387,reachable_success
166,tiago_sew,SUCCESS_EXACT,tiago_semi_analytic,c96a32d,median-body-4344-torso015-J1-root-zplus020-v4,wrist_center,gripper_grasping_frame,seed-0-wrist-0,3.523699939250946,,1.6299143773439433,0.08382179074714106,-2.005766170610086,1.6424081403549344,0.3104666679858452,-0.5149718612999492,-1.8724563064349455,1.6653345369377348e-13,9.423148092083937e-14,2.5444437451708134e-14,12.716436930822457,0.4401235470829778,0.5595469445236676,1.0051990681018141,reachable_success
167,tiago_sew,SUCCESS_EXACT,tiago_semi_analytic,c96a32d,median-body-4344-torso015-J1-root-zplus020-v4,wrist_center,gripper_grasping_frame,seed-0-wrist-0,4.022300010547042,,1.616745485516473,0.07976018841413776,-2.0068834456554385,1.6645283159002608,0.30841846026613107,-0.5130184267343205,-1.868527722807464,9.104505742017337e-13,7.62862547338665e-14,2.5444437451708134e-14,12.94152819214135,0.4374042768860032,0.5533865900628672,1.0037474955337062,reachable_success
168,tiago_sew,SUCCESS_EXACT,tiago_semi_analytic,c96a32d,median-body-4344-torso015-J1-root-zplus020-v4,wrist_center,gripper_grasping_frame,seed-0-wrist-0,4.2347999988123775,,1.6037011992136851,0.07457414061622736,-2.009680369056168,1.6870657470036463,0.30279320677703847,-0.5123111593212957,-1.8552195074360442,1.3620043033829907e-12,6.42160823374077e-14,2.5444437451708134e-14,13.704032765774825,0.4347612786447246,0.5470485880569931,1.0025225671609315,reachable_success
169,tiago_sew,SUCCESS_EXACT,tiago_semi_analytic,c96a32d,median-body-4344-torso015-J1-root-zplus020-v4,wrist_center,gripper_grasping_frame,seed-0-wrist-0,4.230899969115853,,1.590264491675176,0.06925206918027826,-2.0123241041330293,1.7095136446130756,0.29763273596774376,-0.5044409502437941,-1.8413422044580008,1.12811989932413e-12,6.241650616236216e-14,2.5444437451708134e-14,14.499143657441044,0.4324472278435724,0.5407182980478817,1.0026713652712347,reachable_success
170,tiago_sew,SUCCESS_EXACT,tiago_semi_analytic,c96a32d,median-body-4344-torso015-J1-root-zplus020-v4,wrist_center,gripper_grasping_frame,seed-0-wrist-0,4.2845000280067325,,1.5769326582627243,0.0626707980025004,-2.015465121044531,1.732075545517044,0.2860669851764772,-0.5029238744443765,-1.819345092984764,1.841933275130387e-12,6.065115341123653e-14,1.0177774980683254e-13,15.759485306336305,0.4305538989720066,0.5343296691721365,1.001420180776487,reachable_success
171,tiago_sew,SUCCESS_EXACT,tiago_semi_analytic,c96a32d,median-body-4344-torso015-J1-root-zplus020-v4,wrist_center,gripper_grasping_frame,seed-0-wrist-0,4.259899957105517,,1.5635811617997029,0.057537332438201916,-2.017953448428991,1.7543010551394613,0.27651345307155495,-0.5025704285052428,-1.7988623847442282,5.378855825969201e-12,5.3460234324244617e-14,5.088887490341627e-14,16.933058041516844,0.42834572438294743,0.5279326164845133,0.9999973249274213,reachable_success
172,tiago_sew,SUCCESS_EXACT,tiago_semi_analytic,c96a32d,median-body-4344-torso015-J1-root-zplus020-v4,wrist_center,gripper_grasping_frame,seed-0-wrist-0,4.187999991700053,,1.5500449720014693,0.051595664369835086,-2.020784071878528,1.7764556502106787,0.27254301295477346,-0.5042094956384005,-1.7882814755038012,5.583218758733536e-12,2.4734316964882217e-14,7.63333123551244e-14,17.539299484404285,0.4257284768435006,0.521210865342034,0.9982518735506661,reachable_success
173,tiago_sew,SUCCESS_EXACT,tiago_semi_analytic,c96a32d,median-body-4344-torso015-J1-root-zplus020-v4,wrist_center,gripper_grasping_frame,seed-0-wrist-0,4.213300067931414,,1.53591945989872,0.04453904160121957,-2.0246093802968255,1.7995521829729968,0.2612996020955256,-0.5044011716621446,-1.7808065844506427,9.281657046474748e-12,2.7183076465619292e-14,1.0177774980683254e-13,17.96757919407037,0.42372707300702533,0.5142745143737566,0.9969544654256375,reachable_success
174,tiago_sew,SUCCESS_EXACT,tiago_semi_analytic,c96a32d,median-body-4344-torso015-J1-root-zplus020-v4,wrist_center,gripper_grasping_frame,seed-0-wrist-0,4.2122999439015985,,1.5213111662726073,0.03754123365161916,-2.0278010198862315,1.8235216004709416,0.2632955761462328,-0.503104751924333,-1.7836915015618366,2.983201495276524e-11,3.594774903377413e-14,6.106664988409952e-13,17.80228561935388,0.42022563791562983,0.506808541119752,0.9957523657439449,reachable_success
175,tiago_sew,SUCCESS_EXACT,tiago_semi_analytic,c96a32d,median-body-4344-torso015-J1-root-zplus020-v4,wrist_center,gripper_grasping_frame,seed-0-wrist-0,4.444500082172453,,1.5068295459139254,0.02862658865374003,-2.032125549628905,1.848243677029377,0.2584685337440771,-0.5028800396645052,-1.7805604203162817,7.383110412668297e-11,7.618357549985334e-14,1.0941108104234498e-12,17.981683360036744,0.4170805137453263,0.49927866221981665,0.9944564448357847,reachable_success
176,tiago_sew,SUCCESS_EXACT,tiago_semi_analytic,c96a32d,median-body-4344-torso015-J1-root-zplus020-v4,wrist_center,gripper_grasping_frame,seed-0-wrist-0,4.188699997030199,,1.492493508709614,0.018190995388834164,-2.0372701596225666,1.8731191743181108,0.25075577970874896,-0.496495560376383,-1.7784855571943874,1.1360653774428692e-10,9.182974926073308e-14,3.1042213691083922e-12,18.100564259988627,0.414232862445257,0.4917968557842651,0.9945951226951254,reachable_success
177,tiago_sew,SUCCESS_EXACT,tiago_semi_analytic,c96a32d,median-body-4344-torso015-J1-root-zplus020-v4,wrist_center,gripper_grasping_frame,seed-0-wrist-0,4.254900035448372,,1.4777268064849913,0.00869586809619366,-2.041340799405077,1.8983270082224681,0.2400836197385443,-0.4964860528477928,-1.7640185665938048,2.9103268394970907e-10,4.675889077168909e-14,7.938664484932938e-12,18.929461763657436,0.4114244478481531,0.4842274369774131,0.9930785374812813,reachable_success
178,tiago_sew,SUCCESS_EXACT,tiago_semi_analytic,c96a32d,median-body-4344-torso015-J1-root-zplus020-v4,wrist_center,gripper_grasping_frame,seed-0-wrist-0,4.297300009056926,,1.4635387615157358,-0.003026825749762143,-2.0474134849980485,1.9233706405311257,0.23093303826867073,-0.501093096462208,-1.752583913589076,3.950012078846368e-10,1.582462050742859e-14,1.200977447720624e-11,19.58461912102499,0.40842463797046114,0.47641102221967985,0.9913307497243005,reachable_success
179,tiago_sew,SUCCESS_EXACT,tiago_semi_analytic,c96a32d,median-body-4344-torso015-J1-root-zplus020-v4,wrist_center,gripper_grasping_frame,seed-0-wrist-0,4.199799965135753,,1.4479454080199503,-0.01325264598103507,-2.0518073824775898,1.9488569792024852,0.21671947932084912,-0.5003961111305202,-1.7361860245444927,7.879558338004259e-10,6.695057294141226e-14,2.3154438081054402e-11,20.52414895620342,0.4061069676737472,0.4685451945783986,0.9901085407156467,reachable_success
180,tiago_sew,SUCCESS_EXACT,tiago_semi_analytic,c96a32d,median-body-4344-torso015-J1-root-zplus020-v4,wrist_center,gripper_grasping_frame,seed-0-wrist-0,4.252600017935038,,1.4329563164747408,-0.024120188951988173,-2.0566683535103443,1.9742117691196777,0.20666673521477552,-0.5038622685627332,-1.7216949503639887,1.6339833002382177e-09,6.438475506631864e-14,5.149954140225726e-11,21.354426347357297,0.4031461371810468,0.4606050743041329,0.9882603806019451,reachable_success
181,tiago_sew,SUCCESS_EXACT,tiago_semi_analytic,c96a32d,median-body-4344-torso015-J1-root-zplus020-v4,wrist_center,gripper_grasping_frame,seed-0-wrist-0,3.874800051562488,,1.4171241473692666,-0.03561020910900284,-2.060599412322659,1.9996632879374965,0.19143840183247685,-0.5015884815363667,-1.7080882737644956,2.3977165788647396e-09,8.764950375048173e-14,7.297464661149893e-11,20.427475884857376,0.40099125235363664,0.45270199850440607,0.9871518890968608,reachable_success
182,tiago_sew,SUCCESS_EXACT,tiago_semi_analytic,c96a32d,median-body-4344-torso015-J1-root-zplus020-v4,wrist_center,gripper_grasping_frame,seed-0-wrist-0,4.295799997635186,,1.4016941857912706,-0.048056000706272466,-2.0647471891190445,2.025373644819788,0.18038137217273054,-0.5065699828440091,-1.6995133803153948,5.755974873933302e-09,5.84836054491213e-14,1.879835038932197e-10,18.95438094572695,0.39815698054907894,0.4446283364632969,0.984616884240936,reachable_success
183,tiago_sew,SUCCESS_EXACT,tiago_semi_analytic,c96a32d,median-body-4344-torso015-J1-root-zplus020-v4,wrist_center,gripper_grasping_frame,seed-0-wrist-0,4.259900073520839,,1.3852603590913153,-0.05900975018287786,-2.0679986501101966,2.051534497443257,0.16850945576729615,-0.5056902436573005,-1.688705667160864,1.4885443868839256e-08,2.1946597601673737e-14,5.052501944785684e-10,17.455474501938422,0.39529202882641995,0.43640886957722985,0.9830867273923808,reachable_success
184,tiago_sew,SUCCESS_EXACT,tiago_semi_analytic,c96a32d,median-body-4344-torso015-J1-root-zplus020-v4,wrist_center,gripper_grasping_frame,seed-0-wrist-0,4.413899965584278,,1.3686083476270254,-0.07000934797728886,-2.069007102474941,2.0779113232293036,0.16037739043817156,-0.5014048641113487,-1.681218495171004,3.578946027791956e-08,3.819825322542236e-14,1.2673874294695823e-09,15.94419370744611,0.3918904727678135,0.42828423615848066,0.9813024839549417,reachable_success
185,tiago_sew,SUCCESS_EXACT,tiago_semi_analytic,c96a32d,median-body-4344-torso015-J1-root-zplus020-v4,wrist_center,gripper_grasping_frame,seed-0-wrist-0,4.234199994243681,,1.3532212427855113,-0.08326867540710603,-2.0723818612232408,2.103621020334405,0.1437044802477021,-0.5081262432605755,-1.6666680316885927,5.871310454572611e-08,6.585378287938635e-14,2.1753976243712387e-09,14.471136570764104,0.38933200625308884,0.4204404913506704,0.9782868101332305,reachable_success
186,tiago_sew,SUCCESS_EXACT,tiago_semi_analytic,c96a32d,median-body-4344-torso015-J1-root-zplus020-v4,wrist_center,gripper_grasping_frame,seed-0-wrist-0,5.17509994097054,,1.336000868909293,-0.09603449035140865,-2.0749328378185368,2.1299811017919947,0.127797108197087,-0.511893232764149,-1.6503224722658008,1.2719202621569003e-13,9.154152988684136e-14,2.5444437451708134e-14,12.96081515562314,0.3869305725252692,0.41209219762313787,0.9756169972291007,reachable_success
187,tiago_sew,SUCCESS_EXACT,tiago_semi_analytic,c96a32d,median-body-4344-torso015-J1-root-zplus020-v4,wrist_center,gripper_grasping_frame,seed-0-wrist-0,5.133499973453581,,1.3202096862151949,-0.11125532486811555,-2.0783880706561906,2.156345329905954,0.10880500934886062,-0.5242187990470231,-1.6327136014048564,1.570092458683775e-13,7.092522744111951e-14,0.0,11.45025615457312,0.38457615645551796,0.4040595899754954,0.9715594923848339,reachable_success
188,tiago_sew,SUCCESS_EXACT,tiago_semi_analytic,c96a32d,median-body-4344-torso015-J1-root-zplus020-v4,wrist_center,gripper_grasping_frame,seed-0-wrist-0,5.158700048923492,,1.3034802537808148,-0.1256137723805902,-2.08024636108866,2.1833207432053663,0.08728535756671141,-0.5384152041914065,-1.6150243886080933,1.3877787807814457e-13,8.676791346844871e-14,0.0,9.904678821895729,0.3824110945686193,0.39600341178855625,0.9666210875032127,reachable_success
189,tiago_sew,SUCCESS_EXACT,tiago_semi_analytic,c96a32d,median-body-4344-torso015-J1-root-zplus020-v4,wrist_center,gripper_grasping_frame,seed-0-wrist-0,5.156500032171607,,1.2863224235697281,-0.141150228707145,-2.0812441834919375,2.209722756176465,0.06341670190030868,-0.5511390029781906,-1.6009549183655407,2.3551386880256624e-13,7.899972863040702e-14,5.088887490341627e-14,8.391954908002107,0.3809278097666581,0.38806471806487186,0.961820186873162,reachable_success
190,tiago_sew,SUCCESS_EXACT,tiago_semi_analytic,c96a32d,median-body-4344-torso015-J1-root-zplus020-v4,wrist_center,gripper_grasping_frame,seed-0-wrist-0,5.097499932162464,,1.2699884898872837,-0.1563825022575183,-2.0816266667923276,2.236007135305581,0.036418597945797604,-0.5673740752010699,-1.5840235028047065,4.583285185259637e-12,6.947405045350521e-14,1.7811106216195694e-13,6.885970916782035,0.3795157264267649,0.38056802665319567,0.9563279467260692,reachable_success
191,tiago_sew,SUCCESS_EXACT,tiago_semi_analytic,c96a32d,median-body-4344-torso015-J1-root-zplus020-v4,wrist_center,gripper_grasping_frame,seed-0-wrist-0,4.782999982126057,,1.2525718455464188,-0.17149009749227123,-2.080211706561988,2.2622141711112014,0.014878012011367403,-0.5768928756748588,-1.571667168342306,9.819514704841208e-11,3.30486609246978e-14,4.376443241693799e-12,5.384418371571746,0.3776066491181501,0.37286011983096534,0.9516168448212726,reachable_success
192,tiago_sew,SUCCESS_EXACT,tiago_semi_analytic,c96a32d,median-body-4344-torso015-J1-root-zplus020-v4,wrist_center,gripper_grasping_frame,seed-0-wrist-0,5.397600005380809,,1.2362651787955203,-0.18751214929702098,-2.0789547600451375,2.2876365134196908,-0.0011472173511570816,-0.5814351536922846,-1.564064508198845,3.091567677318266e-09,8.7401076962072e-14,1.4381196047705438e-10,3.9278254519584337,0.37484061431204596,0.36538087262482233,0.9481134365342179,reachable_success
193,tiago_sew,SUCCESS_EXACT,tiago_semi_analytic,c96a32d,median-body-4344-torso015-J1-root-zplus020-v4,wrist_center,gripper_grasping_frame,seed-0-wrist-0,5.178000079467893,,1.2197413476749805,-0.20283238227139233,-2.0769910853412257,2.3122397877684775,-0.014165151484560212,-0.5853673843669438,-1.552962917564261,2.5962091393654524e-07,5.166116740150914e-14,1.2309917061386588e-08,2.5181616695704747,0.37193419871936334,0.3579680854878432,0.9446591306846247,reachable_success
194,tiago_sew,SUCCESS_EXACT,tiago_semi_analytic,c96a32d,median-body-4344-torso015-J1-root-zplus020-v4,wrist_center,gripper_grasping_frame,seed-0-wrist-0,5.923700053244829,,1.2029849599675582,-0.21937345503834838,-2.0743501490384904,2.3370909014886485,-0.019158522945071255,-0.5872438284918546,-1.5436016941187773,1.2637910408147825e-08,1.1642776786480824e-13,6.13643498022845e-10,1.0942977372050215,0.36793855659223795,0.3502751475973411,0.941333129002591,reachable_success
195,tiago_sew,NUMERICAL_FAILURE,tiago_semi_analytic,c96a32d,median-body-4344-torso015-J1-root-zplus020-v4,wrist_center,gripper_grasping_frame,,309.36069996096194,no exact or boundary-refined wrist branch met strict wrist-center/orientation/SEW tolerances,,,,,,,,,,,,,,,oracle_inconclusive
196,tiago_sew,NUMERICAL_FAILURE,tiago_semi_analytic,c96a32d,median-body-4344-torso015-J1-root-zplus020-v4,wrist_center,gripper_grasping_frame,,414.40349991898984,no exact or boundary-refined wrist branch met strict wrist-center/orientation/SEW tolerances,,,,,,,,,,,,,,,oracle_inconclusive
197,tiago_sew,NUMERICAL_FAILURE,tiago_semi_analytic,c96a32d,median-body-4344-torso015-J1-root-zplus020-v4,wrist_center,gripper_grasping_frame,,285.9419999876991,no exact or boundary-refined wrist branch met strict wrist-center/orientation/SEW tolerances,,,,,,,,,,,,,,,oracle_inconclusive
198,tiago_sew,NUMERICAL_FAILURE,tiago_semi_analytic,c96a32d,median-body-4344-torso015-J1-root-zplus020-v4,wrist_center,gripper_grasping_frame,,389.3602999160066,no exact or boundary-refined wrist branch met strict wrist-center/orientation/SEW tolerances,,,,,,,,,,,,,,,oracle_inconclusive
199,tiago_sew,NUMERICAL_FAILURE,tiago_semi_analytic,c96a32d,median-body-4344-torso015-J1-root-zplus020-v4,wrist_center,gripper_grasping_frame,,211.83720009867102,no exact or boundary-refined wrist branch met strict wrist-center/orientation/SEW tolerances,,,,,,,,,,,,,,,oracle_inconclusive
200,tiago_sew,NUMERICAL_FAILURE,tiago_semi_analytic,c96a32d,median-body-4344-torso015-J1-root-zplus020-v4,wrist_center,gripper_grasping_frame,,222.79119992163032,no exact or boundary-refined wrist branch met strict wrist-center/orientation/SEW tolerances,,,,,,,,,,,,,,,oracle_inconclusive
201,tiago_sew,NUMERICAL_FAILURE,tiago_semi_analytic,c96a32d,median-body-4344-torso015-J1-root-zplus020-v4,wrist_center,gripper_grasping_frame,,250.34910009708256,no exact or boundary-refined wrist branch met strict wrist-center/orientation/SEW tolerances,,,,,,,,,,,,,,,oracle_inconclusive
202,tiago_sew,NUMERICAL_FAILURE,tiago_semi_analytic,c96a32d,median-body-4344-torso015-J1-root-zplus020-v4,wrist_center,gripper_grasping_frame,,236.27559992019087,no exact or boundary-refined wrist branch met strict wrist-center/orientation/SEW tolerances,,,,,,,,,,,,,,,oracle_inconclusive
203,tiago_sew,NUMERICAL_FAILURE,tiago_semi_analytic,c96a32d,median-body-4344-torso015-J1-root-zplus020-v4,wrist_center,gripper_grasping_frame,,244.86699991393834,no exact or boundary-refined wrist branch met strict wrist-center/orientation/SEW tolerances,,,,,,,,,,,,,,,oracle_inconclusive
204,tiago_sew,NUMERICAL_FAILURE,tiago_semi_analytic,c96a32d,median-body-4344-torso015-J1-root-zplus020-v4,wrist_center,gripper_grasping_frame,,245.43390003964305,no exact or boundary-refined wrist branch met strict wrist-center/orientation/SEW tolerances,,,,,,,,,,,,,,,oracle_inconclusive
205,tiago_sew,NUMERICAL_FAILURE,tiago_semi_analytic,c96a32d,median-body-4344-torso015-J1-root-zplus020-v4,wrist_center,gripper_grasping_frame,,277.69600006286055,no exact or boundary-refined wrist branch met strict wrist-center/orientation/SEW tolerances,,,,,,,,,,,,,,,oracle_inconclusive
206,tiago_sew,NUMERICAL_FAILURE,tiago_semi_analytic,c96a32d,median-body-4344-torso015-J1-root-zplus020-v4,wrist_center,gripper_grasping_frame,,273.61789997667074,no exact or boundary-refined wrist branch met strict wrist-center/orientation/SEW tolerances,,,,,,,,,,,,,,,oracle_inconclusive
207,tiago_sew,NUMERICAL_FAILURE,tiago_semi_analytic,c96a32d,median-body-4344-torso015-J1-root-zplus020-v4,wrist_center,gripper_grasping_frame,,262.706600013189,no exact or boundary-refined wrist branch met strict wrist-center/orientation/SEW tolerances,,,,,,,,,,,,,,,oracle_inconclusive
208,tiago_sew,NUMERICAL_FAILURE,tiago_semi_analytic,c96a32d,median-body-4344-torso015-J1-root-zplus020-v4,wrist_center,gripper_grasping_frame,,395.78770007938147,no exact or boundary-refined wrist branch met strict wrist-center/orientation/SEW tolerances,,,,,,,,,,,,,,,oracle_inconclusive
209,tiago_sew,NUMERICAL_FAILURE,tiago_semi_analytic,c96a32d,median-body-4344-torso015-J1-root-zplus020-v4,wrist_center,gripper_grasping_frame,,240.47770001925528,no exact or boundary-refined wrist branch met strict wrist-center/orientation/SEW tolerances,,,,,,,,,,,,,,,oracle_inconclusive
210,tiago_sew,NUMERICAL_FAILURE,tiago_semi_analytic,c96a32d,median-body-4344-torso015-J1-root-zplus020-v4,wrist_center,gripper_grasping_frame,,252.46519991196692,no exact or boundary-refined wrist branch met strict wrist-center/orientation/SEW tolerances,,,,,,,,,,,,,,,oracle_inconclusive
211,tiago_sew,NUMERICAL_FAILURE,tiago_semi_analytic,c96a32d,median-body-4344-torso015-J1-root-zplus020-v4,wrist_center,gripper_grasping_frame,,263.9902000082657,no exact or boundary-refined wrist branch met strict wrist-center/orientation/SEW tolerances,,,,,,,,,,,,,,,oracle_inconclusive
212,tiago_sew,NUMERICAL_FAILURE,tiago_semi_analytic,c96a32d,median-body-4344-torso015-J1-root-zplus020-v4,wrist_center,gripper_grasping_frame,,274.7854000190273,no exact or boundary-refined wrist branch met strict wrist-center/orientation/SEW tolerances,,,,,,,,,,,,,,,oracle_inconclusive
213,tiago_sew,NUMERICAL_FAILURE,tiago_semi_analytic,c96a32d,median-body-4344-torso015-J1-root-zplus020-v4,wrist_center,gripper_grasping_frame,,288.59280003234744,no exact or boundary-refined wrist branch met strict wrist-center/orientation/SEW tolerances,,,,,,,,,,,,,,,oracle_inconclusive
214,tiago_sew,NUMERICAL_FAILURE,tiago_semi_analytic,c96a32d,median-body-4344-torso015-J1-root-zplus020-v4,wrist_center,gripper_grasping_frame,,305.06349995266646,no exact or boundary-refined wrist branch met strict wrist-center/orientation/SEW tolerances,,,,,,,,,,,,,,,oracle_inconclusive
215,tiago_sew,NUMERICAL_FAILURE,tiago_semi_analytic,c96a32d,median-body-4344-torso015-J1-root-zplus020-v4,wrist_center,gripper_grasping_frame,,323.0178001103923,no exact or boundary-refined wrist branch met strict wrist-center/orientation/SEW tolerances,,,,,,,,,,,,,,,oracle_inconclusive
216,tiago_sew,NUMERICAL_FAILURE,tiago_semi_analytic,c96a32d,median-body-4344-torso015-J1-root-zplus020-v4,wrist_center,gripper_grasping_frame,,347.2048999974504,no exact or boundary-refined wrist branch met strict wrist-center/orientation/SEW tolerances,,,,,,,,,,,,,,,oracle_inconclusive
217,tiago_sew,NUMERICAL_FAILURE,tiago_semi_analytic,c96a32d,median-body-4344-torso015-J1-root-zplus020-v4,wrist_center,gripper_grasping_frame,,374.3027999298647,no exact or boundary-refined wrist branch met strict wrist-center/orientation/SEW tolerances,,,,,,,,,,,,,,,oracle_inconclusive
218,tiago_sew,NUMERICAL_FAILURE,tiago_semi_analytic,c96a32d,median-body-4344-torso015-J1-root-zplus020-v4,wrist_center,gripper_grasping_frame,,413.86870003771037,no exact or boundary-refined wrist branch met strict wrist-center/orientation/SEW tolerances,,,,,,,,,,,,,,,oracle_inconclusive
219,tiago_sew,NUMERICAL_FAILURE,tiago_semi_analytic,c96a32d,median-body-4344-torso015-J1-root-zplus020-v4,wrist_center,gripper_grasping_frame,,441.5447999490425,no exact or boundary-refined wrist branch met strict wrist-center/orientation/SEW tolerances,,,,,,,,,,,,,,,oracle_inconclusive
220,tiago_sew,NUMERICAL_FAILURE,tiago_semi_analytic,c96a32d,median-body-4344-torso015-J1-root-zplus020-v4,wrist_center,gripper_grasping_frame,,454.7638000221923,no exact or boundary-refined wrist branch met strict wrist-center/orientation/SEW tolerances,,,,,,,,,,,,,,,oracle_inconclusive
221,tiago_sew,NUMERICAL_FAILURE,tiago_semi_analytic,c96a32d,median-body-4344-torso015-J1-root-zplus020-v4,wrist_center,gripper_grasping_frame,,454.02599999215454,no exact or boundary-refined wrist branch met strict wrist-center/orientation/SEW tolerances,,,,,,,,,,,,,,,oracle_inconclusive
222,tiago_sew,NUMERICAL_FAILURE,tiago_semi_analytic,c96a32d,median-body-4344-torso015-J1-root-zplus020-v4,wrist_center,gripper_grasping_frame,,425.0262000132352,no exact or boundary-refined wrist branch met strict wrist-center/orientation/SEW tolerances,,,,,,,,,,,,,,,oracle_inconclusive
223,tiago_sew,NUMERICAL_FAILURE,tiago_semi_analytic,c96a32d,median-body-4344-torso015-J1-root-zplus020-v4,wrist_center,gripper_grasping_frame,,368.576200096868,no exact or boundary-refined wrist branch met strict wrist-center/orientation/SEW tolerances,,,,,,,,,,,,,,,oracle_inconclusive
224,tiago_sew,NUMERICAL_FAILURE,tiago_semi_analytic,c96a32d,median-body-4344-torso015-J1-root-zplus020-v4,wrist_center,gripper_grasping_frame,,337.6778999809176,no exact or boundary-refined wrist branch met strict wrist-center/orientation/SEW tolerances,,,,,,,,,,,,,,,oracle_inconclusive
225,tiago_sew,NUMERICAL_FAILURE,tiago_semi_analytic,c96a32d,median-body-4344-torso015-J1-root-zplus020-v4,wrist_center,gripper_grasping_frame,,317.581900046207,no exact or boundary-refined wrist branch met strict wrist-center/orientation/SEW tolerances,,,,,,,,,,,,,,,oracle_inconclusive
226,tiago_sew,NUMERICAL_FAILURE,tiago_semi_analytic,c96a32d,median-body-4344-torso015-J1-root-zplus020-v4,wrist_center,gripper_grasping_frame,,306.3607000513002,no exact or boundary-refined wrist branch met strict wrist-center/orientation/SEW tolerances,,,,,,,,,,,,,,,oracle_inconclusive
227,tiago_sew,NUMERICAL_FAILURE,tiago_semi_analytic,c96a32d,median-body-4344-torso015-J1-root-zplus020-v4,wrist_center,gripper_grasping_frame,,293.7139000277966,no exact or boundary-refined wrist branch met strict wrist-center/orientation/SEW tolerances,,,,,,,,,,,,,,,oracle_inconclusive
228,tiago_sew,NUMERICAL_FAILURE,tiago_semi_analytic,c96a32d,median-body-4344-torso015-J1-root-zplus020-v4,wrist_center,gripper_grasping_frame,,284.5786999678239,no exact or boundary-refined wrist branch met strict wrist-center/orientation/SEW tolerances,,,,,,,,,,,,,,,oracle_inconclusive
229,tiago_sew,NUMERICAL_FAILURE,tiago_semi_analytic,c96a32d,median-body-4344-torso015-J1-root-zplus020-v4,wrist_center,gripper_grasping_frame,,253.01149999722838,no exact or boundary-refined wrist branch met strict wrist-center/orientation/SEW tolerances,,,,,,,,,,,,,,,oracle_inconclusive
230,tiago_sew,NUMERICAL_FAILURE,tiago_semi_analytic,c96a32d,median-body-4344-torso015-J1-root-zplus020-v4,wrist_center,gripper_grasping_frame,,244.16540004312992,no exact or boundary-refined wrist branch met strict wrist-center/orientation/SEW tolerances,,,,,,,,,,,,,,,oracle_inconclusive
231,tiago_sew,NUMERICAL_FAILURE,tiago_semi_analytic,c96a32d,median-body-4344-torso015-J1-root-zplus020-v4,wrist_center,gripper_grasping_frame,,263.3022000081837,no exact or boundary-refined wrist branch met strict wrist-center/orientation/SEW tolerances,,,,,,,,,,,,,,,oracle_inconclusive
232,tiago_sew,NUMERICAL_FAILURE,tiago_semi_analytic,c96a32d,median-body-4344-torso015-J1-root-zplus020-v4,wrist_center,gripper_grasping_frame,,255.45059994328767,no exact or boundary-refined wrist branch met strict wrist-center/orientation/SEW tolerances,,,,,,,,,,,,,,,oracle_inconclusive
233,tiago_sew,NUMERICAL_FAILURE,tiago_semi_analytic,c96a32d,median-body-4344-torso015-J1-root-zplus020-v4,wrist_center,gripper_grasping_frame,,242.43149999529123,no exact or boundary-refined wrist branch met strict wrist-center/orientation/SEW tolerances,,,,,,,,,,,,,,,oracle_inconclusive
234,tiago_sew,NUMERICAL_FAILURE,tiago_semi_analytic,c96a32d,median-body-4344-torso015-J1-root-zplus020-v4,wrist_center,gripper_grasping_frame,,262.5038999831304,no exact or boundary-refined wrist branch met strict wrist-center/orientation/SEW tolerances,,,,,,,,,,,,,,,oracle_inconclusive
235,tiago_sew,NUMERICAL_FAILURE,tiago_semi_analytic,c96a32d,median-body-4344-torso015-J1-root-zplus020-v4,wrist_center,gripper_grasping_frame,,254.02380002196878,no exact or boundary-refined wrist branch met strict wrist-center/orientation/SEW tolerances,,,,,,,,,,,,,,,oracle_inconclusive
236,tiago_sew,NUMERICAL_FAILURE,tiago_semi_analytic,c96a32d,median-body-4344-torso015-J1-root-zplus020-v4,wrist_center,gripper_grasping_frame,,243.08240006212145,no exact or boundary-refined wrist branch met strict wrist-center/orientation/SEW tolerances,,,,,,,,,,,,,,,oracle_inconclusive
237,tiago_sew,NUMERICAL_FAILURE,tiago_semi_analytic,c96a32d,median-body-4344-torso015-J1-root-zplus020-v4,wrist_center,gripper_grasping_frame,,233.75649994704872,no exact or boundary-refined wrist branch met strict wrist-center/orientation/SEW tolerances,,,,,,,,,,,,,,,oracle_inconclusive
238,tiago_sew,NUMERICAL_FAILURE,tiago_semi_analytic,c96a32d,median-body-4344-torso015-J1-root-zplus020-v4,wrist_center,gripper_grasping_frame,,221.39260009862483,no exact or boundary-refined wrist branch met strict wrist-center/orientation/SEW tolerances,,,,,,,,,,,,,,,oracle_inconclusive
239,tiago_sew,NUMERICAL_FAILURE,tiago_semi_analytic,c96a32d,median-body-4344-torso015-J1-root-zplus020-v4,wrist_center,gripper_grasping_frame,,221.41360002569854,no exact or boundary-refined wrist branch met strict wrist-center/orientation/SEW tolerances,,,,,,,,,,,,,,,oracle_inconclusive
240,tiago_sew,NUMERICAL_FAILURE,tiago_semi_analytic,c96a32d,median-body-4344-torso015-J1-root-zplus020-v4,wrist_center,gripper_grasping_frame,,225.687799975276,no exact or boundary-refined wrist branch met strict wrist-center/orientation/SEW tolerances,,,,,,,,,,,,,,,oracle_inconclusive
241,tiago_sew,NUMERICAL_FAILURE,tiago_semi_analytic,c96a32d,median-body-4344-torso015-J1-root-zplus020-v4,wrist_center,gripper_grasping_frame,,223.44149998389184,no exact or boundary-refined wrist branch met strict wrist-center/orientation/SEW tolerances,,,,,,,,,,,,,,,oracle_inconclusive
242,tiago_sew,NUMERICAL_FAILURE,tiago_semi_analytic,c96a32d,median-body-4344-torso015-J1-root-zplus020-v4,wrist_center,gripper_grasping_frame,,224.20379996765405,no exact or boundary-refined wrist branch met strict wrist-center/orientation/SEW tolerances,,,,,,,,,,,,,,,oracle_inconclusive
243,tiago_sew,NUMERICAL_FAILURE,tiago_semi_analytic,c96a32d,median-body-4344-torso015-J1-root-zplus020-v4,wrist_center,gripper_grasping_frame,,224.23960000742227,no exact or boundary-refined wrist branch met strict wrist-center/orientation/SEW tolerances,,,,,,,,,,,,,,,oracle_inconclusive
244,tiago_sew,NUMERICAL_FAILURE,tiago_semi_analytic,c96a32d,median-body-4344-torso015-J1-root-zplus020-v4,wrist_center,gripper_grasping_frame,,229.25700002815574,no exact or boundary-refined wrist branch met strict wrist-center/orientation/SEW tolerances,,,,,,,,,,,,,,,oracle_inconclusive
245,tiago_sew,NUMERICAL_FAILURE,tiago_semi_analytic,c96a32d,median-body-4344-torso015-J1-root-zplus020-v4,wrist_center,gripper_grasping_frame,,226.35899996384978,no exact or boundary-refined wrist branch met strict wrist-center/orientation/SEW tolerances,,,,,,,,,,,,,,,oracle_inconclusive
246,tiago_sew,NUMERICAL_FAILURE,tiago_semi_analytic,c96a32d,median-body-4344-torso015-J1-root-zplus020-v4,wrist_center,gripper_grasping_frame,,212.4567999271676,no exact or boundary-refined wrist branch met strict wrist-center/orientation/SEW tolerances,,,,,,,,,,,,,,,oracle_inconclusive
247,tiago_sew,NUMERICAL_FAILURE,tiago_semi_analytic,c96a32d,median-body-4344-torso015-J1-root-zplus020-v4,wrist_center,gripper_grasping_frame,,253.65099997725338,no exact or boundary-refined wrist branch met strict wrist-center/orientation/SEW tolerances,,,,,,,,,,,,,,,oracle_inconclusive
248,tiago_sew,NUMERICAL_FAILURE,tiago_semi_analytic,c96a32d,median-body-4344-torso015-J1-root-zplus020-v4,wrist_center,gripper_grasping_frame,,244.50799997430295,no exact or boundary-refined wrist branch met strict wrist-center/orientation/SEW tolerances,,,,,,,,,,,,,,,oracle_inconclusive
249,tiago_sew,NUMERICAL_FAILURE,tiago_semi_analytic,c96a32d,median-body-4344-torso015-J1-root-zplus020-v4,wrist_center,gripper_grasping_frame,,235.840400098823,no exact or boundary-refined wrist branch met strict wrist-center/orientation/SEW tolerances,,,,,,,,,,,,,,,oracle_inconclusive
250,tiago_sew,NUMERICAL_FAILURE,tiago_semi_analytic,c96a32d,median-body-4344-torso015-J1-root-zplus020-v4,wrist_center,gripper_grasping_frame,,248.71559999883175,no exact or boundary-refined wrist branch met strict wrist-center/orientation/SEW tolerances,,,,,,,,,,,,,,,oracle_inconclusive
251,tiago_sew,NUMERICAL_FAILURE,tiago_semi_analytic,c96a32d,median-body-4344-torso015-J1-root-zplus020-v4,wrist_center,gripper_grasping_frame,,260.06839994806796,no exact or boundary-refined wrist branch met strict wrist-center/orientation/SEW tolerances,,,,,,,,,,,,,,,oracle_inconclusive
252,tiago_sew,NUMERICAL_FAILURE,tiago_semi_analytic,c96a32d,median-body-4344-torso015-J1-root-zplus020-v4,wrist_center,gripper_grasping_frame,,228.28519996255636,no exact or boundary-refined wrist branch met strict wrist-center/orientation/SEW tolerances,,,,,,,,,,,,,,,oracle_inconclusive
253,tiago_sew,NUMERICAL_FAILURE,tiago_semi_analytic,c96a32d,median-body-4344-torso015-J1-root-zplus020-v4,wrist_center,gripper_grasping_frame,,227.34940005466342,no exact or boundary-refined wrist branch met strict wrist-center/orientation/SEW tolerances,,,,,,,,,,,,,,,oracle_inconclusive
254,tiago_sew,NUMERICAL_FAILURE,tiago_semi_analytic,c96a32d,median-body-4344-torso015-J1-root-zplus020-v4,wrist_center,gripper_grasping_frame,,235.66919995937496,no exact or boundary-refined wrist branch met strict wrist-center/orientation/SEW tolerances,,,,,,,,,,,,,,,oracle_inconclusive
255,tiago_sew,NUMERICAL_FAILURE,tiago_semi_analytic,c96a32d,median-body-4344-torso015-J1-root-zplus020-v4,wrist_center,gripper_grasping_frame,,241.174399969168,no exact or boundary-refined wrist branch met strict wrist-center/orientation/SEW tolerances,,,,,,,,,,,,,,,oracle_inconclusive
256,tiago_sew,NUMERICAL_FAILURE,tiago_semi_analytic,c96a32d,median-body-4344-torso015-J1-root-zplus020-v4,wrist_center,gripper_grasping_frame,,270.5584999639541,no exact or boundary-refined wrist branch met strict wrist-center/orientation/SEW tolerances,,,,,,,,,,,,,,,oracle_inconclusive
257,tiago_sew,NUMERICAL_FAILURE,tiago_semi_analytic,c96a32d,median-body-4344-torso015-J1-root-zplus020-v4,wrist_center,gripper_grasping_frame,,275.58280003722757,no exact or boundary-refined wrist branch met strict wrist-center/orientation/SEW tolerances,,,,,,,,,,,,,,,oracle_inconclusive
258,tiago_sew,NUMERICAL_FAILURE,tiago_semi_analytic,c96a32d,median-body-4344-torso015-J1-root-zplus020-v4,wrist_center,gripper_grasping_frame,,259.66219999827445,no exact or boundary-refined wrist branch met strict wrist-center/orientation/SEW tolerances,,,,,,,,,,,,,,,oracle_inconclusive
259,tiago_sew,NUMERICAL_FAILURE,tiago_semi_analytic,c96a32d,median-body-4344-torso015-J1-root-zplus020-v4,wrist_center,gripper_grasping_frame,,273.09080003760755,no exact or boundary-refined wrist branch met strict wrist-center/orientation/SEW tolerances,,,,,,,,,,,,,,,oracle_inconclusive
260,tiago_sew,NUMERICAL_FAILURE,tiago_semi_analytic,c96a32d,median-body-4344-torso015-J1-root-zplus020-v4,wrist_center,gripper_grasping_frame,,290.80750001594424,no exact or boundary-refined wrist branch met strict wrist-center/orientation/SEW tolerances,,,,,,,,,,,,,,,oracle_inconclusive
261,tiago_sew,NUMERICAL_FAILURE,tiago_semi_analytic,c96a32d,median-body-4344-torso015-J1-root-zplus020-v4,wrist_center,gripper_grasping_frame,,318.1025000521913,no exact or boundary-refined wrist branch met strict wrist-center/orientation/SEW tolerances,,,,,,,,,,,,,,,oracle_inconclusive
262,tiago_sew,NUMERICAL_FAILURE,tiago_semi_analytic,c96a32d,median-body-4344-torso015-J1-root-zplus020-v4,wrist_center,gripper_grasping_frame,,361.40479997266084,no exact or boundary-refined wrist branch met strict wrist-center/orientation/SEW tolerances,,,,,,,,,,,,,,,oracle_inconclusive
263,tiago_sew,NUMERICAL_FAILURE,tiago_semi_analytic,c96a32d,median-body-4344-torso015-J1-root-zplus020-v4,wrist_center,gripper_grasping_frame,,350.4079000558704,no exact or boundary-refined wrist branch met strict wrist-center/orientation/SEW tolerances,,,,,,,,,,,,,,,oracle_inconclusive
264,tiago_sew,NUMERICAL_FAILURE,tiago_semi_analytic,c96a32d,median-body-4344-torso015-J1-root-zplus020-v4,wrist_center,gripper_grasping_frame,,354.9291000235826,no exact or boundary-refined wrist branch met strict wrist-center/orientation/SEW tolerances,,,,,,,,,,,,,,,oracle_inconclusive
265,tiago_sew,NUMERICAL_FAILURE,tiago_semi_analytic,c96a32d,median-body-4344-torso015-J1-root-zplus020-v4,wrist_center,gripper_grasping_frame,,353.0109999701381,no exact or boundary-refined wrist branch met strict wrist-center/orientation/SEW tolerances,,,,,,,,,,,,,,,oracle_inconclusive
266,tiago_sew,NUMERICAL_FAILURE,tiago_semi_analytic,c96a32d,median-body-4344-torso015-J1-root-zplus020-v4,wrist_center,gripper_grasping_frame,,346.06949996668845,no exact or boundary-refined wrist branch met strict wrist-center/orientation/SEW tolerances,,,,,,,,,,,,,,,oracle_inconclusive
267,tiago_sew,NUMERICAL_FAILURE,tiago_semi_analytic,c96a32d,median-body-4344-torso015-J1-root-zplus020-v4,wrist_center,gripper_grasping_frame,,326.9514999119565,no exact or boundary-refined wrist branch met strict wrist-center/orientation/SEW tolerances,,,,,,,,,,,,,,,oracle_inconclusive
268,tiago_sew,NUMERICAL_FAILURE,tiago_semi_analytic,c96a32d,median-body-4344-torso015-J1-root-zplus020-v4,wrist_center,gripper_grasping_frame,,312.1318999910727,no exact or boundary-refined wrist branch met strict wrist-center/orientation/SEW tolerances,,,,,,,,,,,,,,,oracle_inconclusive
269,tiago_sew,NUMERICAL_FAILURE,tiago_semi_analytic,c96a32d,median-body-4344-torso015-J1-root-zplus020-v4,wrist_center,gripper_grasping_frame,,295.86989991366863,no exact or boundary-refined wrist branch met strict wrist-center/orientation/SEW tolerances,,,,,,,,,,,,,,,oracle_inconclusive
270,tiago_sew,NUMERICAL_FAILURE,tiago_semi_analytic,c96a32d,median-body-4344-torso015-J1-root-zplus020-v4,wrist_center,gripper_grasping_frame,,281.79710009135306,no exact or boundary-refined wrist branch met strict wrist-center/orientation/SEW tolerances,,,,,,,,,,,,,,,oracle_inconclusive
271,tiago_sew,NUMERICAL_FAILURE,tiago_semi_analytic,c96a32d,median-body-4344-torso015-J1-root-zplus020-v4,wrist_center,gripper_grasping_frame,,274.9289999483153,no exact or boundary-refined wrist branch met strict wrist-center/orientation/SEW tolerances,,,,,,,,,,,,,,,oracle_inconclusive
272,tiago_sew,NUMERICAL_FAILURE,tiago_semi_analytic,c96a32d,median-body-4344-torso015-J1-root-zplus020-v4,wrist_center,gripper_grasping_frame,,267.5829000072554,no exact or boundary-refined wrist branch met strict wrist-center/orientation/SEW tolerances,,,,,,,,,,,,,,,oracle_inconclusive
273,tiago_sew,NUMERICAL_FAILURE,tiago_semi_analytic,c96a32d,median-body-4344-torso015-J1-root-zplus020-v4,wrist_center,gripper_grasping_frame,,257.18710001092404,no exact or boundary-refined wrist branch met strict wrist-center/orientation/SEW tolerances,,,,,,,,,,,,,,,oracle_inconclusive
274,tiago_sew,NUMERICAL_FAILURE,tiago_semi_analytic,c96a32d,median-body-4344-torso015-J1-root-zplus020-v4,wrist_center,gripper_grasping_frame,,261.17069995962083,no exact or boundary-refined wrist branch met strict wrist-center/orientation/SEW tolerances,,,,,,,,,,,,,,,oracle_inconclusive
275,tiago_sew,NUMERICAL_FAILURE,tiago_semi_analytic,c96a32d,median-body-4344-torso015-J1-root-zplus020-v4,wrist_center,gripper_grasping_frame,,240.00640003941953,no exact or boundary-refined wrist branch met strict wrist-center/orientation/SEW tolerances,,,,,,,,,,,,,,,oracle_inconclusive
276,tiago_sew,NUMERICAL_FAILURE,tiago_semi_analytic,c96a32d,median-body-4344-torso015-J1-root-zplus020-v4,wrist_center,gripper_grasping_frame,,424.997300026007,no exact or boundary-refined wrist branch met strict wrist-center/orientation/SEW tolerances,,,,,,,,,,,,,,,oracle_inconclusive
277,tiago_sew,NUMERICAL_FAILURE,tiago_semi_analytic,c96a32d,median-body-4344-torso015-J1-root-zplus020-v4,wrist_center,gripper_grasping_frame,,299.220799934119,no exact or boundary-refined wrist branch met strict wrist-center/orientation/SEW tolerances,,,,,,,,,,,,,,,oracle_inconclusive
278,tiago_sew,NUMERICAL_FAILURE,tiago_semi_analytic,c96a32d,median-body-4344-torso015-J1-root-zplus020-v4,wrist_center,gripper_grasping_frame,,294.91370008327067,no exact or boundary-refined wrist branch met strict wrist-center/orientation/SEW tolerances,,,,,,,,,,,,,,,oracle_inconclusive
279,tiago_sew,NUMERICAL_FAILURE,tiago_semi_analytic,c96a32d,median-body-4344-torso015-J1-root-zplus020-v4,wrist_center,gripper_grasping_frame,,267.5087000243366,no exact or boundary-refined wrist branch met strict wrist-center/orientation/SEW tolerances,,,,,,,,,,,,,,,oracle_inconclusive
280,tiago_sew,NUMERICAL_FAILURE,tiago_semi_analytic,c96a32d,median-body-4344-torso015-J1-root-zplus020-v4,wrist_center,gripper_grasping_frame,,277.2114999825135,no exact or boundary-refined wrist branch met strict wrist-center/orientation/SEW tolerances,,,,,,,,,,,,,,,oracle_inconclusive
281,tiago_sew,NUMERICAL_FAILURE,tiago_semi_analytic,c96a32d,median-body-4344-torso015-J1-root-zplus020-v4,wrist_center,gripper_grasping_frame,,257.1581000229344,no exact or boundary-refined wrist branch met strict wrist-center/orientation/SEW tolerances,,,,,,,,,,,,,,,oracle_inconclusive
282,tiago_sew,NUMERICAL_FAILURE,tiago_semi_analytic,c96a32d,median-body-4344-torso015-J1-root-zplus020-v4,wrist_center,gripper_grasping_frame,,256.8754000822082,no exact or boundary-refined wrist branch met strict wrist-center/orientation/SEW tolerances,,,,,,,,,,,,,,,oracle_inconclusive
283,tiago_sew,NUMERICAL_FAILURE,tiago_semi_analytic,c96a32d,median-body-4344-torso015-J1-root-zplus020-v4,wrist_center,gripper_grasping_frame,,244.86089998390526,no exact or boundary-refined wrist branch met strict wrist-center/orientation/SEW tolerances,,,,,,,,,,,,,,,oracle_inconclusive
284,tiago_sew,NUMERICAL_FAILURE,tiago_semi_analytic,c96a32d,median-body-4344-torso015-J1-root-zplus020-v4,wrist_center,gripper_grasping_frame,,241.89860001206398,no exact or boundary-refined wrist branch met strict wrist-center/orientation/SEW tolerances,,,,,,,,,,,,,,,oracle_inconclusive
285,tiago_sew,NUMERICAL_FAILURE,tiago_semi_analytic,c96a32d,median-body-4344-torso015-J1-root-zplus020-v4,wrist_center,gripper_grasping_frame,,235.14530004467815,no exact or boundary-refined wrist branch met strict wrist-center/orientation/SEW tolerances,,,,,,,,,,,,,,,oracle_inconclusive
286,tiago_sew,NUMERICAL_FAILURE,tiago_semi_analytic,c96a32d,median-body-4344-torso015-J1-root-zplus020-v4,wrist_center,gripper_grasping_frame,,242.13489994872361,no exact or boundary-refined wrist branch met strict wrist-center/orientation/SEW tolerances,,,,,,,,,,,,,,,oracle_inconclusive
287,tiago_sew,NUMERICAL_FAILURE,tiago_semi_analytic,c96a32d,median-body-4344-torso015-J1-root-zplus020-v4,wrist_center,gripper_grasping_frame,,226.76059999503195,no exact or boundary-refined wrist branch met strict wrist-center/orientation/SEW tolerances,,,,,,,,,,,,,,,oracle_inconclusive
288,tiago_sew,NUMERICAL_FAILURE,tiago_semi_analytic,c96a32d,median-body-4344-torso015-J1-root-zplus020-v4,wrist_center,gripper_grasping_frame,,240.76379998587072,no exact or boundary-refined wrist branch met strict wrist-center/orientation/SEW tolerances,,,,,,,,,,,,,,,oracle_inconclusive
289,tiago_sew,NUMERICAL_FAILURE,tiago_semi_analytic,c96a32d,median-body-4344-torso015-J1-root-zplus020-v4,wrist_center,gripper_grasping_frame,,216.4836999727413,no exact or boundary-refined wrist branch met strict wrist-center/orientation/SEW tolerances,,,,,,,,,,,,,,,oracle_inconclusive
290,tiago_sew,NUMERICAL_FAILURE,tiago_semi_analytic,c96a32d,median-body-4344-torso015-J1-root-zplus020-v4,wrist_center,gripper_grasping_frame,,233.50979993119836,no exact or boundary-refined wrist branch met strict wrist-center/orientation/SEW tolerances,,,,,,,,,,,,,,,oracle_inconclusive
291,tiago_sew,NUMERICAL_FAILURE,tiago_semi_analytic,c96a32d,median-body-4344-torso015-J1-root-zplus020-v4,wrist_center,gripper_grasping_frame,,218.0566000752151,no exact or boundary-refined wrist branch met strict wrist-center/orientation/SEW tolerances,,,,,,,,,,,,,,,oracle_inconclusive
292,tiago_sew,NUMERICAL_FAILURE,tiago_semi_analytic,c96a32d,median-body-4344-torso015-J1-root-zplus020-v4,wrist_center,gripper_grasping_frame,,217.1544999582693,no exact or boundary-refined wrist branch met strict wrist-center/orientation/SEW tolerances,,,,,,,,,,,,,,,oracle_inconclusive
293,tiago_sew,NUMERICAL_FAILURE,tiago_semi_analytic,c96a32d,median-body-4344-torso015-J1-root-zplus020-v4,wrist_center,gripper_grasping_frame,,215.47649998683482,no exact or boundary-refined wrist branch met strict wrist-center/orientation/SEW tolerances,,,,,,,,,,,,,,,oracle_inconclusive
294,tiago_sew,NUMERICAL_FAILURE,tiago_semi_analytic,c96a32d,median-body-4344-torso015-J1-root-zplus020-v4,wrist_center,gripper_grasping_frame,,206.32390002720058,no exact or boundary-refined wrist branch met strict wrist-center/orientation/SEW tolerances,,,,,,,,,,,,,,,oracle_inconclusive
295,tiago_sew,NUMERICAL_FAILURE,tiago_semi_analytic,c96a32d,median-body-4344-torso015-J1-root-zplus020-v4,wrist_center,gripper_grasping_frame,,203.0751999700442,no exact or boundary-refined wrist branch met strict wrist-center/orientation/SEW tolerances,,,,,,,,,,,,,,,oracle_inconclusive
296,tiago_sew,NUMERICAL_FAILURE,tiago_semi_analytic,c96a32d,median-body-4344-torso015-J1-root-zplus020-v4,wrist_center,gripper_grasping_frame,,198.2488000066951,no exact or boundary-refined wrist branch met strict wrist-center/orientation/SEW tolerances,,,,,,,,,,,,,,,oracle_inconclusive
297,tiago_sew,NUMERICAL_FAILURE,tiago_semi_analytic,c96a32d,median-body-4344-torso015-J1-root-zplus020-v4,wrist_center,gripper_grasping_frame,,196.85509998816997,no exact or boundary-refined wrist branch met strict wrist-center/orientation/SEW tolerances,,,,,,,,,,,,,,,oracle_inconclusive
298,tiago_sew,NUMERICAL_FAILURE,tiago_semi_analytic,c96a32d,median-body-4344-torso015-J1-root-zplus020-v4,wrist_center,gripper_grasping_frame,,210.84710001014173,no exact or boundary-refined wrist branch met strict wrist-center/orientation/SEW tolerances,,,,,,,,,,,,,,,oracle_inconclusive
299,tiago_sew,NUMERICAL_FAILURE,tiago_semi_analytic,c96a32d,median-body-4344-torso015-J1-root-zplus020-v4,wrist_center,gripper_grasping_frame,,192.03749997541308,no exact or boundary-refined wrist branch met strict wrist-center/orientation/SEW tolerances,,,,,,,,,,,,,,,oracle_inconclusive
300,tiago_sew,NUMERICAL_FAILURE,tiago_semi_analytic,c96a32d,median-body-4344-torso015-J1-root-zplus020-v4,wrist_center,gripper_grasping_frame,,190.1244999608025,no exact or boundary-refined wrist branch met strict wrist-center/orientation/SEW tolerances,,,,,,,,,,,,,,,oracle_inconclusive
301,tiago_sew,NUMERICAL_FAILURE,tiago_semi_analytic,c96a32d,median-body-4344-torso015-J1-root-zplus020-v4,wrist_center,gripper_grasping_frame,,186.13019993063062,no exact or boundary-refined wrist branch met strict wrist-center/orientation/SEW tolerances,,,,,,,,,,,,,,,oracle_inconclusive
302,tiago_sew,NUMERICAL_FAILURE,tiago_semi_analytic,c96a32d,median-body-4344-torso015-J1-root-zplus020-v4,wrist_center,gripper_grasping_frame,,213.25989998877048,no exact or boundary-refined wrist branch met strict wrist-center/orientation/SEW tolerances,,,,,,,,,,,,,,,oracle_inconclusive
303,tiago_sew,NUMERICAL_FAILURE,tiago_semi_analytic,c96a32d,median-body-4344-torso015-J1-root-zplus020-v4,wrist_center,gripper_grasping_frame,,190.05850004032254,no exact or boundary-refined wrist branch met strict wrist-center/orientation/SEW tolerances,,,,,,,,,,,,,,,oracle_inconclusive
304,tiago_sew,NUMERICAL_FAILURE,tiago_semi_analytic,c96a32d,median-body-4344-torso015-J1-root-zplus020-v4,wrist_center,gripper_grasping_frame,,185.15519995708019,no exact or boundary-refined wrist branch met strict wrist-center/orientation/SEW tolerances,,,,,,,,,,,,,,,oracle_inconclusive
305,tiago_sew,NUMERICAL_FAILURE,tiago_semi_analytic,c96a32d,median-body-4344-torso015-J1-root-zplus020-v4,wrist_center,gripper_grasping_frame,,192.2263999003917,no exact or boundary-refined wrist branch met strict wrist-center/orientation/SEW tolerances,,,,,,,,,,,,,,,oracle_inconclusive
306,tiago_sew,NUMERICAL_FAILURE,tiago_semi_analytic,c96a32d,median-body-4344-torso015-J1-root-zplus020-v4,wrist_center,gripper_grasping_frame,,182.9244999680668,no exact or boundary-refined wrist branch met strict wrist-center/orientation/SEW tolerances,,,,,,,,,,,,,,,oracle_inconclusive
307,tiago_sew,NUMERICAL_FAILURE,tiago_semi_analytic,c96a32d,median-body-4344-torso015-J1-root-zplus020-v4,wrist_center,gripper_grasping_frame,,185.62380003277212,no exact or boundary-refined wrist branch met strict wrist-center/orientation/SEW tolerances,,,,,,,,,,,,,,,oracle_inconclusive
308,tiago_sew,NUMERICAL_FAILURE,tiago_semi_analytic,c96a32d,median-body-4344-torso015-J1-root-zplus020-v4,wrist_center,gripper_grasping_frame,,191.8021000456065,no exact or boundary-refined wrist branch met strict wrist-center/orientation/SEW tolerances,,,,,,,,,,,,,,,oracle_inconclusive
309,tiago_sew,NUMERICAL_FAILURE,tiago_semi_analytic,c96a32d,median-body-4344-torso015-J1-root-zplus020-v4,wrist_center,gripper_grasping_frame,,209.57609999459237,no exact or boundary-refined wrist branch met strict wrist-center/orientation/SEW tolerances,,,,,,,,,,,,,,,oracle_inconclusive
310,tiago_sew,NUMERICAL_FAILURE,tiago_semi_analytic,c96a32d,median-body-4344-torso015-J1-root-zplus020-v4,wrist_center,gripper_grasping_frame,,184.28509996738285,no exact or boundary-refined wrist branch met strict wrist-center/orientation/SEW tolerances,,,,,,,,,,,,,,,oracle_inconclusive
311,tiago_sew,NUMERICAL_FAILURE,tiago_semi_analytic,c96a32d,median-body-4344-torso015-J1-root-zplus020-v4,wrist_center,gripper_grasping_frame,,188.28170001506805,no exact or boundary-refined wrist branch met strict wrist-center/orientation/SEW tolerances,,,,,,,,,,,,,,,oracle_inconclusive
312,tiago_sew,NUMERICAL_FAILURE,tiago_semi_analytic,c96a32d,median-body-4344-torso015-J1-root-zplus020-v4,wrist_center,gripper_grasping_frame,,189.78879996575415,no exact or boundary-refined wrist branch met strict wrist-center/orientation/SEW tolerances,,,,,,,,,,,,,,,oracle_inconclusive
313,tiago_sew,NUMERICAL_FAILURE,tiago_semi_analytic,c96a32d,median-body-4344-torso015-J1-root-zplus020-v4,wrist_center,gripper_grasping_frame,,289.2387000611052,no exact or boundary-refined wrist branch met strict wrist-center/orientation/SEW tolerances,,,,,,,,,,,,,,,oracle_inconclusive
314,tiago_sew,SUCCESS_EXACT,tiago_semi_analytic,c96a32d,median-body-4344-torso015-J1-root-zplus020-v4,wrist_center,gripper_grasping_frame,seed-0-wrist-0,11.464399984106421,,1.2839052694542519,-0.3220075073058128,-2.0378296898054384,2.3561899941471895,0.20716776283156602,-0.5319381604841498,-1.8487448098095998,0.01657389206094332,5.353262817075215e-14,0.00079362625592986,3.3534132484023177e-07,0.31357734284327,0.359146115744181,0.9371412552723785,reachable_success
315,tiago_sew,SUCCESS_EXACT,tiago_semi_analytic,c96a32d,median-body-4344-torso015-J1-root-zplus020-v4,wrist_center,gripper_grasping_frame,seed-0-wrist-0,4.364100052043796,,1.2912762730893952,-0.31484705892098264,-2.0387052402235732,2.347326992489883,0.2102245872392987,-0.5309172485767784,-1.8476137157292634,2.0206364052201327e-13,4.440315664146305e-14,0.0,0.5078129241224458,0.3142713747615833,0.36238950126792446,0.9379736588267228,reachable_success
316,tiago_sew,SUCCESS_EXACT,tiago_semi_analytic,c96a32d,median-body-4344-torso015-J1-root-zplus020-v4,wrist_center,gripper_grasping_frame,seed-0-wrist-0,4.448799998499453,,1.2983504567182873,-0.3094927817617046,-2.0409472490909417,2.33840246864373,0.2106531410333976,-0.5267373068982666,-1.846240019706567,2.5438405243138007e-13,5.842215096035805e-14,2.5444437451708134e-14,1.0191504746708766,0.3156342587498992,0.3655499466972383,0.9399616119651266,reachable_success
317,tiago_sew,SUCCESS_EXACT,tiago_semi_analytic,c96a32d,median-body-4344-torso015-J1-root-zplus020-v4,wrist_center,gripper_grasping_frame,seed-0-wrist-0,4.54860005993396,,1.3043021920754405,-0.300539408317716,-2.0400038624015293,2.3287012755413894,0.21845643070308052,-0.528443872620386,-1.8482354883400625,2.435541875787129e-13,4.7379439448876297e-14,5.088887490341627e-14,1.5749878956764143,0.31635586734917376,0.3686206400856086,0.9397132081449139,reachable_success
318,tiago_sew,SUCCESS_EXACT,tiago_semi_analytic,c96a32d,median-body-4344-torso015-J1-root-zplus020-v4,wrist_center,gripper_grasping_frame,seed-0-wrist-0,4.360000020824373,,1.3109899692486597,-0.2943110390934721,-2.0410213968261437,2.3191422448320926,0.22713110769513456,-0.5205138097708231,-1.8559270728207053,2.7755575615628914e-14,7.677573675111199e-14,2.5444437451708134e-14,2.122680011555064,0.31725351057819595,0.3715872471282793,0.942198970829736,reachable_success
319,tiago_sew,SUCCESS_EXACT,tiago_semi_analytic,c96a32d,median-body-4344-torso015-J1-root-zplus020-v4,wrist_center,gripper_grasping_frame,seed-0-wrist-0,4.366799956187606,,1.3177540976724116,-0.2878553537209386,-2.041826503290291,2.309540573823676,0.23032088240979354,-0.5220249689080032,-1.859121858096687,1.2412670766236365e-13,5.4081852199537705e-14,2.5444437451708134e-14,2.672815236610468,0.3183657538389859,0.3748186313976012,0.9426369474128719,reachable_success
320,tiago_sew,SUCCESS_EXACT,tiago_semi_analytic,c96a32d,median-body-4344-torso015-J1-root-zplus020-v4,wrist_center,gripper_grasping_frame,seed-0-wrist-0,4.462899989448488,,1.3234180102981785,-0.28002847442790824,-2.0423089793727702,2.2985706939475192,0.2376144874859234,-0.5197902677277648,-1.8642030430722638,1.1102230246251565e-13,1.9971711800653322e-14,0.0,3.3013430552797356,0.3200460365731953,0.37794984167749957,0.9438679730188891,reachable_success
321,tiago_sew,SUCCESS_EXACT,tiago_semi_analytic,c96a32d,median-body-4344-torso015-J1-root-zplus020-v4,wrist_center,gripper_grasping_frame,seed-0-wrist-0,4.350600065663457,,1.3297740275277468,-0.27396572436460764,-2.0429118064768703,2.2883461251070414,0.24308524050174984,-0.5159403310985997,-1.870512691768802,1.2412670766236365e-13,3.8497791326109595e-14,2.5444437451708134e-14,3.887167697180086,0.3214803754681412,0.38115277328929337,0.9454417917325907,reachable_success
322,tiago_sew,SUCCESS_EXACT,tiago_semi_analytic,c96a32d,median-body-4344-torso015-J1-root-zplus020-v4,wrist_center,gripper_grasping_frame,seed-0-wrist-0,4.26829990465194,,1.3362931479067357,-0.2663724052355256,-2.0429041536804333,2.277653343766017,0.24556075260711197,-0.513091667037064,-1.8713518167568646,1.9229626863835638e-13,3.681634335566347e-14,2.5444437451708134e-14,4.4998189392770245,0.3231034800736814,0.3847229645134945,0.9466056752240323,reachable_success
323,tiago_sew,SUCCESS_EXACT,tiago_semi_analytic,c96a32d,median-body-4344-torso015-J1-root-zplus020-v4,wrist_center,gripper_grasping_frame,seed-0-wrist-0,4.341499996371567,,1.3419830739789997,-0.25794120525878145,-2.0424210840174233,2.2666330137691357,0.2469820432033769,-0.508296688085855,-1.871387076543118,2.0014830212433604e-13,6.51406251402052e-14,2.5444437451708134e-14,5.131237336939736,0.32519043584991986,0.38830267189399675,0.9480316785999925,reachable_success
324,tiago_sew,SUCCESS_EXACT,tiago_semi_analytic,c96a32d,median-body-4344-torso015-J1-root-zplus020-v4,wrist_center,gripper_grasping_frame,seed-0-wrist-0,4.335900070145726,,1.3486655163246704,-0.25167267932630194,-2.043493187482059,2.255907651945204,0.24900968553326397,-0.504613882906106,-1.8675890098475563,1.570092458683775e-13,2.748966561282584e-14,0.0,5.745755303201751,0.3269824584533233,0.39179487447665096,0.949816879064843,reachable_success
325,tiago_sew,SUCCESS_EXACT,tiago_semi_analytic,c96a32d,median-body-4344-torso015-J1-root-zplus020-v4,wrist_center,gripper_grasping_frame,seed-0-wrist-0,4.2975000105798244,,1.3545176819386335,-0.24283131880807496,-2.0433287141875804,2.24433708086749,0.2555039049991916,-0.5022180970186989,-1.8665097343074226,2.482534153247273e-13,3.8331857496190707e-14,2.5444437451708134e-14,6.408700192510917,0.3287014750305581,0.3952174225124705,0.9510436025136296,reachable_success
326,tiago_sew,SUCCESS_EXACT,tiago_semi_analytic,c96a32d,median-body-4344-torso015-J1-root-zplus020-v4,wrist_center,gripper_grasping_frame,seed-0-wrist-0,4.451200016774237,,1.3610324192988699,-0.235305325491254,-2.043383729281942,2.232491477127488,0.2605034674053699,-0.49446710932603244,-1.8670437156445345,2.482534153247273e-13,7.520001002131854e-14,2.5444437451708134e-14,7.087403292597395,0.33068483314748265,0.39891423191110653,0.9534523614481335,reachable_success
327,tiago_sew,SUCCESS_EXACT,tiago_semi_analytic,c96a32d,median-body-4344-torso015-J1-root-zplus020-v4,wrist_center,gripper_grasping_frame,seed-0-wrist-0,4.352500080130994,,1.3671032463195565,-0.227593922433808,-2.042744441250121,2.2215126202309667,0.2726302061269994,-0.49084362025269535,-1.8744113068730446,4.002966042486721e-13,9.623462547227133e-14,2.5444437451708134e-14,7.716445456646171,0.3316458174431781,0.40206526890735816,0.9548415059762796,reachable_success
328,tiago_sew,SUCCESS_EXACT,tiago_semi_analytic,c96a32d,median-body-4344-torso015-J1-root-zplus020-v4,wrist_center,gripper_grasping_frame,seed-0-wrist-0,4.302300047129393,,1.3725992768823148,-0.21904418182383112,-2.0423666598555723,2.2096607248368394,0.28799705064713077,-0.4839805767868173,-1.8879712526485717,1.3877787807814457e-13,5.4902817369802546e-14,0.0,8.395509041960208,0.3329917109386572,0.4051127584003115,0.95715453165347,reachable_success
329,tiago_sew,SUCCESS_EXACT,tiago_semi_analytic,c96a32d,median-body-4344-torso015-J1-root-zplus020-v4,wrist_center,gripper_grasping_frame,seed-0-wrist-0,4.4154999777674675,,1.3787735422024159,-0.21263613848456753,-2.043443589746553,2.1982194220453652,0.2967930692495857,-0.4871439336757106,-1.895561463396696,3.554447978966673e-13,3.027079968594327e-14,2.5444437451708134e-14,9.051047404042924,0.33440765069622436,0.40822298607547947,0.9578594930901747,reachable_success
330,tiago_sew,SUCCESS_EXACT,tiago_semi_analytic,c96a32d,median-body-4344-torso015-J1-root-zplus020-v4,wrist_center,gripper_grasping_frame,seed-0-wrist-0,4.345300025306642,,1.3851444044937502,-0.20465694966084477,-2.042670549091813,2.1861771423875593,0.3014899199764631,-0.48440544224564475,-1.9011935373446445,2.498001805406602e-13,5.83472788822195e-14,5.088887490341627e-14,9.741019204151447,0.33625552026867556,0.4119957945558792,0.9590783392751789,reachable_success
331,tiago_sew,SUCCESS_EXACT,tiago_semi_analytic,c96a32d,median-body-4344-torso015-J1-root-zplus020-v4,wrist_center,gripper_grasping_frame,seed-0-wrist-0,4.3120000045746565,,1.3917167263780237,-0.19609724677051354,-2.0418096371108723,2.1738616353413023,0.31064381688435905,-0.47960417679695855,-1.9104631818875504,1.594436429147036e-13,2.9412406736621526e-14,0.0,10.446645780465603,0.337767465899451,0.41570995964677454,0.9608299491718083,reachable_success
332,tiago_sew,SUCCESS_EXACT,tiago_semi_analytic,c96a32d,median-body-4344-torso015-J1-root-zplus020-v4,wrist_center,gripper_grasping_frame,seed-0-wrist-0,4.332600045017898,,1.3974925195585761,-0.18793006299931664,-2.0416523950436667,2.16200071078238,0.30922493668016804,-0.4779536415107435,-1.9060614241793896,3.4219371797089427e-13,3.766903888062346e-14,2.5444437451708134e-14,10.791005514025619,0.3402137878253195,0.41948426751772905,0.9620504336325696,reachable_success
333,tiago_sew,SUCCESS_EXACT,tiago_semi_analytic,c96a32d,median-body-4344-torso015-J1-root-zplus020-v4,wrist_center,gripper_grasping_frame,seed-0-wrist-0,4.382899962365627,,1.4034286413401147,-0.1809447510808027,-2.0421235020934265,2.1493807676395784,0.31697603038826827,-0.48018101308856886,-1.9086255201561428,0.0,6.245685268955722e-14,2.5444437451708134e-14,10.644093636291185,0.34219098597122444,0.4228574842895291,0.9629199282725046,reachable_success
334,tiago_sew,SUCCESS_EXACT,tiago_semi_analytic,c96a32d,median-body-4344-torso015-J1-root-zplus020-v4,wrist_center,gripper_grasping_frame,seed-0-wrist-0,4.569200100377202,,1.4101601791890357,-0.17178603304929138,-2.041414288073138,2.1362508754364407,0.3218023112538928,-0.4756750186220362,-1.911772028667591,2.288783399261119e-13,3.9651071747867316e-14,2.5444437451708134e-14,10.463811978383216,0.34423889135828867,0.4269183970626445,0.9647980901110137,reachable_success
335,tiago_sew,SUCCESS_EXACT,tiago_semi_analytic,c96a32d,median-body-4344-torso015-J1-root-zplus020-v4,wrist_center,gripper_grasping_frame,seed-0-wrist-0,4.389099893160164,,1.4163366786392597,-0.16423893485309882,-2.0406777380595766,2.1241705554092656,0.3320233155129957,-0.4697403326527496,-1.9172194344999491,2.288783399261119e-13,5.366769717148313e-14,5.088887490341627e-14,10.151698614894144,0.34579901975371324,0.4304146544467791,0.9669470618523429,reachable_success
336,tiago_sew,SUCCESS_EXACT,tiago_semi_analytic,c96a32d,median-body-4344-torso015-J1-root-zplus020-v4,wrist_center,gripper_grasping_frame,seed-0-wrist-0,4.380900063551962,,1.4228127132789694,-0.1571730934383238,-2.0413658092543923,2.1109438159954625,0.34039236656778415,-0.4652642982730053,-1.9240582555150887,4.002966042486721e-13,3.569337022266431e-14,2.5444437451708134e-14,9.759863033881274,0.3479757265351425,0.43404672436022884,0.9694408991742353,reachable_success
337,tiago_sew,SUCCESS_EXACT,tiago_semi_analytic,c96a32d,median-body-4344-torso015-J1-root-zplus020-v4,wrist_center,gripper_grasping_frame,seed-0-wrist-0,4.28909994661808,,1.428377588068737,-0.14967661127186388,-2.0418022820514463,2.0981253161596713,0.35353601672702073,-0.4613922724808637,-1.939059461832577,1.6653345369377348e-13,2.957473130647662e-14,0.0,8.90035722428421,0.3498687386933956,0.43719589825037186,0.9718487000533533,reachable_success
338,tiago_sew,SUCCESS_EXACT,tiago_semi_analytic,c96a32d,median-body-4344-torso015-J1-root-zplus020-v4,wrist_center,gripper_grasping_frame,seed-0-wrist-0,4.2498999973759055,,1.4346170081140606,-0.14200316522522566,-2.0412773785092053,2.085040115662356,0.35822821237040037,-0.4588648757459821,-1.9421170786322541,1.3597399555105182e-13,2.6803700292360926e-14,0.0,8.72516868629441,0.3521355557083097,0.44102064990169454,0.9734776027100357,reachable_success
339,tiago_sew,SUCCESS_EXACT,tiago_semi_analytic,c96a32d,median-body-4344-torso015-J1-root-zplus020-v4,wrist_center,gripper_grasping_frame,seed-0-wrist-0,4.356299992650747,,1.4413983724986805,-0.1356456736243186,-2.042234573853209,2.0719065624891715,0.36442703935314835,-0.4608907964388087,-1.9499853872572022,1.3597399555105182e-13,7.100211908272502e-14,2.5444437451708134e-14,8.274347810178503,0.3540704508935741,0.4446286457162545,0.9748056868479358,reachable_success
340,tiago_sew,SUCCESS_EXACT,tiago_semi_analytic,c96a32d,median-body-4344-torso015-J1-root-zplus020-v4,wrist_center,gripper_grasping_frame,seed-0-wrist-0,4.332699929364026,,1.4469844306638469,-0.12821793503173168,-2.0420779174571084,2.0584218167214665,0.3673595026107819,-0.4656607596861928,-1.9534345900934431,2.3551386880256624e-13,2.4834142869571106e-14,2.5444437451708134e-14,8.076723044977344,0.35662293622007946,0.448217675098972,0.975172568917845,reachable_success
341,tiago_sew,SUCCESS_EXACT,tiago_semi_analytic,c96a32d,median-body-4344-torso015-J1-root-zplus020-v4,wrist_center,gripper_grasping_frame,seed-0-wrist-0,4.304699948988855,,1.4534112477897867,-0.12143750671286067,-2.0428446385179426,2.0453615175103645,0.37503209240561564,-0.4640508421352445,-1.9637573435526487,4.4754520913118095e-13,4.990346452519093e-14,5.088887490341627e-14,7.48527283881079,0.35860162675346974,0.4517169839359234,0.9772925816621361,reachable_success
342,tiago_sew,SUCCESS_EXACT,tiago_semi_analytic,c96a32d,median-body-4344-torso015-J1-root-zplus020-v4,wrist_center,gripper_grasping_frame,seed-0-wrist-0,4.2848000302910805,,1.459664471578266,-0.11437878750965665,-2.0422062386157616,2.0322994610041505,0.38442788875126954,-0.4661263466783736,-1.9725160730730753,2.5438405243138007e-13,6.022692080601889e-14,2.5444437451708134e-14,6.983434603393705,0.3602405944248579,0.4552140936708817,0.9781561053195502,reachable_success
343,tiago_sew,SUCCESS_EXACT,tiago_semi_analytic,c96a32d,median-body-4344-torso015-J1-root-zplus020-v4,wrist_center,gripper_grasping_frame,seed-0-wrist-0,4.285699920728803,,1.4655016807493566,-0.10797831528479529,-2.042873039213038,2.0182954418651184,0.38966142007343674,-0.4659494416526462,-1.9796898639537481,3.188872858294072e-13,3.7514985970766595e-14,0.0,6.572406662821714,0.3630431943440446,0.4587561281120195,0.9799907316570093,reachable_success
344,tiago_sew,SUCCESS_EXACT,tiago_semi_analytic,c96a32d,median-body-4344-torso015-J1-root-zplus020-v4,wrist_center,gripper_grasping_frame,seed-0-wrist-0,4.179300041869283,,1.4722420363934219,-0.1027223934861366,-2.0436494122616575,2.0059376403625224,0.3929407296406766,-0.46222741713700133,-1.9866901644484667,5.551115123125783e-14,7.218130021418435e-14,0.0,6.171318989150998,0.36511989512008536,0.4623853281194968,0.9823684758816775,reachable_success
345,tiago_sew,SUCCESS_EXACT,tiago_semi_analytic,c96a32d,median-body-4344-torso015-J1-root-zplus020-v4,wrist_center,gripper_grasping_frame,seed-0-wrist-0,4.292699974030256,,1.4779997611038154,-0.09497341776795469,-2.0418460354509014,1.9928472737320067,0.40798366673596087,-0.4603305424010209,-2.0013731192329605,1.2412670766236365e-13,7.10712916992015e-14,2.5444437451708134e-14,5.330047649218085,0.36654783658175,0.4657302967763189,0.9838224040159725,reachable_success
346,tiago_sew,SUCCESS_EXACT,tiago_semi_analytic,c96a32d,median-body-4344-torso015-J1-root-zplus020-v4,wrist_center,gripper_grasping_frame,seed-0-wrist-0,4.4293999671936035,,1.4836685324269534,-0.08973519365010897,-2.0421041746735664,1.979642871037701,0.4107686034138802,-0.4672022868443917,-2.005542138310499,1.570092458683775e-13,4.508091744965614e-14,2.5444437451708134e-14,5.091180451365592,0.36896130182730486,0.46904905509022565,0.9839460721448477,reachable_success
347,tiago_sew,SUCCESS_EXACT,tiago_semi_analytic,c96a32d,median-body-4344-torso015-J1-root-zplus020-v4,wrist_center,gripper_grasping_frame,seed-0-wrist-0,4.308400093577802,,1.4898242376755333,-0.08398074600288058,-2.042102209167366,1.9670531104078655,0.4107307373604092,-0.4747641450448694,-2.005833642673873,4.0412728104402654e-13,6.385714067088153e-14,5.088887490341627e-14,5.074478481634613,0.3709624465262723,0.4725222081972279,0.9837931900478634,reachable_success
348,tiago_sew,SUCCESS_EXACT,tiago_semi_analytic,c96a32d,median-body-4344-torso015-J1-root-zplus020-v4,wrist_center,gripper_grasping_frame,seed-0-wrist-0,4.392700036987662,,1.4950183203017318,-0.07707785927619439,-2.040475404517218,1.9543619216149115,0.4119216084311734,-0.47394200872906644,-2.008752245810154,2.7194799110210365e-13,3.021730325480368e-14,2.5444437451708134e-14,4.907254839852086,0.37356764971687484,0.4760939243036008,0.9847645505067565,reachable_success
349,tiago_sew,SUCCESS_EXACT,tiago_semi_analytic,c96a32d,median-body-4344-torso015-J1-root-zplus020-v4,wrist_center,gripper_grasping_frame,seed-0-wrist-0,4.394699935801327,,1.500470200583757,-0.07218280812542559,-2.0405502368579422,1.9419109979577123,0.4164062819356875,-0.4771522286609331,-2.0143810020960373,2.989366980140908e-13,6.821286148251713e-14,2.5444437451708134e-14,4.584750860763232,0.37575225638204957,0.4792030160714186,0.9855708715799336,reachable_success
350,tiago_sew,SUCCESS_EXACT,tiago_semi_analytic,c96a32d,median-body-4344-torso015-J1-root-zplus020-v4,wrist_center,gripper_grasping_frame,seed-0-wrist-0,4.428900079801679,,1.5058351832053598,-0.0665114684437347,-2.038988417052657,1.929144732347604,0.42172088987043566,-0.4791125824519673,-2.0209130102565958,2.8305244335018377e-13,2.1788521488386458e-14,2.5444437451708134e-14,4.210494361418221,0.37796481116657377,0.4825440611505144,0.986029218266834,reachable_success
351,tiago_sew,SUCCESS_EXACT,tiago_semi_analytic,c96a32d,median-body-4344-torso015-J1-root-zplus020-v4,wrist_center,gripper_grasping_frame,seed-0-wrist-0,4.30699996650219,,1.5118599925156715,-0.06092863683880528,-2.0379335274990504,1.9170512680281566,0.417141173502082,-0.4795413829036952,-2.0164187768546897,1.2412670766236365e-13,8.17311605466909e-14,2.5444437451708134e-14,4.467994967494159,0.3804544161956336,0.4863144888816979,0.9867399396688599,reachable_success
352,tiago_sew,SUCCESS_EXACT,tiago_semi_analytic,c96a32d,median-body-4344-torso015-J1-root-zplus020-v4,wrist_center,gripper_grasping_frame,seed-0-wrist-0,4.386799992062151,,1.5166714579607177,-0.05471844291487656,-2.035863735753632,1.9046936870740572,0.4263869339581934,-0.4801650688476773,-2.0247557100469598,2.989366980140908e-13,9.495561846439604e-14,2.5444437451708134e-14,3.990323881494558,0.38237118434479545,0.4893562486770816,0.9874256535437349,reachable_success
353,tiago_sew,SUCCESS_EXACT,tiago_semi_analytic,c96a32d,median-body-4344-torso015-J1-root-zplus020-v4,wrist_center,gripper_grasping_frame,seed-0-wrist-0,4.351900075562298,,1.522489675585718,-0.04991989670387041,-2.0346947708809653,1.8916291195839756,0.43569472458338687,-0.4799743960509182,-2.030269285384959,2.288783399261119e-13,5.964644273989174e-14,2.5444437451708134e-14,3.6744192845997916,0.3843720586651815,0.4926519759353435,0.9885684748402267,reachable_success
354,tiago_sew,SUCCESS_EXACT,tiago_semi_analytic,c96a32d,median-body-4344-torso015-J1-root-zplus020-v4,wrist_center,gripper_grasping_frame,seed-0-wrist-0,4.374500014819205,,1.527638560483532,-0.045224797776799386,-2.033718611483195,1.8803292189251417,0.4298735663498112,-0.48372035619583853,-2.026056660732884,5.79553433516819e-13,1.810893476827439e-14,2.5444437451708134e-14,3.915784897836447,0.38690388171115336,0.49595015858050207,0.9885095602408569,reachable_success
355,tiago_sew,SUCCESS_EXACT,tiago_semi_analytic,c96a32d,median-body-4344-torso015-J1-root-zplus020-v4,wrist_center,gripper_grasping_frame,seed-0-wrist-0,4.271099925972521,,1.532715526993239,-0.03810174025016654,-2.0299889619849503,1.8675185207429634,0.4414561981520029,-0.4810097782724556,-2.036532872430157,3.4219371797089427e-13,3.282395672829466e-14,2.5444437451708134e-14,3.315542182297133,0.38871637512797574,0.49931124857410625,0.9893746703300287,reachable_success
356,tiago_sew,SUCCESS_EXACT,tiago_semi_analytic,c96a32d,median-body-4344-torso015-J1-root-zplus020-v4,wrist_center,gripper_grasping_frame,seed-0-wrist-0,4.381000064313412,,1.5379430473552336,-0.03334899991351997,-2.028219687378067,1.854607189415948,0.4518633793652196,-0.48061545396356076,-2.046199153389569,2.288783399261119e-13,3.049765497811775e-14,5.088887490341627e-14,2.7617050797351372,0.39081441528265864,0.5024124715791853,0.9903552109009036,reachable_success
357,tiago_sew,SUCCESS_EXACT,tiago_semi_analytic,c96a32d,median-body-4344-torso015-J1-root-zplus020-v4,wrist_center,gripper_grasping_frame,seed-0-wrist-0,4.368800087831914,,1.5423440532038926,-0.028285593306021192,-2.026027383513718,1.8431711165471834,0.45918075872536246,-0.4829431007473426,-2.0560895453312282,1.2412670766236365e-13,3.4387233867007964e-14,0.0,2.1950273637478723,0.39265922387731067,0.5051620067578675,0.9904995628877553,reachable_success
358,tiago_sew,SUCCESS_EXACT,tiago_semi_analytic,c96a32d,median-body-4344-torso015-J1-root-zplus020-v4,wrist_center,gripper_grasping_frame,seed-0-wrist-0,4.340899991802871,,1.5480595063286722,-0.02230379438233264,-2.023352364840299,1.8303486455244862,0.4613416251823308,-0.4822954255987475,-2.0583218024793286,3.188872858294072e-13,6.78167805522763e-14,2.5444437451708134e-14,2.067128450373811,0.3949842709793172,0.5088061474288521,0.9910860658487128,reachable_success
359,tiago_sew,SUCCESS_EXACT,tiago_semi_analytic,c96a32d,median-body-4344-torso015-J1-root-zplus020-v4,wrist_center,gripper_grasping_frame,seed-0-wrist-0,4.229299956932664,,1.5535741794787934,-0.01822763922679952,-2.02137784210813,1.8178640416818834,0.4626707571544122,-0.48955135471128797,-2.059968371745832,4.079219866531555e-13,5.680535052403285e-14,2.5444437451708134e-14,1.9727869807272196,0.3970984663232381,0.5120185294275763,0.9901191097262955,reachable_success
360,tiago_sew,SUCCESS_EXACT,tiago_semi_analytic,c96a32d,median-body-4344-torso015-J1-root-zplus020-v4,wrist_center,gripper_grasping_frame,seed-0-wrist-0,4.319100058637559,,1.5581159225630477,-0.012700272217145741,-2.018031646455422,1.8058650758973869,0.4743978137558571,-0.486397440840471,-2.0695280772830333,2.7755575615628914e-13,5.0589112835529163e-14,0.0,1.4250562000577347,0.399002458713122,0.5149841634930103,0.9910907952430814,reachable_success
361,tiago_sew,SUCCESS_EXACT,tiago_semi_analytic,c96a32d,median-body-4344-torso015-J1-root-zplus020-v4,wrist_center,gripper_grasping_frame,seed-0-wrist-0,4.36619995161891,,1.5637934614071496,-0.008163388802146518,-2.0155949018924506,1.793377769818276,0.47693635871790185,-0.48486570180264366,-2.073402731790985,2.288783399261119e-13,5.172471018032189e-14,0.0,1.2030548496807725,0.40137985242996826,0.518494798978787,0.9917627267882999,reachable_success
362,tiago_sew,SUCCESS_EXACT,tiago_semi_analytic,c96a32d,median-body-4344-torso015-J1-root-zplus020-v4,wrist_center,gripper_grasping_frame,seed-0-wrist-0,4.378599929623306,,1.5694196134592788,-0.0030173725883711235,-2.01206747177258,1.7804746879372917,0.48512026979862455,-0.4836408465574378,-2.078926260301892,2.288783399261119e-13,5.026742255473097e-14,0.0,0.8865799779856092,0.4034018938752829,0.5219598031530968,0.9921755632552255,reachable_success
363,tiago_sew,SUCCESS_EXACT,tiago_semi_analytic,c96a32d,median-body-4344-torso015-J1-root-zplus020-v4,wrist_center,gripper_grasping_frame,seed-0-wrist-0,4.268700024113059,,1.57429304963217,0.002109920568473848,-2.008956187913671,1.768098459158909,0.4921858028218229,-0.48891692498287576,-2.084053031150791,3.885780586188048e-13,4.722090448312128e-14,2.5444437451708134e-14,0.5928376458129874,0.4052252318554748,0.5248813618716,0.9914866066149873,reachable_success
364,tiago_sew,SUCCESS_EXACT,tiago_semi_analytic,c96a32d,median-body-4344-torso015-J1-root-zplus020-v4,wrist_center,gripper_grasping_frame,seed-0-wrist-0,4.216699977405369,,1.5802266098470041,0.005980252980373478,-2.006604390508932,1.7555036930826062,0.48909847463109113,-0.4896680973015912,-2.080070276764105,1.6653345369377348e-13,7.179901331813496e-14,2.5444437451708134e-14,0.821032663007319,0.40791350581168573,0.5285341445756336,0.9914860966623692,reachable_success
365,tiago_sew,SUCCESS_EXACT,tiago_semi_analytic,c96a32d,median-body-4344-torso015-J1-root-zplus020-v4,wrist_center,gripper_grasping_frame,seed-0-wrist-0,4.449900006875396,,1.58599659511254,0.010359317766553498,-2.003645957152551,1.742537789785355,0.5014909196926562,-0.4905066837768768,-2.0904284278678897,2.989366980140908e-13,5.0846738258528114e-14,2.5444437451708134e-14,0.22755432120168137,0.40947810548420216,0.5317012352114763,0.991835726594762,reachable_success
366,tiago_sew,SUCCESS_EXACT,tiago_semi_analytic,c96a32d,median-body-4344-torso015-J1-root-zplus020-v4,wrist_center,gripper_grasping_frame,seed-0-wrist-0,4.740600008517504,,1.5913842613231577,0.0166871205018761,-1.9982705723331289,1.729590894536087,0.5064434612395954,-0.49171770760631883,-2.0924914879453453,5.551115123125783e-14,2.412926748221541e-14,2.5444437451708134e-14,0.1093496858815426,0.41157136676410916,0.5352792913959469,0.9910758987750661,reachable_success
367,tiago_sew,SUCCESS_EXACT,tiago_semi_analytic,c96a32d,median-body-4344-torso015-J1-root-zplus020-v4,wrist_center,gripper_grasping_frame,seed-0-wrist-0,4.465400008484721,,1.5972513112710236,0.01907214723475675,-1.996823045197521,1.71725414299112,0.505942624978136,-0.4930891655146876,-2.0931923487455073,2.482534153247273e-13,2.8649150582413815e-14,2.5444437451708134e-14,0.06919332000610037,0.41407304689669944,0.5385922502022571,0.9912014455979928,reachable_success
368,tiago_sew,SUCCESS_EXACT,tiago_semi_analytic,c96a32d,median-body-4344-torso015-J1-root-zplus020-v4,wrist_center,gripper_grasping_frame,seed-5-wrist-0-boundary,325.4907999653369,,1.6036782963234129,0.022160629621587012,-1.9944553183430194,1.704207001558232,0.5064344246355298,-0.4961521427404409,-2.0943999999999994,0.09171953162351307,0.044217946658167986,0.018227225784229143,2.5444437451708134e-14,0.4163190701523578,0.5421617431020749,0.9907640362538548,reachable_success
369,tiago_sew,SUCCESS_EXACT,tiago_semi_analytic,c96a32d,median-body-4344-torso015-J1-root-zplus020-v4,wrist_center,gripper_grasping_frame,seed-5-wrist-0-boundary,279.9768000841141,,1.6095002374333924,0.025319271276962933,-1.9924950447005771,1.6920983625408073,0.5063496793694932,-0.5014856180812266,-2.0943999999999994,0.19511330490679604,0.0939347619370182,0.038536391246784325,2.5444437451708134e-14,0.418297345600608,0.5453002207100327,0.9900446519598013,reachable_success
370,tiago_sew,SUCCESS_EXACT,tiago_semi_analytic,c96a32d,median-body-4344-torso015-J1-root-zplus020-v4,wrist_center,gripper_grasping_frame,seed-5-wrist-0-boundary,321.28649996593595,,1.6148903696396815,0.030372504523029906,-1.9875662272485195,1.6804914662987407,0.5068380425973952,-0.49788189043277986,-2.0943999999999994,0.37215561289195725,0.17888377569911287,0.07313970240948722,2.5444437451708134e-14,0.4205945030906022,0.548910564750212,0.9899820700931936,reachable_success
371,tiago_sew,SUCCESS_EXACT,tiago_semi_analytic,c96a32d,median-body-4344-torso015-J1-root-zplus020-v4,wrist_center,gripper_grasping_frame,seed-5-wrist-0-boundary,411.40820004511625,,1.6220834025803281,0.031958366937295556,-1.987276828713393,1.6675733288566168,0.5053597688417735,-0.5011430958937318,-2.0943999999999994,0.4635769985299035,0.22237252675045618,0.09019545580084072,2.5444437451708134e-14,0.4226597049191148,0.5524531670276419,0.9901299068079934,reachable_success
372,tiago_sew,SUCCESS_EXACT,tiago_semi_analytic,c96a32d,median-body-4344-torso015-J1-root-zplus020-v4,wrist_center,gripper_grasping_frame,seed-5-wrist-0-boundary,392.3691000090912,,1.6276970392519448,0.03614846206786767,-1.9840822329013497,1.6549300320681957,0.506090364709217,-0.5049395646789638,-2.0943999999999994,0.615007826661279,0.2944831912097282,0.11901358609440686,2.5444437451708134e-14,0.4248789640799418,0.5556870574700332,0.9893989912927221,reachable_success
373,tiago_sew,SUCCESS_EXACT,tiago_semi_analytic,c96a32d,median-body-4344-torso015-J1-root-zplus020-v4,wrist_center,gripper_grasping_frame,seed-5-wrist-0-boundary,413.92720001749694,,1.6334942865176532,0.03838227808512603,-1.9816435774393508,1.6432298079166774,0.5032047115740522,-0.5121196681946917,-2.0943999999999994,0.7469931532470527,0.35662973284773086,0.14267050200963086,2.5444437451708134e-14,0.42686283211252135,0.5587683053546516,0.9877612176701094,reachable_success
374,tiago_sew,NUMERICAL_FAILURE,tiago_semi_analytic,c96a32d,median-body-4344-torso015-J1-root-zplus020-v4,wrist_center,gripper_grasping_frame,,399.6420999756083,no exact or boundary-refined wrist branch met strict wrist-center/orientation/SEW tolerances,,,,,,,,,,,,,,,oracle_inconclusive
375,tiago_sew,NUMERICAL_FAILURE,tiago_semi_analytic,c96a32d,median-body-4344-torso015-J1-root-zplus020-v4,wrist_center,gripper_grasping_frame,,262.0219000382349,no exact or boundary-refined wrist branch met strict wrist-center/orientation/SEW tolerances,,,,,,,,,,,,,,,oracle_inconclusive
376,tiago_sew,NUMERICAL_FAILURE,tiago_semi_analytic,c96a32d,median-body-4344-torso015-J1-root-zplus020-v4,wrist_center,gripper_grasping_frame,,412.2220000717789,no exact or boundary-refined wrist branch met strict wrist-center/orientation/SEW tolerances,,,,,,,,,,,,,,,oracle_inconclusive
377,tiago_sew,NUMERICAL_FAILURE,tiago_semi_analytic,c96a32d,median-body-4344-torso015-J1-root-zplus020-v4,wrist_center,gripper_grasping_frame,,426.8377999542281,no exact or boundary-refined wrist branch met strict wrist-center/orientation/SEW tolerances,,,,,,,,,,,,,,,oracle_inconclusive
378,tiago_sew,NUMERICAL_FAILURE,tiago_semi_analytic,c96a32d,median-body-4344-torso015-J1-root-zplus020-v4,wrist_center,gripper_grasping_frame,,388.0458000348881,no exact or boundary-refined wrist branch met strict wrist-center/orientation/SEW tolerances,,,,,,,,,,,,,,,oracle_inconclusive
379,tiago_sew,NUMERICAL_FAILURE,tiago_semi_analytic,c96a32d,median-body-4344-torso015-J1-root-zplus020-v4,wrist_center,gripper_grasping_frame,,418.6392000410706,no exact or boundary-refined wrist branch met strict wrist-center/orientation/SEW tolerances,,,,,,,,,,,,,,,oracle_inconclusive
380,tiago_sew,NUMERICAL_FAILURE,tiago_semi_analytic,c96a32d,median-body-4344-torso015-J1-root-zplus020-v4,wrist_center,gripper_grasping_frame,,424.1025000810623,no exact or boundary-refined wrist branch met strict wrist-center/orientation/SEW tolerances,,,,,,,,,,,,,,,oracle_inconclusive
381,tiago_sew,NUMERICAL_FAILURE,tiago_semi_analytic,c96a32d,median-body-4344-torso015-J1-root-zplus020-v4,wrist_center,gripper_grasping_frame,,285.1079000392929,no exact or boundary-refined wrist branch met strict wrist-center/orientation/SEW tolerances,,,,,,,,,,,,,,,oracle_inconclusive
382,tiago_sew,NUMERICAL_FAILURE,tiago_semi_analytic,c96a32d,median-body-4344-torso015-J1-root-zplus020-v4,wrist_center,gripper_grasping_frame,,379.1510999435559,no exact or boundary-refined wrist branch met strict wrist-center/orientation/SEW tolerances,,,,,,,,,,,,,,,oracle_inconclusive
383,tiago_sew,NUMERICAL_FAILURE,tiago_semi_analytic,c96a32d,median-body-4344-torso015-J1-root-zplus020-v4,wrist_center,gripper_grasping_frame,,404.3421000242233,no exact or boundary-refined wrist branch met strict wrist-center/orientation/SEW tolerances,,,,,,,,,,,,,,,oracle_inconclusive
384,tiago_sew,NUMERICAL_FAILURE,tiago_semi_analytic,c96a32d,median-body-4344-torso015-J1-root-zplus020-v4,wrist_center,gripper_grasping_frame,,421.5024000732228,no exact or boundary-refined wrist branch met strict wrist-center/orientation/SEW tolerances,,,,,,,,,,,,,,,oracle_inconclusive
385,tiago_sew,NUMERICAL_FAILURE,tiago_semi_analytic,c96a32d,median-body-4344-torso015-J1-root-zplus020-v4,wrist_center,gripper_grasping_frame,,402.92879997286946,no exact or boundary-refined wrist branch met strict wrist-center/orientation/SEW tolerances,,,,,,,,,,,,,,,oracle_inconclusive
386,tiago_sew,NUMERICAL_FAILURE,tiago_semi_analytic,c96a32d,median-body-4344-torso015-J1-root-zplus020-v4,wrist_center,gripper_grasping_frame,,411.3148000324145,no exact or boundary-refined wrist branch met strict wrist-center/orientation/SEW tolerances,,,,,,,,,,,,,,,oracle_inconclusive
387,tiago_sew,NUMERICAL_FAILURE,tiago_semi_analytic,c96a32d,median-body-4344-torso015-J1-root-zplus020-v4,wrist_center,gripper_grasping_frame,,424.53719989862293,no exact or boundary-refined wrist branch met strict wrist-center/orientation/SEW tolerances,,,,,,,,,,,,,,,oracle_inconclusive
388,tiago_sew,NUMERICAL_FAILURE,tiago_semi_analytic,c96a32d,median-body-4344-torso015-J1-root-zplus020-v4,wrist_center,gripper_grasping_frame,,359.2228000052273,no exact or boundary-refined wrist branch met strict wrist-center/orientation/SEW tolerances,,,,,,,,,,,,,,,oracle_inconclusive
389,tiago_sew,NUMERICAL_FAILURE,tiago_semi_analytic,c96a32d,median-body-4344-torso015-J1-root-zplus020-v4,wrist_center,gripper_grasping_frame,,424.10770000424236,no exact or boundary-refined wrist branch met strict wrist-center/orientation/SEW tolerances,,,,,,,,,,,,,,,oracle_inconclusive
390,tiago_sew,NUMERICAL_FAILURE,tiago_semi_analytic,c96a32d,median-body-4344-torso015-J1-root-zplus020-v4,wrist_center,gripper_grasping_frame,,424.0548999514431,no exact or boundary-refined wrist branch met strict wrist-center/orientation/SEW tolerances,,,,,,,,,,,,,,,oracle_inconclusive
391,tiago_sew,NUMERICAL_FAILURE,tiago_semi_analytic,c96a32d,median-body-4344-torso015-J1-root-zplus020-v4,wrist_center,gripper_grasping_frame,,408.070300007239,no exact or boundary-refined wrist branch met strict wrist-center/orientation/SEW tolerances,,,,,,,,,,,,,,,oracle_inconclusive
392,tiago_sew,NUMERICAL_FAILURE,tiago_semi_analytic,c96a32d,median-body-4344-torso015-J1-root-zplus020-v4,wrist_center,gripper_grasping_frame,,363.3063000161201,no exact or boundary-refined wrist branch met strict wrist-center/orientation/SEW tolerances,,,,,,,,,,,,,,,oracle_inconclusive
393,tiago_sew,NUMERICAL_FAILURE,tiago_semi_analytic,c96a32d,median-body-4344-torso015-J1-root-zplus020-v4,wrist_center,gripper_grasping_frame,,407.3997000232339,no exact or boundary-refined wrist branch met strict wrist-center/orientation/SEW tolerances,,,,,,,,,,,,,,,oracle_inconclusive
394,tiago_sew,NUMERICAL_FAILURE,tiago_semi_analytic,c96a32d,median-body-4344-torso015-J1-root-zplus020-v4,wrist_center,gripper_grasping_frame,,437.30410002171993,no exact or boundary-refined wrist branch met strict wrist-center/orientation/SEW tolerances,,,,,,,,,,,,,,,oracle_inconclusive
395,tiago_sew,NUMERICAL_FAILURE,tiago_semi_analytic,c96a32d,median-body-4344-torso015-J1-root-zplus020-v4,wrist_center,gripper_grasping_frame,,423.27300005126745,no exact or boundary-refined wrist branch met strict wrist-center/orientation/SEW tolerances,,,,,,,,,,,,,,,oracle_inconclusive
396,tiago_sew,NUMERICAL_FAILURE,tiago_semi_analytic,c96a32d,median-body-4344-torso015-J1-root-zplus020-v4,wrist_center,gripper_grasping_frame,,415.60830001253635,no exact or boundary-refined wrist branch met strict wrist-center/orientation/SEW tolerances,,,,,,,,,,,,,,,oracle_inconclusive
397,tiago_sew,NUMERICAL_FAILURE,tiago_semi_analytic,c96a32d,median-body-4344-torso015-J1-root-zplus020-v4,wrist_center,gripper_grasping_frame,,399.71239992883056,no exact or boundary-refined wrist branch met strict wrist-center/orientation/SEW tolerances,,,,,,,,,,,,,,,oracle_inconclusive
398,tiago_sew,NUMERICAL_FAILURE,tiago_semi_analytic,c96a32d,median-body-4344-torso015-J1-root-zplus020-v4,wrist_center,gripper_grasping_frame,,419.0265000797808,no exact or boundary-refined wrist branch met strict wrist-center/orientation/SEW tolerances,,,,,,,,,,,,,,,oracle_inconclusive
399,tiago_sew,NUMERICAL_FAILURE,tiago_semi_analytic,c96a32d,median-body-4344-torso015-J1-root-zplus020-v4,wrist_center,gripper_grasping_frame,,413.88410003855824,no exact or boundary-refined wrist branch met strict wrist-center/orientation/SEW tolerances,,,,,,,,,,,,,,,oracle_inconclusive
400,tiago_sew,NUMERICAL_FAILURE,tiago_semi_analytic,c96a32d,median-body-4344-torso015-J1-root-zplus020-v4,wrist_center,gripper_grasping_frame,,412.1730999322608,no exact or boundary-refined wrist branch met strict wrist-center/orientation/SEW tolerances,,,,,,,,,,,,,,,oracle_inconclusive
401,tiago_sew,NUMERICAL_FAILURE,tiago_semi_analytic,c96a32d,median-body-4344-torso015-J1-root-zplus020-v4,wrist_center,gripper_grasping_frame,,412.89270005654544,no exact or boundary-refined wrist branch met strict wrist-center/orientation/SEW tolerances,,,,,,,,,,,,,,,oracle_inconclusive
402,tiago_sew,NUMERICAL_FAILURE,tiago_semi_analytic,c96a32d,median-body-4344-torso015-J1-root-zplus020-v4,wrist_center,gripper_grasping_frame,,406.3400999875739,no exact or boundary-refined wrist branch met strict wrist-center/orientation/SEW tolerances,,,,,,,,,,,,,,,oracle_inconclusive
403,tiago_sew,NUMERICAL_FAILURE,tiago_semi_analytic,c96a32d,median-body-4344-torso015-J1-root-zplus020-v4,wrist_center,gripper_grasping_frame,,411.19969997089356,no exact or boundary-refined wrist branch met strict wrist-center/orientation/SEW tolerances,,,,,,,,,,,,,,,oracle_inconclusive
404,tiago_sew,NUMERICAL_FAILURE,tiago_semi_analytic,c96a32d,median-body-4344-torso015-J1-root-zplus020-v4,wrist_center,gripper_grasping_frame,,432.22080008126795,no exact or boundary-refined wrist branch met strict wrist-center/orientation/SEW tolerances,,,,,,,,,,,,,,,oracle_inconclusive
405,tiago_sew,NUMERICAL_FAILURE,tiago_semi_analytic,c96a32d,median-body-4344-torso015-J1-root-zplus020-v4,wrist_center,gripper_grasping_frame,,409.0184000087902,no exact or boundary-refined wrist branch met strict wrist-center/orientation/SEW tolerances,,,,,,,,,,,,,,,oracle_inconclusive
406,tiago_sew,NUMERICAL_FAILURE,tiago_semi_analytic,c96a32d,median-body-4344-torso015-J1-root-zplus020-v4,wrist_center,gripper_grasping_frame,,438.6060000397265,no exact or boundary-refined wrist branch met strict wrist-center/orientation/SEW tolerances,,,,,,,,,,,,,,,oracle_inconclusive
407,tiago_sew,NUMERICAL_FAILURE,tiago_semi_analytic,c96a32d,median-body-4344-torso015-J1-root-zplus020-v4,wrist_center,gripper_grasping_frame,,433.8842999422923,no exact or boundary-refined wrist branch met strict wrist-center/orientation/SEW tolerances,,,,,,,,,,,,,,,oracle_inconclusive
408,tiago_sew,NUMERICAL_FAILURE,tiago_semi_analytic,c96a32d,median-body-4344-torso015-J1-root-zplus020-v4,wrist_center,gripper_grasping_frame,,436.66180002037436,no exact or boundary-refined wrist branch met strict wrist-center/orientation/SEW tolerances,,,,,,,,,,,,,,,oracle_inconclusive
409,tiago_sew,NUMERICAL_FAILURE,tiago_semi_analytic,c96a32d,median-body-4344-torso015-J1-root-zplus020-v4,wrist_center,gripper_grasping_frame,,237.84259997773916,no exact or boundary-refined wrist branch met strict wrist-center/orientation/SEW tolerances,,,,,,,,,,,,,,,oracle_inconclusive
410,tiago_sew,NUMERICAL_FAILURE,tiago_semi_analytic,c96a32d,median-body-4344-torso015-J1-root-zplus020-v4,wrist_center,gripper_grasping_frame,,432.9227999551222,no exact or boundary-refined wrist branch met strict wrist-center/orientation/SEW tolerances,,,,,,,,,,,,,,,oracle_inconclusive
411,tiago_sew,NUMERICAL_FAILURE,tiago_semi_analytic,c96a32d,median-body-4344-torso015-J1-root-zplus020-v4,wrist_center,gripper_grasping_frame,,429.15929993614554,no exact or boundary-refined wrist branch met strict wrist-center/orientation/SEW tolerances,,,,,,,,,,,,,,,oracle_inconclusive
412,tiago_sew,NUMERICAL_FAILURE,tiago_semi_analytic,c96a32d,median-body-4344-torso015-J1-root-zplus020-v4,wrist_center,gripper_grasping_frame,,436.4310000091791,no exact or boundary-refined wrist branch met strict wrist-center/orientation/SEW tolerances,,,,,,,,,,,,,,,oracle_inconclusive
413,tiago_sew,NUMERICAL_FAILURE,tiago_semi_analytic,c96a32d,median-body-4344-torso015-J1-root-zplus020-v4,wrist_center,gripper_grasping_frame,,420.19870004151016,no exact or boundary-refined wrist branch met strict wrist-center/orientation/SEW tolerances,,,,,,,,,,,,,,,oracle_inconclusive
414,tiago_sew,NUMERICAL_FAILURE,tiago_semi_analytic,c96a32d,median-body-4344-torso015-J1-root-zplus020-v4,wrist_center,gripper_grasping_frame,,230.0439999671653,no exact or boundary-refined wrist branch met strict wrist-center/orientation/SEW tolerances,,,,,,,,,,,,,,,oracle_inconclusive
415,tiago_sew,NUMERICAL_FAILURE,tiago_semi_analytic,c96a32d,median-body-4344-torso015-J1-root-zplus020-v4,wrist_center,gripper_grasping_frame,,421.00490001030266,no exact or boundary-refined wrist branch met strict wrist-center/orientation/SEW tolerances,,,,,,,,,,,,,,,oracle_inconclusive
416,tiago_sew,NUMERICAL_FAILURE,tiago_semi_analytic,c96a32d,median-body-4344-torso015-J1-root-zplus020-v4,wrist_center,gripper_grasping_frame,,416.42360005062073,no exact or boundary-refined wrist branch met strict wrist-center/orientation/SEW tolerances,,,,,,,,,,,,,,,oracle_inconclusive
417,tiago_sew,NUMERICAL_FAILURE,tiago_semi_analytic,c96a32d,median-body-4344-torso015-J1-root-zplus020-v4,wrist_center,gripper_grasping_frame,,425.96130003221333,no exact or boundary-refined wrist branch met strict wrist-center/orientation/SEW tolerances,,,,,,,,,,,,,,,oracle_inconclusive
418,tiago_sew,NUMERICAL_FAILURE,tiago_semi_analytic,c96a32d,median-body-4344-torso015-J1-root-zplus020-v4,wrist_center,gripper_grasping_frame,,428.6739999661222,no exact or boundary-refined wrist branch met strict wrist-center/orientation/SEW tolerances,,,,,,,,,,,,,,,oracle_inconclusive
419,tiago_sew,NUMERICAL_FAILURE,tiago_semi_analytic,c96a32d,median-body-4344-torso015-J1-root-zplus020-v4,wrist_center,gripper_grasping_frame,,424.3070000084117,no exact or boundary-refined wrist branch met strict wrist-center/orientation/SEW tolerances,,,,,,,,,,,,,,,oracle_inconclusive
420,tiago_sew,NUMERICAL_FAILURE,tiago_semi_analytic,c96a32d,median-body-4344-torso015-J1-root-zplus020-v4,wrist_center,gripper_grasping_frame,,425.43449997901917,no exact or boundary-refined wrist branch met strict wrist-center/orientation/SEW tolerances,,,,,,,,,,,,,,,oracle_inconclusive
421,tiago_sew,NUMERICAL_FAILURE,tiago_semi_analytic,c96a32d,median-body-4344-torso015-J1-root-zplus020-v4,wrist_center,gripper_grasping_frame,,435.3511000517756,no exact or boundary-refined wrist branch met strict wrist-center/orientation/SEW tolerances,,,,,,,,,,,,,,,oracle_inconclusive
422,tiago_sew,NUMERICAL_FAILURE,tiago_semi_analytic,c96a32d,median-body-4344-torso015-J1-root-zplus020-v4,wrist_center,gripper_grasping_frame,,483.49020001478493,no exact or boundary-refined wrist branch met strict wrist-center/orientation/SEW tolerances,,,,,,,,,,,,,,,oracle_inconclusive
423,tiago_sew,NUMERICAL_FAILURE,tiago_semi_analytic,c96a32d,median-body-4344-torso015-J1-root-zplus020-v4,wrist_center,gripper_grasping_frame,,485.97060004249215,no exact or boundary-refined wrist branch met strict wrist-center/orientation/SEW tolerances,,,,,,,,,,,,,,,oracle_inconclusive
424,tiago_sew,NUMERICAL_FAILURE,tiago_semi_analytic,c96a32d,median-body-4344-torso015-J1-root-zplus020-v4,wrist_center,gripper_grasping_frame,,466.2838999647647,no exact or boundary-refined wrist branch met strict wrist-center/orientation/SEW tolerances,,,,,,,,,,,,,,,oracle_inconclusive
425,tiago_sew,NUMERICAL_FAILURE,tiago_semi_analytic,c96a32d,median-body-4344-torso015-J1-root-zplus020-v4,wrist_center,gripper_grasping_frame,,461.99119999073446,no exact or boundary-refined wrist branch met strict wrist-center/orientation/SEW tolerances,,,,,,,,,,,,,,,oracle_inconclusive
426,tiago_sew,NUMERICAL_FAILURE,tiago_semi_analytic,c96a32d,median-body-4344-torso015-J1-root-zplus020-v4,wrist_center,gripper_grasping_frame,,464.56360002048314,no exact or boundary-refined wrist branch met strict wrist-center/orientation/SEW tolerances,,,,,,,,,,,,,,,oracle_inconclusive
427,tiago_sew,NUMERICAL_FAILURE,tiago_semi_analytic,c96a32d,median-body-4344-torso015-J1-root-zplus020-v4,wrist_center,gripper_grasping_frame,,446.4420999865979,no exact or boundary-refined wrist branch met strict wrist-center/orientation/SEW tolerances,,,,,,,,,,,,,,,oracle_inconclusive
428,tiago_sew,NUMERICAL_FAILURE,tiago_semi_analytic,c96a32d,median-body-4344-torso015-J1-root-zplus020-v4,wrist_center,gripper_grasping_frame,,454.1552000446245,no exact or boundary-refined wrist branch met strict wrist-center/orientation/SEW tolerances,,,,,,,,,,,,,,,oracle_inconclusive
429,tiago_sew,NUMERICAL_FAILURE,tiago_semi_analytic,c96a32d,median-body-4344-torso015-J1-root-zplus020-v4,wrist_center,gripper_grasping_frame,,453.84470000863075,no exact or boundary-refined wrist branch met strict wrist-center/orientation/SEW tolerances,,,,,,,,,,,,,,,oracle_inconclusive
430,tiago_sew,NUMERICAL_FAILURE,tiago_semi_analytic,c96a32d,median-body-4344-torso015-J1-root-zplus020-v4,wrist_center,gripper_grasping_frame,,468.70520000811666,no exact or boundary-refined wrist branch met strict wrist-center/orientation/SEW tolerances,,,,,,,,,,,,,,,oracle_inconclusive
431,tiago_sew,NUMERICAL_FAILURE,tiago_semi_analytic,c96a32d,median-body-4344-torso015-J1-root-zplus020-v4,wrist_center,gripper_grasping_frame,,470.5495999660343,no exact or boundary-refined wrist branch met strict wrist-center/orientation/SEW tolerances,,,,,,,,,,,,,,,oracle_inconclusive
432,tiago_sew,NUMERICAL_FAILURE,tiago_semi_analytic,c96a32d,median-body-4344-torso015-J1-root-zplus020-v4,wrist_center,gripper_grasping_frame,,492.29510000441223,no exact or boundary-refined wrist branch met strict wrist-center/orientation/SEW tolerances,,,,,,,,,,,,,,,oracle_inconclusive
433,tiago_sew,NUMERICAL_FAILURE,tiago_semi_analytic,c96a32d,median-body-4344-torso015-J1-root-zplus020-v4,wrist_center,gripper_grasping_frame,,408.81259995512664,no exact or boundary-refined wrist branch met strict wrist-center/orientation/SEW tolerances,,,,,,,,,,,,,,,oracle_inconclusive
434,tiago_sew,SUCCESS_EXACT,tiago_semi_analytic,c96a32d,median-body-4344-torso015-J1-root-zplus020-v4,wrist_center,gripper_grasping_frame,seed-11-wrist-0-boundary,260.3703999193385,,1.8249059953215296,0.12853276849944825,-1.9232776283450095,1.2957466027594424,0.4119721337262495,-0.5260821415495716,-2.0943999999999994,0.5652750670526793,0.23126030897341862,0.064162147373485,2.5444437451708134e-14,0.47976733748694156,0.6529765897254228,0.9929008588906886,reachable_success
435,tiago_sew,SUCCESS_EXACT,tiago_semi_analytic,c96a32d,median-body-4344-torso015-J1-root-zplus020-v4,wrist_center,gripper_grasping_frame,seed-11-wrist-0-boundary,439.2931000329554,,1.8235411931857157,0.12826278831056126,-1.9234488042816944,1.2972373540407094,0.4128489391065898,-0.5249188726742142,-2.0943999999999994,0.47435430902388676,0.1942612140715648,0.05405761490465985,2.5444437451708134e-14,0.4799291511745251,0.652443850057512,0.9930963008423487,reachable_success
436,tiago_sew,SUCCESS_EXACT,tiago_semi_analytic,c96a32d,median-body-4344-torso015-J1-root-zplus020-v4,wrist_center,gripper_grasping_frame,seed-11-wrist-0-boundary,381.9523999700323,,1.8216755350467897,0.12673354690857158,-1.9251603110347957,1.299601083273114,0.4110747155813738,-0.5255976355111344,-2.0943999999999994,0.3885473241426863,0.159293964370559,0.044199438376574786,2.5444437451708134e-14,0.4802185755409119,0.6515666052624006,0.9930733511214146,reachable_success
437,tiago_sew,SUCCESS_EXACT,tiago_semi_analytic,c96a32d,median-body-4344-torso015-J1-root-zplus020-v4,wrist_center,gripper_grasping_frame,seed-11-wrist-0-boundary,398.0744000291452,,1.8197276009942975,0.12649660371137375,-1.925094362638141,1.3022546438639444,0.4111553548807385,-0.5238697445445706,-2.0943999999999994,0.37783456128358345,0.15512749023485267,0.043122245711768606,2.5444437451708134e-14,0.48029856918991576,0.6508392216792962,0.9932196424627501,reachable_success
438,tiago_sew,SUCCESS_EXACT,tiago_semi_analytic,c96a32d,median-body-4344-torso015-J1-root-zplus020-v4,wrist_center,gripper_grasping_frame,seed-11-wrist-0-boundary,357.6852000551298,,1.8174182626581528,0.12643648627667595,-1.9250411283229607,1.3047708845466268,0.41385972180101793,-0.5253961798625533,-2.0943999999999994,0.1738042601171686,0.07149507904466867,0.020032706289720734,2.5444437451708134e-14,0.48018415989030777,0.6498095170128322,0.9929138431261161,reachable_success
439,tiago_sew,SUCCESS_EXACT,tiago_semi_analytic,c96a32d,median-body-4344-torso015-J1-root-zplus020-v4,wrist_center,gripper_grasping_frame,seed-0-wrist-0,3.296900074928999,,1.8151269089715827,0.12561983443138472,-1.925830319385252,1.3068971074899032,0.4150552781932264,-0.5299121365531718,-2.0900753375250094,6.800411522713088e-09,3.128964754516642e-14,1.205150335462704e-09,0.24778490763555172,0.4802599312895268,0.6486478535278671,0.992101005385896,reachable_success
440,tiago_sew,SUCCESS_EXACT,tiago_semi_analytic,c96a32d,median-body-4344-torso015-J1-root-zplus020-v4,wrist_center,gripper_grasping_frame,seed-0-wrist-0,3.5023000091314316,,1.8121772513503176,0.12534615497120252,-1.9261759610409392,1.310907263427349,0.4192485423994916,-0.5324198038344101,-2.0878285779756585,4.4169945893181575e-09,5.5672484473314756e-14,1.197924115226419e-09,0.3765147473940754,0.4796157304126716,0.6472450349289449,0.9917389783504617,reachable_success
441,tiago_sew,SUCCESS_EXACT,tiago_semi_analytic,c96a32d,median-body-4344-torso015-J1-root-zplus020-v4,wrist_center,gripper_grasping_frame,seed-0-wrist-0,3.416099934838712,,1.8094250131080867,0.12493003978001167,-1.9266023216592971,1.3146562680358187,0.41071334688671346,-0.5376038948980897,-2.0736913738984892,3.891107400100004e-09,1.0615920180845122e-14,1.1553555713697112e-09,1.186516875131012,0.4800536029442192,0.6460099221401046,0.9903874065020422,reachable_success
442,tiago_sew,SUCCESS_EXACT,tiago_semi_analytic,c96a32d,median-body-4344-torso015-J1-root-zplus020-v4,wrist_center,gripper_grasping_frame,seed-0-wrist-0,2.779299975372851,,1.8070261332318882,0.12414395351026182,-1.9276888102940046,1.318030808017633,0.40724982754217365,-0.5409389473972777,-2.068573856166916,2.616894002242604e-09,6.761133827495497e-14,5.709986208537823e-10,1.4797290427335323,0.48010387394574194,0.6448575231439969,0.9897655634838868,reachable_success
443,tiago_sew,SUCCESS_EXACT,tiago_semi_analytic,c96a32d,median-body-4344-torso015-J1-root-zplus020-v4,wrist_center,gripper_grasping_frame,seed-0-wrist-0,2.611399977467954,,1.8040111098636291,0.12254555147127984,-1.929555069731588,1.3228345619921995,0.4009395929784625,-0.5402499032275991,-2.0627789042875904,3.829087495810406e-09,7.775530308583524e-14,1.6889254247320308e-09,1.8117553279002847,0.48045649330006507,0.6435873210363707,0.989850453683523,reachable_success
444,tiago_sew,SUCCESS_EXACT,tiago_semi_analytic,c96a32d,median-body-4344-torso015-J1-root-zplus020-v4,wrist_center,gripper_grasping_frame,seed-0-wrist-0,3.38829995598644,,1.8003543881297723,0.12050082575712835,-1.9317998205983598,1.3287386864620805,0.3945079236322231,-0.5376706295358611,-2.060174904068554,2.989366980140908e-13,4.9434673445175485e-14,0.0,1.9609535503021995,0.48084361536159126,0.6420924400793135,0.9902916376597938,reachable_success
445,tiago_sew,SUCCESS_EXACT,tiago_semi_analytic,c96a32d,median-body-4344-torso015-J1-root-zplus020-v4,wrist_center,gripper_grasping_frame,seed-0-wrist-0,3.5685000475496054,,1.796890310494888,0.11965052453005655,-1.9319119944765333,1.3340135365773385,0.39207156518717756,-0.5331389549816348,-2.059247882467422,1.2412670766236365e-13,5.0045199794444663e-14,2.5444437451708134e-14,2.0140679755645423,0.4810628920454081,0.6408609005139434,0.9906803500998144,reachable_success
446,tiago_sew,SUCCESS_EXACT,tiago_semi_analytic,c96a32d,median-body-4344-torso015-J1-root-zplus020-v4,wrist_center,gripper_grasping_frame,seed-0-wrist-0,3.6558000138029456,,1.7926407762020997,0.1186267991548767,-1.9324873643153961,1.340536205422942,0.3931557615042576,-0.5327189297700601,-2.0590659163962695,4.710277376051325e-13,8.283532649250521e-14,2.5444437451708134e-14,2.024493863456152,0.4805622892368485,0.6390460974868402,0.9905262030301344,reachable_success
447,tiago_sew,SUCCESS_EXACT,tiago_semi_analytic,c96a32d,median-body-4344-torso015-J1-root-zplus020-v4,wrist_center,gripper_grasping_frame,seed-0-wrist-0,3.2891000155359507,,1.7881197160810423,0.11834538190394833,-1.9321953446895725,1.3468304718447917,0.39430534180710985,-0.5320389022319478,-2.0587428895943427,4.611102534756204e-13,8.489065423697611e-14,0.0,2.043001935876163,0.4802816018341974,0.6371983472900681,0.9902831249953739,reachable_success
448,tiago_sew,SUCCESS_EXACT,tiago_semi_analytic,c96a32d,median-body-4344-torso015-J1-root-zplus020-v4,wrist_center,gripper_grasping_frame,seed-0-wrist-0,3.7262000842019916,,1.7836362859044568,0.11580222518308046,-1.9351709480464019,1.3541789156445014,0.39172503724572527,-0.5322400354955166,-2.057276111557359,2.288783399261119e-13,7.40430193538302e-14,0.0,2.1270421268778255,0.47993393631427345,0.6351053306136261,0.9904780307414567,reachable_success
449,tiago_sew,SUCCESS_EXACT,tiago_semi_analytic,c96a32d,median-body-4344-torso015-J1-root-zplus020-v4,wrist_center,gripper_grasping_frame,seed-0-wrist-0,3.5100000677630305,,1.7789929626451129,0.11446647019916174,-1.9365796254555456,1.36165655198105,0.3907978695748877,-0.5343126471309345,-2.056739271107073,2.482534153247273e-13,5.103861666015622e-14,2.5444437451708134e-14,2.1578008189510975,0.47924360024533297,0.6329639895318614,0.9900472855214615,reachable_success
450,tiago_sew,SUCCESS_EXACT,tiago_semi_analytic,c96a32d,median-body-4344-torso015-J1-root-zplus020-v4,wrist_center,gripper_grasping_frame,seed-0-wrist-0,3.877100069075823,,1.7736145043051519,0.1125350614659587,-1.9384626336092525,1.3699542765741726,0.38659101495738835,-0.5381770995106843,-2.050293759458545,2.288783399261119e-13,1.1086144455671252e-14,0.0,2.5271014332141757,0.47887831791109364,0.630465142079524,0.9891515657615162,reachable_success
451,tiago_sew,SUCCESS_EXACT,tiago_semi_analytic,c96a32d,median-body-4344-torso015-J1-root-zplus020-v4,wrist_center,gripper_grasping_frame,seed-0-wrist-0,4.213200067169964,,1.7683433981256282,0.11008957007767,-1.9399480892319945,1.3790667521431395,0.38381895597672155,-0.5374609037308038,-2.0485328601108552,3.14018491736755e-13,6.328630759372333e-14,2.5444437451708134e-14,2.6279935339841316,0.47825064205368123,0.6281797080446405,0.9887861752107187,reachable_success
452,tiago_sew,SUCCESS_EXACT,tiago_semi_analytic,c96a32d,median-body-4344-torso015-J1-root-zplus020-v4,wrist_center,gripper_grasping_frame,seed-0-wrist-0,3.377700108103454,,1.7618652068866612,0.10977526293063239,-1.9391681476907023,1.3885079705260281,0.3833871471392989,-0.5343242036760412,-2.046802456503155,1.1102230246251565e-13,8.668020189294359e-14,2.5444437451708134e-14,2.727138357559575,0.4779031692327999,0.625634217773477,0.9886151115408097,reachable_success
453,tiago_sew,SUCCESS_EXACT,tiago_semi_analytic,c96a32d,median-body-4344-torso015-J1-root-zplus020-v4,wrist_center,gripper_grasping_frame,seed-0-wrist-0,3.2531999750062823,,1.7557905351256435,0.10842351704417391,-1.939796903832641,1.3969579441557447,0.38549567593475764,-0.5346419853785811,-2.0485382046962295,2.7194799110210365e-13,4.599460119338088e-14,5.088887490341627e-14,2.627687311798939,0.4774084787958843,0.6229778453872775,0.9882000141592808,reachable_success
454,tiago_sew,SUCCESS_EXACT,tiago_semi_analytic,c96a32d,median-body-4344-torso015-J1-root-zplus020-v4,wrist_center,gripper_grasping_frame,seed-0-wrist-0,3.238599980250001,,1.7488317437224326,0.10597398639584953,-1.9412438121523112,1.4084732404250249,0.383314401750396,-0.5311820101663058,-2.0421662248459738,3.554447978966673e-13,3.20778652407626e-14,2.5444437451708134e-14,2.992774864360994,0.4766871127664295,0.6200390795335353,0.988307828839991,reachable_success
455,tiago_sew,SUCCESS_EXACT,tiago_semi_analytic,c96a32d,median-body-4344-torso015-J1-root-zplus020-v4,wrist_center,gripper_grasping_frame,seed-0-wrist-0,3.2840000931173563,,1.7421738393685382,0.10372581715183386,-1.942437310535114,1.4195929062594925,0.3859807233397943,-0.5251922371849984,-2.043885447106467,2.288783399261119e-13,5.229208171038921e-15,0.0,2.894270684789796,0.4756065550101719,0.6172393263593494,0.9890252300819974,reachable_success
456,tiago_sew,SUCCESS_EXACT,tiago_semi_analytic,c96a32d,median-body-4344-torso015-J1-root-zplus020-v4,wrist_center,gripper_grasping_frame,seed-0-wrist-0,3.338899929076433,,1.734761569490245,0.09925159364395149,-1.945250172190947,1.4332164150426376,0.37806466829104446,-0.5088206056102047,-2.039025255122775,3.554447978966673e-13,3.579683584229449e-14,0.0,3.1727391730786585,0.4755701032992757,0.6144595019284955,0.9914178010086875,reachable_success
457,tiago_sew,SUCCESS_EXACT,tiago_semi_analytic,c96a32d,median-body-4344-torso015-J1-root-zplus020-v4,wrist_center,gripper_grasping_frame,seed-0-wrist-0,3.319400013424456,,1.7266359313808928,0.09718342181672905,-1.946220512195629,1.4459118905873183,0.37608284689002236,-0.5042583890715937,-2.034473579987,1.6653345369377348e-13,3.697020741107963e-14,2.5444437451708134e-14,3.4335309480732037,0.47488873429412704,0.6110417457653763,0.9916376142449586,reachable_success
458,tiago_sew,SUCCESS_EXACT,tiago_semi_analytic,c96a32d,median-body-4344-torso015-J1-root-zplus020-v4,wrist_center,gripper_grasping_frame,seed-0-wrist-0,3.5818000324070454,,1.7182570243996247,0.09281596294961418,-1.9478629498587365,1.4614279242484585,0.36639066752603355,-0.5052023998788382,-2.0224336374933714,2.0014830212433604e-13,4.463058888086615e-14,0.0,4.123368838538339,0.47364785305803936,0.6073419124394586,0.9900261221441059,reachable_success
459,tiago_sew,SUCCESS_EXACT,tiago_semi_analytic,c96a32d,median-body-4344-torso015-J1-root-zplus020-v4,wrist_center,gripper_grasping_frame,seed-0-wrist-0,3.2610000343993306,,1.7094917651141501,0.08866021113305501,-1.9505879896291127,1.4767616799185341,0.3663130413921101,-0.4991500480535911,-2.019459924880925,2.989366980140908e-13,4.6105429682989557e-14,5.088887490341627e-14,4.293750020716333,0.4721001661160487,0.6033995594024667,0.9907195611292647,reachable_success
460,tiago_sew,SUCCESS_EXACT,tiago_semi_analytic,c96a32d,median-body-4344-torso015-J1-root-zplus020-v4,wrist_center,gripper_grasping_frame,seed-0-wrist-0,3.4941999474540353,,1.6995775124972845,0.08492182117327471,-1.9516085766998217,1.4945538257375475,0.3573362098282784,-0.4962615515380122,-2.0093380086791424,5.087681048627601e-13,2.0472468502397018e-14,0.0,4.873693099663571,0.4706369116890375,0.5991314712732699,0.9897560279745617,reachable_success
461,tiago_sew,SUCCESS_EXACT,tiago_semi_analytic,c96a32d,median-body-4344-torso015-J1-root-zplus020-v4,wrist_center,gripper_grasping_frame,seed-0-wrist-0,3.2823000801727176,,1.6898543794879868,0.08005606482548967,-1.9540848301357687,1.5127974205721357,0.3504953764259513,-0.4939113892115121,-2.001643870896543,3.188872858294072e-13,6.873473951197894e-14,2.5444437451708134e-14,5.314534721598664,0.4686712692634152,0.5946839166144694,0.9891304534535101,reachable_success
462,tiago_sew,SUCCESS_EXACT,tiago_semi_analytic,c96a32d,median-body-4344-torso015-J1-root-zplus020-v4,wrist_center,gripper_grasping_frame,seed-0-wrist-0,3.6192999687045813,,1.6784368488832289,0.07749089877983623,-1.9535290655221957,1.5326982054252065,0.34734017844807497,-0.49132296013180765,-1.9975157629050164,2.482534153247273e-13,7.090138389707452e-14,0.0,5.55105788688736,0.46627468326098886,0.5897251960417722,0.9877831344114658,reachable_success
463,tiago_sew,SUCCESS_EXACT,tiago_semi_analytic,c96a32d,median-body-4344-torso015-J1-root-zplus020-v4,wrist_center,gripper_grasping_frame,seed-0-wrist-0,3.2983000855892897,,1.6675242640418757,0.07215430082598485,-1.956049476807572,1.5528641712654614,0.3312325252918997,-0.49237709520480033,-1.9836630295252649,2.5438405243138007e-13,6.05510831380664e-14,2.5444437451708134e-14,6.344761044267122,0.46470616841730994,0.5847447938632084,0.9861128054028769,reachable_success
464,tiago_sew,SUCCESS_EXACT,tiago_semi_analytic,c96a32d,median-body-4344-torso015-J1-root-zplus020-v4,wrist_center,gripper_grasping_frame,seed-0-wrist-0,3.262000042013824,,1.656236800700398,0.06766846558529753,-1.957490299226319,1.5735558679293382,0.32775001265004367,-0.49268852322033574,-1.9822644295141911,2.7755575615628914e-13,7.693891160085468e-14,5.088887490341627e-14,6.424894922128596,0.4618285275003555,0.5794414886929753,0.9846047750163165,reachable_success
465,tiago_sew,SUCCESS_EXACT,tiago_semi_analytic,c96a32d,median-body-4344-torso015-J1-root-zplus020-v4,wrist_center,gripper_grasping_frame,seed-0-wrist-0,3.285699989646673,,1.6440331248954236,0.06195233451638129,-1.9593146522236777,1.597024052972852,0.3131891131994706,-0.4963867954202428,-1.9706937040366093,8.688869536365456e-13,2.7484810943059034e-14,0.0,7.087848657898531,0.4590981092019658,0.5736951304711624,0.9819293402549842,reachable_success
466,tiago_sew,SUCCESS_EXACT,tiago_semi_analytic,c96a32d,median-body-4344-torso015-J1-root-zplus020-v4,wrist_center,gripper_grasping_frame,seed-0-wrist-0,3.399199922569096,,1.6317909119419254,0.05436753306820415,-1.963200799469271,1.6208591421063716,0.30672597417938086,-0.4924037461060595,-1.9718660324663118,5.353301558149145e-13,8.877159954191654e-14,2.5444437451708134e-14,7.020679186673378,0.45588145736844116,0.5677015458437613,0.9815369777123658,reachable_success
467,tiago_sew,SUCCESS_EXACT,tiago_semi_analytic,c96a32d,median-body-4344-torso015-J1-root-zplus020-v4,wrist_center,gripper_grasping_frame,seed-0-wrist-0,3.337599919177592,,1.6183914151805685,0.049035027781025864,-1.9647023044628276,1.645163618800078,0.3070109442068212,-0.4908985001874635,-1.9750657857111928,1.2174545926647189e-12,8.639709702041701e-14,0.0,6.837346830258403,0.45204882737772956,0.5612224148029844,0.980202261433413,reachable_success
468,tiago_sew,SUCCESS_EXACT,tiago_semi_analytic,c96a32d,median-body-4344-torso015-J1-root-zplus020-v4,wrist_center,gripper_grasping_frame,seed-0-wrist-0,3.5014000022783875,,1.6054911341216014,0.04173435892609296,-1.967678391428588,1.6698764262984664,0.30412259030849675,-0.4881868011389834,-1.9759161573710946,3.6303613863403092e-12,4.6017791858344357e-14,5.088887490341627e-14,6.788624123128497,0.448219239284125,0.5547764331548872,0.9793001782938,reachable_success
469,tiago_sew,SUCCESS_EXACT,tiago_semi_analytic,c96a32d,median-body-4344-torso015-J1-root-zplus020-v4,wrist_center,gripper_grasping_frame,seed-0-wrist-0,3.2734000124037266,,1.591789787332939,0.03338621084428805,-1.9712888865991292,1.6963995359945179,0.29881049393264814,-0.4918867517133396,-1.9722445576017327,1.4363664577902597e-11,5.278097912028826e-15,5.088887490341627e-14,6.998991293974142,0.4439835690264131,0.5476498964310237,0.9771019985704397,reachable_success
470,tiago_sew,SUCCESS_EXACT,tiago_semi_analytic,c96a32d,median-body-4344-torso015-J1-root-zplus020-v4,wrist_center,gripper_grasping_frame,seed-0-wrist-0,3.2779999310150743,,1.5780356985892636,0.024821736806580588,-1.975065713710196,1.7231881861714125,0.2916347110062074,-0.49094752715992573,-1.9701103238064501,3.03605908839615e-11,3.9488162686108996e-14,1.526666247102488e-13,7.12127388293802,0.4399268291191655,0.5405620775387273,0.9758964206944214,reachable_success
471,tiago_sew,SUCCESS_EXACT,tiago_semi_analytic,c96a32d,median-body-4344-torso015-J1-root-zplus020-v4,wrist_center,gripper_grasping_frame,seed-0-wrist-0,3.8701000157743692,,1.5636449187607613,0.017317190838233028,-1.9778497901593592,1.7504044289456195,0.2848035894136576,-0.4931643483558319,-1.966022754414686,6.013979336893472e-11,3.123703556848758e-14,5.088887490341627e-13,7.355474357552962,0.4356714940379794,0.5331623452274793,0.9738386553067181,reachable_success
472,tiago_sew,SUCCESS_EXACT,tiago_semi_analytic,c96a32d,median-body-4344-torso015-J1-root-zplus020-v4,wrist_center,gripper_grasping_frame,seed-0-wrist-0,5.3032999858260155,,1.5494274650289408,0.006846117169026558,-1.9832622785107956,1.7786480349456637,0.2656157689372902,-0.4992596382977297,-1.9563515344182392,1.309062763106003e-10,4.2890642413529386e-14,2.060999433588359e-12,7.909594446091892,0.4321329142736769,0.5255799069626211,0.9715023412226937,reachable_success
473,tiago_sew,SUCCESS_EXACT,tiago_semi_analytic,c96a32d,median-body-4344-torso015-J1-root-zplus020-v4,wrist_center,gripper_grasping_frame,seed-0-wrist-0,3.661000053398311,,1.5349695751672687,-0.003444789167218035,-1.9879544655673125,1.8074679036431642,0.2418977474463877,-0.5073959512889892,-1.9465372902432883,3.113430398715528e-10,7.689241731827377e-14,4.707220928566005e-12,8.471909216427433,0.42878465347533384,0.5179572359415374,0.9684610087363698,reachable_success
474,tiago_sew,SUCCESS_EXACT,tiago_semi_analytic,c96a32d,median-body-4344-torso015-J1-root-zplus020-v4,wrist_center,gripper_grasping_frame,seed-0-wrist-0,3.3552999375388026,,1.5197147456268931,-0.01484265411989637,-1.9931390415369368,1.8371796532562568,0.21831377427961485,-0.5159822151038114,-1.9421391051297725,5.450309570476743e-10,3.5050562419956325e-14,1.0712108167169124e-11,8.723906660949151,0.4255057631693625,0.509861459977823,0.9654604418300479,reachable_success
475,tiago_sew,SUCCESS_EXACT,tiago_semi_analytic,c96a32d,median-body-4344-torso015-J1-root-zplus020-v4,wrist_center,gripper_grasping_frame,seed-0-wrist-0,3.3233999274671078,,1.5045876581141822,-0.02615826266155749,-1.9987589989273171,1.866697749359641,0.18489166559925962,-0.5387431791389261,-1.9280767752700125,1.0036113298307712e-09,6.116497948270204e-14,2.3536104642830023e-11,9.529618812034192,0.42310590353758093,0.5016377674054542,0.9598633186841078,reachable_success
476,tiago_sew,SUCCESS_EXACT,tiago_semi_analytic,c96a32d,median-body-4344-torso015-J1-root-zplus020-v4,wrist_center,gripper_grasping_frame,seed-0-wrist-0,3.244900028221309,,1.489905387849405,-0.03867653086845529,-2.0053809845915516,1.8959196975121506,0.1472392458918117,-0.5597299676670424,-1.916505906057039,1.6362413470913945e-09,3.827469595812307e-14,3.450265718451623e-11,10.192580783235432,0.42144083583913655,0.4936205242115299,0.9551070742057165,reachable_success
477,tiago_sew,SUCCESS_EXACT,tiago_semi_analytic,c96a32d,median-body-4344-torso015-J1-root-zplus020-v4,wrist_center,gripper_grasping_frame,seed-0-wrist-0,3.333900007419288,,1.4740860895359171,-0.050539913248788135,-2.0109881459284686,1.9263578264373826,0.1065153303420181,-0.5749529282325554,-1.9043979739616432,4.313237813478688e-09,6.065538813317618e-14,1.0391508255277603e-10,10.886314190932605,0.4201833388280722,0.485469240860505,0.9513370022174841,reachable_success
478,tiago_sew,SUCCESS_EXACT,tiago_semi_analytic,c96a32d,median-body-4344-torso015-J1-root-zplus020-v4,wrist_center,gripper_grasping_frame,seed-0-wrist-0,3.343400079756975,,1.4579189670448598,-0.06374334551450647,-2.0168756231949336,1.956236345529578,0.07092304983745246,-0.5910961148814291,-1.8963844731263446,5.207838754632638e-09,6.981389975429237e-14,1.40097072609105e-10,11.345453967919775,0.41906445739356013,0.47703250202611325,0.9475952008082701,reachable_success
479,tiago_sew,SUCCESS_EXACT,tiago_semi_analytic,c96a32d,median-body-4344-torso015-J1-root-zplus020-v4,wrist_center,gripper_grasping_frame,seed-0-wrist-0,3.3120999578386545,,1.4415719206779236,-0.07557454860770875,-2.0221730025864217,1.98758979872733,0.06425529242228523,-0.6071376705175222,-1.9122679117030668,2.283897149326135e-08,2.4738909615172195e-14,6.357801586058312e-10,10.435399973318319,0.41402711413961135,0.46756122682679324,0.9437688672456078,reachable_success
480,tiago_sew,SUCCESS_EXACT,tiago_semi_analytic,c96a32d,median-body-4344-torso015-J1-root-zplus020-v4,wrist_center,gripper_grasping_frame,seed-0-wrist-0,3.2829000847414136,,1.4244120235298676,-0.08776759904856847,-2.027334384469363,2.0184863797005153,0.04581010569402588,-0.6221268105126856,-1.9122047790381451,3.375137425680479e-08,7.971240384261252e-14,1.0024090578474937e-09,10.43901720856774,0.41090054525985076,0.4582614480834136,0.9402355207233721,reachable_success
481,tiago_sew,SUCCESS_EXACT,tiago_semi_analytic,c96a32d,median-body-4344-torso015-J1-root-zplus020-v4,wrist_center,gripper_grasping_frame,seed-0-wrist-0,3.9338000351563096,,1.4080131046757773,-0.10095594362641036,-2.032407418750137,2.0498893260386697,0.020221209822536945,-0.6403923015595199,-1.8960123114575858,1.2412670766236365e-13,5.046625561664219e-14,0.0,11.366777260836205,0.40821830056401803,0.44927582271755684,0.9360681858201699,reachable_success
482,tiago_sew,SUCCESS_EXACT,tiago_semi_analytic,c96a32d,median-body-4344-torso015-J1-root-zplus020-v4,wrist_center,gripper_grasping_frame,seed-0-wrist-0,3.945200005546212,,1.391506010057436,-0.11350931025217222,-2.037958466766266,2.080035844950391,-0.0025439283887589426,-0.6650708914754335,-1.875235117591032,1.0007415106216802e-13,6.649874528232952e-14,0.0,12.557222779514834,0.406083233140938,0.44006020402376234,0.9311031640192254,reachable_success
483,tiago_sew,SUCCESS_EXACT,tiago_semi_analytic,c96a32d,median-body-4344-torso015-J1-root-zplus020-v4,wrist_center,gripper_grasping_frame,seed-0-wrist-0,5.527099943719804,,1.3753754249620171,-0.12671218062115797,-2.0430695056239356,2.1100463144789794,-0.02568600061387727,-0.6930376215876137,-1.8504108334005842,2.077037090527612e-13,3.629875524934402e-14,0.0,13.979549493060826,0.4041865043100766,0.4309031855351084,0.9254067544981468,reachable_success
484,tiago_sew,SUCCESS_EXACT,tiago_semi_analytic,c96a32d,median-body-4344-torso015-J1-root-zplus020-v4,wrist_center,gripper_grasping_frame,seed-0-wrist-0,4.830500110983849,,1.3594348516474033,-0.14000288224372281,-2.0478805795941954,2.1396742512607574,-0.04981131388557003,-0.7152250784798877,-1.827004518955066,1.1443916996305594e-13,3.1568607467412257e-14,2.5444437451708134e-14,12.405438600873564,0.40239782411708847,0.42210768251510455,0.9209576851839555,reachable_success
485,tiago_sew,SUCCESS_EXACT,tiago_semi_analytic,c96a32d,median-body-4344-torso015-J1-root-zplus020-v4,wrist_center,gripper_grasping_frame,seed-0-wrist-0,4.1547000873833895,,1.3435597716936183,-0.1547492015073484,-2.0540909973364956,2.168601562238576,-0.06824349867282464,-0.7430048648377312,-1.8159560541264614,2.8441001681421825e-13,8.395775804822908e-14,0.0,10.748025769182108,0.400679102440691,0.4128638405860987,0.9159686216176581,reachable_success
486,tiago_sew,SUCCESS_EXACT,tiago_semi_analytic,c96a32d,median-body-4344-torso015-J1-root-zplus020-v4,wrist_center,gripper_grasping_frame,seed-0-wrist-0,4.7614999348297715,,1.3275306122289878,-0.169238161573811,-2.059602255935094,2.1985358588577353,-0.08655584294619345,-0.7733223609541491,-1.809210282620306,1.0370338861126153e-12,8.22084561679034e-14,5.088887490341627e-14,9.032916910211547,0.39875024126993647,0.4034106024136998,0.9103310135565954,reachable_success
487,tiago_sew,SUCCESS_EXACT,tiago_semi_analytic,c96a32d,median-body-4344-torso015-J1-root-zplus020-v4,wrist_center,gripper_grasping_frame,seed-0-wrist-0,4.0086000226438046,,1.3110880753752427,-0.18515418426912197,-2.065680444659653,2.228991065494753,-0.10486955650532259,-0.8040248492685085,-1.8079612347707883,2.3758837576365584e-11,7.578155438034694e-14,1.0177774980683254e-12,7.287962105711625,0.3970003093190593,0.39368311280315926,0.9049166760199073,reachable_success
488,tiago_sew,SUCCESS_EXACT,tiago_semi_analytic,c96a32d,median-body-4344-torso015-J1-root-zplus020-v4,wrist_center,gripper_grasping_frame,seed-0-wrist-0,4.829899989999831,,1.294795735108111,-0.20185767378882932,-2.0722114567287933,2.2590877765386677,-0.12059986388564958,-0.8367130994118224,-1.8125219071475485,5.781660986399778e-10,6.507033231611649e-14,2.5546215201514966e-11,5.563547585670535,0.3952836872247423,0.38380448130852385,0.8993730216453519,reachable_success
489,tiago_sew,SUCCESS_EXACT,tiago_semi_analytic,c96a32d,median-body-4344-torso015-J1-root-zplus020-v4,wrist_center,gripper_grasping_frame,seed-0-wrist-0,5.843800026923418,,1.2778411726173393,-0.21865570285347072,-2.0774630360121744,2.2894969330143033,-0.13234508771587272,-0.8678264965299847,-1.8199272598042446,4.853151574014003e-08,2.7221163310746815e-14,2.2541227138468236e-09,3.821231261063693,0.3929991467321711,0.3737048681553563,0.8936148346286781,reachable_success
490,tiago_sew,SUCCESS_EXACT,tiago_semi_analytic,c96a32d,median-body-4344-torso015-J1-root-zplus020-v4,wrist_center,gripper_grasping_frame,seed-0-wrist-0,5.604000063613057,,1.2610197738755389,-0.23506681301182258,-2.081071156699739,2.31962405153348,-0.14522430851625323,-0.9014251742764685,-1.8189003899623364,1.8930604839461517e-11,2.6479430982714505e-14,8.905553108097847e-13,2.0950745210244577,0.3910364724604949,0.3637070814455052,0.8869997507996086,reachable_success
491,tiago_sew,SUCCESS_EXACT,tiago_semi_analytic,c96a32d,median-body-4344-torso015-J1-root-zplus020-v4,wrist_center,gripper_grasping_frame,seed-0-wrist-0,5.709500052034855,,1.245269361701083,-0.25337678120157103,-2.0856457951154552,2.3487183404324035,-0.15861756743134947,-0.931555915816467,-1.8145858036131273,2.9887729552900074e-07,1.5170278964491184e-14,1.4857261472426896e-08,0.4280945591818109,0.3891496428323663,0.35426316019652226,0.8815831599396196,reachable_success
492,tiago_sew,NUMERICAL_FAILURE,tiago_semi_analytic,c96a32d,median-body-4344-torso015-J1-root-zplus020-v4,wrist_center,gripper_grasping_frame,,353.3506999956444,no exact or boundary-refined wrist branch met strict wrist-center/orientation/SEW tolerances,,,,,,,,,,,,,,,oracle_inconclusive
493,tiago_sew,NUMERICAL_FAILURE,tiago_semi_analytic,c96a32d,median-body-4344-torso015-J1-root-zplus020-v4,wrist_center,gripper_grasping_frame,,300.8319999789819,no exact or boundary-refined wrist branch met strict wrist-center/orientation/SEW tolerances,,,,,,,,,,,,,,,oracle_inconclusive
494,tiago_sew,NUMERICAL_FAILURE,tiago_semi_analytic,c96a32d,median-body-4344-torso015-J1-root-zplus020-v4,wrist_center,gripper_grasping_frame,,302.0714999875054,no exact or boundary-refined wrist branch met strict wrist-center/orientation/SEW tolerances,,,,,,,,,,,,,,,oracle_inconclusive
495,tiago_sew,NUMERICAL_FAILURE,tiago_semi_analytic,c96a32d,median-body-4344-torso015-J1-root-zplus020-v4,wrist_center,gripper_grasping_frame,,305.6094000348821,no exact or boundary-refined wrist branch met strict wrist-center/orientation/SEW tolerances,,,,,,,,,,,,,,,oracle_inconclusive
496,tiago_sew,NUMERICAL_FAILURE,tiago_semi_analytic,c96a32d,median-body-4344-torso015-J1-root-zplus020-v4,wrist_center,gripper_grasping_frame,,316.4141000015661,no exact or boundary-refined wrist branch met strict wrist-center/orientation/SEW tolerances,,,,,,,,,,,,,,,oracle_inconclusive
497,tiago_sew,NUMERICAL_FAILURE,tiago_semi_analytic,c96a32d,median-body-4344-torso015-J1-root-zplus020-v4,wrist_center,gripper_grasping_frame,,322.3213000455871,no exact or boundary-refined wrist branch met strict wrist-center/orientation/SEW tolerances,,,,,,,,,,,,,,,oracle_inconclusive
498,tiago_sew,NUMERICAL_FAILURE,tiago_semi_analytic,c96a32d,median-body-4344-torso015-J1-root-zplus020-v4,wrist_center,gripper_grasping_frame,,328.86969996616244,no exact or boundary-refined wrist branch met strict wrist-center/orientation/SEW tolerances,,,,,,,,,,,,,,,oracle_inconclusive
499,tiago_sew,NUMERICAL_FAILURE,tiago_semi_analytic,c96a32d,median-body-4344-torso015-J1-root-zplus020-v4,wrist_center,gripper_grasping_frame,,336.8168000597507,no exact or boundary-refined wrist branch met strict wrist-center/orientation/SEW tolerances,,,,,,,,,,,,,,,oracle_inconclusive
500,tiago_sew,NUMERICAL_FAILURE,tiago_semi_analytic,c96a32d,median-body-4344-torso015-J1-root-zplus020-v4,wrist_center,gripper_grasping_frame,,320.58479997795075,no exact or boundary-refined wrist branch met strict wrist-center/orientation/SEW tolerances,,,,,,,,,,,,,,,oracle_inconclusive
501,tiago_sew,NUMERICAL_FAILURE,tiago_semi_analytic,c96a32d,median-body-4344-torso015-J1-root-zplus020-v4,wrist_center,gripper_grasping_frame,,234.05900003854185,no exact or boundary-refined wrist branch met strict wrist-center/orientation/SEW tolerances,,,,,,,,,,,,,,,oracle_inconclusive
502,tiago_sew,NUMERICAL_FAILURE,tiago_semi_analytic,c96a32d,median-body-4344-torso015-J1-root-zplus020-v4,wrist_center,gripper_grasping_frame,,340.0900000706315,no exact or boundary-refined wrist branch met strict wrist-center/orientation/SEW tolerances,,,,,,,,,,,,,,,oracle_inconclusive
503,tiago_sew,NUMERICAL_FAILURE,tiago_semi_analytic,c96a32d,median-body-4344-torso015-J1-root-zplus020-v4,wrist_center,gripper_grasping_frame,,234.75549998693168,no exact or boundary-refined wrist branch met strict wrist-center/orientation/SEW tolerances,,,,,,,,,,,,,,,oracle_inconclusive
504,tiago_sew,NUMERICAL_FAILURE,tiago_semi_analytic,c96a32d,median-body-4344-torso015-J1-root-zplus020-v4,wrist_center,gripper_grasping_frame,,377.11010000202805,no exact or boundary-refined wrist branch met strict wrist-center/orientation/SEW tolerances,,,,,,,,,,,,,,,oracle_inconclusive
505,tiago_sew,NUMERICAL_FAILURE,tiago_semi_analytic,c96a32d,median-body-4344-torso015-J1-root-zplus020-v4,wrist_center,gripper_grasping_frame,,244.06910000834614,no exact or boundary-refined wrist branch met strict wrist-center/orientation/SEW tolerances,,,,,,,,,,,,,,,oracle_inconclusive
506,tiago_sew,NUMERICAL_FAILURE,tiago_semi_analytic,c96a32d,median-body-4344-torso015-J1-root-zplus020-v4,wrist_center,gripper_grasping_frame,,255.7459999807179,no exact or boundary-refined wrist branch met strict wrist-center/orientation/SEW tolerances,,,,,,,,,,,,,,,oracle_inconclusive
507,tiago_sew,NUMERICAL_FAILURE,tiago_semi_analytic,c96a32d,median-body-4344-torso015-J1-root-zplus020-v4,wrist_center,gripper_grasping_frame,,269.1517999628559,no exact or boundary-refined wrist branch met strict wrist-center/orientation/SEW tolerances,,,,,,,,,,,,,,,oracle_inconclusive
508,tiago_sew,NUMERICAL_FAILURE,tiago_semi_analytic,c96a32d,median-body-4344-torso015-J1-root-zplus020-v4,wrist_center,gripper_grasping_frame,,284.55619991291314,no exact or boundary-refined wrist branch met strict wrist-center/orientation/SEW tolerances,,,,,,,,,,,,,,,oracle_inconclusive
509,tiago_sew,NUMERICAL_FAILURE,tiago_semi_analytic,c96a32d,median-body-4344-torso015-J1-root-zplus020-v4,wrist_center,gripper_grasping_frame,,299.2377000628039,no exact or boundary-refined wrist branch met strict wrist-center/orientation/SEW tolerances,,,,,,,,,,,,,,,oracle_inconclusive
510,tiago_sew,NUMERICAL_FAILURE,tiago_semi_analytic,c96a32d,median-body-4344-torso015-J1-root-zplus020-v4,wrist_center,gripper_grasping_frame,,320.72570000309497,no exact or boundary-refined wrist branch met strict wrist-center/orientation/SEW tolerances,,,,,,,,,,,,,,,oracle_inconclusive
511,tiago_sew,NUMERICAL_FAILURE,tiago_semi_analytic,c96a32d,median-body-4344-torso015-J1-root-zplus020-v4,wrist_center,gripper_grasping_frame,,333.25259992852807,no exact or boundary-refined wrist branch met strict wrist-center/orientation/SEW tolerances,,,,,,,,,,,,,,,oracle_inconclusive
512,tiago_sew,NUMERICAL_FAILURE,tiago_semi_analytic,c96a32d,median-body-4344-torso015-J1-root-zplus020-v4,wrist_center,gripper_grasping_frame,,346.06689994689077,no exact or boundary-refined wrist branch met strict wrist-center/orientation/SEW tolerances,,,,,,,,,,,,,,,oracle_inconclusive
513,tiago_sew,NUMERICAL_FAILURE,tiago_semi_analytic,c96a32d,median-body-4344-torso015-J1-root-zplus020-v4,wrist_center,gripper_grasping_frame,,364.9050999665633,no exact or boundary-refined wrist branch met strict wrist-center/orientation/SEW tolerances,,,,,,,,,,,,,,,oracle_inconclusive
514,tiago_sew,NUMERICAL_FAILURE,tiago_semi_analytic,c96a32d,median-body-4344-torso015-J1-root-zplus020-v4,wrist_center,gripper_grasping_frame,,393.2618999388069,no exact or boundary-refined wrist branch met strict wrist-center/orientation/SEW tolerances,,,,,,,,,,,,,,,oracle_inconclusive
515,tiago_sew,NUMERICAL_FAILURE,tiago_semi_analytic,c96a32d,median-body-4344-torso015-J1-root-zplus020-v4,wrist_center,gripper_grasping_frame,,429.8519000876695,no exact or boundary-refined wrist branch met strict wrist-center/orientation/SEW tolerances,,,,,,,,,,,,,,,oracle_inconclusive
516,tiago_sew,NUMERICAL_FAILURE,tiago_semi_analytic,c96a32d,median-body-4344-torso015-J1-root-zplus020-v4,wrist_center,gripper_grasping_frame,,486.87499994412065,no exact or boundary-refined wrist branch met strict wrist-center/orientation/SEW tolerances,,,,,,,,,,,,,,,oracle_inconclusive
517,tiago_sew,NUMERICAL_FAILURE,tiago_semi_analytic,c96a32d,median-body-4344-torso015-J1-root-zplus020-v4,wrist_center,gripper_grasping_frame,,588.2584000937641,no exact or boundary-refined wrist branch met strict wrist-center/orientation/SEW tolerances,,,,,,,,,,,,,,,oracle_inconclusive
518,tiago_sew,NUMERICAL_FAILURE,tiago_semi_analytic,c96a32d,median-body-4344-torso015-J1-root-zplus020-v4,wrist_center,gripper_grasping_frame,,1180.2353999810293,no exact or boundary-refined wrist branch met strict wrist-center/orientation/SEW tolerances,,,,,,,,,,,,,,,oracle_inconclusive
519,tiago_sew,NUMERICAL_FAILURE,tiago_semi_analytic,c96a32d,median-body-4344-torso015-J1-root-zplus020-v4,wrist_center,gripper_grasping_frame,,491.3095999509096,no exact or boundary-refined wrist branch met strict wrist-center/orientation/SEW tolerances,,,,,,,,,,,,,,,oracle_inconclusive
520,tiago_sew,NUMERICAL_FAILURE,tiago_semi_analytic,c96a32d,median-body-4344-torso015-J1-root-zplus020-v4,wrist_center,gripper_grasping_frame,,443.0376999080181,no exact or boundary-refined wrist branch met strict wrist-center/orientation/SEW tolerances,,,,,,,,,,,,,,,oracle_inconclusive
521,tiago_sew,NUMERICAL_FAILURE,tiago_semi_analytic,c96a32d,median-body-4344-torso015-J1-root-zplus020-v4,wrist_center,gripper_grasping_frame,,426.9140000687912,no exact or boundary-refined wrist branch met strict wrist-center/orientation/SEW tolerances,,,,,,,,,,,,,,,oracle_inconclusive
522,tiago_sew,NUMERICAL_FAILURE,tiago_semi_analytic,c96a32d,median-body-4344-torso015-J1-root-zplus020-v4,wrist_center,gripper_grasping_frame,,402.44439989328384,no exact or boundary-refined wrist branch met strict wrist-center/orientation/SEW tolerances,,,,,,,,,,,,,,,oracle_inconclusive
523,tiago_sew,NUMERICAL_FAILURE,tiago_semi_analytic,c96a32d,median-body-4344-torso015-J1-root-zplus020-v4,wrist_center,gripper_grasping_frame,,393.50229990668595,no exact or boundary-refined wrist branch met strict wrist-center/orientation/SEW tolerances,,,,,,,,,,,,,,,oracle_inconclusive
524,tiago_sew,NUMERICAL_FAILURE,tiago_semi_analytic,c96a32d,median-body-4344-torso015-J1-root-zplus020-v4,wrist_center,gripper_grasping_frame,,391.4381000213325,no exact or boundary-refined wrist branch met strict wrist-center/orientation/SEW tolerances,,,,,,,,,,,,,,,oracle_inconclusive
525,tiago_sew,NUMERICAL_FAILURE,tiago_semi_analytic,c96a32d,median-body-4344-torso015-J1-root-zplus020-v4,wrist_center,gripper_grasping_frame,,380.22590009495616,no exact or boundary-refined wrist branch met strict wrist-center/orientation/SEW tolerances,,,,,,,,,,,,,,,oracle_inconclusive
526,tiago_sew,NUMERICAL_FAILURE,tiago_semi_analytic,c96a32d,median-body-4344-torso015-J1-root-zplus020-v4,wrist_center,gripper_grasping_frame,,378.1472999835387,no exact or boundary-refined wrist branch met strict wrist-center/orientation/SEW tolerances,,,,,,,,,,,,,,,oracle_inconclusive
527,tiago_sew,NUMERICAL_FAILURE,tiago_semi_analytic,c96a32d,median-body-4344-torso015-J1-root-zplus020-v4,wrist_center,gripper_grasping_frame,,394.205900025554,no exact or boundary-refined wrist branch met strict wrist-center/orientation/SEW tolerances,,,,,,,,,,,,,,,oracle_inconclusive
528,tiago_sew,NUMERICAL_FAILURE,tiago_semi_analytic,c96a32d,median-body-4344-torso015-J1-root-zplus020-v4,wrist_center,gripper_grasping_frame,,376.160699990578,no exact or boundary-refined wrist branch met strict wrist-center/orientation/SEW tolerances,,,,,,,,,,,,,,,oracle_inconclusive
529,tiago_sew,NUMERICAL_FAILURE,tiago_semi_analytic,c96a32d,median-body-4344-torso015-J1-root-zplus020-v4,wrist_center,gripper_grasping_frame,,357.0507999975234,no exact or boundary-refined wrist branch met strict wrist-center/orientation/SEW tolerances,,,,,,,,,,,,,,,oracle_inconclusive
530,tiago_sew,NUMERICAL_FAILURE,tiago_semi_analytic,c96a32d,median-body-4344-torso015-J1-root-zplus020-v4,wrist_center,gripper_grasping_frame,,354.40720000769943,no exact or boundary-refined wrist branch met strict wrist-center/orientation/SEW tolerances,,,,,,,,,,,,,,,oracle_inconclusive
531,tiago_sew,NUMERICAL_FAILURE,tiago_semi_analytic,c96a32d,median-body-4344-torso015-J1-root-zplus020-v4,wrist_center,gripper_grasping_frame,,353.8680000929162,no exact or boundary-refined wrist branch met strict wrist-center/orientation/SEW tolerances,,,,,,,,,,,,,,,oracle_inconclusive
532,tiago_sew,NUMERICAL_FAILURE,tiago_semi_analytic,c96a32d,median-body-4344-torso015-J1-root-zplus020-v4,wrist_center,gripper_grasping_frame,,348.19049993529916,no exact or boundary-refined wrist branch met strict wrist-center/orientation/SEW tolerances,,,,,,,,,,,,,,,oracle_inconclusive
533,tiago_sew,NUMERICAL_FAILURE,tiago_semi_analytic,c96a32d,median-body-4344-torso015-J1-root-zplus020-v4,wrist_center,gripper_grasping_frame,,348.28740009106696,no exact or boundary-refined wrist branch met strict wrist-center/orientation/SEW tolerances,,,,,,,,,,,,,,,oracle_inconclusive
534,tiago_sew,NUMERICAL_FAILURE,tiago_semi_analytic,c96a32d,median-body-4344-torso015-J1-root-zplus020-v4,wrist_center,gripper_grasping_frame,,346.196600003168,no exact or boundary-refined wrist branch met strict wrist-center/orientation/SEW tolerances,,,,,,,,,,,,,,,oracle_inconclusive
535,tiago_sew,NUMERICAL_FAILURE,tiago_semi_analytic,c96a32d,median-body-4344-torso015-J1-root-zplus020-v4,wrist_center,gripper_grasping_frame,,347.1483999164775,no exact or boundary-refined wrist branch met strict wrist-center/orientation/SEW tolerances,,,,,,,,,,,,,,,oracle_inconclusive
536,tiago_sew,NUMERICAL_FAILURE,tiago_semi_analytic,c96a32d,median-body-4344-torso015-J1-root-zplus020-v4,wrist_center,gripper_grasping_frame,,343.37099990807474,no exact or boundary-refined wrist branch met strict wrist-center/orientation/SEW tolerances,,,,,,,,,,,,,,,oracle_inconclusive
537,tiago_sew,NUMERICAL_FAILURE,tiago_semi_analytic,c96a32d,median-body-4344-torso015-J1-root-zplus020-v4,wrist_center,gripper_grasping_frame,,343.2486999081448,no exact or boundary-refined wrist branch met strict wrist-center/orientation/SEW tolerances,,,,,,,,,,,,,,,oracle_inconclusive
538,tiago_sew,NUMERICAL_FAILURE,tiago_semi_analytic,c96a32d,median-body-4344-torso015-J1-root-zplus020-v4,wrist_center,gripper_grasping_frame,,343.33499998319894,no exact or boundary-refined wrist branch met strict wrist-center/orientation/SEW tolerances,,,,,,,,,,,,,,,oracle_inconclusive
539,tiago_sew,NUMERICAL_FAILURE,tiago_semi_analytic,c96a32d,median-body-4344-torso015-J1-root-zplus020-v4,wrist_center,gripper_grasping_frame,,344.18449993245304,no exact or boundary-refined wrist branch met strict wrist-center/orientation/SEW tolerances,,,,,,,,,,,,,,,oracle_inconclusive
540,tiago_sew,NUMERICAL_FAILURE,tiago_semi_analytic,c96a32d,median-body-4344-torso015-J1-root-zplus020-v4,wrist_center,gripper_grasping_frame,,340.91789997182786,no exact or boundary-refined wrist branch met strict wrist-center/orientation/SEW tolerances,,,,,,,,,,,,,,,oracle_inconclusive
541,tiago_sew,NUMERICAL_FAILURE,tiago_semi_analytic,c96a32d,median-body-4344-torso015-J1-root-zplus020-v4,wrist_center,gripper_grasping_frame,,340.59400006663054,no exact or boundary-refined wrist branch met strict wrist-center/orientation/SEW tolerances,,,,,,,,,,,,,,,oracle_inconclusive
542,tiago_sew,NUMERICAL_FAILURE,tiago_semi_analytic,c96a32d,median-body-4344-torso015-J1-root-zplus020-v4,wrist_center,gripper_grasping_frame,,341.0296000074595,no exact or boundary-refined wrist branch met strict wrist-center/orientation/SEW tolerances,,,,,,,,,,,,,,,oracle_inconclusive
543,tiago_sew,NUMERICAL_FAILURE,tiago_semi_analytic,c96a32d,median-body-4344-torso015-J1-root-zplus020-v4,wrist_center,gripper_grasping_frame,,340.7564000226557,no exact or boundary-refined wrist branch met strict wrist-center/orientation/SEW tolerances,,,,,,,,,,,,,,,oracle_inconclusive
544,tiago_sew,NUMERICAL_FAILURE,tiago_semi_analytic,c96a32d,median-body-4344-torso015-J1-root-zplus020-v4,wrist_center,gripper_grasping_frame,,338.1310999393463,no exact or boundary-refined wrist branch met strict wrist-center/orientation/SEW tolerances,,,,,,,,,,,,,,,oracle_inconclusive
545,tiago_sew,NUMERICAL_FAILURE,tiago_semi_analytic,c96a32d,median-body-4344-torso015-J1-root-zplus020-v4,wrist_center,gripper_grasping_frame,,340.65929998178035,no exact or boundary-refined wrist branch met strict wrist-center/orientation/SEW tolerances,,,,,,,,,,,,,,,oracle_inconclusive
546,tiago_sew,NUMERICAL_FAILURE,tiago_semi_analytic,c96a32d,median-body-4344-torso015-J1-root-zplus020-v4,wrist_center,gripper_grasping_frame,,339.0520999673754,no exact or boundary-refined wrist branch met strict wrist-center/orientation/SEW tolerances,,,,,,,,,,,,,,,oracle_inconclusive
547,tiago_sew,NUMERICAL_FAILURE,tiago_semi_analytic,c96a32d,median-body-4344-torso015-J1-root-zplus020-v4,wrist_center,gripper_grasping_frame,,193.43210000079125,no exact or boundary-refined wrist branch met strict wrist-center/orientation/SEW tolerances,,,,,,,,,,,,,,,oracle_inconclusive
548,tiago_sew,NUMERICAL_FAILURE,tiago_semi_analytic,c96a32d,median-body-4344-torso015-J1-root-zplus020-v4,wrist_center,gripper_grasping_frame,,190.47139992471784,no exact or boundary-refined wrist branch met strict wrist-center/orientation/SEW tolerances,,,,,,,,,,,,,,,oracle_inconclusive
549,tiago_sew,NUMERICAL_FAILURE,tiago_semi_analytic,c96a32d,median-body-4344-torso015-J1-root-zplus020-v4,wrist_center,gripper_grasping_frame,,190.9451000392437,no exact or boundary-refined wrist branch met strict wrist-center/orientation/SEW tolerances,,,,,,,,,,,,,,,oracle_inconclusive
550,tiago_sew,NUMERICAL_FAILURE,tiago_semi_analytic,c96a32d,median-body-4344-torso015-J1-root-zplus020-v4,wrist_center,gripper_grasping_frame,,187.38780007697642,no exact or boundary-refined wrist branch met strict wrist-center/orientation/SEW tolerances,,,,,,,,,,,,,,,oracle_inconclusive
551,tiago_sew,NUMERICAL_FAILURE,tiago_semi_analytic,c96a32d,median-body-4344-torso015-J1-root-zplus020-v4,wrist_center,gripper_grasping_frame,,188.0173000972718,no exact or boundary-refined wrist branch met strict wrist-center/orientation/SEW tolerances,,,,,,,,,,,,,,,oracle_inconclusive
552,tiago_sew,NUMERICAL_FAILURE,tiago_semi_analytic,c96a32d,median-body-4344-torso015-J1-root-zplus020-v4,wrist_center,gripper_grasping_frame,,188.25669994112104,no exact or boundary-refined wrist branch met strict wrist-center/orientation/SEW tolerances,,,,,,,,,,,,,,,oracle_inconclusive
553,tiago_sew,NUMERICAL_FAILURE,tiago_semi_analytic,c96a32d,median-body-4344-torso015-J1-root-zplus020-v4,wrist_center,gripper_grasping_frame,,190.19839994143695,no exact or boundary-refined wrist branch met strict wrist-center/orientation/SEW tolerances,,,,,,,,,,,,,,,oracle_inconclusive
554,tiago_sew,NUMERICAL_FAILURE,tiago_semi_analytic,c96a32d,median-body-4344-torso015-J1-root-zplus020-v4,wrist_center,gripper_grasping_frame,,190.00180007424206,no exact or boundary-refined wrist branch met strict wrist-center/orientation/SEW tolerances,,,,,,,,,,,,,,,oracle_inconclusive
555,tiago_sew,NUMERICAL_FAILURE,tiago_semi_analytic,c96a32d,median-body-4344-torso015-J1-root-zplus020-v4,wrist_center,gripper_grasping_frame,,200.5759000312537,no exact or boundary-refined wrist branch met strict wrist-center/orientation/SEW tolerances,,,,,,,,,,,,,,,oracle_inconclusive
556,tiago_sew,NUMERICAL_FAILURE,tiago_semi_analytic,c96a32d,median-body-4344-torso015-J1-root-zplus020-v4,wrist_center,gripper_grasping_frame,,192.52729997970164,no exact or boundary-refined wrist branch met strict wrist-center/orientation/SEW tolerances,,,,,,,,,,,,,,,oracle_inconclusive
557,tiago_sew,NUMERICAL_FAILURE,tiago_semi_analytic,c96a32d,median-body-4344-torso015-J1-root-zplus020-v4,wrist_center,gripper_grasping_frame,,194.78420005179942,no exact or boundary-refined wrist branch met strict wrist-center/orientation/SEW tolerances,,,,,,,,,,,,,,,oracle_inconclusive
558,tiago_sew,NUMERICAL_FAILURE,tiago_semi_analytic,c96a32d,median-body-4344-torso015-J1-root-zplus020-v4,wrist_center,gripper_grasping_frame,,203.71150004211813,no exact or boundary-refined wrist branch met strict wrist-center/orientation/SEW tolerances,,,,,,,,,,,,,,,oracle_inconclusive
559,tiago_sew,NUMERICAL_FAILURE,tiago_semi_analytic,c96a32d,median-body-4344-torso015-J1-root-zplus020-v4,wrist_center,gripper_grasping_frame,,200.83089999388903,no exact or boundary-refined wrist branch met strict wrist-center/orientation/SEW tolerances,,,,,,,,,,,,,,,oracle_inconclusive
560,tiago_sew,NUMERICAL_FAILURE,tiago_semi_analytic,c96a32d,median-body-4344-torso015-J1-root-zplus020-v4,wrist_center,gripper_grasping_frame,,206.475600018166,no exact or boundary-refined wrist branch met strict wrist-center/orientation/SEW tolerances,,,,,,,,,,,,,,,oracle_inconclusive
561,tiago_sew,NUMERICAL_FAILURE,tiago_semi_analytic,c96a32d,median-body-4344-torso015-J1-root-zplus020-v4,wrist_center,gripper_grasping_frame,,231.3085999339819,no exact or boundary-refined wrist branch met strict wrist-center/orientation/SEW tolerances,,,,,,,,,,,,,,,oracle_inconclusive
562,tiago_sew,NUMERICAL_FAILURE,tiago_semi_analytic,c96a32d,median-body-4344-torso015-J1-root-zplus020-v4,wrist_center,gripper_grasping_frame,,229.11620000377297,no exact or boundary-refined wrist branch met strict wrist-center/orientation/SEW tolerances,,,,,,,,,,,,,,,oracle_inconclusive
563,tiago_sew,NUMERICAL_FAILURE,tiago_semi_analytic,c96a32d,median-body-4344-torso015-J1-root-zplus020-v4,wrist_center,gripper_grasping_frame,,219.06519995536655,no exact or boundary-refined wrist branch met strict wrist-center/orientation/SEW tolerances,,,,,,,,,,,,,,,oracle_inconclusive
564,tiago_sew,NUMERICAL_FAILURE,tiago_semi_analytic,c96a32d,median-body-4344-torso015-J1-root-zplus020-v4,wrist_center,gripper_grasping_frame,,219.0285000251606,no exact or boundary-refined wrist branch met strict wrist-center/orientation/SEW tolerances,,,,,,,,,,,,,,,oracle_inconclusive
565,tiago_sew,NUMERICAL_FAILURE,tiago_semi_analytic,c96a32d,median-body-4344-torso015-J1-root-zplus020-v4,wrist_center,gripper_grasping_frame,,222.04419993795455,no exact or boundary-refined wrist branch met strict wrist-center/orientation/SEW tolerances,,,,,,,,,,,,,,,oracle_inconclusive
566,tiago_sew,NUMERICAL_FAILURE,tiago_semi_analytic,c96a32d,median-body-4344-torso015-J1-root-zplus020-v4,wrist_center,gripper_grasping_frame,,222.76030003558844,no exact or boundary-refined wrist branch met strict wrist-center/orientation/SEW tolerances,,,,,,,,,,,,,,,oracle_inconclusive
567,tiago_sew,NUMERICAL_FAILURE,tiago_semi_analytic,c96a32d,median-body-4344-torso015-J1-root-zplus020-v4,wrist_center,gripper_grasping_frame,,229.03010004665703,no exact or boundary-refined wrist branch met strict wrist-center/orientation/SEW tolerances,,,,,,,,,,,,,,,oracle_inconclusive
568,tiago_sew,NUMERICAL_FAILURE,tiago_semi_analytic,c96a32d,median-body-4344-torso015-J1-root-zplus020-v4,wrist_center,gripper_grasping_frame,,233.22579998057336,no exact or boundary-refined wrist branch met strict wrist-center/orientation/SEW tolerances,,,,,,,,,,,,,,,oracle_inconclusive
569,tiago_sew,NUMERICAL_FAILURE,tiago_semi_analytic,c96a32d,median-body-4344-torso015-J1-root-zplus020-v4,wrist_center,gripper_grasping_frame,,240.78980006743222,no exact or boundary-refined wrist branch met strict wrist-center/orientation/SEW tolerances,,,,,,,,,,,,,,,oracle_inconclusive
570,tiago_sew,NUMERICAL_FAILURE,tiago_semi_analytic,c96a32d,median-body-4344-torso015-J1-root-zplus020-v4,wrist_center,gripper_grasping_frame,,248.30640002619475,no exact or boundary-refined wrist branch met strict wrist-center/orientation/SEW tolerances,,,,,,,,,,,,,,,oracle_inconclusive
571,tiago_sew,NUMERICAL_FAILURE,tiago_semi_analytic,c96a32d,median-body-4344-torso015-J1-root-zplus020-v4,wrist_center,gripper_grasping_frame,,258.9994999580085,no exact or boundary-refined wrist branch met strict wrist-center/orientation/SEW tolerances,,,,,,,,,,,,,,,oracle_inconclusive
572,tiago_sew,NUMERICAL_FAILURE,tiago_semi_analytic,c96a32d,median-body-4344-torso015-J1-root-zplus020-v4,wrist_center,gripper_grasping_frame,,273.6670000012964,no exact or boundary-refined wrist branch met strict wrist-center/orientation/SEW tolerances,,,,,,,,,,,,,,,oracle_inconclusive
573,tiago_sew,NUMERICAL_FAILURE,tiago_semi_analytic,c96a32d,median-body-4344-torso015-J1-root-zplus020-v4,wrist_center,gripper_grasping_frame,,343.49070000462234,no exact or boundary-refined wrist branch met strict wrist-center/orientation/SEW tolerances,,,,,,,,,,,,,,,oracle_inconclusive
574,tiago_sew,NUMERICAL_FAILURE,tiago_semi_analytic,c96a32d,median-body-4344-torso015-J1-root-zplus020-v4,wrist_center,gripper_grasping_frame,,538.3685000706464,no exact or boundary-refined wrist branch met strict wrist-center/orientation/SEW tolerances,,,,,,,,,,,,,,,oracle_inconclusive
575,tiago_sew,NUMERICAL_FAILURE,tiago_semi_analytic,c96a32d,median-body-4344-torso015-J1-root-zplus020-v4,wrist_center,gripper_grasping_frame,,407.2552000870928,no exact or boundary-refined wrist branch met strict wrist-center/orientation/SEW tolerances,,,,,,,,,,,,,,,oracle_inconclusive
576,tiago_sew,NUMERICAL_FAILURE,tiago_semi_analytic,c96a32d,median-body-4344-torso015-J1-root-zplus020-v4,wrist_center,gripper_grasping_frame,,415.69189995061606,no exact or boundary-refined wrist branch met strict wrist-center/orientation/SEW tolerances,,,,,,,,,,,,,,,oracle_inconclusive
577,tiago_sew,NUMERICAL_FAILURE,tiago_semi_analytic,c96a32d,median-body-4344-torso015-J1-root-zplus020-v4,wrist_center,gripper_grasping_frame,,399.0849999245256,no exact or boundary-refined wrist branch met strict wrist-center/orientation/SEW tolerances,,,,,,,,,,,,,,,oracle_inconclusive
578,tiago_sew,NUMERICAL_FAILURE,tiago_semi_analytic,c96a32d,median-body-4344-torso015-J1-root-zplus020-v4,wrist_center,gripper_grasping_frame,,400.8282000431791,no exact or boundary-refined wrist branch met strict wrist-center/orientation/SEW tolerances,,,,,,,,,,,,,,,oracle_inconclusive
579,tiago_sew,NUMERICAL_FAILURE,tiago_semi_analytic,c96a32d,median-body-4344-torso015-J1-root-zplus020-v4,wrist_center,gripper_grasping_frame,,373.0542999692261,no exact or boundary-refined wrist branch met strict wrist-center/orientation/SEW tolerances,,,,,,,,,,,,,,,oracle_inconclusive
580,tiago_sew,NUMERICAL_FAILURE,tiago_semi_analytic,c96a32d,median-body-4344-torso015-J1-root-zplus020-v4,wrist_center,gripper_grasping_frame,,398.08759989682585,no exact or boundary-refined wrist branch met strict wrist-center/orientation/SEW tolerances,,,,,,,,,,,,,,,oracle_inconclusive
581,tiago_sew,NUMERICAL_FAILURE,tiago_semi_analytic,c96a32d,median-body-4344-torso015-J1-root-zplus020-v4,wrist_center,gripper_grasping_frame,,348.1480999616906,no exact or boundary-refined wrist branch met strict wrist-center/orientation/SEW tolerances,,,,,,,,,,,,,,,oracle_inconclusive
582,tiago_sew,NUMERICAL_FAILURE,tiago_semi_analytic,c96a32d,median-body-4344-torso015-J1-root-zplus020-v4,wrist_center,gripper_grasping_frame,,335.3937000501901,no exact or boundary-refined wrist branch met strict wrist-center/orientation/SEW tolerances,,,,,,,,,,,,,,,oracle_inconclusive
583,tiago_sew,NUMERICAL_FAILURE,tiago_semi_analytic,c96a32d,median-body-4344-torso015-J1-root-zplus020-v4,wrist_center,gripper_grasping_frame,,330.4178999969736,no exact or boundary-refined wrist branch met strict wrist-center/orientation/SEW tolerances,,,,,,,,,,,,,,,oracle_inconclusive
584,tiago_sew,NUMERICAL_FAILURE,tiago_semi_analytic,c96a32d,median-body-4344-torso015-J1-root-zplus020-v4,wrist_center,gripper_grasping_frame,,340.715300058946,no exact or boundary-refined wrist branch met strict wrist-center/orientation/SEW tolerances,,,,,,,,,,,,,,,oracle_inconclusive
585,tiago_sew,NUMERICAL_FAILURE,tiago_semi_analytic,c96a32d,median-body-4344-torso015-J1-root-zplus020-v4,wrist_center,gripper_grasping_frame,,301.1095999972895,no exact or boundary-refined wrist branch met strict wrist-center/orientation/SEW tolerances,,,,,,,,,,,,,,,oracle_inconclusive
586,tiago_sew,NUMERICAL_FAILURE,tiago_semi_analytic,c96a32d,median-body-4344-torso015-J1-root-zplus020-v4,wrist_center,gripper_grasping_frame,,294.94599997997284,no exact or boundary-refined wrist branch met strict wrist-center/orientation/SEW tolerances,,,,,,,,,,,,,,,oracle_inconclusive
587,tiago_sew,NUMERICAL_FAILURE,tiago_semi_analytic,c96a32d,median-body-4344-torso015-J1-root-zplus020-v4,wrist_center,gripper_grasping_frame,,282.01970004010946,no exact or boundary-refined wrist branch met strict wrist-center/orientation/SEW tolerances,,,,,,,,,,,,,,,oracle_inconclusive
588,tiago_sew,NUMERICAL_FAILURE,tiago_semi_analytic,c96a32d,median-body-4344-torso015-J1-root-zplus020-v4,wrist_center,gripper_grasping_frame,,271.09359996393323,no exact or boundary-refined wrist branch met strict wrist-center/orientation/SEW tolerances,,,,,,,,,,,,,,,oracle_inconclusive
589,tiago_sew,NUMERICAL_FAILURE,tiago_semi_analytic,c96a32d,median-body-4344-torso015-J1-root-zplus020-v4,wrist_center,gripper_grasping_frame,,442.12560006417334,no exact or boundary-refined wrist branch met strict wrist-center/orientation/SEW tolerances,,,,,,,,,,,,,,,oracle_inconclusive
590,tiago_sew,NUMERICAL_FAILURE,tiago_semi_analytic,c96a32d,median-body-4344-torso015-J1-root-zplus020-v4,wrist_center,gripper_grasping_frame,,470.5836999928579,no exact or boundary-refined wrist branch met strict wrist-center/orientation/SEW tolerances,,,,,,,,,,,,,,,oracle_inconclusive
591,tiago_sew,NUMERICAL_FAILURE,tiago_semi_analytic,c96a32d,median-body-4344-torso015-J1-root-zplus020-v4,wrist_center,gripper_grasping_frame,,251.65460002608597,no exact or boundary-refined wrist branch met strict wrist-center/orientation/SEW tolerances,,,,,,,,,,,,,,,oracle_inconclusive
592,tiago_sew,NUMERICAL_FAILURE,tiago_semi_analytic,c96a32d,median-body-4344-torso015-J1-root-zplus020-v4,wrist_center,gripper_grasping_frame,,242.40760004613549,no exact or boundary-refined wrist branch met strict wrist-center/orientation/SEW tolerances,,,,,,,,,,,,,,,oracle_inconclusive
593,tiago_sew,NUMERICAL_FAILURE,tiago_semi_analytic,c96a32d,median-body-4344-torso015-J1-root-zplus020-v4,wrist_center,gripper_grasping_frame,,236.07119999360293,no exact or boundary-refined wrist branch met strict wrist-center/orientation/SEW tolerances,,,,,,,,,,,,,,,oracle_inconclusive
594,tiago_sew,NUMERICAL_FAILURE,tiago_semi_analytic,c96a32d,median-body-4344-torso015-J1-root-zplus020-v4,wrist_center,gripper_grasping_frame,,235.68539996631444,no exact or boundary-refined wrist branch met strict wrist-center/orientation/SEW tolerances,,,,,,,,,,,,,,,oracle_inconclusive
595,tiago_sew,NUMERICAL_FAILURE,tiago_semi_analytic,c96a32d,median-body-4344-torso015-J1-root-zplus020-v4,wrist_center,gripper_grasping_frame,,224.9836000846699,no exact or boundary-refined wrist branch met strict wrist-center/orientation/SEW tolerances,,,,,,,,,,,,,,,oracle_inconclusive
596,tiago_sew,NUMERICAL_FAILURE,tiago_semi_analytic,c96a32d,median-body-4344-torso015-J1-root-zplus020-v4,wrist_center,gripper_grasping_frame,,214.84849997796118,no exact or boundary-refined wrist branch met strict wrist-center/orientation/SEW tolerances,,,,,,,,,,,,,,,oracle_inconclusive
597,tiago_sew,NUMERICAL_FAILURE,tiago_semi_analytic,c96a32d,median-body-4344-torso015-J1-root-zplus020-v4,wrist_center,gripper_grasping_frame,,209.87779996357858,no exact or boundary-refined wrist branch met strict wrist-center/orientation/SEW tolerances,,,,,,,,,,,,,,,oracle_inconclusive
598,tiago_sew,NUMERICAL_FAILURE,tiago_semi_analytic,c96a32d,median-body-4344-torso015-J1-root-zplus020-v4,wrist_center,gripper_grasping_frame,,221.5403999434784,no exact or boundary-refined wrist branch met strict wrist-center/orientation/SEW tolerances,,,,,,,,,,,,,,,oracle_inconclusive
599,tiago_sew,NUMERICAL_FAILURE,tiago_semi_analytic,c96a32d,median-body-4344-torso015-J1-root-zplus020-v4,wrist_center,gripper_grasping_frame,,200.07250003982335,no exact or boundary-refined wrist branch met strict wrist-center/orientation/SEW tolerances,,,,,,,,,,,,,,,oracle_inconclusive
600,tiago_sew,NUMERICAL_FAILURE,tiago_semi_analytic,c96a32d,median-body-4344-torso015-J1-root-zplus020-v4,wrist_center,gripper_grasping_frame,,193.0374000221491,no exact or boundary-refined wrist branch met strict wrist-center/orientation/SEW tolerances,,,,,,,,,,,,,,,oracle_inconclusive
601,tiago_sew,NUMERICAL_FAILURE,tiago_semi_analytic,c96a32d,median-body-4344-torso015-J1-root-zplus020-v4,wrist_center,gripper_grasping_frame,,184.0245999628678,no exact or boundary-refined wrist branch met strict wrist-center/orientation/SEW tolerances,,,,,,,,,,,,,,,oracle_inconclusive
602,tiago_sew,NUMERICAL_FAILURE,tiago_semi_analytic,c96a32d,median-body-4344-torso015-J1-root-zplus020-v4,wrist_center,gripper_grasping_frame,,183.08370001614094,no exact or boundary-refined wrist branch met strict wrist-center/orientation/SEW tolerances,,,,,,,,,,,,,,,oracle_inconclusive
603,tiago_sew,NUMERICAL_FAILURE,tiago_semi_analytic,c96a32d,median-body-4344-torso015-J1-root-zplus020-v4,wrist_center,gripper_grasping_frame,,189.6277000196278,no exact or boundary-refined wrist branch met strict wrist-center/orientation/SEW tolerances,,,,,,,,,,,,,,,oracle_inconclusive
604,tiago_sew,NUMERICAL_FAILURE,tiago_semi_analytic,c96a32d,median-body-4344-torso015-J1-root-zplus020-v4,wrist_center,gripper_grasping_frame,,294.05869997572154,no exact or boundary-refined wrist branch met strict wrist-center/orientation/SEW tolerances,,,,,,,,,,,,,,,oracle_inconclusive
605,tiago_sew,SUCCESS_EXACT,tiago_semi_analytic,c96a32d,median-body-4344-torso015-J1-root-zplus020-v4,wrist_center,gripper_grasping_frame,seed-0-wrist-0,5.543899955227971,,1.1629032054102548,-0.16593556505790902,-2.0428561217602272,2.3455692303102547,0.10117724574516407,-0.40442207447131917,-1.5209421296963903,1.7772239894833365e-13,4.729302503600338e-15,0.0,0.6085252784028644,0.35492044268546213,0.33916041023812293,0.9641328529239069,reachable_success
606,tiago_sew,SUCCESS_EXACT,tiago_semi_analytic,c96a32d,median-body-4344-torso015-J1-root-zplus020-v4,wrist_center,gripper_grasping_frame,seed-0-wrist-0,4.409499932080507,,1.1751168068986573,-0.15052893244575621,-2.0440769018870375,2.325824249806501,0.11242644635921684,-0.3967666229790616,-1.5292209441081432,1.590808582741754e-12,3.091059884323845e-14,1.7811106216195694e-13,1.7398293278360344,0.3578176285708047,0.3449542521216401,0.9677674186201443,reachable_success
607,tiago_sew,SUCCESS_EXACT,tiago_semi_analytic,c96a32d,median-body-4344-torso015-J1-root-zplus020-v4,wrist_center,gripper_grasping_frame,seed-0-wrist-0,4.411600064486265,,1.1866833120388194,-0.1352384068698196,-2.0444334554186585,2.306486838653562,0.12438273122883281,-0.39055818882794124,-1.5367774406602637,9.192921513844873e-13,4.9728061602100177e-14,7.63333123551244e-14,2.8477813736086444,0.36061072387764104,0.3506453815172037,0.9708725306358458,reachable_success
608,tiago_sew,SUCCESS_EXACT,tiago_semi_analytic,c96a32d,median-body-4344-torso015-J1-root-zplus020-v4,wrist_center,gripper_grasping_frame,seed-0-wrist-0,4.7623999416828156,,1.1979087884095405,-0.1222591797678486,-2.045215389111301,2.287612683506675,0.1337965072059646,-0.38853566807392914,-1.540526396369975,1.0163999321966296e-12,3.878722153636982e-14,1.526666247102488e-13,3.9291908054004,0.36370411005463466,0.3561730823383108,0.9733869651974205,reachable_success
609,tiago_sew,SUCCESS_EXACT,tiago_semi_analytic,c96a32d,median-body-4344-torso015-J1-root-zplus020-v4,wrist_center,gripper_grasping_frame,seed-0-wrist-0,4.500900045968592,,1.2096983734783127,-0.10899747996488467,-2.0443077139929025,2.268842275589957,0.15016459696077344,-0.3820245953691135,-1.552667795139011,4.050792900924367e-13,6.294311493371643e-14,5.088887490341627e-14,5.004655958767297,0.3658677043428762,0.3618325923540451,0.9762144681936219,reachable_success
610,tiago_sew,SUCCESS_EXACT,tiago_semi_analytic,c96a32d,median-body-4344-torso015-J1-root-zplus020-v4,wrist_center,gripper_grasping_frame,seed-0-wrist-0,4.413499962538481,,1.2206243289689094,-0.09695485438891638,-2.044537517562063,2.2495266322641685,0.1578157100807127,-0.3799795906159784,-1.5558838769035477,3.554447978966673e-13,6.929136122861119e-14,1.7811106216195694e-13,6.111360799915008,0.36933807386271966,0.3674115465543963,0.9787763810305372,reachable_success
611,tiago_sew,SUCCESS_EXACT,tiago_semi_analytic,c96a32d,median-body-4344-torso015-J1-root-zplus020-v4,wrist_center,gripper_grasping_frame,seed-0-wrist-0,4.365700064226985,,1.2317172018736482,-0.0848391324303488,-2.0437756942241165,2.2305066463820675,0.16856662501481212,-0.3757115254877439,-1.565821313782223,6.597425008528065e-13,2.9548563645562906e-14,1.0177774980683254e-13,7.2011257173578045,0.3722806310450564,0.3730240999498817,0.981446190946055,reachable_success
612,tiago_sew,SUCCESS_EXACT,tiago_semi_analytic,c96a32d,median-body-4344-torso015-J1-root-zplus020-v4,wrist_center,gripper_grasping_frame,seed-0-wrist-0,4.306000075303018,,1.242094989509845,-0.07301732544482126,-2.0427533382826115,2.211705842014237,0.17985520134554145,-0.37545816722859016,-1.573843258158469,4.2276033262255754e-13,6.30357053834296e-14,5.088887490341627e-14,8.278332459085627,0.37533510744971044,0.3784696024817018,0.9832434392082142,reachable_success
613,tiago_sew,SUCCESS_EXACT,tiago_semi_analytic,c96a32d,median-body-4344-torso015-J1-root-zplus020-v4,wrist_center,gripper_grasping_frame,seed-0-wrist-0,4.349099937826395,,1.2530046241078867,-0.06267360264061328,-2.042032297401901,2.19313758620175,0.18468300207973964,-0.3737103287455694,-1.5803058819730182,4.718447854656915e-13,3.9634712443220825e-14,2.5444437451708134e-14,9.342215150060387,0.3786375210131516,0.38406733546500776,0.9855172447095183,reachable_success
614,tiago_sew,SUCCESS_EXACT,tiago_semi_analytic,c96a32d,median-body-4344-torso015-J1-root-zplus020-v4,wrist_center,gripper_grasping_frame,seed-0-wrist-0,4.374300013296306,,1.2642701569362784,-0.05353662608884776,-2.0414802621257113,2.17433469677212,0.19436095869470238,-0.3744976361688619,-1.5887851862595301,4.272916553455145e-13,9.585446668751528e-14,7.63333123551244e-14,10.41954135702933,0.3816588551742611,0.3896300076851634,0.9873766851735288,reachable_success
615,tiago_sew,SUCCESS_EXACT,tiago_semi_analytic,c96a32d,median-body-4344-torso015-J1-root-zplus020-v4,wrist_center,gripper_grasping_frame,seed-0-wrist-0,4.324099980294704,,1.2740052487222293,-0.042036263573085784,-2.0390507626490972,2.156352382181796,0.20132070347196418,-0.3709964802490888,-1.593302395880177,5.933464366067995e-13,2.421448281926233e-14,7.63333123551244e-14,11.449852088931413,0.3847099942537937,0.39501441945929816,0.9894013858928442,reachable_success
616,tiago_sew,SUCCESS_EXACT,tiago_semi_analytic,c96a32d,median-body-4344-torso015-J1-root-zplus020-v4,wrist_center,gripper_grasping_frame,seed-0-wrist-0,4.353199969045818,,1.284031909864557,-0.03267837833976836,-2.0371902553744285,2.138284691177811,0.21605602380836775,-0.36801423429800106,-1.6061969398839162,5.23691153334427e-13,1.0844410773700112e-13,1.0177774980683254e-13,12.485054529006238,0.3873513309996691,0.40015206685114746,0.9915319785675475,reachable_success
617,tiago_sew,SUCCESS_EXACT,tiago_semi_analytic,c96a32d,median-body-4344-torso015-J1-root-zplus020-v4,wrist_center,gripper_grasping_frame,seed-0-wrist-0,4.760100040584803,,1.2946630768906817,-0.023446481046904166,-2.03555742664392,2.120610468164827,0.23181731009456819,-0.3655085568837566,-1.6186878724894793,3.152427400121712e-13,2.3279806565043216e-14,0.0,13.497712913823218,0.38946032442436046,0.4053672935127407,0.99368180468773,reachable_success
618,tiago_sew,SUCCESS_EXACT,tiago_semi_analytic,c96a32d,median-body-4344-torso015-J1-root-zplus020-v4,wrist_center,gripper_grasping_frame,seed-0-wrist-0,4.900500061921775,,1.304102654739858,-0.013500310499645955,-2.0330431103972457,2.1027484842309447,0.24480986241840696,-0.3647845966930312,-1.6293432841329318,2.2377260456559047e-13,4.095152808016832e-14,0.0,14.521129206965155,0.39219650648170656,0.4104648710482798,0.9952068530916631,reachable_success
619,tiago_sew,SUCCESS_EXACT,tiago_semi_analytic,c96a32d,median-body-4344-torso015-J1-root-zplus020-v4,wrist_center,gripper_grasping_frame,seed-0-wrist-0,4.272899939678609,,1.3146508303929076,-0.00618270383589801,-2.0318654849444635,2.085635827325512,0.2555808828848294,-0.37026378290541073,-1.63997380151074,4.996003610813204e-13,8.962492920256843e-14,7.63333123551244e-14,15.501612223901855,0.3945068349224271,0.41561198324370385,0.9958587043926255,reachable_success
620,tiago_sew,SUCCESS_EXACT,tiago_semi_analytic,c96a32d,median-body-4344-torso015-J1-root-zplus020-v4,wrist_center,gripper_grasping_frame,seed-0-wrist-0,4.300900036469102,,1.3244140771801731,0.0028694063618566524,-2.029429722914821,2.0685351876130147,0.2614431121815386,-0.3736065889005964,-1.6473105277625928,2.0206364052201327e-13,5.047776081229788e-14,0.0,16.48140670640176,0.39722513160808676,0.42083401649536073,0.9965451902283963,reachable_success
621,tiago_sew,SUCCESS_EXACT,tiago_semi_analytic,c96a32d,median-body-4344-torso015-J1-root-zplus020-v4,wrist_center,gripper_grasping_frame,seed-0-wrist-0,4.327799892053008,,1.3343602707382125,0.010535437541870632,-2.0271473227623518,2.052153155145654,0.26688485710558707,-0.3741609520198761,-1.6556471261770263,1.494683490070454e-13,1.5123646726566995e-14,2.5444437451708134e-14,17.4200280266278,0.39969755184642264,0.42595485950035333,0.9977440371161423,reachable_success
622,tiago_sew,SUCCESS_EXACT,tiago_semi_analytic,c96a32d,median-body-4344-torso015-J1-root-zplus020-v4,wrist_center,gripper_grasping_frame,seed-0-wrist-0,4.243100062012672,,1.3437258445254336,0.01799215582745878,-2.0245761217762985,2.0351357196574877,0.279860629158855,-0.3759667302494014,-1.6707184450876085,4.0412728104402654e-13,5.493609631949771e-14,2.5444437451708134e-14,18.39505525823589,0.40215075994432625,0.43080944074260974,0.998665319224826,reachable_success
623,tiago_sew,SUCCESS_EXACT,tiago_semi_analytic,c96a32d,median-body-4344-torso015-J1-root-zplus020-v4,wrist_center,gripper_grasping_frame,seed-0-wrist-0,4.3166999239474535,,1.3533423485108331,0.026526000384739137,-2.0219350030221057,2.018538863507698,0.2921519778148509,-0.3758818035469673,-1.6820780865146627,5.551115123125783e-14,7.711504474612243e-14,0.0,19.345985068804577,0.4041662132175551,0.43574253532748297,1.0000369939082896,reachable_success
624,tiago_sew,SUCCESS_EXACT,tiago_semi_analytic,c96a32d,median-body-4344-torso015-J1-root-zplus020-v4,wrist_center,gripper_grasping_frame,seed-0-wrist-0,4.2706000385805964,,1.3637221386652094,0.03281266428766253,-2.020086041397729,2.0023339187639215,0.30163030074536845,-0.3769239358914587,-1.6904795512781918,1.6653345369377348e-13,3.5611890910834483e-14,0.0,20.274460009865688,0.4060872886283158,0.4407513291655606,1.001332108880111,reachable_success
625,tiago_sew,SUCCESS_EXACT,tiago_semi_analytic,c96a32d,median-body-4344-torso015-J1-root-zplus020-v4,wrist_center,gripper_grasping_frame,seed-0-wrist-0,5.7206000201404095,,1.372574001576511,0.04180080887189897,-2.0157072098890394,1.9864616741633707,0.3152764455910084,-0.37584315264159684,-1.6983282433556015,2.7194799110210365e-13,8.81068620103369e-14,0.0,21.183872636876558,0.40791137130772576,0.4455691027073659,1.0021809316271726,reachable_success
626,tiago_sew,SUCCESS_EXACT,tiago_semi_analytic,c96a32d,median-body-4344-torso015-J1-root-zplus020-v4,wrist_center,gripper_grasping_frame,seed-0-wrist-0,4.659799975343049,,1.3827591983156649,0.046792572370859487,-2.0142901094338943,1.9712162737592185,0.31951705824544474,-0.37863028485719674,-1.7017755879265728,7.850462293418876e-14,6.12103485966052e-14,0.0,22.05736973702152,0.4098619518582127,0.4504247223112925,1.0031247078178152,reachable_success
627,tiago_sew,SUCCESS_EXACT,tiago_semi_analytic,c96a32d,median-body-4344-torso015-J1-root-zplus020-v4,wrist_center,gripper_grasping_frame,seed-0-wrist-0,4.334700061008334,,1.3929608858636757,0.052272109526658346,-2.0122408701796233,1.955263818507048,0.32661215997506865,-0.38136225745139907,-1.7103879370321797,3.37661150723213e-13,7.811725289660764e-14,5.088887490341627e-14,22.002270490168105,0.4118439114553999,0.45537423023368306,1.0039499618093535,reachable_success
628,tiago_sew,SUCCESS_EXACT,tiago_semi_analytic,c96a32d,median-body-4344-torso015-J1-root-zplus020-v4,wrist_center,gripper_grasping_frame,seed-0-wrist-0,4.352500080130994,,1.4020452462138062,0.05804076601807546,-2.009400873068818,1.9397672100054197,0.33547685075136036,-0.3797808644129743,-1.721397797918522,2.482534153247273e-13,2.4656079771126818e-14,5.088887490341627e-14,21.37145192835453,0.4140010397413152,0.4600085490564032,1.005310704832867,reachable_success
629,tiago_sew,SUCCESS_EXACT,tiago_semi_analytic,c96a32d,median-body-4344-torso015-J1-root-zplus020-v4,wrist_center,gripper_grasping_frame,seed-0-wrist-0,4.354000091552734,,1.411549479003214,0.06417926750469932,-2.0064291732441726,1.9239426367514352,0.343928225219329,-0.3817522733458114,-1.7325421620495085,1.570092458683775e-13,6.389916203231117e-14,0.0,20.732926898292025,0.4159991153872002,0.4648118575804453,1.0059808045001655,reachable_success
630,tiago_sew,SUCCESS_EXACT,tiago_semi_analytic,c96a32d,median-body-4344-torso015-J1-root-zplus020-v4,wrist_center,gripper_grasping_frame,seed-0-wrist-0,4.380900063551962,,1.42186682238678,0.06793716646197051,-2.005421199054256,1.9087593793319608,0.34720220594113194,-0.38580788177087433,-1.7426212558843623,2.3551386880256624e-13,4.530467457239317e-14,0.0,20.15543736023857,0.41784798621205127,0.46959038848684365,1.0067688729741662,reachable_success
631,tiago_sew,SUCCESS_EXACT,tiago_semi_analytic,c96a32d,median-body-4344-torso015-J1-root-zplus020-v4,wrist_center,gripper_grasping_frame,seed-0-wrist-0,4.3391999788582325,,1.4311129357926606,0.07324808986114056,-2.002856798450877,1.894173516203077,0.34735320865070696,-0.39082437763456745,-1.74721755138094,1.7554167342883506e-13,8.941182603555216e-14,0.0,19.892089026889682,0.41990700852119905,0.47426219382708534,1.0067385464843785,reachable_success
632,tiago_sew,SUCCESS_EXACT,tiago_semi_analytic,c96a32d,median-body-4344-torso015-J1-root-zplus020-v4,wrist_center,gripper_grasping_frame,seed-0-wrist-0,4.348800051957369,,1.441324272175463,0.07724773817770979,-2.0005329451408422,1.8787375405230022,0.34846429935738765,-0.3956297681928218,-1.7530997963796553,1.570092458683775e-13,1.986063900062368e-14,0.0,19.555061214401363,0.4220028458074873,0.4792239395263314,1.0067975640509899,reachable_success
633,tiago_sew,SUCCESS_EXACT,tiago_semi_analytic,c96a32d,median-body-4344-torso015-J1-root-zplus020-v4,wrist_center,gripper_grasping_frame,seed-0-wrist-0,4.26979991607368,,1.450550235555411,0.08196707229096481,-1.9974516778140536,1.864613630792899,0.3525622544823843,-0.3992622235630927,-1.7597457782405455,2.3551386880256624e-13,2.8072209738086265e-14,0.0,19.174274503051855,0.4236083194432453,0.4837959374600415,1.0067358289927195,reachable_success
634,tiago_sew,SUCCESS_EXACT,tiago_semi_analytic,c96a32d,median-body-4344-torso015-J1-root-zplus020-v4,wrist_center,gripper_grasping_frame,seed-0-wrist-0,4.435600014403462,,1.4604266121243852,0.08786586926207085,-1.9935691339868973,1.84981903035588,0.35199449670300664,-0.3994649660719123,-1.760011058403144,6.206335383118183e-13,8.581592414765682e-14,0.0,19.159075069346407,0.42549944916198584,0.48888804155011373,1.0072005407909141,reachable_success
635,tiago_sew,SUCCESS_EXACT,tiago_semi_analytic,c96a32d,median-body-4344-torso015-J1-root-zplus020-v4,wrist_center,gripper_grasping_frame,seed-0-wrist-0,4.382200073450804,,1.470437041325718,0.09169168289573632,-1.9909738533051864,1.8353059938068559,0.35307806250855656,-0.4044776974521369,-1.7637187418276872,1.7554167342883506e-13,3.380300476928185e-14,2.5444437451708134e-14,18.946640457349478,0.427136934114013,0.4936930378844067,1.0069886783413906,reachable_success
636,tiago_sew,SUCCESS_EXACT,tiago_semi_analytic,c96a32d,median-body-4344-torso015-J1-root-zplus020-v4,wrist_center,gripper_grasping_frame,seed-0-wrist-0,4.314099904149771,,1.480360983843306,0.09512795104391429,-1.9884935055120354,1.821191579198261,0.35735001375467323,-0.41178797383524257,-1.767830932838395,4.965068306494546e-13,6.810053745710841e-14,5.088887490341627e-14,18.711029267884282,0.42831595305816805,0.49829960757244063,1.0062990187689163,reachable_success
637,tiago_sew,SUCCESS_EXACT,tiago_semi_analytic,c96a32d,median-body-4344-torso015-J1-root-zplus020-v4,wrist_center,gripper_grasping_frame,seed-0-wrist-0,4.329700022935867,,1.4898254445320895,0.09879536711339375,-1.9854955027365415,1.8070202152270751,0.35861157395438203,-0.4101964778932228,-1.7698206192354728,2.989366980140908e-13,4.6451489962730383e-14,2.5444437451708134e-14,18.597028634777132,0.4301602228804502,0.5030016806956433,1.0071890065101257,reachable_success
638,tiago_sew,SUCCESS_EXACT,tiago_semi_analytic,c96a32d,median-body-4344-torso015-J1-root-zplus020-v4,wrist_center,gripper_grasping_frame,seed-0-wrist-0,4.374000011011958,,1.4994885043884056,0.10162089415362405,-1.9832802860296157,1.793050866900635,0.364031046340747,-0.41772903826210817,-1.7761092956349822,3.7238012298709096e-13,3.559571213679754e-14,2.5444437451708134e-14,18.236714018361717,0.43127271181980453,0.5074094160475007,1.006485139994493,reachable_success
639,tiago_sew,SUCCESS_EXACT,tiago_semi_analytic,c96a32d,median-body-4344-torso015-J1-root-zplus020-v4,wrist_center,gripper_grasping_frame,seed-0-wrist-0,4.330700030550361,,1.508346978579162,0.10633886021631578,-1.9781113727684623,1.779447806158413,0.3660818680335689,-0.41428795587150047,-1.7807700244677198,3.925231146709438e-13,5.211460047766319e-14,2.5444437451708134e-14,17.969673926790918,0.433028238737893,0.5121424187264685,1.006828964783523,reachable_success
640,tiago_sew,SUCCESS_EXACT,tiago_semi_analytic,c96a32d,median-body-4344-torso015-J1-root-zplus020-v4,wrist_center,gripper_grasping_frame,seed-0-wrist-0,4.333100048825145,,1.518304364630331,0.10794018912509541,-1.9767010726792407,1.7649289970631146,0.3687232014737587,-0.42114097853083843,-1.7845327271545228,4.4754520913118095e-13,6.474517179403385e-14,5.088887490341627e-14,17.754086943274572,0.43454059620926033,0.5166203117252467,1.0064538959295204,reachable_success
641,tiago_sew,SUCCESS_EXACT,tiago_semi_analytic,c96a32d,median-body-4344-torso015-J1-root-zplus020-v4,wrist_center,gripper_grasping_frame,seed-0-wrist-0,4.358700010925531,,1.5276838774384056,0.11145516706993915,-1.9728355428048334,1.7514049125981233,0.3696790088994195,-0.4241832758832951,-1.7888559591335573,2.288783399261119e-13,4.4608005798346905e-14,2.5444437451708134e-14,17.506383997019903,0.4359224965780049,0.5212383718643909,1.0058771233262487,reachable_success
642,tiago_sew,SUCCESS_EXACT,tiago_semi_analytic,c96a32d,median-body-4344-torso015-J1-root-zplus020-v4,wrist_center,gripper_grasping_frame,seed-0-wrist-0,4.377499921247363,,1.5374985821053022,0.11411526962000877,-1.9700608044148353,1.7370943993570325,0.3719330858251739,-0.4259927644900361,-1.7935691065275448,3.7238012298709096e-13,1.4561109409449672e-14,2.5444437451708134e-14,17.23634054312134,0.43741751176296007,0.5259010642836859,1.0060163786391445,reachable_success
643,tiago_sew,SUCCESS_EXACT,tiago_semi_analytic,c96a32d,median-body-4344-torso015-J1-root-zplus020-v4,wrist_center,gripper_grasping_frame,seed-0-wrist-0,4.354499978944659,,1.5460583558886658,0.11962256015661979,-1.9638662759724879,1.7239430319342368,0.38256648231493173,-0.4289147328994516,-1.8041249298872089,2.5438405243138007e-13,5.3900506203504555e-14,2.5444437451708134e-14,16.631536415326984,0.4380215142237299,0.5302640738337028,1.0048266375720878,reachable_success
644,tiago_sew,SUCCESS_EXACT,tiago_semi_analytic,c96a32d,median-body-4344-torso015-J1-root-zplus020-v4,wrist_center,gripper_grasping_frame,seed-0-wrist-0,4.327600006945431,,1.5558364638706852,0.12257796029153173,-1.960414196096034,1.7097892372238044,0.3857938326479031,-0.43271344141567836,-1.8083901873332442,4.4754520913118095e-13,5.600121337524074e-14,2.5444437451708134e-14,16.38715516513241,0.4392270309307802,0.534891754029335,1.0042975321658525,reachable_success
645,tiago_sew,SUCCESS_EXACT,tiago_semi_analytic,c96a32d,median-body-4344-torso015-J1-root-zplus020-v4,wrist_center,gripper_grasping_frame,seed-0-wrist-0,4.315700032748282,,1.5646366676881875,0.12628649119851595,-1.955999785690797,1.6963952580861723,0.3907478427585005,-0.43367986015790505,-1.8134211232722244,2.482534153247273e-13,9.51348229537345e-15,0.0,16.09890376882816,0.44043594734923086,0.5392533199084473,1.0039844786424341,reachable_success
646,tiago_sew,SUCCESS_EXACT,tiago_semi_analytic,c96a32d,median-body-4344-torso015-J1-root-zplus020-v4,wrist_center,gripper_grasping_frame,seed-0-wrist-0,4.288699943572283,,1.5741907308470762,0.1282846470151593,-1.9536325557523366,1.6824936687845609,0.3971431185382892,-0.4411405335705849,-1.8214203215755544,3.885780586188048e-13,1.3179298904085845e-13,2.5444437451708134e-14,15.640583466559137,0.44122430467214635,0.5434679077122758,1.0030866857955874,reachable_success
647,tiago_sew,SUCCESS_EXACT,tiago_semi_analytic,c96a32d,median-body-4344-torso015-J1-root-zplus020-v4,wrist_center,gripper_grasping_frame,seed-0-wrist-0,4.288000054657459,,1.5831858117467599,0.1318148204557879,-1.949305252732574,1.6686980483170577,0.4031904348223705,-0.43997669052480637,-1.8298152025322505,2.5438405243138007e-13,7.59355732868519e-14,5.088887490341627e-14,15.159592218225708,0.44245769885968933,0.5479087442158139,1.0032782595242775,reachable_success
648,tiago_sew,SUCCESS_EXACT,tiago_semi_analytic,c96a32d,median-body-4344-torso015-J1-root-zplus020-v4,wrist_center,gripper_grasping_frame,seed-0-wrist-0,4.337799968197942,,1.5920474821621378,0.13580982984385273,-1.945109608450069,1.6551924259339281,0.40614848068359377,-0.44154036679525754,-1.8326872820247893,3.554447978966673e-13,9.48542966907535e-14,5.088887490341627e-14,14.995034184877161,0.4436690168675363,0.5522471997307472,1.0030240561772872,reachable_success
649,tiago_sew,SUCCESS_EXACT,tiago_semi_analytic,c96a32d,median-body-4344-torso015-J1-root-zplus020-v4,wrist_center,gripper_grasping_frame,seed-0-wrist-0,4.347899928689003,,1.6005360729682043,0.13957346103665466,-1.9405918039643222,1.6419975067852486,0.4122359982254311,-0.4522118267775377,-1.837221449985857,1.2412670766236365e-13,1.1665080978726792e-13,0.0,14.735245497104541,0.44433049717459977,0.556134926921442,1.0007705079714602,reachable_success
650,tiago_sew,SUCCESS_EXACT,tiago_semi_analytic,c96a32d,median-body-4344-torso015-J1-root-zplus020-v4,wrist_center,gripper_grasping_frame,seed-0-wrist-0,4.370899987407029,,1.6104349769008428,0.139656082344329,-1.940268901445297,1.6282061116815052,0.4156524639310213,-0.45751263280728116,-1.8447368135961142,2.482534153247273e-13,4.194921712553014e-14,2.5444437451708134e-14,14.304646880730603,0.445154480345652,0.5602821945937578,1.0008235760971456,reachable_success
651,tiago_sew,SUCCESS_EXACT,tiago_semi_analytic,c96a32d,median-body-4344-torso015-J1-root-zplus020-v4,wrist_center,gripper_grasping_frame,seed-0-wrist-0,4.3487000511959195,,1.6188502806571268,0.14250635007693027,-1.936803795528686,1.614902484872306,0.414024410291717,-0.46106281431182783,-1.847812579238667,4.611102534756204e-13,7.692737092576353e-14,7.63333123551244e-14,14.128418490640982,0.4468299518384301,0.5643520671218883,1.000168359360242,reachable_success
652,tiago_sew,SUCCESS_EXACT,tiago_semi_analytic,c96a32d,median-body-4344-torso015-J1-root-zplus020-v4,wrist_center,gripper_grasping_frame,seed-0-wrist-0,4.355499986559153,,1.6276051680794457,0.14491857161683214,-1.9337824441060572,1.602029070999992,0.4140077323644191,-0.4644314409562993,-1.8510672371570251,2.288783399261119e-13,2.2685905555422207e-14,7.63333123551244e-14,13.941940328160227,0.44797890830384807,0.5684218929952467,0.9996614258874184,reachable_success
653,tiago_sew,SUCCESS_EXACT,tiago_semi_analytic,c96a32d,median-body-4344-torso015-J1-root-zplus020-v4,wrist_center,gripper_grasping_frame,seed-0-wrist-0,4.408299922943115,,1.6360389766006362,0.14704459289110325,-1.931676316686211,1.5889592791834517,0.4141046128813972,-0.4643913108468931,-1.8561120183519213,2.5438405243138007e-13,3.080457904128949e-14,5.088887490341627e-14,13.652895657125713,0.4494800196671062,0.572379287776128,1.000242652372434,reachable_success
654,tiago_sew,SUCCESS_EXACT,tiago_semi_analytic,c96a32d,median-body-4344-torso015-J1-root-zplus020-v4,wrist_center,gripper_grasping_frame,seed-0-wrist-0,4.3045999482274055,,1.64448442260503,0.14928090470802058,-1.928716342365994,1.5767591730150048,0.4185042269195778,-0.4703834579284156,-1.8590768727753924,2.482534153247273e-13,4.734456560514224e-14,2.5444437451708134e-14,13.48302201179013,0.4499291036889807,0.5760899094961092,0.9992373041699698,reachable_success
655,tiago_sew,SUCCESS_EXACT,tiago_semi_analytic,c96a32d,median-body-4344-torso015-J1-root-zplus020-v4,wrist_center,gripper_grasping_frame,seed-0-wrist-0,4.306399961933494,,1.6524925851968246,0.1534618696559158,-1.924700370277778,1.5629051025988716,0.4273746466632966,-0.4730320197190636,-1.8672736940763999,2.7755575615628914e-13,4.160801742604435e-14,2.5444437451708134e-14,13.013378745819466,0.4509357332548894,0.5798210734099172,0.9991459898689269,reachable_success
656,tiago_sew,SUCCESS_EXACT,tiago_semi_analytic,c96a32d,median-body-4344-torso015-J1-root-zplus020-v4,wrist_center,gripper_grasping_frame,seed-0-wrist-0,4.371599992737174,,1.6604935885469811,0.1536940408791713,-1.9241480107262017,1.5516457619424364,0.42683083035382063,-0.4746587664648825,-1.8675331131175916,3.7238012298709096e-13,8.15834327868681e-14,5.088887490341627e-14,12.998515129633848,0.45185616010425733,0.5833012791392581,0.999496342425899,reachable_success
657,tiago_sew,SUCCESS_EXACT,tiago_semi_analytic,c96a32d,median-body-4344-torso015-J1-root-zplus020-v4,wrist_center,gripper_grasping_frame,seed-0-wrist-0,4.341399995610118,,1.667870410439244,0.1569158778809791,-1.9212840332920509,1.5387550023703682,0.4319259155862789,-0.47830405208762183,-1.8705454203511431,2.482534153247273e-13,4.832726740378416e-14,2.5444437451708134e-14,12.825922638554617,0.4530398274050091,0.586651718884054,0.9993807158518221,reachable_success
658,tiago_sew,SUCCESS_EXACT,tiago_semi_analytic,c96a32d,median-body-4344-torso015-J1-root-zplus020-v4,wrist_center,gripper_grasping_frame,seed-0-wrist-0,4.462399985641241,,1.6757828967897026,0.15842741671978697,-1.9199376350707855,1.5269514283007328,0.4323743484801814,-0.4834982618508801,-1.874122718033373,1.570092458683775e-13,4.739985385143951e-14,2.5444437451708134e-14,12.620958579300913,0.4538391221363586,0.590026208598756,0.9990424533283019,reachable_success
659,tiago_sew,SUCCESS_EXACT,tiago_semi_analytic,c96a32d,median-body-4344-torso015-J1-root-zplus020-v4,wrist_center,gripper_grasping_frame,seed-0-wrist-0,4.422699916176498,,1.6830515330999287,0.16110434066199805,-1.9170484064393554,1.515306423488062,0.43893493470547096,-0.47810444750749914,-1.882966635363089,3.14018491736755e-13,3.800379317183278e-14,0.0,12.114239441945582,0.45480077031888383,0.5935378229115748,1.0005038957916732,reachable_success
660,tiago_sew,SUCCESS_EXACT,tiago_semi_analytic,c96a32d,median-body-4344-torso015-J1-root-zplus020-v4,wrist_center,gripper_grasping_frame,seed-0-wrist-0,4.816000000573695,,1.689841527658861,0.1619163233083266,-1.9169682000301278,1.5045449725877325,0.43981303928512006,-0.4849585748349252,-1.8853490151200418,2.482534153247273e-13,4.5282889851333206e-14,5.088887490341627e-14,11.97773913667478,0.4555765596745004,0.596247286198289,1.0001991512669828,reachable_success
661,tiago_sew,SUCCESS_EXACT,tiago_semi_analytic,c96a32d,median-body-4344-torso015-J1-root-zplus020-v4,wrist_center,gripper_grasping_frame,seed-0-wrist-0,4.564599948935211,,1.6968066728126454,0.16553404663462246,-1.913619652384846,1.4934163290629334,0.44191890293570646,-0.48380876472817747,-1.8891107540376773,2.482534153247273e-13,4.2304517019893754e-14,7.63333123551244e-14,11.76220737306416,0.45652152954547764,0.5995671590521696,1.0007359101111877,reachable_success
662,tiago_sew,SUCCESS_EXACT,tiago_semi_analytic,c96a32d,median-body-4344-torso015-J1-root-zplus020-v4,wrist_center,gripper_grasping_frame,seed-0-wrist-0,4.219900001771748,,1.7033928582012652,0.16650444226846609,-1.9132303103125428,1.4830445393781004,0.4428765838854911,-0.4838345331668483,-1.894585492617396,5.087681048627601e-13,9.923089203004117e-14,2.5444437451708134e-14,11.448527958508832,0.45751304249576685,0.6024296529132956,1.001641400033195,reachable_success
663,tiago_sew,SUCCESS_EXACT,tiago_semi_analytic,c96a32d,median-body-4344-torso015-J1-root-zplus020-v4,wrist_center,gripper_grasping_frame,seed-0-wrist-0,4.386699991300702,,1.70972801078251,0.16756822490569795,-1.9124040034281757,1.4727285005422734,0.4408995632255692,-0.49018601122803185,-1.8933953471964102,1.2412670766236365e-13,3.5198509611527184e-14,0.0,11.516718268138133,0.45857394077399793,0.6050605093908517,1.0010183867994447,reachable_success
664,tiago_sew,SUCCESS_EXACT,tiago_semi_analytic,c96a32d,median-body-4344-torso015-J1-root-zplus020-v4,wrist_center,gripper_grasping_frame,seed-0-wrist-0,4.460300086066127,,1.7163491046020523,0.17040714963366294,-1.910436488022,1.4617568311411673,0.4479400636128217,-0.4932469559749846,-1.9002123800107,5.551115123125783e-13,7.640523438061231e-14,0.0,11.126131059077139,0.4589325743465708,0.6078375570635574,1.0013280529452135,reachable_success
665,tiago_sew,SUCCESS_EXACT,tiago_semi_analytic,c96a32d,median-body-4344-torso015-J1-root-zplus020-v4,wrist_center,gripper_grasping_frame,seed-0-wrist-0,4.888400086201727,,1.722007964977073,0.17119374913269347,-1.9103787925433606,1.4525554669032343,0.45526953506729395,-0.49520600429857753,-1.9070454660642504,2.7755575615628914e-13,7.48833346593194e-14,7.63333123551244e-14,10.734624067158999,0.4591632925929525,0.610065950452048,1.0020465896315873,reachable_success
666,tiago_sew,SUCCESS_EXACT,tiago_semi_analytic,c96a32d,median-body-4344-torso015-J1-root-zplus020-v4,wrist_center,gripper_grasping_frame,seed-0-wrist-0,4.285699920728803,,1.7269745862100463,0.17443495927182576,-1.9071728245166195,1.4441544760862974,0.4571156674284875,-0.49370819530867127,-1.9084793530770119,2.0014830212433604e-13,3.206539989013656e-14,0.0,10.652468393029144,0.4599719589589487,0.612489703134547,1.002447443854413,reachable_success
667,tiago_sew,SUCCESS_EXACT,tiago_semi_analytic,c96a32d,median-body-4344-torso015-J1-root-zplus020-v4,wrist_center,gripper_grasping_frame,seed-0-wrist-0,4.362599924206734,,1.7322463921327207,0.1769920506920508,-1.9056151527710372,1.434182343885463,0.4589989810599122,-0.4984202863045937,-1.9114902066029336,1.1102230246251565e-13,5.711553998399018e-14,2.5444437451708134e-14,10.479959193261749,0.4609914679234338,0.6146932154118281,1.0023671371824334,reachable_success
668,tiago_sew,SUCCESS_EXACT,tiago_semi_analytic,c96a32d,median-body-4344-torso015-J1-root-zplus020-v4,wrist_center,gripper_grasping_frame,seed-0-wrist-0,4.359600017778575,,1.7368535667670735,0.17969588606866443,-1.9042027305589508,1.4262310125934368,0.46579235429498045,-0.493660226344804,-1.9205360644766856,1.1102230246251565e-13,7.939482160422169e-14,2.5444437451708134e-14,9.961669715020575,0.4614465457136077,0.616813167872619,1.0042713486073962,reachable_success
669,tiago_sew,SUCCESS_EXACT,tiago_semi_analytic,c96a32d,median-body-4344-torso015-J1-root-zplus020-v4,wrist_center,gripper_grasping_frame,seed-0-wrist-0,4.411599948070943,,1.7415800294280313,0.18102410369284827,-1.902878430327119,1.4188302745129795,0.46587160389454496,-0.5006620274311024,-1.923003302565939,1.6653345369377348e-13,3.05652031455049e-14,2.5444437451708134e-14,9.820307385452432,0.46171241155143505,0.6186539906064092,1.0032256936696267,reachable_success
670,tiago_sew,SUCCESS_EXACT,tiago_semi_analytic,c96a32d,median-body-4344-torso015-J1-root-zplus020-v4,wrist_center,gripper_grasping_frame,seed-0-wrist-0,4.33359993621707,,1.745526766980938,0.18577803069524323,-1.8993224725395454,1.4107580508973636,0.4633404905605514,-0.5026331198784044,-1.919167330231394,2.288783399261119e-13,6.467396228106368e-14,0.0,10.040092410550802,0.46297114264868094,0.6205837265919503,1.003192732229624,reachable_success
671,tiago_sew,SUCCESS_EXACT,tiago_semi_analytic,c96a32d,median-body-4344-torso015-J1-root-zplus020-v4,wrist_center,gripper_grasping_frame,seed-0-wrist-0,4.352999967522919,,1.7499192813159468,0.18636063285322302,-1.8997819015061805,1.4042622317975073,0.46048003896105616,-0.5005916225764895,-1.9181943203788387,2.220446049250313e-13,7.391716383316491e-14,0.0,10.095841768526867,0.4637250587774448,0.6224932675738493,1.0044138485062688,reachable_success
672,tiago_sew,SUCCESS_EXACT,tiago_semi_analytic,c96a32d,median-body-4344-torso015-J1-root-zplus020-v4,wrist_center,gripper_grasping_frame,seed-0-wrist-0,4.521099966950715,,1.7537058455084977,0.18881461808438144,-1.8974487543070762,1.3980608423976206,0.45332361204719307,-0.503194244978129,-1.9087445707240187,2.0014830212433604e-13,8.72886010124961e-14,0.0,10.637272541203263,0.4647967172171955,0.6242758419861937,1.0038312788555999,reachable_success
673,tiago_sew,SUCCESS_EXACT,tiago_semi_analytic,c96a32d,median-body-4344-torso015-J1-root-zplus020-v4,wrist_center,gripper_grasping_frame,seed-0-wrist-0,4.361099912784994,,1.7570086522187252,0.19214828985692184,-1.8946513721607474,1.3911235745016608,0.451066395371468,-0.506417021817799,-1.902920037910702,4.0412728104402654e-13,1.1020342393171206e-13,2.5444437451708134e-14,10.970993689041766,0.46594304175822354,0.6258007755348003,1.0034130259501937,reachable_success
674,tiago_sew,SUCCESS_EXACT,tiago_semi_analytic,c96a32d,median-body-4344-torso015-J1-root-zplus020-v4,wrist_center,gripper_grasping_frame,seed-0-wrist-0,4.29509999230504,,1.7598574162092724,0.19472719308515074,-1.892570209165788,1.3859714166346475,0.45353650413391744,-0.5099307355751037,-1.9012084351794947,2.7194799110210365e-13,2.571911077187228e-14,2.5444437451708134e-14,11.069061301743014,0.4660856889024239,0.6269563285043416,1.0030483730322024,reachable_success
675,tiago_sew,SUCCESS_EXACT,tiago_semi_analytic,c96a32d,median-body-4344-torso015-J1-root-zplus020-v4,wrist_center,gripper_grasping_frame,seed-0-wrist-0,6.406800006516278,,1.7629116944989296,0.19716347803130208,-1.8903264351620186,1.3805572668799915,0.45251044021514186,-0.5155309475882497,-1.900575469571951,3.188872858294072e-13,1.830710266951877e-14,2.5444437451708134e-14,11.105327559632201,0.4664856133022466,0.6281777638247362,1.0020710515194524,reachable_success
676,tiago_sew,SUCCESS_EXACT,tiago_semi_analytic,c96a32d,median-body-4344-torso015-J1-root-zplus020-v4,wrist_center,gripper_grasping_frame,seed-0-wrist-0,4.8544000601395965,,1.765969327429445,0.199682583951107,-1.888065326745914,1.374358487523243,0.458442138196689,-0.5131941020523141,-1.9106848183826077,1.1102230246251565e-13,6.386420068059847e-14,0.0,10.526104539155972,0.4670037901638329,0.6296223607746169,1.0029392538734683,reachable_success
677,tiago_sew,SUCCESS_EXACT,tiago_semi_analytic,c96a32d,median-body-4344-torso015-J1-root-zplus020-v4,wrist_center,gripper_grasping_frame,seed-0-wrist-0,4.6443999744951725,,1.7681341843326672,0.20162802065511468,-1.8864905055163181,1.370317583657171,0.4566421406229866,-0.5189453507988628,-1.9126527857142825,1.1102230246251565e-13,9.92180456165004e-14,2.5444437451708134e-14,10.413348316831383,0.4673575823022751,0.6304168325798158,1.0019825746713211,reachable_success
678,tiago_sew,SUCCESS_EXACT,tiago_semi_analytic,c96a32d,median-body-4344-torso015-J1-root-zplus020-v4,wrist_center,gripper_grasping_frame,seed-0-wrist-0,5.1617999561131,,1.7702352775599377,0.205254267710977,-1.8824111883920025,1.365426763038476,0.462916964938866,-0.5182085573967261,-1.9196185505733867,2.288783399261119e-13,1.1260761036398417e-14,2.5444437451708134e-14,10.014239389324173,0.467707839901728,0.6315157565761991,1.0019654458123544,reachable_success
679,tiago_sew,SUCCESS_EXACT,tiago_semi_analytic,c96a32d,median-body-4344-torso015-J1-root-zplus020-v4,wrist_center,gripper_grasping_frame,seed-0-wrist-0,4.717100062407553,,1.7723964762933324,0.20826506587252314,-1.8793328544293588,1.3610213229893457,0.4737248205123272,-0.5150773523260965,-1.930388209171788,2.7755575615628914e-13,1.49313620021699e-14,2.5444437451708134e-14,9.397183404838996,0.4674859034484071,0.6325788710187266,1.002805139752069,reachable_success
680,tiago_sew,SUCCESS_EXACT,tiago_semi_analytic,c96a32d,median-body-4344-torso015-J1-root-zplus020-v4,wrist_center,gripper_grasping_frame,seed-0-wrist-0,3.7311000050976872,,1.7745883091054357,0.20846820460367035,-1.8796413723020886,1.3579662614438461,0.4739744151088683,-0.5191427998070708,-1.932301729382007,2.519135994592546e-08,7.259125069657857e-14,7.787015637720758e-10,9.287546772780464,0.46730697867241017,0.6332667728487053,1.0024876166594607,reachable_success
681,tiago_sew,SUCCESS_EXACT,tiago_semi_analytic,c96a32d,median-body-4344-torso015-J1-root-zplus020-v4,wrist_center,gripper_grasping_frame,seed-0-wrist-0,4.630299983546138,,1.776011822087745,0.2114575376111193,-1.876340429790931,1.3548874348079836,0.47880648379307855,-0.5231324042512009,-1.9329212725118108,1.2412670766236365e-13,5.04259147217491e-14,2.5444437451708134e-14,9.252049566216385,0.46710286145617885,0.6338229952036203,1.0015558143597334,reachable_success
682,tiago_sew,SUCCESS_EXACT,tiago_semi_analytic,c96a32d,median-body-4344-torso015-J1-root-zplus020-v4,wrist_center,gripper_grasping_frame,seed-0-wrist-0,4.571500001475215,,1.778119612757533,0.2137114522942232,-1.8742614876619768,1.3515668041000644,0.4811798665148861,-0.5261883741553941,-1.933141837619262,3.14018491736755e-13,6.274837270607263e-14,2.5444437451708134e-14,9.239412116451584,0.4668756414420532,0.6346295399468227,1.0010950531539766,reachable_success
683,tiago_sew,SUCCESS_EXACT,tiago_semi_analytic,c96a32d,median-body-4344-torso015-J1-root-zplus020-v4,wrist_center,gripper_grasping_frame,seed-0-wrist-0,4.561700043268502,,1.7798318014146641,0.21481034241909835,-1.873237878009853,1.3480766229035437,0.48244686533204817,-0.5263357367699233,-1.9344159964767416,4.742874840267547e-13,7.086236018049792e-14,0.0,9.16640819148879,0.4673104537400762,0.6353808455732297,1.0012812944341016,reachable_success
684,tiago_sew,SUCCESS_EXACT,tiago_semi_analytic,c96a32d,median-body-4344-torso015-J1-root-zplus020-v4,wrist_center,gripper_grasping_frame,seed-0-wrist-0,4.910799907520413,,1.7815823682127658,0.21677274377518874,-1.8709168076685403,1.3452993944651714,0.4768475498224607,-0.5234547458276544,-1.928396813777793,3.7238012298709096e-13,7.475129522399526e-14,2.5444437451708134e-14,9.511281956256711,0.46821181487128694,0.6364490140921643,1.0014609679238495,reachable_success
685,tiago_sew,SUCCESS_EXACT,tiago_semi_analytic,c96a32d,median-body-4344-torso015-J1-root-zplus020-v4,wrist_center,gripper_grasping_frame,seed-0-wrist-0,4.704599967226386,,1.7831152629208136,0.21884313579975825,-1.8682947830690289,1.3425935255936783,0.47872113410250794,-0.524008064109994,-1.929307327888405,1.6653345369377348e-13,5.4873592949115815e-14,2.5444437451708134e-14,9.459113340531532,0.4683106704637764,0.6371854850453564,1.0010977835201302,reachable_success
686,tiago_sew,SUCCESS_EXACT,tiago_semi_analytic,c96a32d,median-body-4344-torso015-J1-root-zplus020-v4,wrist_center,gripper_grasping_frame,seed-0-wrist-0,3.8630999624729156,,1.7843658098571302,0.21954209776646533,-1.8672253677584634,1.3409534968233803,0.4758413993818853,-0.520729560365182,-1.9279255288264725,9.805093578012132e-09,6.105054261042874e-14,4.254818830674634e-10,9.5382845949154,0.46878802312495277,0.6379447197777923,1.0015089852402295,reachable_success
687,tiago_sew,SUCCESS_EXACT,tiago_semi_analytic,c96a32d,median-body-4344-torso015-J1-root-zplus020-v4,wrist_center,gripper_grasping_frame,seed-0-wrist-0,3.8837000029161572,,1.7861467760448213,0.22024930750971114,-1.866185805698277,1.3384753125705375,0.47958939548809987,-0.5232881984552247,-1.9311441454741907,2.623602090186904e-08,3.655723134770844e-14,1.0793784811389108e-09,9.353871445130604,0.468372434963341,0.6385616818847505,1.0010771044229283,reachable_success
688,tiago_sew,SUCCESS_EXACT,tiago_semi_analytic,c96a32d,median-body-4344-torso015-J1-root-zplus020-v4,wrist_center,gripper_grasping_frame,seed-0-wrist-0,3.7509999237954617,,1.7870459448836213,0.22147434135300303,-1.8643850839806937,1.337159457179391,0.4847109737107287,-0.5199854409207498,-1.9351670185621925,8.528077203802806e-09,9.282638717070469e-14,4.5395420857592483e-10,9.123377795671336,0.46813449602289964,0.6391068903248905,1.001549920224556,reachable_success
689,tiago_sew,SUCCESS_EXACT,tiago_semi_analytic,c96a32d,median-body-4344-torso015-J1-root-zplus020-v4,wrist_center,gripper_grasping_frame,seed-0-wrist-0,4.691599984653294,,1.7880876516232587,0.22294869122446132,-1.8621676591465195,1.3359636665709183,0.48635947015510794,-0.5155232356534403,-1.936758109244277,0.0,1.238218269601563e-13,0.0,9.032215014765308,0.4681592462725181,0.6398297101044031,1.0020179144312933,reachable_success
690,tiago_sew,SUCCESS_EXACT,tiago_semi_analytic,c96a32d,median-body-4344-torso015-J1-root-zplus020-v4,wrist_center,gripper_grasping_frame,seed-0-wrist-0,3.8841000059619546,,1.7895706782211551,0.2239252118575933,-1.8605958413635877,1.3334970944217737,0.49087861575290237,-0.5125274423915749,-1.9404593394863205,1.4799313179816066e-08,4.8431814985592266e-14,9.58084847806618e-10,8.820150142890025,0.4681786212879906,0.6405996380951533,1.0025308010819112,reachable_success
691,tiago_sew,SUCCESS_EXACT,tiago_semi_analytic,c96a32d,median-body-4344-torso015-J1-root-zplus020-v4,wrist_center,gripper_grasping_frame,seed-0-wrist-0,3.678399953059852,,1.791154723331374,0.22345755373544876,-1.861010961756949,1.3315601512589126,0.48885087795135007,-0.512233207207025,-1.9392334119763293,7.428548253645079e-09,3.215046265615349e-14,5.312035206793108e-10,8.89039061520151,0.46836187659033657,0.641257083339841,1.002714171920294,reachable_success
692,tiago_sew,SUCCESS_EXACT,tiago_semi_analytic,c96a32d,median-body-4344-torso015-J1-root-zplus020-v4,wrist_center,gripper_grasping_frame,seed-0-wrist-0,3.7579999770969152,,1.7923243356553797,0.22318717764186596,-1.8608969372047215,1.330172349624362,0.4828780439660343,-0.509392884989504,-1.9332348049513364,3.197631461982806e-09,3.794197383677071e-14,1.4307407179095484e-10,9.234085480691128,0.4690797209953135,0.6419492523258457,1.0030364407881744,reachable_success
693,tiago_sew,SUCCESS_EXACT,tiago_semi_analytic,c96a32d,median-body-4344-torso015-J1-root-zplus020-v4,wrist_center,gripper_grasping_frame,seed-0-wrist-0,3.815600066445768,,1.78282498463374,0.21875472221751002,-1.8604671696733042,1.3474125287692247,0.4419831189632877,-0.5002049128553621,-1.902906395003967,3.188872858294072e-13,4.113452932467932e-14,2.5444437451708134e-14,10.971775370017971,0.47167660537434825,0.6391469337855803,1.0003794084096136,reachable_success
694,tiago_sew,SUCCESS_EXACT,tiago_semi_analytic,c96a32d,median-body-4344-torso015-J1-root-zplus020-v4,wrist_center,gripper_grasping_frame,seed-0-wrist-0,4.517699941061437,,1.7805467528129728,0.2167369783571853,-1.8633362461345968,1.3519574787675648,0.43717660731667474,-0.49859291899689406,-1.9018028980821988,2.7755575615628914e-13,4.580595746624796e-14,2.5444437451708134e-14,11.035001086340971,0.47143023550394747,0.6381533084581021,1.0008764157277992,reachable_success
695,tiago_sew,SUCCESS_EXACT,tiago_semi_analytic,c96a32d,median-body-4344-torso015-J1-root-zplus020-v4,wrist_center,gripper_grasping_frame,seed-0-wrist-0,4.5758000342175364,,1.7773406334155624,0.2153534834357189,-1.865932293877989,1.3566215632153065,0.4364435280314507,-0.4975679433368634,-1.904276069859355,3.14018491736755e-13,6.425151285736172e-14,5.088887490341627e-14,10.89329878149905,0.47122671095390345,0.6367253744008365,1.0014626195186016,reachable_success
696,tiago_sew,SUCCESS_EXACT,tiago_semi_analytic,c96a32d,median-body-4344-torso015-J1-root-zplus020-v4,wrist_center,gripper_grasping_frame,seed-0-wrist-0,4.626000067219138,,1.7737115837789728,0.21563473675010322,-1.865632067730976,1.3620068820956366,0.43512857352830503,-0.4929619907803193,-1.9021777999003966,3.510833468576701e-13,9.301933057273408e-14,2.5444437451708134e-14,11.013520794426457,0.47119269444020123,0.6354577912482359,1.0018571586072273,reachable_success
697,tiago_sew,SUCCESS_EXACT,tiago_semi_analytic,c96a32d,median-body-4344-torso015-J1-root-zplus020-v4,wrist_center,gripper_grasping_frame,seed-0-wrist-0,3.39010008610785,,1.7704978899783181,0.2141927399974393,-1.8676637210651106,1.3674788554644548,0.4318968451064418,-0.49314088183218274,-1.9000115775820419,6.3211726894975835e-09,5.4542239365115284e-14,1.540889687637993e-09,11.137636190755227,0.4708288733059177,0.6340375207045346,1.0017798647621876,reachable_success
698,tiago_sew,SUCCESS_EXACT,tiago_semi_analytic,c96a32d,median-body-4344-torso015-J1-root-zplus020-v4,wrist_center,gripper_grasping_frame,seed-0-wrist-0,4.763300064951181,,1.7667332282719581,0.21241908855420152,-1.870152644627495,1.372726671086598,0.42653270759938033,-0.4914268041256178,-1.895986845336128,4.002966042486721e-13,3.8868153371368515e-14,2.5444437451708134e-14,11.368236362116305,0.4712038144315265,0.6324817768798783,1.0021557546060205,reachable_success
699,tiago_sew,SUCCESS_EXACT,tiago_semi_analytic,c96a32d,median-body-4344-torso015-J1-root-zplus020-v4,wrist_center,gripper_grasping_frame,seed-0-wrist-0,4.803300020284951,,1.7623958844217156,0.21097625217063481,-1.8724849949920779,1.379026866666397,0.4228731788028788,-0.4894974315820475,-1.893262793432399,2.7194799110210365e-13,3.638197287123677e-14,2.5444437451708134e-14,11.524313039374556,0.47123024532085334,0.6306689886454133,1.0025821567409,reachable_success
700,tiago_sew,SUCCESS_EXACT,tiago_semi_analytic,c96a32d,median-body-4344-torso015-J1-root-zplus020-v4,wrist_center,gripper_grasping_frame,seed-0-wrist-0,4.665900021791458,,1.75761131652391,0.2110293963611374,-1.872909419908538,1.3852461532779068,0.42353954383128567,-0.48626088071719753,-1.894295747587118,2.288783399261119e-13,7.650745472857382e-14,2.5444437451708134e-14,11.465129125878645,0.4711808842279542,0.6287950384148695,1.0029662903410588,reachable_success
701,tiago_sew,SUCCESS_EXACT,tiago_semi_analytic,c96a32d,median-body-4344-torso015-J1-root-zplus020-v4,wrist_center,gripper_grasping_frame,seed-0-wrist-0,5.30109996907413,,1.7523964879751215,0.20902014161725044,-1.8756006141493597,1.3930242839105862,0.4177641793541662,-0.48783452679152184,-1.8907958009279255,2.482534153247273e-13,1.0675754585923837e-13,2.5444437451708134e-14,11.665661297971289,0.4710933062378576,0.6264891426040352,1.0025128256056746,reachable_success
702,tiago_sew,SUCCESS_EXACT,tiago_semi_analytic,c96a32d,median-body-4344-torso015-J1-root-zplus020-v4,wrist_center,gripper_grasping_frame,seed-0-wrist-0,5.127700045704842,,1.7468029131040246,0.2070479237700127,-1.8780332843481253,1.4012508272691513,0.4146275153637373,-0.4867747064997858,-1.890284747976045,2.5438405243138007e-13,4.731244741667117e-14,2.5444437451708134e-14,11.694942475221747,0.470899052934645,0.6241032045258095,1.002499918410855,reachable_success
703,tiago_sew,SUCCESS_EXACT,tiago_semi_analytic,c96a32d,median-body-4344-torso015-J1-root-zplus020-v4,wrist_center,gripper_grasping_frame,seed-0-wrist-0,4.565499955788255,,1.741241158356253,0.20411069745033486,-1.8822183551712925,1.410553726350835,0.4054941252128996,-0.4883767821521863,-1.8838568262565891,2.5438405243138007e-13,1.9234150098567363e-14,2.5444437451708134e-14,12.063235260787042,0.47057338140154525,0.6215506216466159,1.0022888428440813,reachable_success
704,tiago_sew,SUCCESS_EXACT,tiago_semi_analytic,c96a32d,median-body-4344-torso015-J1-root-zplus020-v4,wrist_center,gripper_grasping_frame,seed-0-wrist-0,4.435800015926361,,1.735870472491414,0.20167184745170916,-1.885440945197245,1.4189621567424904,0.4062458684474515,-0.48923338313359155,-1.8882022764686432,2.7755575615628914e-13,4.65126388464295e-14,2.5444437451708134e-14,11.814259303552113,0.4696868414544831,0.6190390909041585,1.0022247845490269,reachable_success
705,tiago_sew,SUCCESS_EXACT,tiago_semi_analytic,c96a32d,median-body-4344-torso015-J1-root-zplus020-v4,wrist_center,gripper_grasping_frame,seed-0-wrist-0,4.413000075146556,,1.7287212371363936,0.19896153806336253,-1.8888583219598987,1.4291586208038716,0.39998084196755057,-0.4911977782974226,-1.8858304246011066,2.989366980140908e-13,4.831939677131248e-14,2.5444437451708134e-14,11.950156405192184,0.4696251618593956,0.6158482595657263,1.0016575368935163,reachable_success
706,tiago_sew,SUCCESS_EXACT,tiago_semi_analytic,c96a32d,median-body-4344-torso015-J1-root-zplus020-v4,wrist_center,gripper_grasping_frame,seed-0-wrist-0,4.377599922008812,,1.7210752201484492,0.19894832499018972,-1.8884980536521205,1.4408385312167746,0.40204666167538594,-0.4887127167308458,-1.8895774173905426,3.3306690738754696e-13,8.890266459129515e-14,2.5444437451708134e-14,11.735469532491548,0.46846818361241765,0.6127341565955182,1.0010509525003914,reachable_success
707,tiago_sew,SUCCESS_EXACT,tiago_semi_analytic,c96a32d,median-body-4344-torso015-J1-root-zplus020-v4,wrist_center,gripper_grasping_frame,seed-0-wrist-0,4.359300015494227,,1.714036355968203,0.19424141378710783,-1.894394228465324,1.4522344602919675,0.39875940269621424,-0.49107447685381844,-1.893355574914505,2.482534153247273e-13,7.423497902812867e-14,0.0,11.518997052032907,0.4674909442221136,0.6092807646237329,1.000974585296023,reachable_success
708,tiago_sew,SUCCESS_EXACT,tiago_semi_analytic,c96a32d,median-body-4344-torso015-J1-root-zplus020-v4,wrist_center,gripper_grasping_frame,seed-0-wrist-0,4.336099955253303,,1.7057731496244284,0.19081073482589478,-1.8987859983487971,1.4655822016223266,0.39771159912939513,-0.4907255524102232,-1.8986501574537842,2.5438405243138007e-13,6.33927546334048e-14,0.0,11.215639818248553,0.46612304970008733,0.6054558145615532,1.0010159167884791,reachable_success
709,tiago_sew,SUCCESS_EXACT,tiago_semi_analytic,c96a32d,median-body-4344-torso015-J1-root-zplus020-v4,wrist_center,gripper_grasping_frame,seed-0-wrist-0,4.40909992903471,,1.696813273595213,0.187124606780045,-1.9023946877191793,1.4796027323500933,0.38984524081622984,-0.49326984205028523,-1.8995167714667165,3.3306690738754696e-13,1.0579005504937581e-13,2.5444437451708134e-14,11.165986492840636,0.4654482119629184,0.6014059691465967,0.9998242512779473,reachable_success
710,tiago_sew,SUCCESS_EXACT,tiago_semi_analytic,c96a32d,median-body-4344-torso015-J1-root-zplus020-v4,wrist_center,gripper_grasping_frame,seed-0-wrist-0,4.356299992650747,,1.6874657375050839,0.18315450494088875,-1.9064262001545973,1.4944414592264916,0.38389678088876034,-0.49575778175626706,-1.9020730185694754,1.1102230246251565e-13,6.082940751530802e-14,2.5444437451708134e-14,11.019524322460004,0.4644063145847501,0.5970956643624892,0.998764986606296,reachable_success
711,tiago_sew,SUCCESS_EXACT,tiago_semi_analytic,c96a32d,median-body-4344-torso015-J1-root-zplus020-v4,wrist_center,gripper_grasping_frame,seed-0-wrist-0,4.471900057978928,,1.6780576334801314,0.17665193703281945,-1.912976146248771,1.5110543740142452,0.36488227287267705,-0.5047234226036128,-1.895280459001257,5.551115123125783e-14,6.015560376098083e-14,2.5444437451708134e-14,11.40870931781012,0.4637033983461887,0.5924546353699682,0.9965409997262534,reachable_success
712,tiago_sew,SUCCESS_EXACT,tiago_semi_analytic,c96a32d,median-body-4344-torso015-J1-root-zplus020-v4,wrist_center,gripper_grasping_frame,seed-0-wrist-0,4.309099982492626,,1.666889938102448,0.17107325299533974,-1.9177734528469623,1.5293928070125495,0.35432115851792334,-0.5099551095719383,-1.8954306933290486,4.965068306494546e-13,1.1122570600965968e-13,5.088887490341627e-14,11.400101524889683,0.4625080867495033,0.587200915469462,0.9945424230686903,reachable_success
713,tiago_sew,SUCCESS_EXACT,tiago_semi_analytic,c96a32d,median-body-4344-torso015-J1-root-zplus020-v4,wrist_center,gripper_grasping_frame,seed-0-wrist-0,4.489499959163368,,1.656530853056194,0.16498676120569894,-1.9226145762426492,1.5465727495945527,0.33645555951151174,-0.5227805805685137,-1.8892665729702633,5.353301558149145e-13,4.70750465826524e-14,2.5444437451708134e-14,11.753279605858742,0.4619823874868387,0.5820971892847407,0.9909162411768018,reachable_success
714,tiago_sew,SUCCESS_EXACT,tiago_semi_analytic,c96a32d,median-body-4344-torso015-J1-root-zplus020-v4,wrist_center,gripper_grasping_frame,seed-0-wrist-0,4.539799992926419,,1.6453927869315532,0.1573141709466643,-1.9296122670552283,1.56564748538864,0.32673431366195693,-0.5386113834545796,-1.8915563068681704,5.23691153334427e-13,4.330586830368549e-14,2.5444437451708134e-14,11.622087517300626,0.4601806010420098,0.5761184799967605,0.9873704485081957,reachable_success
715,tiago_sew,SUCCESS_EXACT,tiago_semi_analytic,c96a32d,median-body-4344-torso015-J1-root-zplus020-v4,wrist_center,gripper_grasping_frame,seed-0-wrist-0,4.339399980381131,,1.6338551196202569,0.14819548876493654,-1.9368791629412043,1.5844083805236824,0.31295328193086114,-0.5466240202450341,-1.894196989910995,3.188872858294072e-13,5.634870399585607e-14,0.0,11.47078752391502,0.45953658903029765,0.570343506045658,0.9851758539807931,reachable_success
716,tiago_sew,SUCCESS_EXACT,tiago_semi_analytic,c96a32d,median-body-4344-torso015-J1-root-zplus020-v4,wrist_center,gripper_grasping_frame,seed-0-wrist-0,4.430699977092445,,1.6213705061151638,0.14088996349666152,-1.9416523278725826,1.604931856594316,0.3152742154388939,-0.550694476554638,-1.9113434740296222,2.989366980140908e-13,5.813525490540218e-14,2.5444437451708134e-14,10.488366350429581,0.45688324765254995,0.5641435284759486,0.9831999639349414,reachable_success
717,tiago_sew,SUCCESS_EXACT,tiago_semi_analytic,c96a32d,median-body-4344-torso015-J1-root-zplus020-v4,wrist_center,gripper_grasping_frame,seed-0-wrist-0,4.365299944765866,,1.608801577800043,0.130704579923361,-1.9491006056323084,1.6261750589740496,0.3211632406868552,-0.5557370141949192,-1.9325449482324242,3.885780586188048e-13,8.125625714503792e-14,5.088887490341627e-14,9.27361135915354,0.4536635145543873,0.5574577198889965,0.9817028237316356,reachable_success
718,tiago_sew,SUCCESS_EXACT,tiago_semi_analytic,c96a32d,median-body-4344-torso015-J1-root-zplus020-v4,wrist_center,gripper_grasping_frame,seed-0-wrist-0,4.430499975569546,,1.5956194371593495,0.1215787405292402,-1.9550918437256093,1.6477074147493846,0.3244341099853454,-0.5608387863968587,-1.9480247056721227,5.578801654593729e-13,1.2151906878656487e-14,2.5444437451708134e-14,8.386686589972577,0.4508113135839026,0.5506403721589319,0.9797712440330313,reachable_success
719,tiago_sew,SUCCESS_EXACT,tiago_semi_analytic,c96a32d,median-body-4344-torso015-J1-root-zplus020-v4,wrist_center,gripper_grasping_frame,seed-0-wrist-0,4.357099998742342,,1.5820784704753705,0.11193955981332095,-1.961546976933277,1.6704575527579961,0.32016048428701493,-0.5675310589682079,-1.954338602608642,2.220446049250313e-13,6.65557666185694e-14,5.088887490341627e-14,8.02492694322944,0.4483115771791598,0.5436171893241591,0.9775003960818263,reachable_success
720,tiago_sew,SUCCESS_EXACT,tiago_semi_analytic,c96a32d,median-body-4344-torso015-J1-root-zplus020-v4,wrist_center,gripper_grasping_frame,seed-0-wrist-0,5.411399994045496,,1.5681240770194738,0.09991228310596398,-1.969854553612324,1.6942790259094993,0.3096037658661661,-0.5782952180814132,-1.9568678017094765,7.108895957933346e-13,2.447635862290281e-14,7.63333123551244e-14,7.880014509203342,0.4462588688201575,0.5361143613982493,0.9747066543963487,reachable_success
721,tiago_sew,SUCCESS_EXACT,tiago_semi_analytic,c96a32d,median-body-4344-torso015-J1-root-zplus020-v4,wrist_center,gripper_grasping_frame,seed-0-wrist-0,5.146700073964894,,1.5535613145996432,0.0882886973006175,-1.976579988807435,1.719006585512703,0.2847577957745706,-0.5924118129542908,-1.9454000462556236,6.080941944488118e-13,3.898815532522213e-14,0.0,8.537068497197247,0.44563435645204824,0.528641997108998,0.9704009490326589,reachable_success
722,tiago_sew,SUCCESS_EXACT,tiago_semi_analytic,c96a32d,median-body-4344-torso015-J1-root-zplus020-v4,wrist_center,gripper_grasping_frame,seed-0-wrist-0,4.5989000936970115,,1.5390329213324705,0.07677196937454121,-1.9828530803682334,1.743907690718283,0.25687440941808415,-0.6125836604371449,-1.9308778060684242,1.738660300550457e-12,5.374837461941933e-14,1.526666247102488e-13,9.369131568999046,0.44526481932580503,0.5209623379544317,0.9648043301127555,reachable_success
723,tiago_sew,SUCCESS_EXACT,tiago_semi_analytic,c96a32d,median-body-4344-torso015-J1-root-zplus020-v4,wrist_center,gripper_grasping_frame,seed-0-wrist-0,4.36769996304065,,1.5243615554121397,0.06389462960633344,-1.9898812926830167,1.7682718206977734,0.22111385234793923,-0.6324300184920713,-1.9167501696921363,1.1457372517703787e-12,4.860925337810591e-14,1.526666247102488e-13,10.178585507855837,0.4463983276514844,0.513375453437057,0.9595360700048635,reachable_success
724,tiago_sew,SUCCESS_EXACT,tiago_semi_analytic,c96a32d,median-body-4344-torso015-J1-root-zplus020-v4,wrist_center,gripper_grasping_frame,seed-0-wrist-0,4.430100088939071,,1.5090024623331175,0.052845884996096174,-1.9952096188133164,1.7927994726973826,0.1925485456449012,-0.6527528999286103,-1.9078827683498316,3.4844027277880974e-12,4.0678551452237535e-14,1.7811106216195694e-13,10.686650180018537,0.4469586249117174,0.5054335090073843,0.953979135090702,reachable_success
725,tiago_sew,SUCCESS_EXACT,tiago_semi_analytic,c96a32d,median-body-4344-torso015-J1-root-zplus020-v4,wrist_center,gripper_grasping_frame,seed-0-wrist-0,4.371499991975725,,1.493103722754922,0.0422704861002822,-1.999334192889197,1.8174633761038956,0.16237152991228054,-0.6702870494926874,-1.9051267863353125,2.570352131756654e-12,5.2966322956712356e-14,3.562221243239139e-13,10.844556317864443,0.44799482413041664,0.4975429135762107,0.9486728528558742,reachable_success
726,tiago_sew,SUCCESS_EXACT,tiago_semi_analytic,c96a32d,median-body-4344-torso015-J1-root-zplus020-v4,wrist_center,gripper_grasping_frame,seed-0-wrist-0,4.362500039860606,,1.4772652197505527,0.029746657036079992,-2.0052053031966626,1.8421957565100053,0.14937678442586222,-0.6968543282371762,-1.917261806480357,3.5361954050812073e-12,6.087356491496823e-14,1.7811106216195694e-13,10.14927087924716,0.447094154359055,0.48849767019178875,0.9422447188638223,reachable_success
727,tiago_sew,SUCCESS_EXACT,tiago_semi_analytic,c96a32d,median-body-4344-torso015-J1-root-zplus020-v4,wrist_center,gripper_grasping_frame,seed-0-wrist-0,3.806499997153878,,1.460722964021609,0.017837710554591726,-2.0102516360721943,1.8671160090493648,0.14023899729150457,-0.718522397097662,-1.9376650716420762,7.705059772234293e-12,7.440497096384158e-14,3.3077768687220577e-13,8.980249897194343,0.44583978549173936,0.47935488780576496,0.9366341817231325,reachable_success
728,tiago_sew,SUCCESS_EXACT,tiago_semi_analytic,c96a32d,median-body-4344-torso015-J1-root-zplus020-v4,wrist_center,gripper_grasping_frame,seed-0-wrist-0,4.400399979203939,,1.4447010493439865,0.003690756439664014,-2.0159194392371433,1.8933437258977337,0.12660391780387892,-0.7425038119507672,-1.9520737482413626,7.310580467488537e-11,6.345311212166444e-14,1.3994440598439474e-12,8.154693539686324,0.4445347627665951,0.4701648274362815,0.9305578325725673,reachable_success
729,tiago_sew,SUCCESS_EXACT,tiago_semi_analytic,c96a32d,median-body-4344-torso015-J1-root-zplus020-v4,wrist_center,gripper_grasping_frame,seed-0-wrist-0,4.427099949680269,,1.4279468950611305,-0.009843418139386538,-2.020533087318569,1.919506431715346,0.11390788920152017,-0.770157248876802,-1.963170654496393,1.1686294520483697e-10,3.5639601846379224e-14,3.205999118915225e-12,7.518887645620761,0.44351048264610693,0.46047306690281226,0.9235495288256871,reachable_success
730,tiago_sew,SUCCESS_EXACT,tiago_semi_analytic,c96a32d,median-body-4344-torso015-J1-root-zplus020-v4,wrist_center,gripper_grasping_frame,seed-0-wrist-0,4.344700020737946,,1.4112135085947333,-0.024380654443184144,-2.02576514030655,1.9463615683666433,0.09624594656127261,-0.7958558194262153,-1.9688509970295387,4.291807492490852e-10,4.4697827644656824e-14,1.1882552289947699e-11,7.193427992282858,0.4429031908115845,0.45090624710099253,0.9172350278806005,reachable_success
731,tiago_sew,SUCCESS_EXACT,tiago_semi_analytic,c96a32d,median-body-4344-torso015-J1-root-zplus020-v4,wrist_center,gripper_grasping_frame,seed-0-wrist-0,4.363900050520897,,1.3945187412521334,-0.03906517027483093,-2.0304990895754504,1.9727674313560808,0.07371771005946659,-0.8236078670021802,-1.9679942395685819,7.374640813528337e-10,8.27555636278596e-14,2.2798215956730488e-11,7.242516578862028,0.4432947716508566,0.44138348375306646,0.9105646956749281,reachable_success
732,tiago_sew,SUCCESS_EXACT,tiago_semi_analytic,c96a32d,median-body-4344-torso015-J1-root-zplus020-v4,wrist_center,gripper_grasping_frame,seed-0-wrist-0,4.43139998242259,,1.3776156803190864,-0.05192237577839604,-2.03337528953526,1.9985602682670243,0.048816588687688345,-0.8499894733471685,-1.961207645296775,1.5334232398718172e-09,4.3848130872857236e-14,4.69195426609498e-11,7.63135978790422,0.4443172296812156,0.4320937783603212,0.9038791749729983,reachable_success
733,tiago_sew,SUCCESS_EXACT,tiago_semi_analytic,c96a32d,median-body-4344-torso015-J1-root-zplus020-v4,wrist_center,gripper_grasping_frame,seed-0-wrist-0,4.259299952536821,,1.3609241442590634,-0.06517577224214961,-2.0361253529634546,2.02400724395989,0.021001005601574363,-0.878683410472874,-1.9495148247866956,2.863874673521663e-09,1.0274533176179839e-13,9.086208614004974e-11,8.30130905373578,0.44602547414641175,0.4227701123642561,0.8969844188758018,reachable_success
734,tiago_sew,SUCCESS_EXACT,tiago_semi_analytic,c96a32d,median-body-4344-torso015-J1-root-zplus020-v4,wrist_center,gripper_grasping_frame,seed-0-wrist-0,4.375100019387901,,1.3433928946324645,-0.07693177416178282,-2.0371691341961737,2.0491087675958317,-0.008624668920358403,-0.9016536695237791,-1.9346875238812338,5.283143619267642e-09,1.8408791126513802e-14,1.7213161936080552e-10,9.150850817189244,0.44825695044610525,0.41374048900053145,0.8909395283846536,reachable_success
735,tiago_sew,SUCCESS_EXACT,tiago_semi_analytic,c96a32d,median-body-4344-torso015-J1-root-zplus020-v4,wrist_center,gripper_grasping_frame,seed-0-wrist-0,4.311199998483062,,1.326158125966573,-0.09036027045600498,-2.039477865577105,2.0744889479418323,-0.031022019452569438,-0.9198890585055821,-1.92731980344238,1.2391835642900655e-08,5.0036908380119e-14,4.2029121782731495e-10,9.572990102967843,0.4489852020519931,0.4048614117452122,0.8861889567040141,reachable_success
736,tiago_sew,SUCCESS_EXACT,tiago_semi_analytic,c96a32d,median-body-4344-torso015-J1-root-zplus020-v4,wrist_center,gripper_grasping_frame,seed-0-wrist-0,4.37520002014935,,1.3092377124226058,-0.10565647064976527,-2.043098153847719,2.1002020684451668,-0.05412490199112341,-0.9488764290252023,-1.9172647834563135,3.066363180368206e-08,9.279646426246421e-14,1.0886911452462359e-09,10.149100311089146,0.45016028057285723,0.395089723761741,0.8800770393101164,reachable_success
737,tiago_sew,SUCCESS_EXACT,tiago_semi_analytic,c96a32d,median-body-4344-torso015-J1-root-zplus020-v4,wrist_center,gripper_grasping_frame,seed-0-wrist-0,5.183600005693734,,1.2914760728876906,-0.11914097785231952,-2.0446401729029047,2.126169222050866,-0.06897900442006666,-0.9716983511737505,-1.9132881574934402,9.25630054683535e-08,6.275553562306502e-14,3.420979170944707e-09,10.376944195463933,0.44976696185396525,0.3853753427589014,0.8743603468241711,reachable_success
738,tiago_sew,SUCCESS_EXACT,tiago_semi_analytic,c96a32d,median-body-4344-torso015-J1-root-zplus020-v4,wrist_center,gripper_grasping_frame,seed-0-wrist-0,5.470499978400767,,1.2747173967294663,-0.134737833316232,-2.0474408714762093,2.151830783922843,-0.08218263638107892,-1.0013497613693527,-1.9101545184973956,1.2412670766236365e-13,7.425079665949604e-14,2.5444437451708134e-14,10.5564884844549,0.4492615440732058,0.3752834457773342,0.8679013074186241,reachable_success
739,tiago_sew,SUCCESS_EXACT,tiago_semi_analytic,c96a32d,median-body-4344-torso015-J1-root-zplus020-v4,wrist_center,gripper_grasping_frame,seed-0-wrist-0,4.897200036793947,,1.25708075019107,-0.15041237964619036,-2.0497007586878517,2.177160567555045,-0.08825607994644535,-1.019912673365872,-1.9127637104137971,2.3714374201337735e-13,3.465929110226165e-14,2.5444437451708134e-14,10.257630887718399,0.44730119781182404,0.3657454199923681,0.8631005257255319,reachable_success
740,tiago_sew,SUCCESS_EXACT,tiago_semi_analytic,c96a32d,median-body-4344-torso015-J1-root-zplus020-v4,wrist_center,gripper_grasping_frame,seed-0-wrist-0,5.677300039678812,,1.2399826882764136,-0.1664571239734815,-2.051654488151257,2.2024276631262936,-0.09553378790811706,-1.0432483965931691,-1.9104016358862408,3.152427400121712e-13,5.683434072471694e-14,2.5444437451708134e-14,8.80993295093216,0.4455208538096153,0.3560160088389074,0.857523944266256,reachable_success
741,tiago_sew,SUCCESS_EXACT,tiago_semi_analytic,c96a32d,median-body-4344-torso015-J1-root-zplus020-v4,wrist_center,gripper_grasping_frame,seed-0-wrist-0,5.982099915854633,,1.2227204313211204,-0.18092047352582807,-2.0521373303784003,2.227102616736258,-0.10206060037911868,-1.0663544947928814,-1.9042428067787522,5.959374814064024e-13,8.765299411949102e-14,5.088887490341627e-14,7.396162249400104,0.4437007851256395,0.3463346923740527,0.8517102408422167,reachable_success
742,tiago_sew,SUCCESS_EXACT,tiago_semi_analytic,c96a32d,median-body-4344-torso015-J1-root-zplus020-v4,wrist_center,gripper_grasping_frame,seed-0-wrist-0,4.816900007426739,,1.2050107272314619,-0.19618968984396515,-2.051605488474823,2.2511960041352737,-0.10893138502424193,-1.0833663591083234,-1.894477213829326,5.04426566045707e-12,9.002992488903802e-14,1.7811106216195694e-13,6.015712837262826,0.4417708319552538,0.3372278834135657,0.8466621213510748,reachable_success
743,tiago_sew,SUCCESS_EXACT,tiago_semi_analytic,c96a32d,median-body-4344-torso015-J1-root-zplus020-v4,wrist_center,gripper_grasping_frame,seed-0-wrist-0,5.603300058282912,,1.1873329590594734,-0.21165124751397763,-2.0499885323155733,2.275332738441331,-0.11152198769947574,-1.0940258854049807,-1.8851677727566782,1.6329964785170725e-10,9.485841042702993e-14,7.251664673736818e-12,4.63277983029712,0.43845058559740163,0.32874638366686126,0.8422322409222917,reachable_success
744,tiago_sew,SUCCESS_EXACT,tiago_semi_analytic,c96a32d,median-body-4344-torso015-J1-root-zplus020-v4,wrist_center,gripper_grasping_frame,seed-0-wrist-0,5.5951999966055155,,1.1695204000825878,-0.2283034237592955,-2.0487042091846224,2.2992847270528456,-0.12439242853266208,-1.111953756603929,-1.867320505956581,8.782677362164171e-09,9.263280194061639e-14,3.978746684323601e-10,3.260431971911915,0.43733391864365273,0.31985759430117894,0.8372439281897504,reachable_success
745,tiago_sew,SUCCESS_EXACT,tiago_semi_analytic,c96a32d,median-body-4344-torso015-J1-root-zplus020-v4,wrist_center,gripper_grasping_frame,seed-0-wrist-0,6.482600001618266,,1.151656456863702,-0.24584669990206617,-2.04687125770355,2.3227421269804425,-0.13429679041897735,-1.1297551826663632,-1.8476884058323915,3.885780586188048e-13,8.912649732945504e-14,2.5444437451708134e-14,1.9164219577101311,0.4356801108318697,0.3109875759271232,0.8321009394419483,reachable_success
746,tiago_sew,SUCCESS_EXACT,tiago_semi_analytic,c96a32d,median-body-4344-torso015-J1-root-zplus020-v4,wrist_center,gripper_grasping_frame,seed-0-wrist-0,7.393100066110492,,1.1342841662610994,-0.264717702211765,-2.044862172570888,2.3460865392803214,-0.14666630800996217,-1.1497144435433968,-1.8270165788944972,1.7500655283049393e-11,6.959621264592667e-14,7.887775610029521e-13,0.5788856577137805,0.43428790718726024,0.3022226651204827,0.8267852043074487,reachable_success
747,tiago_sew,NUMERICAL_FAILURE,tiago_semi_analytic,c96a32d,median-body-4344-torso015-J1-root-zplus020-v4,wrist_center,gripper_grasping_frame,,585.4868999449536,no exact or boundary-refined wrist branch met strict wrist-center/orientation/SEW tolerances,,,,,,,,,,,,,,,oracle_inconclusive
748,tiago_sew,NUMERICAL_FAILURE,tiago_semi_analytic,c96a32d,median-body-4344-torso015-J1-root-zplus020-v4,wrist_center,gripper_grasping_frame,,426.04960000608116,no exact or boundary-refined wrist branch met strict wrist-center/orientation/SEW tolerances,,,,,,,,,,,,,,,oracle_inconclusive
749,tiago_sew,NUMERICAL_FAILURE,tiago_semi_analytic,c96a32d,median-body-4344-torso015-J1-root-zplus020-v4,wrist_center,gripper_grasping_frame,,370.8667999599129,no exact or boundary-refined wrist branch met strict wrist-center/orientation/SEW tolerances,,,,,,,,,,,,,,,oracle_inconclusive
750,tiago_sew,NUMERICAL_FAILURE,tiago_semi_analytic,c96a32d,median-body-4344-torso015-J1-root-zplus020-v4,wrist_center,gripper_grasping_frame,,366.4287000428885,no exact or boundary-refined wrist branch met strict wrist-center/orientation/SEW tolerances,,,,,,,,,,,,,,,oracle_inconclusive
751,tiago_sew,NUMERICAL_FAILURE,tiago_semi_analytic,c96a32d,median-body-4344-torso015-J1-root-zplus020-v4,wrist_center,gripper_grasping_frame,,202.908500097692,no exact or boundary-refined wrist branch met strict wrist-center/orientation/SEW tolerances,,,,,,,,,,,,,,,oracle_inconclusive
752,tiago_sew,NUMERICAL_FAILURE,tiago_semi_analytic,c96a32d,median-body-4344-torso015-J1-root-zplus020-v4,wrist_center,gripper_grasping_frame,,216.081399936229,no exact or boundary-refined wrist branch met strict wrist-center/orientation/SEW tolerances,,,,,,,,,,,,,,,oracle_inconclusive
753,tiago_sew,NUMERICAL_FAILURE,tiago_semi_analytic,c96a32d,median-body-4344-torso015-J1-root-zplus020-v4,wrist_center,gripper_grasping_frame,,389.60400002542883,no exact or boundary-refined wrist branch met strict wrist-center/orientation/SEW tolerances,,,,,,,,,,,,,,,oracle_inconclusive
754,tiago_sew,NUMERICAL_FAILURE,tiago_semi_analytic,c96a32d,median-body-4344-torso015-J1-root-zplus020-v4,wrist_center,gripper_grasping_frame,,412.93540003243834,no exact or boundary-refined wrist branch met strict wrist-center/orientation/SEW tolerances,,,,,,,,,,,,,,,oracle_inconclusive
755,tiago_sew,NUMERICAL_FAILURE,tiago_semi_analytic,c96a32d,median-body-4344-torso015-J1-root-zplus020-v4,wrist_center,gripper_grasping_frame,,314.6757000358775,no exact or boundary-refined wrist branch met strict wrist-center/orientation/SEW tolerances,,,,,,,,,,,,,,,oracle_inconclusive
756,tiago_sew,NUMERICAL_FAILURE,tiago_semi_analytic,c96a32d,median-body-4344-torso015-J1-root-zplus020-v4,wrist_center,gripper_grasping_frame,,409.67899991665035,no exact or boundary-refined wrist branch met strict wrist-center/orientation/SEW tolerances,,,,,,,,,,,,,,,oracle_inconclusive
757,tiago_sew,NUMERICAL_FAILURE,tiago_semi_analytic,c96a32d,median-body-4344-torso015-J1-root-zplus020-v4,wrist_center,gripper_grasping_frame,,236.27359990496188,no exact or boundary-refined wrist branch met strict wrist-center/orientation/SEW tolerances,,,,,,,,,,,,,,,oracle_inconclusive
758,tiago_sew,NUMERICAL_FAILURE,tiago_semi_analytic,c96a32d,median-body-4344-torso015-J1-root-zplus020-v4,wrist_center,gripper_grasping_frame,,246.12669995985925,no exact or boundary-refined wrist branch met strict wrist-center/orientation/SEW tolerances,,,,,,,,,,,,,,,oracle_inconclusive
759,tiago_sew,NUMERICAL_FAILURE,tiago_semi_analytic,c96a32d,median-body-4344-torso015-J1-root-zplus020-v4,wrist_center,gripper_grasping_frame,,260.2101999800652,no exact or boundary-refined wrist branch met strict wrist-center/orientation/SEW tolerances,,,,,,,,,,,,,,,oracle_inconclusive
760,tiago_sew,NUMERICAL_FAILURE,tiago_semi_analytic,c96a32d,median-body-4344-torso015-J1-root-zplus020-v4,wrist_center,gripper_grasping_frame,,256.62650004960597,no exact or boundary-refined wrist branch met strict wrist-center/orientation/SEW tolerances,,,,,,,,,,,,,,,oracle_inconclusive
761,tiago_sew,NUMERICAL_FAILURE,tiago_semi_analytic,c96a32d,median-body-4344-torso015-J1-root-zplus020-v4,wrist_center,gripper_grasping_frame,,267.96199998352677,no exact or boundary-refined wrist branch met strict wrist-center/orientation/SEW tolerances,,,,,,,,,,,,,,,oracle_inconclusive
762,tiago_sew,NUMERICAL_FAILURE,tiago_semi_analytic,c96a32d,median-body-4344-torso015-J1-root-zplus020-v4,wrist_center,gripper_grasping_frame,,290.48570001032203,no exact or boundary-refined wrist branch met strict wrist-center/orientation/SEW tolerances,,,,,,,,,,,,,,,oracle_inconclusive
763,tiago_sew,NUMERICAL_FAILURE,tiago_semi_analytic,c96a32d,median-body-4344-torso015-J1-root-zplus020-v4,wrist_center,gripper_grasping_frame,,300.96820008475333,no exact or boundary-refined wrist branch met strict wrist-center/orientation/SEW tolerances,,,,,,,,,,,,,,,oracle_inconclusive
764,tiago_sew,NUMERICAL_FAILURE,tiago_semi_analytic,c96a32d,median-body-4344-torso015-J1-root-zplus020-v4,wrist_center,gripper_grasping_frame,,317.7764000138268,no exact or boundary-refined wrist branch met strict wrist-center/orientation/SEW tolerances,,,,,,,,,,,,,,,oracle_inconclusive
765,tiago_sew,NUMERICAL_FAILURE,tiago_semi_analytic,c96a32d,median-body-4344-torso015-J1-root-zplus020-v4,wrist_center,gripper_grasping_frame,,339.9960999377072,no exact or boundary-refined wrist branch met strict wrist-center/orientation/SEW tolerances,,,,,,,,,,,,,,,oracle_inconclusive
766,tiago_sew,NUMERICAL_FAILURE,tiago_semi_analytic,c96a32d,median-body-4344-torso015-J1-root-zplus020-v4,wrist_center,gripper_grasping_frame,,360.9658000059426,no exact or boundary-refined wrist branch met strict wrist-center/orientation/SEW tolerances,,,,,,,,,,,,,,,oracle_inconclusive
767,tiago_sew,NUMERICAL_FAILURE,tiago_semi_analytic,c96a32d,median-body-4344-torso015-J1-root-zplus020-v4,wrist_center,gripper_grasping_frame,,377.80000001657754,no exact or boundary-refined wrist branch met strict wrist-center/orientation/SEW tolerances,,,,,,,,,,,,,,,oracle_inconclusive
768,tiago_sew,NUMERICAL_FAILURE,tiago_semi_analytic,c96a32d,median-body-4344-torso015-J1-root-zplus020-v4,wrist_center,gripper_grasping_frame,,399.49460001662374,no exact or boundary-refined wrist branch met strict wrist-center/orientation/SEW tolerances,,,,,,,,,,,,,,,oracle_inconclusive
769,tiago_sew,NUMERICAL_FAILURE,tiago_semi_analytic,c96a32d,median-body-4344-torso015-J1-root-zplus020-v4,wrist_center,gripper_grasping_frame,,428.4157999791205,no exact or boundary-refined wrist branch met strict wrist-center/orientation/SEW tolerances,,,,,,,,,,,,,,,oracle_inconclusive
770,tiago_sew,NUMERICAL_FAILURE,tiago_semi_analytic,c96a32d,median-body-4344-torso015-J1-root-zplus020-v4,wrist_center,gripper_grasping_frame,,483.2779000280425,no exact or boundary-refined wrist branch met strict wrist-center/orientation/SEW tolerances,,,,,,,,,,,,,,,oracle_inconclusive
771,tiago_sew,NUMERICAL_FAILURE,tiago_semi_analytic,c96a32d,median-body-4344-torso015-J1-root-zplus020-v4,wrist_center,gripper_grasping_frame,,576.9529999233782,no exact or boundary-refined wrist branch met strict wrist-center/orientation/SEW tolerances,,,,,,,,,,,,,,,oracle_inconclusive
772,tiago_sew,NUMERICAL_FAILURE,tiago_semi_analytic,c96a32d,median-body-4344-torso015-J1-root-zplus020-v4,wrist_center,gripper_grasping_frame,,767.2868000809103,no exact or boundary-refined wrist branch met strict wrist-center/orientation/SEW tolerances,,,,,,,,,,,,,,,oracle_inconclusive
773,tiago_sew,NUMERICAL_FAILURE,tiago_semi_analytic,c96a32d,median-body-4344-torso015-J1-root-zplus020-v4,wrist_center,gripper_grasping_frame,,1372.8408999741077,no exact or boundary-refined wrist branch met strict wrist-center/orientation/SEW tolerances,,,,,,,,,,,,,,,oracle_inconclusive
774,tiago_sew,NUMERICAL_FAILURE,tiago_semi_analytic,c96a32d,median-body-4344-torso015-J1-root-zplus020-v4,wrist_center,gripper_grasping_frame,,1020.4711999977008,no exact or boundary-refined wrist branch met strict wrist-center/orientation/SEW tolerances,,,,,,,,,,,,,,,oracle_inconclusive
775,tiago_sew,NUMERICAL_FAILURE,tiago_semi_analytic,c96a32d,median-body-4344-torso015-J1-root-zplus020-v4,wrist_center,gripper_grasping_frame,,770.9672000491992,no exact or boundary-refined wrist branch met strict wrist-center/orientation/SEW tolerances,,,,,,,,,,,,,,,oracle_inconclusive
776,tiago_sew,NUMERICAL_FAILURE,tiago_semi_analytic,c96a32d,median-body-4344-torso015-J1-root-zplus020-v4,wrist_center,gripper_grasping_frame,,496.6125999344513,no exact or boundary-refined wrist branch met strict wrist-center/orientation/SEW tolerances,,,,,,,,,,,,,,,oracle_inconclusive
777,tiago_sew,NUMERICAL_FAILURE,tiago_semi_analytic,c96a32d,median-body-4344-torso015-J1-root-zplus020-v4,wrist_center,gripper_grasping_frame,,442.6536000100896,no exact or boundary-refined wrist branch met strict wrist-center/orientation/SEW tolerances,,,,,,,,,,,,,,,oracle_inconclusive
778,tiago_sew,NUMERICAL_FAILURE,tiago_semi_analytic,c96a32d,median-body-4344-torso015-J1-root-zplus020-v4,wrist_center,gripper_grasping_frame,,434.13180008064955,no exact or boundary-refined wrist branch met strict wrist-center/orientation/SEW tolerances,,,,,,,,,,,,,,,oracle_inconclusive
779,tiago_sew,NUMERICAL_FAILURE,tiago_semi_analytic,c96a32d,median-body-4344-torso015-J1-root-zplus020-v4,wrist_center,gripper_grasping_frame,,413.342299987562,no exact or boundary-refined wrist branch met strict wrist-center/orientation/SEW tolerances,,,,,,,,,,,,,,,oracle_inconclusive
780,tiago_sew,NUMERICAL_FAILURE,tiago_semi_analytic,c96a32d,median-body-4344-torso015-J1-root-zplus020-v4,wrist_center,gripper_grasping_frame,,414.2447999911383,no exact or boundary-refined wrist branch met strict wrist-center/orientation/SEW tolerances,,,,,,,,,,,,,,,oracle_inconclusive
781,tiago_sew,NUMERICAL_FAILURE,tiago_semi_analytic,c96a32d,median-body-4344-torso015-J1-root-zplus020-v4,wrist_center,gripper_grasping_frame,,415.0433000177145,no exact or boundary-refined wrist branch met strict wrist-center/orientation/SEW tolerances,,,,,,,,,,,,,,,oracle_inconclusive
782,tiago_sew,NUMERICAL_FAILURE,tiago_semi_analytic,c96a32d,median-body-4344-torso015-J1-root-zplus020-v4,wrist_center,gripper_grasping_frame,,404.09249998629093,no exact or boundary-refined wrist branch met strict wrist-center/orientation/SEW tolerances,,,,,,,,,,,,,,,oracle_inconclusive
783,tiago_sew,NUMERICAL_FAILURE,tiago_semi_analytic,c96a32d,median-body-4344-torso015-J1-root-zplus020-v4,wrist_center,gripper_grasping_frame,,397.9855999350548,no exact or boundary-refined wrist branch met strict wrist-center/orientation/SEW tolerances,,,,,,,,,,,,,,,oracle_inconclusive
784,tiago_sew,NUMERICAL_FAILURE,tiago_semi_analytic,c96a32d,median-body-4344-torso015-J1-root-zplus020-v4,wrist_center,gripper_grasping_frame,,399.4534999364987,no exact or boundary-refined wrist branch met strict wrist-center/orientation/SEW tolerances,,,,,,,,,,,,,,,oracle_inconclusive
785,tiago_sew,NUMERICAL_FAILURE,tiago_semi_analytic,c96a32d,median-body-4344-torso015-J1-root-zplus020-v4,wrist_center,gripper_grasping_frame,,425.53160001989454,no exact or boundary-refined wrist branch met strict wrist-center/orientation/SEW tolerances,,,,,,,,,,,,,,,oracle_inconclusive
786,tiago_sew,NUMERICAL_FAILURE,tiago_semi_analytic,c96a32d,median-body-4344-torso015-J1-root-zplus020-v4,wrist_center,gripper_grasping_frame,,408.56360003817827,no exact or boundary-refined wrist branch met strict wrist-center/orientation/SEW tolerances,,,,,,,,,,,,,,,oracle_inconclusive
787,tiago_sew,NUMERICAL_FAILURE,tiago_semi_analytic,c96a32d,median-body-4344-torso015-J1-root-zplus020-v4,wrist_center,gripper_grasping_frame,,403.221599990502,no exact or boundary-refined wrist branch met strict wrist-center/orientation/SEW tolerances,,,,,,,,,,,,,,,oracle_inconclusive
788,tiago_sew,NUMERICAL_FAILURE,tiago_semi_analytic,c96a32d,median-body-4344-torso015-J1-root-zplus020-v4,wrist_center,gripper_grasping_frame,,410.72010004427284,no exact or boundary-refined wrist branch met strict wrist-center/orientation/SEW tolerances,,,,,,,,,,,,,,,oracle_inconclusive
789,tiago_sew,NUMERICAL_FAILURE,tiago_semi_analytic,c96a32d,median-body-4344-torso015-J1-root-zplus020-v4,wrist_center,gripper_grasping_frame,,425.9735000086948,no exact or boundary-refined wrist branch met strict wrist-center/orientation/SEW tolerances,,,,,,,,,,,,,,,oracle_inconclusive
790,tiago_sew,NUMERICAL_FAILURE,tiago_semi_analytic,c96a32d,median-body-4344-torso015-J1-root-zplus020-v4,wrist_center,gripper_grasping_frame,,431.6893999930471,no exact or boundary-refined wrist branch met strict wrist-center/orientation/SEW tolerances,,,,,,,,,,,,,,,oracle_inconclusive
791,tiago_sew,NUMERICAL_FAILURE,tiago_semi_analytic,c96a32d,median-body-4344-torso015-J1-root-zplus020-v4,wrist_center,gripper_grasping_frame,,413.1919000064954,no exact or boundary-refined wrist branch met strict wrist-center/orientation/SEW tolerances,,,,,,,,,,,,,,,oracle_inconclusive
792,tiago_sew,NUMERICAL_FAILURE,tiago_semi_analytic,c96a32d,median-body-4344-torso015-J1-root-zplus020-v4,wrist_center,gripper_grasping_frame,,248.17959999199957,no exact or boundary-refined wrist branch met strict wrist-center/orientation/SEW tolerances,,,,,,,,,,,,,,,oracle_inconclusive
793,tiago_sew,NUMERICAL_FAILURE,tiago_semi_analytic,c96a32d,median-body-4344-torso015-J1-root-zplus020-v4,wrist_center,gripper_grasping_frame,,246.62840005476028,no exact or boundary-refined wrist branch met strict wrist-center/orientation/SEW tolerances,,,,,,,,,,,,,,,oracle_inconclusive
794,tiago_sew,NUMERICAL_FAILURE,tiago_semi_analytic,c96a32d,median-body-4344-torso015-J1-root-zplus020-v4,wrist_center,gripper_grasping_frame,,242.31400003191084,no exact or boundary-refined wrist branch met strict wrist-center/orientation/SEW tolerances,,,,,,,,,,,,,,,oracle_inconclusive
795,tiago_sew,NUMERICAL_FAILURE,tiago_semi_analytic,c96a32d,median-body-4344-torso015-J1-root-zplus020-v4,wrist_center,gripper_grasping_frame,,250.59670000337064,no exact or boundary-refined wrist branch met strict wrist-center/orientation/SEW tolerances,,,,,,,,,,,,,,,oracle_inconclusive
796,tiago_sew,NUMERICAL_FAILURE,tiago_semi_analytic,c96a32d,median-body-4344-torso015-J1-root-zplus020-v4,wrist_center,gripper_grasping_frame,,294.262700015679,no exact or boundary-refined wrist branch met strict wrist-center/orientation/SEW tolerances,,,,,,,,,,,,,,,oracle_inconclusive
797,tiago_sew,NUMERICAL_FAILURE,tiago_semi_analytic,c96a32d,median-body-4344-torso015-J1-root-zplus020-v4,wrist_center,gripper_grasping_frame,,265.0448000058532,no exact or boundary-refined wrist branch met strict wrist-center/orientation/SEW tolerances,,,,,,,,,,,,,,,oracle_inconclusive
798,tiago_sew,NUMERICAL_FAILURE,tiago_semi_analytic,c96a32d,median-body-4344-torso015-J1-root-zplus020-v4,wrist_center,gripper_grasping_frame,,253.96030000410974,no exact or boundary-refined wrist branch met strict wrist-center/orientation/SEW tolerances,,,,,,,,,,,,,,,oracle_inconclusive
799,tiago_sew,NUMERICAL_FAILURE,tiago_semi_analytic,c96a32d,median-body-4344-torso015-J1-root-zplus020-v4,wrist_center,gripper_grasping_frame,,246.38480006251484,no exact or boundary-refined wrist branch met strict wrist-center/orientation/SEW tolerances,,,,,,,,,,,,,,,oracle_inconclusive
800,tiago_sew,NUMERICAL_FAILURE,tiago_semi_analytic,c96a32d,median-body-4344-torso015-J1-root-zplus020-v4,wrist_center,gripper_grasping_frame,,242.34670004807413,no exact or boundary-refined wrist branch met strict wrist-center/orientation/SEW tolerances,,,,,,,,,,,,,,,oracle_inconclusive
801,tiago_sew,NUMERICAL_FAILURE,tiago_semi_analytic,c96a32d,median-body-4344-torso015-J1-root-zplus020-v4,wrist_center,gripper_grasping_frame,,253.6997999995947,no exact or boundary-refined wrist branch met strict wrist-center/orientation/SEW tolerances,,,,,,,,,,,,,,,oracle_inconclusive
802,tiago_sew,NUMERICAL_FAILURE,tiago_semi_analytic,c96a32d,median-body-4344-torso015-J1-root-zplus020-v4,wrist_center,gripper_grasping_frame,,238.9667999232188,no exact or boundary-refined wrist branch met strict wrist-center/orientation/SEW tolerances,,,,,,,,,,,,,,,oracle_inconclusive
803,tiago_sew,NUMERICAL_FAILURE,tiago_semi_analytic,c96a32d,median-body-4344-torso015-J1-root-zplus020-v4,wrist_center,gripper_grasping_frame,,239.95999991893768,no exact or boundary-refined wrist branch met strict wrist-center/orientation/SEW tolerances,,,,,,,,,,,,,,,oracle_inconclusive
804,tiago_sew,NUMERICAL_FAILURE,tiago_semi_analytic,c96a32d,median-body-4344-torso015-J1-root-zplus020-v4,wrist_center,gripper_grasping_frame,,249.67319995630533,no exact or boundary-refined wrist branch met strict wrist-center/orientation/SEW tolerances,,,,,,,,,,,,,,,oracle_inconclusive
805,tiago_sew,NUMERICAL_FAILURE,tiago_semi_analytic,c96a32d,median-body-4344-torso015-J1-root-zplus020-v4,wrist_center,gripper_grasping_frame,,293.09679998550564,no exact or boundary-refined wrist branch met strict wrist-center/orientation/SEW tolerances,,,,,,,,,,,,,,,oracle_inconclusive
806,tiago_sew,NUMERICAL_FAILURE,tiago_semi_analytic,c96a32d,median-body-4344-torso015-J1-root-zplus020-v4,wrist_center,gripper_grasping_frame,,253.5853999434039,no exact or boundary-refined wrist branch met strict wrist-center/orientation/SEW tolerances,,,,,,,,,,,,,,,oracle_inconclusive
807,tiago_sew,NUMERICAL_FAILURE,tiago_semi_analytic,c96a32d,median-body-4344-torso015-J1-root-zplus020-v4,wrist_center,gripper_grasping_frame,,255.3236000239849,no exact or boundary-refined wrist branch met strict wrist-center/orientation/SEW tolerances,,,,,,,,,,,,,,,oracle_inconclusive
808,tiago_sew,NUMERICAL_FAILURE,tiago_semi_analytic,c96a32d,median-body-4344-torso015-J1-root-zplus020-v4,wrist_center,gripper_grasping_frame,,266.9752000365406,no exact or boundary-refined wrist branch met strict wrist-center/orientation/SEW tolerances,,,,,,,,,,,,,,,oracle_inconclusive
809,tiago_sew,NUMERICAL_FAILURE,tiago_semi_analytic,c96a32d,median-body-4344-torso015-J1-root-zplus020-v4,wrist_center,gripper_grasping_frame,,270.03130002412945,no exact or boundary-refined wrist branch met strict wrist-center/orientation/SEW tolerances,,,,,,,,,,,,,,,oracle_inconclusive
810,tiago_sew,NUMERICAL_FAILURE,tiago_semi_analytic,c96a32d,median-body-4344-torso015-J1-root-zplus020-v4,wrist_center,gripper_grasping_frame,,274.93429998867214,no exact or boundary-refined wrist branch met strict wrist-center/orientation/SEW tolerances,,,,,,,,,,,,,,,oracle_inconclusive
811,tiago_sew,NUMERICAL_FAILURE,tiago_semi_analytic,c96a32d,median-body-4344-torso015-J1-root-zplus020-v4,wrist_center,gripper_grasping_frame,,339.51650001108646,no exact or boundary-refined wrist branch met strict wrist-center/orientation/SEW tolerances,,,,,,,,,,,,,,,oracle_inconclusive
812,tiago_sew,NUMERICAL_FAILURE,tiago_semi_analytic,c96a32d,median-body-4344-torso015-J1-root-zplus020-v4,wrist_center,gripper_grasping_frame,,297.6238999981433,no exact or boundary-refined wrist branch met strict wrist-center/orientation/SEW tolerances,,,,,,,,,,,,,,,oracle_inconclusive
813,tiago_sew,NUMERICAL_FAILURE,tiago_semi_analytic,c96a32d,median-body-4344-torso015-J1-root-zplus020-v4,wrist_center,gripper_grasping_frame,,319.00189991574734,no exact or boundary-refined wrist branch met strict wrist-center/orientation/SEW tolerances,,,,,,,,,,,,,,,oracle_inconclusive
814,tiago_sew,NUMERICAL_FAILURE,tiago_semi_analytic,c96a32d,median-body-4344-torso015-J1-root-zplus020-v4,wrist_center,gripper_grasping_frame,,309.3569999327883,no exact or boundary-refined wrist branch met strict wrist-center/orientation/SEW tolerances,,,,,,,,,,,,,,,oracle_inconclusive
815,tiago_sew,NUMERICAL_FAILURE,tiago_semi_analytic,c96a32d,median-body-4344-torso015-J1-root-zplus020-v4,wrist_center,gripper_grasping_frame,,316.34440005291253,no exact or boundary-refined wrist branch met strict wrist-center/orientation/SEW tolerances,,,,,,,,,,,,,,,oracle_inconclusive
816,tiago_sew,NUMERICAL_FAILURE,tiago_semi_analytic,c96a32d,median-body-4344-torso015-J1-root-zplus020-v4,wrist_center,gripper_grasping_frame,,321.562199969776,no exact or boundary-refined wrist branch met strict wrist-center/orientation/SEW tolerances,,,,,,,,,,,,,,,oracle_inconclusive
817,tiago_sew,NUMERICAL_FAILURE,tiago_semi_analytic,c96a32d,median-body-4344-torso015-J1-root-zplus020-v4,wrist_center,gripper_grasping_frame,,320.1932000229135,no exact or boundary-refined wrist branch met strict wrist-center/orientation/SEW tolerances,,,,,,,,,,,,,,,oracle_inconclusive
818,tiago_sew,NUMERICAL_FAILURE,tiago_semi_analytic,c96a32d,median-body-4344-torso015-J1-root-zplus020-v4,wrist_center,gripper_grasping_frame,,305.66389998421073,no exact or boundary-refined wrist branch met strict wrist-center/orientation/SEW tolerances,,,,,,,,,,,,,,,oracle_inconclusive
819,tiago_sew,NUMERICAL_FAILURE,tiago_semi_analytic,c96a32d,median-body-4344-torso015-J1-root-zplus020-v4,wrist_center,gripper_grasping_frame,,374.5397999882698,no exact or boundary-refined wrist branch met strict wrist-center/orientation/SEW tolerances,,,,,,,,,,,,,,,oracle_inconclusive
820,tiago_sew,NUMERICAL_FAILURE,tiago_semi_analytic,c96a32d,median-body-4344-torso015-J1-root-zplus020-v4,wrist_center,gripper_grasping_frame,,338.4967000456527,no exact or boundary-refined wrist branch met strict wrist-center/orientation/SEW tolerances,,,,,,,,,,,,,,,oracle_inconclusive
821,tiago_sew,NUMERICAL_FAILURE,tiago_semi_analytic,c96a32d,median-body-4344-torso015-J1-root-zplus020-v4,wrist_center,gripper_grasping_frame,,308.2690999144688,no exact or boundary-refined wrist branch met strict wrist-center/orientation/SEW tolerances,,,,,,,,,,,,,,,oracle_inconclusive
822,tiago_sew,NUMERICAL_FAILURE,tiago_semi_analytic,c96a32d,median-body-4344-torso015-J1-root-zplus020-v4,wrist_center,gripper_grasping_frame,,286.986600025557,no exact or boundary-refined wrist branch met strict wrist-center/orientation/SEW tolerances,,,,,,,,,,,,,,,oracle_inconclusive
823,tiago_sew,NUMERICAL_FAILURE,tiago_semi_analytic,c96a32d,median-body-4344-torso015-J1-root-zplus020-v4,wrist_center,gripper_grasping_frame,,283.2078000064939,no exact or boundary-refined wrist branch met strict wrist-center/orientation/SEW tolerances,,,,,,,,,,,,,,,oracle_inconclusive
824,tiago_sew,NUMERICAL_FAILURE,tiago_semi_analytic,c96a32d,median-body-4344-torso015-J1-root-zplus020-v4,wrist_center,gripper_grasping_frame,,272.9565999470651,no exact or boundary-refined wrist branch met strict wrist-center/orientation/SEW tolerances,,,,,,,,,,,,,,,oracle_inconclusive
825,tiago_sew,NUMERICAL_FAILURE,tiago_semi_analytic,c96a32d,median-body-4344-torso015-J1-root-zplus020-v4,wrist_center,gripper_grasping_frame,,271.2403000332415,no exact or boundary-refined wrist branch met strict wrist-center/orientation/SEW tolerances,,,,,,,,,,,,,,,oracle_inconclusive
826,tiago_sew,NUMERICAL_FAILURE,tiago_semi_analytic,c96a32d,median-body-4344-torso015-J1-root-zplus020-v4,wrist_center,gripper_grasping_frame,,274.68930010218173,no exact or boundary-refined wrist branch met strict wrist-center/orientation/SEW tolerances,,,,,,,,,,,,,,,oracle_inconclusive
827,tiago_sew,NUMERICAL_FAILURE,tiago_semi_analytic,c96a32d,median-body-4344-torso015-J1-root-zplus020-v4,wrist_center,gripper_grasping_frame,,253.8792999694124,no exact or boundary-refined wrist branch met strict wrist-center/orientation/SEW tolerances,,,,,,,,,,,,,,,oracle_inconclusive
828,tiago_sew,NUMERICAL_FAILURE,tiago_semi_analytic,c96a32d,median-body-4344-torso015-J1-root-zplus020-v4,wrist_center,gripper_grasping_frame,,248.2473999261856,no exact or boundary-refined wrist branch met strict wrist-center/orientation/SEW tolerances,,,,,,,,,,,,,,,oracle_inconclusive
829,tiago_sew,NUMERICAL_FAILURE,tiago_semi_analytic,c96a32d,median-body-4344-torso015-J1-root-zplus020-v4,wrist_center,gripper_grasping_frame,,240.64269999507815,no exact or boundary-refined wrist branch met strict wrist-center/orientation/SEW tolerances,,,,,,,,,,,,,,,oracle_inconclusive
830,tiago_sew,NUMERICAL_FAILURE,tiago_semi_analytic,c96a32d,median-body-4344-torso015-J1-root-zplus020-v4,wrist_center,gripper_grasping_frame,,231.51800001505762,no exact or boundary-refined wrist branch met strict wrist-center/orientation/SEW tolerances,,,,,,,,,,,,,,,oracle_inconclusive
831,tiago_sew,NUMERICAL_FAILURE,tiago_semi_analytic,c96a32d,median-body-4344-torso015-J1-root-zplus020-v4,wrist_center,gripper_grasping_frame,,237.26320010609925,no exact or boundary-refined wrist branch met strict wrist-center/orientation/SEW tolerances,,,,,,,,,,,,,,,oracle_inconclusive
832,tiago_sew,NUMERICAL_FAILURE,tiago_semi_analytic,c96a32d,median-body-4344-torso015-J1-root-zplus020-v4,wrist_center,gripper_grasping_frame,,228.51180005818605,no exact or boundary-refined wrist branch met strict wrist-center/orientation/SEW tolerances,,,,,,,,,,,,,,,oracle_inconclusive
833,tiago_sew,NUMERICAL_FAILURE,tiago_semi_analytic,c96a32d,median-body-4344-torso015-J1-root-zplus020-v4,wrist_center,gripper_grasping_frame,,215.83050000481308,no exact or boundary-refined wrist branch met strict wrist-center/orientation/SEW tolerances,,,,,,,,,,,,,,,oracle_inconclusive
834,tiago_sew,NUMERICAL_FAILURE,tiago_semi_analytic,c96a32d,median-body-4344-torso015-J1-root-zplus020-v4,wrist_center,gripper_grasping_frame,,213.30070006661117,no exact or boundary-refined wrist branch met strict wrist-center/orientation/SEW tolerances,,,,,,,,,,,,,,,oracle_inconclusive
835,tiago_sew,NUMERICAL_FAILURE,tiago_semi_analytic,c96a32d,median-body-4344-torso015-J1-root-zplus020-v4,wrist_center,gripper_grasping_frame,,234.2436999315396,no exact or boundary-refined wrist branch met strict wrist-center/orientation/SEW tolerances,,,,,,,,,,,,,,,oracle_inconclusive
836,tiago_sew,NUMERICAL_FAILURE,tiago_semi_analytic,c96a32d,median-body-4344-torso015-J1-root-zplus020-v4,wrist_center,gripper_grasping_frame,,204.4733000220731,no exact or boundary-refined wrist branch met strict wrist-center/orientation/SEW tolerances,,,,,,,,,,,,,,,oracle_inconclusive
837,tiago_sew,NUMERICAL_FAILURE,tiago_semi_analytic,c96a32d,median-body-4344-torso015-J1-root-zplus020-v4,wrist_center,gripper_grasping_frame,,193.2114000665024,no exact or boundary-refined wrist branch met strict wrist-center/orientation/SEW tolerances,,,,,,,,,,,,,,,oracle_inconclusive
838,tiago_sew,NUMERICAL_FAILURE,tiago_semi_analytic,c96a32d,median-body-4344-torso015-J1-root-zplus020-v4,wrist_center,gripper_grasping_frame,,186.8720999918878,no exact or boundary-refined wrist branch met strict wrist-center/orientation/SEW tolerances,,,,,,,,,,,,,,,oracle_inconclusive
839,tiago_sew,NUMERICAL_FAILURE,tiago_semi_analytic,c96a32d,median-body-4344-torso015-J1-root-zplus020-v4,wrist_center,gripper_grasping_frame,,184.0022000251338,no exact or boundary-refined wrist branch met strict wrist-center/orientation/SEW tolerances,,,,,,,,,,,,,,,oracle_inconclusive
840,tiago_sew,NUMERICAL_FAILURE,tiago_semi_analytic,c96a32d,median-body-4344-torso015-J1-root-zplus020-v4,wrist_center,gripper_grasping_frame,,180.00019993633032,no exact or boundary-refined wrist branch met strict wrist-center/orientation/SEW tolerances,,,,,,,,,,,,,,,oracle_inconclusive
841,tiago_sew,NUMERICAL_FAILURE,tiago_semi_analytic,c96a32d,median-body-4344-torso015-J1-root-zplus020-v4,wrist_center,gripper_grasping_frame,,358.6667000781745,no exact or boundary-refined wrist branch met strict wrist-center/orientation/SEW tolerances,,,,,,,,,,,,,,,oracle_inconclusive
842,tiago_sew,NUMERICAL_FAILURE,tiago_semi_analytic,c96a32d,median-body-4344-torso015-J1-root-zplus020-v4,wrist_center,gripper_grasping_frame,,388.15220003016293,no exact or boundary-refined wrist branch met strict wrist-center/orientation/SEW tolerances,,,,,,,,,,,,,,,oracle_inconclusive
843,tiago_sew,NUMERICAL_FAILURE,tiago_semi_analytic,c96a32d,median-body-4344-torso015-J1-root-zplus020-v4,wrist_center,gripper_grasping_frame,,375.66019990481436,no exact or boundary-refined wrist branch met strict wrist-center/orientation/SEW tolerances,,,,,,,,,,,,,,,oracle_inconclusive
844,tiago_sew,NUMERICAL_FAILURE,tiago_semi_analytic,c96a32d,median-body-4344-torso015-J1-root-zplus020-v4,wrist_center,gripper_grasping_frame,,532.317699980922,no exact or boundary-refined wrist branch met strict wrist-center/orientation/SEW tolerances,,,,,,,,,,,,,,,oracle_inconclusive
845,tiago_sew,SUCCESS_EXACT,tiago_semi_analytic,c96a32d,median-body-4344-torso015-J1-root-zplus020-v4,wrist_center,gripper_grasping_frame,seed-0-wrist-0,5.029799998737872,,1.1237724929773618,-0.2948746237904274,-2.057451887256983,2.3421786092258357,0.4533215932795458,-0.46544118355248276,-1.9299208384371775,1.2609374268782113e-10,1.04186221244592e-13,1.4274329410408263e-11,0.8027935564681441,0.3522288868976885,0.3107876549947028,0.9622260798248015,reachable_success
846,tiago_sew,SUCCESS_EXACT,tiago_semi_analytic,c96a32d,median-body-4344-torso015-J1-root-zplus020-v4,wrist_center,gripper_grasping_frame,seed-0-wrist-0,4.512700019404292,,1.1369988839128953,-0.2752623884376069,-2.060143879203589,2.324391938763922,0.4657758335768172,-0.4559104851563114,-1.936107686665232,1.4002130849932115e-12,9.892653345672455e-14,2.5444437451708134e-13,1.821894705525801,0.3545826986218401,0.31655586601761954,0.9661608689048079,reachable_success
847,tiago_sew,SUCCESS_EXACT,tiago_semi_analytic,c96a32d,median-body-4344-torso015-J1-root-zplus020-v4,wrist_center,gripper_grasping_frame,seed-0-wrist-0,4.735899972729385,,1.1516021019343978,-0.2584096887616891,-2.0633200964731935,2.3071676281152302,0.4658168086863035,-0.4569324832771202,-1.933034784081495,1.3089336417583913e-12,3.184004364762725e-14,1.526666247102488e-13,2.8087750107180818,0.35671868412389274,0.32287626819061194,0.9680386753926244,reachable_success
848,tiago_sew,SUCCESS_EXACT,tiago_semi_analytic,c96a32d,median-body-4344-torso015-J1-root-zplus020-v4,wrist_center,gripper_grasping_frame,seed-0-wrist-0,4.87890001386404,,1.165300439181106,-0.24032340349960038,-2.0650032682781982,2.2887943058185813,0.4720352472833049,-0.4508779975893753,-1.9351882942874497,1.1762602059271538e-12,7.772455082750683e-14,2.0355549961366507e-13,3.8614888339496765,0.35928705673400796,0.32918155148718353,0.9711628784238815,reachable_success
849,tiago_sew,SUCCESS_EXACT,tiago_semi_analytic,c96a32d,median-body-4344-torso015-J1-root-zplus020-v4,wrist_center,gripper_grasping_frame,seed-0-wrist-0,4.78979991748929,,1.1790303787567458,-0.2229504366670087,-2.067092671243733,2.270915992201593,0.4800152465098937,-0.44535544500411905,-1.9407647390816951,2.3624870325219163e-12,6.189078502937522e-14,7.63333123551244e-14,4.885840749014383,0.36138460438865594,0.33529731596481277,0.9744979905079962,reachable_success
850,tiago_sew,SUCCESS_EXACT,tiago_semi_analytic,c96a32d,median-body-4344-torso015-J1-root-zplus020-v4,wrist_center,gripper_grasping_frame,seed-0-wrist-0,4.580000066198409,,1.1924777546500673,-0.20558664407971572,-2.0674404171470813,2.252591172551768,0.4845557204855706,-0.4411572438137017,-1.9401685079713857,7.850462293418876e-13,2.900830435699348e-14,2.2899993706537323e-13,5.935775575287737,0.3637702656103058,0.34177271760005523,0.9770234406076768,reachable_success
851,tiago_sew,SUCCESS_EXACT,tiago_semi_analytic,c96a32d,median-body-4344-torso015-J1-root-zplus020-v4,wrist_center,gripper_grasping_frame,seed-0-wrist-0,3.8731000386178493,,1.2051207934254569,-0.18815954567993348,-2.0664299509172173,2.234380144394942,0.48600283924501575,-0.4351626096491179,-1.9380324788630556,9.964986097963501e-13,2.849494529502266e-14,1.2722218725854067e-13,6.979190629267784,0.36653402848675565,0.3483517957778716,0.9794406120506199,reachable_success
852,tiago_sew,SUCCESS_EXACT,tiago_semi_analytic,c96a32d,median-body-4344-torso015-J1-root-zplus020-v4,wrist_center,gripper_grasping_frame,seed-0-wrist-0,4.527500015683472,,1.2183085198880432,-0.1710490260663962,-2.065709569034007,2.215486109779369,0.4909023272882789,-0.42918779622038405,-1.9382583186976063,1.8404688495566206e-12,4.7056260997998806e-14,2.7988881196878945e-13,8.061739070714202,0.36910073962505907,0.3549931076256867,0.9822288301229744,reachable_success
853,tiago_sew,SUCCESS_EXACT,tiago_semi_analytic,c96a32d,median-body-4344-torso015-J1-root-zplus020-v4,wrist_center,gripper_grasping_frame,seed-0-wrist-0,4.612999968230724,,1.2315047142071605,-0.15376924717246507,-2.063303816182898,2.196521180321617,0.49508359346944486,-0.4234631157206121,-1.9390805901824066,1.2072877792441453e-12,4.8361596992021383e-14,2.0355549961366507e-13,8.899146659010892,0.37156343338428255,0.3619274146770134,0.984427339084463,reachable_success
854,tiago_sew,SUCCESS_EXACT,tiago_semi_analytic,c96a32d,median-body-4344-torso015-J1-root-zplus020-v4,wrist_center,gripper_grasping_frame,seed-0-wrist-0,5.020400043576956,,1.2439864705657406,-0.136860703885524,-2.06102402328688,2.177329582427838,0.49904014776432115,-0.4193312928857087,-1.9385143952029082,1.1403455171351628e-12,8.697621824869754e-14,5.088887490341627e-14,8.931587241717647,0.3742393760750646,0.36865568054951015,0.9864837960635414,reachable_success
855,tiago_sew,SUCCESS_EXACT,tiago_semi_analytic,c96a32d,median-body-4344-torso015-J1-root-zplus020-v4,wrist_center,gripper_grasping_frame,seed-0-wrist-0,4.574100021272898,,1.2573451902701294,-0.12197378120685512,-2.0601355900341507,2.158021806409478,0.5070599921901362,-0.4192775686768968,-1.9410239834633094,1.0370338861126153e-12,9.677223513951045e-14,2.0355549961366507e-13,8.787798426081082,0.3762672765861773,0.3751813717719401,0.9884630980525823,reachable_success
856,tiago_sew,SUCCESS_EXACT,tiago_semi_analytic,c96a32d,median-body-4344-torso015-J1-root-zplus020-v4,wrist_center,gripper_grasping_frame,seed-0-wrist-0,5.096799926832318,,1.2697205266919118,-0.10674651087102205,-2.0567182309702026,2.1385653620393295,0.5153601530265148,-0.4164090915956078,-1.9477409202864768,9.305364597889228e-13,5.424026433835659e-14,2.0355549961366507e-13,8.402946294857578,0.3787091324591657,0.3818447916417871,0.990106510870869,reachable_success
857,tiago_sew,SUCCESS_EXACT,tiago_semi_analytic,c96a32d,median-body-4344-torso015-J1-root-zplus020-v4,wrist_center,gripper_grasping_frame,seed-0-wrist-0,4.513999912887812,,1.2827037021991268,-0.09267689781717711,-2.053884195314087,2.1192255920674707,0.5279028298769726,-0.41620329974570636,-1.955930925298552,1.1831170202396055e-12,2.898161195567798e-14,1.0177774980683254e-13,7.933693573474683,0.38045701707431767,0.3883608685859288,0.9916131745250151,reachable_success
858,tiago_sew,SUCCESS_EXACT,tiago_semi_analytic,c96a32d,median-body-4344-torso015-J1-root-zplus020-v4,wrist_center,gripper_grasping_frame,seed-0-wrist-0,4.8102999571710825,,1.2953227598782326,-0.0793839618397634,-2.0518107056584225,2.0997076568499824,0.5406390594663937,-0.412165937809422,-1.9668770591481461,3.477763656540197e-13,7.600440197004992e-14,1.0177774980683254e-13,7.306526301907646,0.38265964310162026,0.3947014464711801,0.9942754112172153,reachable_success
859,tiago_sew,SUCCESS_EXACT,tiago_semi_analytic,c96a32d,median-body-4344-torso015-J1-root-zplus020-v4,wrist_center,gripper_grasping_frame,seed-0-wrist-0,4.780099960044026,,1.307757273357141,-0.06518733365083261,-2.0481508521950884,2.080603557448983,0.5513689959232955,-0.4101850545082981,-1.974936871702405,1.4196101907942207e-12,4.2494792464949044e-14,1.526666247102488e-13,6.844733058882061,0.38454892354776044,0.40124042628068896,0.9959152771922067,reachable_success
860,tiago_sew,SUCCESS_EXACT,tiago_semi_analytic,c96a32d,median-body-4344-torso015-J1-root-zplus020-v4,wrist_center,gripper_grasping_frame,seed-0-wrist-0,4.741600016131997,,1.319984384562579,-0.05145701298303489,-2.0442260307314486,2.061243264981588,0.5553783837693382,-0.40974041554537655,-1.9770300792807483,8.182012274917481e-13,4.4283223691053275e-14,0.0,6.72480109899819,0.38699600689403585,0.4079553047985423,0.997051767455575,reachable_success
861,tiago_sew,SUCCESS_EXACT,tiago_semi_analytic,c96a32d,median-body-4344-torso015-J1-root-zplus020-v4,wrist_center,gripper_grasping_frame,seed-0-wrist-0,5.085300072096288,,1.3330438651831618,-0.039089940876351946,-2.041211203548634,2.041523480768532,0.5632658995557316,-0.40586679862124875,-1.9857190291889895,9.61481343191782e-13,4.128678616265996e-14,7.63333123551244e-14,6.226960940855385,0.38932501905224154,0.41469797948368553,0.9993887659797945,reachable_success
862,tiago_sew,SUCCESS_EXACT,tiago_semi_analytic,c96a32d,median-body-4344-torso015-J1-root-zplus020-v4,wrist_center,gripper_grasping_frame,seed-0-wrist-0,5.099299945868552,,1.3452838772384523,-0.026961756477611638,-2.0375010934380793,2.0225007413079474,0.5701246625156249,-0.40992905367509236,-1.98821446185962,5.23691153334427e-13,2.030142021411785e-14,2.5444437451708134e-14,6.083983180769194,0.3911442573572943,0.42108838594207054,0.9998475115166902,reachable_success
863,tiago_sew,SUCCESS_EXACT,tiago_semi_analytic,c96a32d,median-body-4344-torso015-J1-root-zplus020-v4,wrist_center,gripper_grasping_frame,seed-0-wrist-0,4.355999990366399,,1.358227845344292,-0.016383189370595734,-2.0346191249014653,2.0028986199670693,0.5751736190159691,-0.4140875351206086,-1.9908652467653765,1.7667900989825679e-12,4.448043612527453e-14,7.63333123551244e-14,5.9321043932723665,0.3931838913617851,0.4276141346535167,1.0006186888890272,reachable_success
864,tiago_sew,SUCCESS_EXACT,tiago_semi_analytic,c96a32d,median-body-4344-torso015-J1-root-zplus020-v4,wrist_center,gripper_grasping_frame,seed-0-wrist-0,4.340499988757074,,1.3705718596690875,-0.005835404763181349,-2.0315280624017866,1.984051047651484,0.5846482896782534,-0.41517343397783213,-1.9983617245643295,6.849500233248633e-13,2.7368359187075558e-14,1.526666247102488e-13,5.502587854178838,0.39492097955050864,0.43381060478182165,1.0020135149379212,reachable_success
865,tiago_sew,SUCCESS_EXACT,tiago_semi_analytic,c96a32d,median-body-4344-torso015-J1-root-zplus020-v4,wrist_center,gripper_grasping_frame,seed-0-wrist-0,4.399899975396693,,1.383237934655714,0.004309387027536746,-2.028082649431949,1.9643371364283422,0.5936109469579693,-0.42000106705713947,-2.009593790802084,2.7755575615628914e-13,3.581658162195239e-14,7.63333123551244e-14,4.859037863544119,0.39669350494237865,0.4401467256939589,1.002631466430677,reachable_success
866,tiago_sew,SUCCESS_EXACT,tiago_semi_analytic,c96a32d,median-body-4344-torso015-J1-root-zplus020-v4,wrist_center,gripper_grasping_frame,seed-0-wrist-0,4.416899988427758,,1.394891526268595,0.016147651210067525,-2.02328409512408,1.9459885319199615,0.6029353572596632,-0.4211758033154904,-2.018559262519511,7.468261590855957e-13,6.757767959057715e-14,5.088887490341627e-14,4.345354172791658,0.39818610725448444,0.4463181916064147,1.00345107127502,reachable_success
867,tiago_sew,SUCCESS_EXACT,tiago_semi_analytic,c96a32d,median-body-4344-torso015-J1-root-zplus020-v4,wrist_center,gripper_grasping_frame,seed-0-wrist-0,4.4917999766767025,,1.4077275399049098,0.024917256752682786,-2.0196984601351033,1.9269669672991288,0.6057606412742613,-0.42432140032562504,-2.0251258768799065,5.978733960281816e-13,8.446539590243202e-14,0.0,3.9691148842509834,0.40014474627558194,0.45280219274455324,1.0040703520097451,reachable_success
868,tiago_sew,SUCCESS_EXACT,tiago_semi_analytic,c96a32d,median-body-4344-torso015-J1-root-zplus020-v4,wrist_center,gripper_grasping_frame,seed-0-wrist-0,4.333100048825145,,1.4196613811960404,0.03482117526844785,-2.0146524366257488,1.9089369911526195,0.6172507325537389,-0.4213904496002243,-2.037397433542198,7.447602459741819e-13,5.2174751018260536e-14,7.63333123551244e-14,3.2660064794460326,0.4016464533130312,0.4590123422274718,1.0055290269922146,reachable_success
869,tiago_sew,SUCCESS_EXACT,tiago_semi_analytic,c96a32d,median-body-4344-torso015-J1-root-zplus020-v4,wrist_center,gripper_grasping_frame,seed-0-wrist-0,4.3178999330848455,,1.4317416735195891,0.042231052091294866,-2.010883290460446,1.8913001617693823,0.6251991645831234,-0.4222487353322193,-2.0423033437039626,4.577566798522238e-13,4.235232866348878e-14,5.088887490341627e-14,2.98491853250658,0.4031274870888585,0.4649829104708162,1.0064700955145274,reachable_success
870,tiago_sew,SUCCESS_EXACT,tiago_semi_analytic,c96a32d,median-body-4344-torso015-J1-root-zplus020-v4,wrist_center,gripper_grasping_frame,seed-0-wrist-0,4.43139998242259,,1.4432882438571317,0.04952068645789643,-2.0072479007947117,1.8734963077520428,0.6326876193416995,-0.4259067186242067,-2.043944416019981,7.364386412590296e-13,7.314490525203794e-14,5.088887490341627e-14,2.890892014922973,0.40469521027475325,0.4706986506702736,1.0069666736718499,reachable_success
871,tiago_sew,SUCCESS_EXACT,tiago_semi_analytic,c96a32d,median-body-4344-torso015-J1-root-zplus020-v4,wrist_center,gripper_grasping_frame,seed-0-wrist-0,4.53659996856004,,1.4550295910500348,0.056372460358491805,-2.003350438369764,1.855829865361489,0.6432186681591192,-0.4296677576333816,-2.0477463907377293,4.996003610813204e-13,4.373604072875787e-14,7.63333123551244e-14,2.673054909780544,0.405884990115543,0.47636895415325586,1.0073960728247262,reachable_success
872,tiago_sew,SUCCESS_EXACT,tiago_semi_analytic,c96a32d,median-body-4344-torso015-J1-root-zplus020-v4,wrist_center,gripper_grasping_frame,seed-0-wrist-0,4.345300025306642,,1.4663544172441878,0.06493683023136483,-1.9978038089561914,1.8393416475766429,0.654207681225639,-0.43065110181098687,-2.0549794727381343,3.14018491736755e-13,4.166313411243597e-14,0.0,2.258629838285297,0.40663346447821563,0.48210179938667086,1.0077433227943735,reachable_success
873,tiago_sew,SUCCESS_EXACT,tiago_semi_analytic,c96a32d,median-body-4344-torso015-J1-root-zplus020-v4,wrist_center,gripper_grasping_frame,seed-0-wrist-0,4.430400091223419,,1.4779138527833953,0.07154775760961395,-1.9934294573980378,1.8224338913639302,0.6643472567694495,-0.4372602641909089,-2.0644338925998493,5.926969055564841e-13,7.19474825712947e-14,5.088887490341627e-14,1.7169314824643669,0.40726417981314467,0.48756598493189046,1.007382645348507,reachable_success
874,tiago_sew,SUCCESS_EXACT,tiago_semi_analytic,c96a32d,median-body-4344-torso015-J1-root-zplus020-v4,wrist_center,gripper_grasping_frame,seed-0-wrist-0,4.703799961134791,,1.4880869811108477,0.07972785834807866,-1.9875692933030946,1.8050559063902532,0.6798717053675092,-0.43800307134911076,-2.0803072808062364,7.043575467574348e-13,6.522910972372444e-14,0.0,0.8074533316656525,0.40863554980764916,0.49287696041280193,1.0079338938645115,reachable_success
875,tiago_sew,SUCCESS_EXACT,tiago_semi_analytic,c96a32d,median-body-4344-torso015-J1-root-zplus020-v4,wrist_center,gripper_grasping_frame,seed-0-wrist-0,5.04630000796169,,1.4988317635559576,0.08624155800586972,-1.9828429779198857,1.788627202011043,0.6947849901548673,-0.44134079576899676,-2.094034755150682,6.304854800243424e-13,3.787019569717005e-14,1.0177774980683254e-13,0.020926988354793542,0.40925455570351493,0.49799732379231454,1.0082395348898714,reachable_success
876,tiago_sew,SUCCESS_EXACT,tiago_semi_analytic,c96a32d,median-body-4344-torso015-J1-root-zplus020-v4,wrist_center,gripper_grasping_frame,seed-5-wrist-0-boundary,306.99419998563826,,1.5094739437222442,0.09089761446267483,-1.9791277626861987,1.7731274443741345,0.6923715954337398,-0.44868003737802337,-2.0943999999999994,0.23690502762882598,0.1236425251898759,0.06969676977233685,2.5444437451708134e-14,0.41056684890765405,0.5031917887917428,1.007253128835638,reachable_success
877,tiago_sew,SUCCESS_EXACT,tiago_semi_analytic,c96a32d,median-body-4344-torso015-J1-root-zplus020-v4,wrist_center,gripper_grasping_frame,seed-5-wrist-0-boundary,285.26889998465776,,1.5204727495146668,0.09534596427002082,-1.9754241542303381,1.7585206616251003,0.6925093830865604,-0.4487999713673812,-2.0943999999999994,0.3293097504699619,0.17174418895743288,0.09633841188075469,2.5444437451708134e-14,0.4116811366692693,0.508603588331126,1.0075912160878249,reachable_success
878,tiago_sew,SUCCESS_EXACT,tiago_semi_analytic,c96a32d,median-body-4344-torso015-J1-root-zplus020-v4,wrist_center,gripper_grasping_frame,seed-5-wrist-0-boundary,347.1967000514269,,1.5307984725079433,0.09896742203038342,-1.9725789239549874,1.7432310715699646,0.6929357271237374,-0.45693892461012847,-2.0943999999999994,0.25171105827709755,0.13118894058469316,0.07322547186546374,2.5444437451708134e-14,0.4127807993978895,0.513391923671104,1.0068180061522327,reachable_success
879,tiago_sew,SUCCESS_EXACT,tiago_semi_analytic,c96a32d,median-body-4344-torso015-J1-root-zplus020-v4,wrist_center,gripper_grasping_frame,seed-14-wrist-0-boundary,424.30890002287924,,1.5404085503888443,0.10448681592613794,-1.9671533728888773,1.7280506886802869,0.6933327350329217,-0.4605563819909807,-2.0943999999999994,0.19564172481390357,0.10181717809894683,0.0565510926145689,2.5444437451708134e-14,0.4143833036061798,0.5184517906058237,1.0059450394617606,reachable_success
880,tiago_sew,SUCCESS_EXACT,tiago_semi_analytic,c96a32d,median-body-4344-torso015-J1-root-zplus020-v4,wrist_center,gripper_grasping_frame,seed-14-wrist-0-boundary,361.9328999193385,,1.5500199891467066,0.10932128378249062,-1.9629782182763396,1.7132990701608215,0.6937610040532859,-0.45789589156112775,-2.0943999999999994,0.24037716879457713,0.12490921413656401,0.06903807347555437,2.5444437451708134e-14,0.4163101286534946,0.5235526526879577,1.0066875107236755,reachable_success
881,tiago_sew,SUCCESS_EXACT,tiago_semi_analytic,c96a32d,median-body-4344-torso015-J1-root-zplus020-v4,wrist_center,gripper_grasping_frame,seed-14-wrist-0-boundary,352.8319000033662,,1.560067260129759,0.11162779647821156,-1.9613140872940307,1.6993446939061154,0.69038901024203,-0.4634397771363645,-2.0943999999999994,0.258016960593034,0.13362986640542193,0.07315718708563125,2.5444437451708134e-14,0.41741297181765236,0.5281391031628164,1.0064568314878797,reachable_success
882,tiago_sew,SUCCESS_EXACT,tiago_semi_analytic,c96a32d,median-body-4344-torso015-J1-root-zplus020-v4,wrist_center,gripper_grasping_frame,seed-14-wrist-0-boundary,410.94089997932315,,1.5693974030743283,0.1150115595275674,-1.9572246481338467,1.6846585036546908,0.6897485668288148,-0.4637190758245378,-2.0943999999999994,0.0983527460733281,0.05082069650992768,0.027642598383794587,2.5444437451708134e-14,0.41941734320718027,0.532998393232582,1.006380181875499,reachable_success
883,tiago_sew,SUCCESS_EXACT,tiago_semi_analytic,c96a32d,median-body-4344-torso015-J1-root-zplus020-v4,wrist_center,gripper_grasping_frame,seed-14-wrist-0-boundary,344.6914000669494,,1.5783060996385103,0.11786147942124202,-1.954375220546215,1.6717948932121534,0.6893886080322303,-0.467650091037835,-2.0943999999994474,0.036936493929732896,0.01904659575670927,0.01030282123308357,3.165288018992492e-11,0.4204012814948813,0.5372199070318996,1.0059873355517155,reachable_success
884,tiago_sew,SUCCESS_EXACT,tiago_semi_analytic,c96a32d,median-body-4344-torso015-J1-root-zplus020-v4,wrist_center,gripper_grasping_frame,seed-0-wrist-0,4.422100028023124,,1.5870717668037035,0.1201212680091005,-1.951963271984287,1.659081381126972,0.6874520831485804,-0.47165936954330157,-2.0930198600685035,2.288783399261119e-13,1.3641173488500346e-14,2.5444437451708134e-14,0.0790761932122141,0.4215314386470548,0.5413566322409915,1.0055913356847852,reachable_success
885,tiago_sew,SUCCESS_EXACT,tiago_semi_analytic,c96a32d,median-body-4344-torso015-J1-root-zplus020-v4,wrist_center,gripper_grasping_frame,seed-14-wrist-0-boundary,402.20469993073493,,1.5957768254706488,0.1214193074878259,-1.949846027204975,1.6466775291547922,0.6877047550212392,-0.4776247424738061,-2.0943999999999994,0.16817109765269167,0.08631373558233554,0.04611542593688452,2.5444437451708134e-14,0.4222975765381035,0.5452477988910827,1.0048417174401918,reachable_success
886,tiago_sew,SUCCESS_EXACT,tiago_semi_analytic,c96a32d,median-body-4344-torso015-J1-root-zplus020-v4,wrist_center,gripper_grasping_frame,seed-14-wrist-0-boundary,397.1115999156609,,1.6044863359554584,0.12222748924791599,-1.948297046007986,1.6355035405869318,0.6835253217681893,-0.4765724371426231,-2.0943999999999994,0.29114627540244353,0.1488198062568762,0.07872383204614143,2.5444437451708134e-14,0.4234287411046548,0.5494116117421557,1.0052259571872932,reachable_success
887,tiago_sew,SUCCESS_EXACT,tiago_semi_analytic,c96a32d,median-body-4344-torso015-J1-root-zplus020-v4,wrist_center,gripper_grasping_frame,seed-2-wrist-0-boundary,366.24090000987053,,1.6127208091378076,0.12437449373081452,-1.9458766145051904,1.623881187778087,0.6823859669814843,-0.4764189931602588,-2.0943999999999994,0.3283738992918763,0.16736313293800584,0.08797441795765616,2.5444437451708134e-14,0.42453611050383827,0.5534177597014186,1.0054746573947617,reachable_success
888,tiago_sew,SUCCESS_EXACT,tiago_semi_analytic,c96a32d,median-body-4344-torso015-J1-root-zplus020-v4,wrist_center,gripper_grasping_frame,seed-2-wrist-0-boundary,425.2834999933839,,1.6202950862320107,0.12734097428669508,-1.9437544364914838,1.6124789593498756,0.6823522272535778,-0.47550577279837836,-2.0943999999999994,0.1812194774628048,0.09212349985069375,0.048190042774837384,2.5444437451708134e-14,0.42570806138056916,0.5571362089101733,1.006230327209511,reachable_success
889,tiago_sew,SUCCESS_EXACT,tiago_semi_analytic,c96a32d,median-body-4344-torso015-J1-root-zplus020-v4,wrist_center,gripper_grasping_frame,seed-2-wrist-0-boundary,215.82519996445626,,1.6280647620965396,0.12839674824246078,-1.9411183128560412,1.6016279310358257,0.6823023616412405,-0.47939628008330976,-2.0943999999999994,0.2459766872880351,0.12476643230274524,0.06495181148527686,2.5444437451708134e-14,0.426379118531906,0.5607250655240743,1.005359119538075,reachable_success
890,tiago_sew,SUCCESS_EXACT,tiago_semi_analytic,c96a32d,median-body-4344-torso015-J1-root-zplus020-v4,wrist_center,gripper_grasping_frame,seed-2-wrist-0-boundary,426.57140002120286,,1.6351015752780451,0.1303207941033098,-1.9390492516841513,1.591427590425738,0.6820808950489597,-0.47695919974161355,-2.0943999999999994,0.19900917851002553,0.10068808367418693,0.05216874150855883,2.5444437451708134e-14,0.42751928601722866,0.5642258624142101,1.006059897949387,reachable_success
891,tiago_sew,SUCCESS_EXACT,tiago_semi_analytic,c96a32d,median-body-4344-torso015-J1-root-zplus020-v4,wrist_center,gripper_grasping_frame,seed-0-wrist-0,4.485399927943945,,1.6430468113105414,0.13175413754058268,-1.9383399715147247,1.5794881946044774,0.6826516525723907,-0.4813590844699771,-2.093001997211397,3.554447978966673e-13,1.925705727046508e-14,2.5444437451708134e-14,0.08009965953445411,0.4283064730759251,0.5676649761679743,1.0062595372163496,reachable_success
892,tiago_sew,SUCCESS_EXACT,tiago_semi_analytic,c96a32d,median-body-4344-torso015-J1-root-zplus020-v4,wrist_center,gripper_grasping_frame,seed-0-wrist-0,4.398200078867376,,1.6498614280533501,0.13382299469980913,-1.935563340631867,1.5699349451863078,0.6809641106858466,-0.4844172078548996,-2.090234988759736,2.220446049250313e-13,4.9159538976222214e-14,0.0,0.23863756569166453,0.4288634309340413,0.5708964436289925,1.0055224699335468,reachable_success
893,tiago_sew,SUCCESS_EXACT,tiago_semi_analytic,c96a32d,median-body-4344-torso015-J1-root-zplus020-v4,wrist_center,gripper_grasping_frame,seed-0-wrist-0,4.499900038354099,,1.6572880992109513,0.13397732494619788,-1.936262740488286,1.5597112647544358,0.6798548162958009,-0.4871121377473866,-2.089972697014085,3.3306690738754696e-13,4.7036668841414075e-14,2.5444437451708134e-14,0.2536657757185831,0.42945129358264594,0.5739859401253807,1.006187373587795,reachable_success
894,tiago_sew,SUCCESS_EXACT,tiago_semi_analytic,c96a32d,median-body-4344-torso015-J1-root-zplus020-v4,wrist_center,gripper_grasping_frame,seed-2-wrist-0-boundary,409.28319992963225,,1.6635591991828342,0.13635925018123668,-1.9337325675946093,1.550705179731583,0.6845995406880789,-0.48781095777251865,-2.0943999999999994,0.09504496116030885,0.04765297743117413,0.024315346420608747,2.5444437451708134e-14,0.4296412890917019,0.5768736151048627,1.0063364817653127,reachable_success
895,tiago_sew,SUCCESS_EXACT,tiago_semi_analytic,c96a32d,median-body-4344-torso015-J1-root-zplus020-v4,wrist_center,gripper_grasping_frame,seed-2-wrist-0-boundary,418.1977999396622,,1.670495418157669,0.13707110188147087,-1.93369150254522,1.5415278998681896,0.6818550460900469,-0.48600683630143343,-2.0943999999999994,0.3288555273639877,0.16421950271722924,0.08314671654814851,2.5444437451708134e-14,0.43045009191751293,0.5800427807488298,1.0074129722024,reachable_success
896,tiago_sew,SUCCESS_EXACT,tiago_semi_analytic,c96a32d,median-body-4344-torso015-J1-root-zplus020-v4,wrist_center,gripper_grasping_frame,seed-2-wrist-0-boundary,205.3273000055924,,1.6773364369181742,0.13697143479057092,-1.9350572808663453,1.5320351066046012,0.6782844977634733,-0.48841760191008204,-2.0943999999999994,0.3675417121964981,0.18272298010695834,0.09168025196839788,2.5444437451708134e-14,0.43117613281300926,0.5828701462979775,1.0081951442739967,reachable_success
897,tiago_sew,SUCCESS_EXACT,tiago_semi_analytic,c96a32d,median-body-4344-torso015-J1-root-zplus020-v4,wrist_center,gripper_grasping_frame,seed-2-wrist-0-boundary,422.7960999123752,,1.6837121357807756,0.1395372086665152,-1.9325419348007553,1.5226030928328058,0.6763530899482919,-0.49249528255068814,-2.0943999999999994,0.26333669075183525,0.13035877994033512,0.06495871201383854,2.5444437451708134e-14,0.43166089202009833,0.5858271783704071,1.0075125349336675,reachable_success
898,tiago_sew,SUCCESS_EXACT,tiago_semi_analytic,c96a32d,median-body-4344-torso015-J1-root-zplus020-v4,wrist_center,gripper_grasping_frame,seed-2-wrist-0-boundary,418.25960006099194,,1.6891301552040243,0.14124189593231734,-1.9320571769151549,1.5145369254576975,0.6756279005629388,-0.4909851012646608,-2.0943999999999994,0.6312875658313386,0.31153598067420685,0.15450368788147084,2.5444437451708134e-14,0.4324340188624892,0.5883505434208274,1.00858189501911,reachable_success
899,tiago_sew,SUCCESS_EXACT,tiago_semi_analytic,c96a32d,median-body-4344-torso015-J1-root-zplus020-v4,wrist_center,gripper_grasping_frame,seed-2-wrist-0-boundary,413.16370002459735,,1.6957883807926615,0.14269658204455782,-1.9310573335406185,1.5043253734803341,0.6710686755533762,-0.5002578724294339,-2.0943999999999994,0.4076374014074351,0.19999156778981986,0.09811866331206527,2.5444437451708134e-14,0.4329326694554337,0.5911085991950196,1.0073543189606855,reachable_success
900,tiago_sew,SUCCESS_EXACT,tiago_semi_analytic,c96a32d,median-body-4344-torso015-J1-root-zplus020-v4,wrist_center,gripper_grasping_frame,seed-2-wrist-0-boundary,514.8263999726623,,1.7012099303008903,0.14589523815784303,-1.92877665755415,1.4955689382558606,0.6726060803204371,-0.5001788995497434,-2.0943999999999994,0.5878519877939413,0.28764442005861807,0.1408134673225378,2.5444437451708134e-14,0.4335764819563753,0.5937196895152619,1.0078511997435144,reachable_success
901,tiago_sew,SUCCESS_EXACT,tiago_semi_analytic,c96a32d,median-body-4344-torso015-J1-root-zplus020-v4,wrist_center,gripper_grasping_frame,seed-2-wrist-0-boundary,491.50820006616414,,1.7062760819389549,0.15026676143543644,-1.9244587495585155,1.4868632075137607,0.6677916627609022,-0.5029953753661304,-2.0943999999999994,0.5026769494365678,0.2444061620529784,0.11841641944217657,2.5444437451708134e-14,0.43460773812441594,0.5964388545181444,1.0068465350622622,reachable_success
902,tiago_sew,SUCCESS_EXACT,tiago_semi_analytic,c96a32d,median-body-4344-torso015-J1-root-zplus020-v4,wrist_center,gripper_grasping_frame,seed-2-wrist-0-boundary,212.47849997598678,,1.7120173051480845,0.15137655853095155,-1.9240926507248457,1.4784530859571798,0.6652073793697348,-0.5138613344266475,-2.0943999999999994,0.5536929445745008,0.2680306171726266,0.12888458637607497,2.5444437451708134e-14,0.43444797602484686,0.5985190649511752,1.0055227538727427,reachable_success
903,tiago_sew,SUCCESS_EXACT,tiago_semi_analytic,c96a32d,median-body-4344-torso015-J1-root-zplus020-v4,wrist_center,gripper_grasping_frame,seed-9-wrist-0-boundary,447.12889997754246,,1.717168738829767,0.15580648645723194,-1.9204850983117452,1.4678994699228913,0.6643488513985416,-0.5245505497747452,-2.0943999999999994,0.16374810497333717,0.07886195803053685,0.03768460318222116,2.5444437451708134e-14,0.43524832081389137,0.600764177354191,1.0038310999526439,reachable_success
904,tiago_sew,SUCCESS_EXACT,tiago_semi_analytic,c96a32d,median-body-4344-torso015-J1-root-zplus020-v4,wrist_center,gripper_grasping_frame,seed-9-wrist-0-boundary,407.6906000263989,,1.7218047480780545,0.15843493884972523,-1.9179128312802518,1.461195936049947,0.6605270481184292,-0.5199767360143948,-2.0943999999999994,0.32106761032196857,0.15386910311805413,0.07291755962974401,2.5444437451708134e-14,0.43627027520170475,0.6033383437967829,1.0044619664657146,reachable_success
905,tiago_sew,SUCCESS_EXACT,tiago_semi_analytic,c96a32d,median-body-4344-torso015-J1-root-zplus020-v4,wrist_center,gripper_grasping_frame,seed-9-wrist-0-boundary,429.7785999951884,,1.7270742474412377,0.16083317628955998,-1.9161994986292485,1.4524694400595881,0.6590094721846554,-0.5244484851650832,-2.0943999999999994,0.23646953669285928,0.11281760315138772,0.053122166116860416,2.5444437451708134e-14,0.436882723375201,0.6056407088914598,1.0040938590496251,reachable_success
906,tiago_sew,SUCCESS_EXACT,tiago_semi_analytic,c96a32d,median-body-4344-torso015-J1-root-zplus020-v4,wrist_center,gripper_grasping_frame,seed-0-wrist-0,4.424099926836789,,1.7328955058710473,0.16195004147367623,-1.9160088055898685,1.4437997814474153,0.6534949872316131,-0.52990202566611,-2.0933201277660594,2.288783399261119e-13,7.450488472979148e-14,0.0,0.06187212141815224,0.437484388469964,0.6080378209641337,1.0037224973747936,reachable_success
907,tiago_sew,SUCCESS_EXACT,tiago_semi_analytic,c96a32d,median-body-4344-torso015-J1-root-zplus020-v4,wrist_center,gripper_grasping_frame,seed-0-wrist-0,4.315000027418137,,1.7375926785220621,0.163930963221114,-1.9150185428591329,1.4362725244314105,0.6474861977352115,-0.530194666346731,-2.0932038533180855,3.14018491736755e-13,7.986198760295594e-14,2.5444437451708134e-14,0.0685341565522706,0.4386086524453051,0.6103100520164239,1.0040442988039227,reachable_success
908,tiago_sew,SUCCESS_EXACT,tiago_semi_analytic,c96a32d,median-body-4344-torso015-J1-root-zplus020-v4,wrist_center,gripper_grasping_frame,seed-9-wrist-0-boundary,420.8204000024125,,1.7416792945205095,0.1673680353706808,-1.911051791248135,1.4297066075491924,0.6461246342061322,-0.5307627624903715,-2.094399999999916,0.009411976562087927,0.004416794174634327,0.002020464342126699,4.808998678372837e-12,0.43917994788607895,0.6124496737051847,1.0034459435395395,reachable_success
909,tiago_sew,SUCCESS_EXACT,tiago_semi_analytic,c96a32d,median-body-4344-torso015-J1-root-zplus020-v4,wrist_center,gripper_grasping_frame,seed-0-wrist-0,4.3339000549167395,,1.7466292500360978,0.17003149218858357,-1.908367940268458,1.4217928233949353,0.6383888877832433,-0.5364806294304985,-2.0877595098528863,2.0014830212433604e-13,5.2679724302513114e-14,2.5444437451708134e-14,0.38047205932781314,0.44004865528705883,0.614733269763758,1.0021134616255871,reachable_success
910,tiago_sew,SUCCESS_EXACT,tiago_semi_analytic,c96a32d,median-body-4344-torso015-J1-root-zplus020-v4,wrist_center,gripper_grasping_frame,seed-0-wrist-0,4.343000007793307,,1.751157508079751,0.169002965210685,-1.9107415004151553,1.4164184627143743,0.6229790362085303,-0.5417680619611711,-2.078724036224653,1.570092458683775e-13,9.391793256640517e-14,0.0,0.8981665641273454,0.4408717346986094,0.6165054675622668,1.0016555451246085,reachable_success
911,tiago_sew,SUCCESS_EXACT,tiago_semi_analytic,c96a32d,median-body-4344-torso015-J1-root-zplus020-v4,wrist_center,gripper_grasping_frame,seed-0-wrist-0,4.297300009056926,,1.7555643656695117,0.17159299127617345,-1.9076414977784022,1.4090516584239017,0.6236183815521943,-0.5473977266773575,-2.079635467421781,2.482534153247273e-13,8.840042954404579e-14,0.0,0.8459454032153486,0.44109575128497996,0.6183829798950844,1.0004742985977735,reachable_success
912,tiago_sew,SUCCESS_EXACT,tiago_semi_analytic,c96a32d,median-body-4344-torso015-J1-root-zplus020-v4,wrist_center,gripper_grasping_frame,seed-0-wrist-0,4.3036999413743615,,1.759100422455153,0.17549672657148047,-1.9034801489757045,1.4035041086423874,0.6153454480941396,-0.5500091465838048,-2.0722710278009355,2.989366980140908e-13,4.939424629336261e-14,5.088887490341627e-14,1.267896711968716,0.4419354844739343,0.6202912755723723,0.9991999431829648,reachable_success
913,tiago_sew,SUCCESS_EXACT,tiago_semi_analytic,c96a32d,median-body-4344-torso015-J1-root-zplus020-v4,wrist_center,gripper_grasping_frame,seed-0-wrist-0,4.45959996432066,,1.763355929365323,0.17636603383884505,-1.9023675302275747,1.3975937250635433,0.6124988080951024,-0.555484897163899,-2.071104891772835,1.2412670766236365e-13,5.120048740608301e-14,0.0,1.3347113847170147,0.441992868795163,0.6219519797557636,0.9982195459890159,reachable_success
914,tiago_sew,SUCCESS_EXACT,tiago_semi_analytic,c96a32d,median-body-4344-torso015-J1-root-zplus020-v4,wrist_center,gripper_grasping_frame,seed-0-wrist-0,4.294799990020692,,1.7670296323126857,0.17799906783307237,-1.900391575779284,1.392077393373479,0.608426341274277,-0.5588001553080519,-2.067140160626413,3.510833468576701e-13,1.1330590913208432e-13,0.0,1.561873746311081,0.44245525910179534,0.6235896205692084,0.9973722897137132,reachable_success
915,tiago_sew,SUCCESS_EXACT,tiago_semi_analytic,c96a32d,median-body-4344-torso015-J1-root-zplus020-v4,wrist_center,gripper_grasping_frame,seed-0-wrist-0,4.420599900186062,,1.770849816428373,0.1801083977627095,-1.8979187703680183,1.3862143779884255,0.6072641111353478,-0.5603369083239231,-2.0652872306180585,2.989366980140908e-13,5.358837593397007e-14,0.0,1.6680388155229224,0.44282473708489467,0.6253491688501127,0.9969325153179822,reachable_success
916,tiago_sew,SUCCESS_EXACT,tiago_semi_analytic,c96a32d,median-body-4344-torso015-J1-root-zplus020-v4,wrist_center,gripper_grasping_frame,seed-0-wrist-0,4.466800019145012,,1.7742839259886718,0.1814562008594537,-1.8967842564076183,1.381855831359227,0.6047588545487725,-0.5595302739016987,-2.0637693045660335,2.7194799110210365e-13,2.716417212413993e-14,5.088887490341627e-14,1.7550095719169134,0.44301938479628644,0.626946966152036,0.9971668353358838,reachable_success
917,tiago_sew,SUCCESS_EXACT,tiago_semi_analytic,c96a32d,median-body-4344-torso015-J1-root-zplus020-v4,wrist_center,gripper_grasping_frame,seed-0-wrist-0,4.246700089424849,,1.7779920199078507,0.18555003965692912,-1.8912221909275224,1.3754497731749673,0.6136050722328483,-0.5559636894538942,-2.0711111802266995,2.288783399261119e-13,6.415119266015506e-14,0.0,1.3343510828509275,0.4431117967604821,0.6289563352717302,0.9973296029375591,reachable_success
918,tiago_sew,SUCCESS_EXACT,tiago_semi_analytic,c96a32d,median-body-4344-torso015-J1-root-zplus020-v4,wrist_center,gripper_grasping_frame,seed-0-wrist-0,4.489999962970614,,1.781390688617493,0.1849922107038991,-1.89248476688288,1.3714387322288664,0.6106977145172401,-0.5550926583348934,-2.0699893261803926,2.7194799110210365e-13,6.62439326053937e-14,2.5444437451708134e-14,1.398628584933989,0.44327583110600066,0.6303608896357296,0.9980815288513974,reachable_success
919,tiago_sew,SUCCESS_EXACT,tiago_semi_analytic,c96a32d,median-body-4344-torso015-J1-root-zplus020-v4,wrist_center,gripper_grasping_frame,seed-0-wrist-0,4.523199982941151,,1.784660061382158,0.1860080313870045,-1.8910961283294312,1.3673869953225486,0.6092372948002382,-0.5504257193473556,-2.0695012682215896,2.288783399261119e-13,4.713089335420438e-14,0.0,1.4265922461311655,0.44367873830554133,0.6320910702834504,0.9988195186827098,reachable_success
920,tiago_sew,SUCCESS_EXACT,tiago_semi_analytic,c96a32d,median-body-4344-torso015-J1-root-zplus020-v4,wrist_center,gripper_grasping_frame,seed-0-wrist-0,4.316300037316978,,1.7878325814374905,0.188832486263503,-1.8877434953347627,1.3619905965540269,0.6147348170706746,-0.5526220724892799,-2.0722957266969457,4.577566798522238e-13,8.409725093220459e-14,2.5444437451708134e-14,1.266481569468699,0.443488433229281,0.6334460247141118,0.9983823827489514,reachable_success
921,tiago_sew,SUCCESS_EXACT,tiago_semi_analytic,c96a32d,median-body-4344-torso015-J1-root-zplus020-v4,wrist_center,gripper_grasping_frame,seed-0-wrist-0,4.308699979446828,,1.790577180091691,0.19089230762952603,-1.8852687742373668,1.3577256568781306,0.616516797807634,-0.5499823487911968,-2.074647329590797,2.482534153247273e-13,2.353459828449872e-14,2.5444437451708134e-14,1.1317446485602698,0.4437895826730616,0.634879861074495,0.9987511420726534,reachable_success
922,tiago_sew,SUCCESS_EXACT,tiago_semi_analytic,c96a32d,median-body-4344-torso015-J1-root-zplus020-v4,wrist_center,gripper_grasping_frame,seed-0-wrist-0,4.28190000820905,,1.7932611674622536,0.19453046818741815,-1.8813261731643,1.3536699613130603,0.6212385206263087,-0.5483857077532392,-2.0766761917433083,2.5438405243138007e-13,6.943865719623185e-14,2.5444437451708134e-14,1.0154994100075447,0.44356667578116377,0.6362401839638142,0.9988868078170559,reachable_success
923,tiago_sew,SUCCESS_EXACT,tiago_semi_analytic,c96a32d,median-body-4344-torso015-J1-root-zplus020-v4,wrist_center,gripper_grasping_frame,seed-0-wrist-0,4.4213999062776566,,1.7952558241506482,0.1965213731989223,-1.8790903716476002,1.3505074691400447,0.6269445886712797,-0.5494226598073451,-2.079897040951562,2.288783399261119e-13,2.285332147776196e-14,2.5444437451708134e-14,0.8309583439265539,0.4431342842404301,0.6370433959344642,0.9987998463867251,reachable_success
924,tiago_sew,SUCCESS_EXACT,tiago_semi_analytic,c96a32d,median-body-4344-torso015-J1-root-zplus020-v4,wrist_center,gripper_grasping_frame,seed-0-wrist-0,4.406600026413798,,1.7982838540536672,0.19722626962804565,-1.8787610565993993,1.3469783873771715,0.6266816228879675,-0.5499386567289135,-2.080581531345067,2.5438405243138007e-13,6.809895053391014e-14,2.5444437451708134e-14,0.791739933261466,0.4428586592739151,0.6382538041966219,0.9990465226758296,reachable_success
925,tiago_sew,SUCCESS_EXACT,tiago_semi_analytic,c96a32d,median-body-4344-torso015-J1-root-zplus020-v4,wrist_center,gripper_grasping_frame,seed-0-wrist-0,4.32629999704659,,1.801264492131237,0.19932114932752149,-1.8763653556143496,1.342583859534592,0.6331680204911834,-0.5434304033039612,-2.0897782990749825,2.0014830212433604e-13,3.8733946140677716e-14,2.5444437451708134e-14,0.2648039571752025,0.44294063255608257,0.6398593719182054,1.000432296937395,reachable_success
926,tiago_sew,SUCCESS_EXACT,tiago_semi_analytic,c96a32d,median-body-4344-torso015-J1-root-zplus020-v4,wrist_center,gripper_grasping_frame,seed-0-wrist-0,4.425400053150952,,1.8034920451862873,0.20256573292100563,-1.8729924653967878,1.3387929936391432,0.6317567433432223,-0.5435609515323194,-2.0900116521051473,3.554447978966673e-13,6.311280149770579e-14,0.0,0.2514338134101701,0.4433203612840789,0.641034809244382,1.0001173200100875,reachable_success
927,tiago_sew,SUCCESS_EXACT,tiago_semi_analytic,c96a32d,median-body-4344-torso015-J1-root-zplus020-v4,wrist_center,gripper_grasping_frame,seed-0-wrist-0,4.414300085045397,,1.805638333690777,0.20431587753410183,-1.8719422196425768,1.3358472754377988,0.6269209752550693,-0.5486870385209714,-2.088041539371023,4.0412728104402654e-13,9.516639492498771e-14,2.5444437451708134e-14,0.36431295824047094,0.44327821562121955,0.6417816317387958,0.9992886839371532,reachable_success
928,tiago_sew,SUCCESS_EXACT,tiago_semi_analytic,c96a32d,median-body-4344-torso015-J1-root-zplus020-v4,wrist_center,gripper_grasping_frame,seed-0-wrist-0,4.323399974964559,,1.8076672508903864,0.20486597797387845,-1.871931082052975,1.3333805583686429,0.6215893692907688,-0.5428615039517561,-2.087206478797876,4.611102534756204e-13,6.49468061576134e-14,2.5444437451708134e-14,0.41215840471956167,0.4440814342242438,0.6430158592360036,1.000485603283721,reachable_success
929,tiago_sew,SUCCESS_EXACT,tiago_semi_analytic,c96a32d,median-body-4344-torso015-J1-root-zplus020-v4,wrist_center,gripper_grasping_frame,seed-0-wrist-0,4.385899985209107,,1.8099288607750654,0.20723986764915542,-1.8692359331149109,1.3300490195303163,0.6148782426247106,-0.5400411850731888,-2.084681557071935,2.288783399261119e-13,5.80910779543302e-14,2.5444437451708134e-14,0.5568257632168742,0.4450133660860237,0.6444056140398072,1.0004755395772977,reachable_success
930,tiago_sew,SUCCESS_EXACT,tiago_semi_analytic,c96a32d,median-body-4344-torso015-J1-root-zplus020-v4,wrist_center,gripper_grasping_frame,seed-0-wrist-0,4.2501999996602535,,1.8114728155047886,0.20886585371794347,-1.867359012951573,1.3281840608557478,0.6064919148259946,-0.540443847563556,-2.077044827063631,3.8459253727671276e-13,3.428805033229986e-14,2.5444437451708134e-14,0.9943781619736124,0.445630141598102,0.6452903726557614,0.9998289369365698,reachable_success
931,tiago_sew,SUCCESS_EXACT,tiago_semi_analytic,c96a32d,median-body-4344-torso015-J1-root-zplus020-v4,wrist_center,gripper_grasping_frame,seed-0-wrist-0,4.317399929277599,,1.8127849550947632,0.21112261752255804,-1.8647526983029539,1.3263415278790953,0.6028080478421916,-0.5373488682087944,-2.073712537784454,1.2412670766236365e-13,5.602609734345143e-14,0.0,1.1853042737871429,0.4461879457037433,0.6462160996041573,0.9999168012033337,reachable_success
932,tiago_sew,SUCCESS_EXACT,tiago_semi_analytic,c96a32d,median-body-4344-torso015-J1-root-zplus020-v4,wrist_center,gripper_grasping_frame,seed-0-wrist-0,4.393400042317808,,1.813902055542692,0.2130126010228571,-1.8633442941141298,1.3246002909910488,0.5921567250802631,-0.5337838876140975,-2.0638607728130722,2.5438405243138007e-13,7.813604593573582e-14,5.088887490341627e-14,1.7497688274021324,0.44745182690504187,0.647134719087088,1.0002501190183433,reachable_success
933,tiago_sew,SUCCESS_EXACT,tiago_semi_analytic,c96a32d,median-body-4344-torso015-J1-root-zplus020-v4,wrist_center,gripper_grasping_frame,seed-0-wrist-0,3.402200061827898,,1.815514817569527,0.21273503365860957,-1.8639087574970157,1.3231881695038592,0.5805475421920301,-0.5340598486993211,-2.056460233931194,1.8137509782704688e-08,5.522621686023308e-14,4.547938750118312e-10,2.1737884714562243,0.4481733060147207,0.6479362621850254,0.9999934771187884,reachable_success
934,tiago_sew,SUCCESS_EXACT,tiago_semi_analytic,c96a32d,median-body-4344-torso015-J1-root-zplus020-v4,wrist_center,gripper_grasping_frame,seed-0-wrist-0,4.250099998898804,,1.8169917595675078,0.2143089033754901,-1.8619898264882189,1.320943765503027,0.5682355462657931,-0.5314907374677076,-2.046509666625661,1.570092458683775e-13,6.069480979398204e-14,2.5444437451708134e-14,2.743913981824136,0.4496220751842939,0.64902046388807,0.9997779536999617,reachable_success
935,tiago_sew,SUCCESS_EXACT,tiago_semi_analytic,c96a32d,median-body-4344-torso015-J1-root-zplus020-v4,wrist_center,gripper_grasping_frame,seed-0-wrist-0,3.4212000900879502,,1.81735419396178,0.21579979196891003,-1.8601664066809105,1.3196387525086462,0.5611489697760521,-0.526613879280406,-2.0400079602778627,3.629081513516661e-09,1.2976791146541993e-14,2.067614987325803e-10,3.1164343151863845,0.4509917554989073,0.6496725097067517,1.000169181939699,reachable_success
936,tiago_sew,SUCCESS_EXACT,tiago_semi_analytic,c96a32d,median-body-4344-torso015-J1-root-zplus020-v4,wrist_center,gripper_grasping_frame,seed-0-wrist-0,4.339299979619682,,1.8191672053262884,0.2174353943710405,-1.8576277183270768,1.3169946105499637,0.5562029729270925,-0.5263710077339674,-2.0358013904903025,1.6653345369377348e-13,5.419216041160963e-14,0.0,3.357453010240826,0.4516067549171164,0.6506707291389382,0.9995893510000768,reachable_success
937,tiago_sew,SUCCESS_EXACT,tiago_semi_analytic,c96a32d,median-body-4344-torso015-J1-root-zplus020-v4,wrist_center,gripper_grasping_frame,seed-0-wrist-0,3.50529991555959,,1.8196601047460736,0.21770398598181104,-1.8567892093498881,1.316459542135543,0.5533046930478145,-0.5254112935863415,-2.03431205587962,7.456104031357562e-10,3.9427104763818806e-14,5.892931713815604e-11,3.4427855977156967,0.45193121030665795,0.6510249505260516,0.9993864124151921,reachable_success
938,tiago_sew,SUCCESS_EXACT,tiago_semi_analytic,c96a32d,median-body-4344-torso015-J1-root-zplus020-v4,wrist_center,gripper_grasping_frame,seed-0-wrist-0,3.4145000390708447,,1.820621649607464,0.21790310797573312,-1.8562981204716846,1.3157387381594745,0.5525351380128161,-0.5243853104026135,-2.0338276141432,4.7052688659571704e-09,1.53669676956464e-14,1.639385105013555e-10,3.470542064632554,0.4518276635262033,0.6514918350125352,0.9994399161150334,reachable_success
939,tiago_sew,SUCCESS_EXACT,tiago_semi_analytic,c96a32d,median-body-4344-torso015-J1-root-zplus020-v4,wrist_center,gripper_grasping_frame,seed-0-wrist-0,4.231899976730347,,1.8284850606769183,0.22217146288201436,-1.8464999138728122,1.3079280300991063,0.40018048543779194,-0.47564903837875194,-1.9285399036941717,4.39205126597841e-12,3.5347916197083605e-14,4.325554366790383e-13,9.503083507957326,0.46780950285394995,0.6595379728214146,1.0017251057436156,reachable_success
940,tiago_sew,SUCCESS_EXACT,tiago_semi_analytic,c96a32d,median-body-4344-torso015-J1-root-zplus020-v4,wrist_center,gripper_grasping_frame,seed-0-wrist-0,3.460800042375922,,1.8275855464851138,0.22145596822477515,-1.8474747763992305,1.3093616334232288,0.3958283238161382,-0.4794285342210265,-1.922758948851989,2.3060049151403737e-10,4.993028075404435e-14,3.139843581540784e-11,9.834307821970116,0.46793257642654157,0.6590388337758003,1.0009642466892699,reachable_success
941,tiago_sew,SUCCESS_EXACT,tiago_semi_analytic,c96a32d,median-body-4344-torso015-J1-root-zplus020-v4,wrist_center,gripper_grasping_frame,seed-0-wrist-0,3.496500081382692,,1.826814570288454,0.2212270520769197,-1.8477151989339642,1.3105071308275498,0.39688292433847217,-0.4778811989475966,-1.9257028875949977,2.976163992617193e-11,7.485819910455374e-14,1.3256551912339938e-11,9.665632556850664,0.46784758344941174,0.6587633643674702,1.001234819045208,reachable_success
942,tiago_sew,SUCCESS_EXACT,tiago_semi_analytic,c96a32d,median-body-4344-torso015-J1-root-zplus020-v4,wrist_center,gripper_grasping_frame,seed-0-wrist-0,3.474000026471913,,1.8268295995053103,0.22031444459000807,-1.8489686463548323,1.3108326827651833,0.3879577545805386,-0.4774867203219766,-1.9227765899296072,5.001033134198762e-10,2.6132624342845323e-14,1.8803439276812312e-11,9.833297062676527,0.4685237344098042,0.6588169826006088,1.001351188219968,reachable_success
943,tiago_sew,SUCCESS_EXACT,tiago_semi_analytic,c96a32d,median-body-4344-torso015-J1-root-zplus020-v4,wrist_center,gripper_grasping_frame,seed-0-wrist-0,3.621899988502264,,1.8257802675575001,0.2198568133234224,-1.8495483474125107,1.3126657088387839,0.3751699389067644,-0.4768533422817196,-1.9142480033051577,2.0467825650126286e-10,5.0769541836678316e-14,5.5138095957851525e-11,10.321949081469212,0.4695126861084095,0.6585339929024006,1.0011791355080863,reachable_success
944,tiago_sew,SUCCESS_EXACT,tiago_semi_analytic,c96a32d,median-body-4344-torso015-J1-root-zplus020-v4,wrist_center,gripper_grasping_frame,seed-0-wrist-0,3.5797000164166093,,1.8245386243096937,0.21881196394174202,-1.851232716633979,1.314404889155633,0.36780313487012783,-0.4762885120947731,-1.9100994159109508,3.7013695064077206e-09,4.522001662695378e-14,3.119488031579417e-10,10.559645630098442,0.4701492976522868,0.6580458256487418,1.0014313242040647,reachable_success
945,tiago_sew,SUCCESS_EXACT,tiago_semi_analytic,c96a32d,median-body-4344-torso015-J1-root-zplus020-v4,wrist_center,gripper_grasping_frame,seed-0-wrist-0,3.437399980612099,,1.8234630547226491,0.21899759544001976,-1.8510475194621159,1.3154905329130568,0.35843452799396847,-0.4763720535117817,-1.900046745682694,2.9634065403213143e-10,7.744703967962889e-14,2.1424216334338248e-11,11.135621207014372,0.47116111490906737,0.6577331419572894,1.0011383836952963,reachable_success
946,tiago_sew,SUCCESS_EXACT,tiago_semi_analytic,c96a32d,median-body-4344-torso015-J1-root-zplus020-v4,wrist_center,gripper_grasping_frame,seed-0-wrist-0,3.393299994058907,,1.8222078404876316,0.2185144069802339,-1.8515439348266198,1.3170272129400804,0.35344905014552586,-0.4789228320472474,-1.8933160336415877,2.9051365224653924e-10,3.7858042847392556e-14,6.562120418795527e-11,11.521262600087642,0.47160757095669686,0.6571784465972724,1.0004729051597205,reachable_success
947,tiago_sew,SUCCESS_EXACT,tiago_semi_analytic,c96a32d,median-body-4344-torso015-J1-root-zplus020-v4,wrist_center,gripper_grasping_frame,seed-0-wrist-0,3.4967000829055905,,1.820977657073048,0.21776772478377535,-1.8525021874674195,1.3187216122252436,0.35063367544369495,-0.4829936895643745,-1.8891362485875227,4.405316836863007e-10,5.752412355883274e-14,1.2722218725854068e-12,11.760746642957429,0.47170376084218424,0.6565237655612413,0.9996552877045652,reachable_success
948,tiago_sew,SUCCESS_EXACT,tiago_semi_analytic,c96a32d,median-body-4344-torso015-J1-root-zplus020-v4,wrist_center,gripper_grasping_frame,seed-0-wrist-0,3.487600013613701,,1.8192255709651652,0.21752672353448138,-1.85291000724643,1.3204791621502492,0.3540403170135735,-0.485428588429464,-1.8906439418834609,2.0551224423383854e-09,7.978598488178472e-14,2.55869263014377e-10,11.674362180300005,0.4715602288924299,0.6556834316985891,0.9992052004883305,reachable_success
949,tiago_sew,SUCCESS_EXACT,tiago_semi_analytic,c96a32d,median-body-4344-torso015-J1-root-zplus020-v4,wrist_center,gripper_grasping_frame,seed-0-wrist-0,3.574300091713667,,1.8178756759665986,0.21752294517693146,-1.8531726208399202,1.3212760352173574,0.35918977359996784,-0.4832426266977228,-1.8962735567426856,1.031180745380315e-09,4.966275984516832e-14,1.167136345909852e-10,11.351809008582292,0.4716077919012345,0.6551613156983851,0.99980852331815,reachable_success
950,tiago_sew,SUCCESS_EXACT,tiago_semi_analytic,c96a32d,median-body-4344-torso015-J1-root-zplus020-v4,wrist_center,gripper_grasping_frame,seed-0-wrist-0,3.5343000199645758,,1.816155047863785,0.217497418985546,-1.853076363090011,1.323388231604968,0.36093653347578947,-0.48167251983586157,-1.8966423564360584,1.05254235232385e-09,8.273861082913948e-14,6.867453668216025e-11,11.330678342666312,0.47158342917655843,0.6545225590313405,0.999939878788779,reachable_success
951,tiago_sew,SUCCESS_EXACT,tiago_semi_analytic,c96a32d,median-body-4344-torso015-J1-root-zplus020-v4,wrist_center,gripper_grasping_frame,seed-0-wrist-0,4.357099998742342,,1.8143453359373234,0.2160074957223426,-1.8553403212136326,1.325169286832459,0.3681722972143646,-0.47884143549984914,-1.9042985705164526,1.1102230246251565e-13,2.7264858911619784e-14,0.0,10.89200958881109,0.4713020136782562,0.6536985647574608,1.0010451098444932,reachable_success
952,tiago_sew,SUCCESS_EXACT,tiago_semi_analytic,c96a32d,median-body-4344-torso015-J1-root-zplus020-v4,wrist_center,gripper_grasping_frame,seed-0-wrist-0,3.651699982583523,,1.8125718949288159,0.21539851493539766,-1.85614120001516,1.3273121700750798,0.37200839043720624,-0.47817796158796355,-1.9068857428265726,1.2829559823960883e-09,7.151062568284403e-14,2.3263849162096748e-10,10.7437755345681,0.4710694785976426,0.6529279012430047,1.0012507640021893,reachable_success
953,tiago_sew,SUCCESS_EXACT,tiago_semi_analytic,c96a32d,median-body-4344-torso015-J1-root-zplus020-v4,wrist_center,gripper_grasping_frame,seed-0-wrist-0,3.493199939839542,,1.8101593102983715,0.21488619773929088,-1.8567554424362587,1.330559276718886,0.3693999726413648,-0.480893603001435,-1.9009775605941446,1.9493422843208123e-09,8.366266673102192e-14,8.013980019789993e-10,11.082289441080407,0.4711726126856761,0.6518628579842174,1.0005174399233598,reachable_success
954,tiago_sew,SUCCESS_EXACT,tiago_semi_analytic,c96a32d,median-body-4344-torso015-J1-root-zplus020-v4,wrist_center,gripper_grasping_frame,seed-0-wrist-0,3.4395999973639846,,1.8075356116057526,0.21448728086914814,-1.857261382927942,1.3334911094880189,0.3709022422316002,-0.478331419365694,-1.9017318010542263,8.548767434780221e-09,6.465859015926616e-14,1.0861212570636135e-09,11.039074645979717,0.4713777841445803,0.6508665488108997,1.0009348622835237,reachable_success
955,tiago_sew,SUCCESS_EXACT,tiago_semi_analytic,c96a32d,median-body-4344-torso015-J1-root-zplus020-v4,wrist_center,gripper_grasping_frame,seed-0-wrist-0,3.3811000175774097,,1.804604310347532,0.21366766020429717,-1.8583534129990305,1.3384156525993118,0.3664420431108004,-0.48161667571494515,-1.8965208047835596,4.2687435394283466e-09,8.073423368628636e-14,1.9756842348127816e-09,11.337642739347336,0.4711362504212766,0.6495462759991046,1.0000444112080067,reachable_success
956,tiago_sew,SUCCESS_EXACT,tiago_semi_analytic,c96a32d,median-body-4344-torso015-J1-root-zplus020-v4,wrist_center,gripper_grasping_frame,seed-0-wrist-0,3.526399959810078,,1.8013184475849897,0.2143429445649921,-1.8570653746998695,1.3423794428377516,0.3630922102106573,-0.47748896966282794,-1.8921785946040988,1.9629194497429004e-08,6.126834014446287e-14,7.106020713763241e-09,11.586433056389183,0.47176927754113157,0.6485013154600173,1.0001281746800905,reachable_success
957,tiago_sew,SUCCESS_EXACT,tiago_semi_analytic,c96a32d,median-body-4344-torso015-J1-root-zplus020-v4,wrist_center,gripper_grasping_frame,seed-0-wrist-0,3.420199966058135,,1.7979238627328467,0.21372747009978807,-1.8583627185435136,1.3470753527851191,0.35824275638446856,-0.47936673431313803,-1.8880419607258663,4.756441108486645e-09,5.862092102360514e-14,2.2326730530750336e-09,11.823444719002739,0.47197043318657067,0.6470376395058581,0.9997127837544276,reachable_success
958,tiago_sew,SUCCESS_EXACT,tiago_semi_analytic,c96a32d,median-body-4344-torso015-J1-root-zplus020-v4,wrist_center,gripper_grasping_frame,seed-0-wrist-0,4.3311999179422855,,1.7937285455586292,0.21403000479179365,-1.8583515437920046,1.352543633904266,0.3517580703588088,-0.47709875101591104,-1.8812552844566728,1.1102230246251565e-13,6.659049005257134e-14,2.5444437451708134e-14,12.212292626149116,0.472584934096715,0.6454964659074077,0.999743619913209,reachable_success
959,tiago_sew,SUCCESS_EXACT,tiago_semi_analytic,c96a32d,median-body-4344-torso015-J1-root-zplus020-v4,wrist_center,gripper_grasping_frame,seed-0-wrist-0,4.364000051282346,,1.7891690601351105,0.21350693328042097,-1.859782299826217,1.3590715160319802,0.3428772258304007,-0.4770886408006678,-1.8736563592379323,2.288783399261119e-13,5.995203536749319e-14,0.0,12.647678970018474,0.4730287672240992,0.6436525905479671,0.9996042125557292,reachable_success
960,tiago_sew,SUCCESS_EXACT,tiago_semi_analytic,c96a32d,median-body-4344-torso015-J1-root-zplus020-v4,wrist_center,gripper_grasping_frame,seed-0-wrist-0,4.367700079455972,,1.7851294909173556,0.21250737489574503,-1.8619479231450835,1.3646278817979858,0.3434063959791902,-0.4754328386240334,-1.8753452708020184,3.554447978966673e-13,4.753074006512691e-14,0.0,12.5509114654255,0.4727926044106034,0.6419233644439948,1.0002174033428137,reachable_success
961,tiago_sew,SUCCESS_EXACT,tiago_semi_analytic,c96a32d,median-body-4344-torso015-J1-root-zplus020-v4,wrist_center,gripper_grasping_frame,seed-0-wrist-0,4.295899998396635,,1.7799597503830706,0.21153516486415086,-1.863931533729359,1.372454907014052,0.340726445365803,-0.4717909153052453,-1.8738956897107748,2.288783399261119e-13,2.553203147251967e-14,2.5444437451708134e-14,12.633966344015727,0.47251687205500437,0.6398343981851309,1.0009231550868276,reachable_success
962,tiago_sew,SUCCESS_EXACT,tiago_semi_analytic,c96a32d,median-body-4344-torso015-J1-root-zplus020-v4,wrist_center,gripper_grasping_frame,seed-0-wrist-0,4.307199968025088,,1.7745654902977346,0.21146386236401954,-1.8651502348333358,1.3799368231930447,0.33710302443751594,-0.46932321391277476,-1.8684650281050246,3.510833468576701e-13,7.747605323921649e-14,2.5444437451708134e-14,12.945120333988953,0.47252822658452626,0.6376670098570808,1.001359736592525,reachable_success
963,tiago_sew,SUCCESS_EXACT,tiago_semi_analytic,c96a32d,median-body-4344-torso015-J1-root-zplus020-v4,wrist_center,gripper_grasping_frame,seed-0-wrist-0,4.315500031225383,,1.7687793423893938,0.21168317107710816,-1.865931355164256,1.3883699191434697,0.336548640936027,-0.46953753111770347,-1.8659884301428669,3.3306690738754696e-13,4.5957643753223277e-14,2.5444437451708134e-14,13.087018944771291,0.47194255355732084,0.6352302436300388,1.0011091166599577,reachable_success
964,tiago_sew,SUCCESS_EXACT,tiago_semi_analytic,c96a32d,median-body-4344-torso015-J1-root-zplus020-v4,wrist_center,gripper_grasping_frame,seed-0-wrist-0,4.363300045952201,,1.7623108037522877,0.20993688528747112,-1.8696341127112956,1.3977907101849965,0.33736350714590113,-0.47436310698591777,-1.8676606630113417,4.440892098500626e-13,1.9268787530007247e-14,2.5444437451708134e-14,12.991207059044626,0.471031590420822,0.6321443108288839,1.0006094878626057,reachable_success
965,tiago_sew,SUCCESS_EXACT,tiago_semi_analytic,c96a32d,median-body-4344-torso015-J1-root-zplus020-v4,wrist_center,gripper_grasping_frame,seed-0-wrist-0,4.342200001701713,,1.7558352325474471,0.20951683291795845,-1.871797792539899,1.4070131225916782,0.3356577791442339,-0.4745681796636583,-1.8703059313070458,2.7194799110210365e-13,6.699013804493489e-14,2.5444437451708134e-14,12.839644350021016,0.470529203552911,0.6293287250810253,1.0007285792686726,reachable_success
966,tiago_sew,SUCCESS_EXACT,tiago_semi_analytic,c96a32d,median-body-4344-torso015-J1-root-zplus020-v4,wrist_center,gripper_grasping_frame,seed-0-wrist-0,5.559799959883094,,1.7475503632314582,0.21166085483658548,-1.8715115269200653,1.4176671983475608,0.33602213408042125,-0.47955445581394285,-1.8749668534435306,4.0412728104402654e-13,1.4845345581212382e-13,5.088887490341627e-14,12.572593182961338,0.4699662320604779,0.625738581960928,0.9994612149063614,reachable_success
967,tiago_sew,SUCCESS_EXACT,tiago_semi_analytic,c96a32d,median-body-4344-torso015-J1-root-zplus020-v4,wrist_center,gripper_grasping_frame,seed-0-wrist-0,4.65990009251982,,1.739308996564116,0.21083966900307405,-1.8745795895519521,1.4295425154008172,0.33399996931815545,-0.48274115948365814,-1.8780094597279522,2.7194799110210365e-13,9.771333077314039e-14,7.63333123551244e-14,12.398264684144001,0.4691361531517742,0.6220093704463362,0.9990343687869996,reachable_success
968,tiago_sew,SUCCESS_EXACT,tiago_semi_analytic,c96a32d,median-body-4344-torso015-J1-root-zplus020-v4,wrist_center,gripper_grasping_frame,seed-0-wrist-0,4.7073999885469675,,1.730532169082077,0.21023536410737395,-1.8775980568678299,1.4425059357635415,0.33043776358367705,-0.4847983531281246,-1.879883401385766,2.482534153247273e-13,8.280908541502128e-14,2.5444437451708134e-14,12.290895736097525,0.46822828113017634,0.6180949380473812,0.9987605039271559,reachable_success
969,tiago_sew,SUCCESS_EXACT,tiago_semi_analytic,c96a32d,median-body-4344-torso015-J1-root-zplus020-v4,wrist_center,gripper_grasping_frame,seed-0-wrist-0,4.932100069709122,,1.7199596600456173,0.21158180603897128,-1.877711496406695,1.4578047587362597,0.336068696055726,-0.48261690344536445,-1.8888085567427524,3.7238012298709096e-13,1.0489621297430607e-13,2.5444437451708134e-14,11.779522002643624,0.46647773599148284,0.6136537048529704,0.9984296358773946,reachable_success
970,tiago_sew,SUCCESS_EXACT,tiago_semi_analytic,c96a32d,median-body-4344-torso015-J1-root-zplus020-v4,wrist_center,gripper_grasping_frame,seed-0-wrist-0,6.090999930165708,,1.7098181148649985,0.20956508541141658,-1.8820609812432096,1.4733615381884817,0.3329758534483318,-0.4826183632667158,-1.8890921361388475,2.989366980140908e-13,5.598753488491256e-14,5.088887490341627e-14,11.763274100090504,0.46513342694856413,0.6091010302095304,0.9985039917804548,reachable_success
971,tiago_sew,SUCCESS_EXACT,tiago_semi_analytic,c96a32d,median-body-4344-torso015-J1-root-zplus020-v4,wrist_center,gripper_grasping_frame,seed-0-wrist-0,4.508399986661971,,1.6985897663666145,0.20906674080576212,-1.8839681456235309,1.4905672132910273,0.3391935448005938,-0.4810868968866524,-1.8945833358077833,1.570092458683775e-13,3.777745579591482e-14,0.0,11.448651534596852,0.46277691913602564,0.6041611567408238,0.9981002228163163,reachable_success
972,tiago_sew,SUCCESS_EXACT,tiago_semi_analytic,c96a32d,median-body-4344-torso015-J1-root-zplus020-v4,wrist_center,gripper_grasping_frame,seed-0-wrist-0,5.156300030648708,,1.6874478949542253,0.20698647839882203,-1.8880407974472364,1.5072148751223513,0.3450896220119537,-0.48321642261111064,-1.897868661708559,1.1102230246251565e-13,7.555726506263856e-14,0.0,11.260416226157389,0.46055305841880034,0.5989544536276036,0.9975769193970411,reachable_success
973,tiago_sew,SUCCESS_EXACT,tiago_semi_analytic,c96a32d,median-body-4344-torso015-J1-root-zplus020-v4,wrist_center,gripper_grasping_frame,seed-0-wrist-0,4.440399934537709,,1.6759321909117522,0.20695144985017042,-1.890335786708586,1.5242646423080306,0.3529766204212148,-0.48894097456562946,-1.9012805879295644,5.266250202865052e-13,1.0506183416984538e-13,2.5444437451708134e-14,11.064927253683754,0.4579229857089153,0.5935136530155165,0.9960206199871237,reachable_success
974,tiago_sew,SUCCESS_EXACT,tiago_semi_analytic,c96a32d,median-body-4344-torso015-J1-root-zplus020-v4,wrist_center,gripper_grasping_frame,seed-0-wrist-0,4.7351999673992395,,1.6637706802504624,0.20536132953146816,-1.8935873699796266,1.5416507024339356,0.3622027997020245,-0.4886560361916592,-1.9108104131151622,7.850462293418876e-14,4.2018865862456916e-14,2.5444437451708134e-14,10.518908491051526,0.4555861055590474,0.5879321318199698,0.9956506002938357,reachable_success
975,tiago_sew,SUCCESS_EXACT,tiago_semi_analytic,c96a32d,median-body-4344-torso015-J1-root-zplus020-v4,wrist_center,gripper_grasping_frame,seed-0-wrist-0,4.898799932561815,,1.6508091812967556,0.20462259357469534,-1.8971925849041236,1.559701560741081,0.3720468198693956,-0.4958020090324977,-1.9206847011528625,2.7755575615628914e-13,1.9000320613571386e-14,0.0,9.953153460794784,0.4529417380306013,0.5816516813684163,0.9941224426143307,reachable_success
976,tiago_sew,SUCCESS_EXACT,tiago_semi_analytic,c96a32d,median-body-4344-torso015-J1-root-zplus020-v4,wrist_center,gripper_grasping_frame,seed-0-wrist-0,4.624600056558847,,1.6383362214486576,0.20071298510714053,-1.9034128950858822,1.578635920344307,0.3719909821562748,-0.5089418886415058,-1.9294946335544143,5.551115123125783e-14,3.9813050582163315e-14,0.0,9.448381516390311,0.45052737873684795,0.5751956524087283,0.9915759731808728,reachable_success
977,tiago_sew,SUCCESS_EXACT,tiago_semi_analytic,c96a32d,median-body-4344-torso015-J1-root-zplus020-v4,wrist_center,gripper_grasping_frame,seed-0-wrist-0,4.3654999462887645,,1.6242751618600741,0.19922754571157728,-1.9068983622547595,1.598628762818109,0.37587140865060853,-0.5168629017381319,-1.9428787835638444,2.0014830212433604e-13,6.498069806665167e-14,0.0,8.681526208479989,0.44812310844258796,0.5684164103572629,0.9892893161596273,reachable_success
978,tiago_sew,SUCCESS_EXACT,tiago_semi_analytic,c96a32d,median-body-4344-torso015-J1-root-zplus020-v4,wrist_center,gripper_grasping_frame,seed-0-wrist-0,4.4154999777674675,,1.6106083072508457,0.19332215955639565,-1.9142310698093257,1.6200237284187387,0.37430690791931776,-0.5253380160767089,-1.9604366938676154,2.3551386880256624e-13,1.7128964642256536e-14,0.0,7.6755320510046445,0.44551596009332145,0.561438157501985,0.9874527741070358,reachable_success
979,tiago_sew,SUCCESS_EXACT,tiago_semi_analytic,c96a32d,median-body-4344-torso015-J1-root-zplus020-v4,wrist_center,gripper_grasping_frame,seed-0-wrist-0,4.537599976174533,,1.596102397903118,0.18700910636047371,-1.9217499625277323,1.6431618573413764,0.3667211406028663,-0.5364981347608611,-1.9690037748085834,1.2412670766236365e-13,4.425716410745896e-14,0.0,7.184674470340217,0.44309036296271254,0.5539931116838366,0.9848352372815615,reachable_success
980,tiago_sew,SUCCESS_EXACT,tiago_semi_analytic,c96a32d,median-body-4344-torso015-J1-root-zplus020-v4,wrist_center,gripper_grasping_frame,seed-0-wrist-0,4.498700029216707,,1.581436513675802,0.18126810130949564,-1.928835496480852,1.6665913636345888,0.35306698445898776,-0.5545314549550047,-1.9654183521277062,3.5975337699988623e-13,6.941883922940306e-14,5.088887490341627e-14,7.390104057724958,0.44109521291478604,0.5462570582454327,0.98068803950301,reachable_success
981,tiago_sew,SUCCESS_EXACT,tiago_semi_analytic,c96a32d,median-body-4344-torso015-J1-root-zplus020-v4,wrist_center,gripper_grasping_frame,seed-0-wrist-0,4.390300018712878,,1.567381303365187,0.17346353125077343,-1.9375100275146278,1.690237193143788,0.33266792403034584,-0.5736794723618273,-1.9596908988179145,1.4749679539501262e-12,4.531767273346587e-14,1.0177774980683254e-13,7.718262959734259,0.43956654671087797,0.5386309115952868,0.9766025571971008,reachable_success
982,tiago_sew,SUCCESS_EXACT,tiago_semi_analytic,c96a32d,median-body-4344-torso015-J1-root-zplus020-v4,wrist_center,gripper_grasping_frame,seed-0-wrist-0,4.445399972610176,,1.5526744295368127,0.1654664311919042,-1.9460318315490692,1.713627566973916,0.31073763142834654,-0.6012869931143285,-1.9488199981798804,2.7194799110210365e-13,8.056936553277036e-14,2.5444437451708134e-14,8.341119685799686,0.4387869723041938,0.5303345307498024,0.9708309866151976,reachable_success
983,tiago_sew,SUCCESS_EXACT,tiago_semi_analytic,c96a32d,median-body-4344-torso015-J1-root-zplus020-v4,wrist_center,gripper_grasping_frame,seed-0-wrist-0,4.419100005179644,,1.5378294480493286,0.15852444442919428,-1.9532037872764325,1.7374075542798793,0.28316554405855454,-0.6263633332372063,-1.9357007981693553,2.092556886098636e-12,6.650825223334596e-14,1.526666247102488e-13,9.092794476990761,0.43875298825112474,0.5222726203831312,0.9651604026942326,reachable_success
984,tiago_sew,SUCCESS_EXACT,tiago_semi_analytic,c96a32d,median-body-4344-torso015-J1-root-zplus020-v4,wrist_center,gripper_grasping_frame,seed-0-wrist-0,4.46409999858588,,1.523133298269915,0.14934558842455128,-1.962072293174554,1.761533692008286,0.25990280064270266,-0.6570577311651418,-1.9355416427852488,3.70970686316499e-12,7.426037541620918e-14,2.5444437451708134e-14,9.101913408786848,0.43833247825597405,0.5135802053279785,0.9589003287881309,reachable_success
985,tiago_sew,SUCCESS_EXACT,tiago_semi_analytic,c96a32d,median-body-4344-torso015-J1-root-zplus020-v4,wrist_center,gripper_grasping_frame,seed-0-wrist-0,4.4797000009566545,,1.507888371042596,0.14014552027462904,-1.970061851072478,1.7870209911097177,0.2316618063824345,-0.6873753129390137,-1.9339161568957248,1.621419817988377e-11,5.018988098949201e-14,5.088887490341627e-14,9.195046889914638,0.43850072500772336,0.504725471022808,0.9523092850817721,reachable_success
986,tiago_sew,SUCCESS_EXACT,tiago_semi_analytic,c96a32d,median-body-4344-torso015-J1-root-zplus020-v4,wrist_center,gripper_grasping_frame,seed-0-wrist-0,4.497600020840764,,1.493338648394038,0.1288021396338873,-1.9792425452356979,1.8131405934032394,0.1996213385964669,-0.7139922415807063,-1.9356116181004177,5.7048181112949254e-11,4.581544583401151e-14,1.1958885602302823e-12,9.097904118557569,0.4388536121459515,0.4962597861820081,0.9467888655820789,reachable_success
987,tiago_sew,SUCCESS_EXACT,tiago_semi_analytic,c96a32d,median-body-4344-torso015-J1-root-zplus020-v4,wrist_center,gripper_grasping_frame,seed-0-wrist-0,4.373500007204711,,1.4793492192770168,0.11350017655667165,-1.991478244240553,1.8405796258594729,0.16320202232853287,-0.7465442987639568,-1.931527552117264,1.7355240728971842e-10,3.592232002435252e-14,4.300109929338675e-12,9.331903862645229,0.4395215255251789,0.48734630258311107,0.941069673406361,reachable_success
988,tiago_sew,SUCCESS_EXACT,tiago_semi_analytic,c96a32d,median-body-4344-torso015-J1-root-zplus020-v4,wrist_center,gripper_grasping_frame,seed-0-wrist-0,4.39160002861172,,1.4653524978005186,0.09963122280358089,-2.0013012012853246,1.8680587218847013,0.1322659486336848,-0.7731328366038581,-1.9295071332142966,4.1256134078186853e-10,3.793403181357253e-14,9.490775169487134e-12,9.447665338633708,0.4395837865357517,0.4787892311551385,0.935870782318273,reachable_success
989,tiago_sew,SUCCESS_EXACT,tiago_semi_analytic,c96a32d,median-body-4344-torso015-J1-root-zplus020-v4,wrist_center,gripper_grasping_frame,seed-0-wrist-0,4.494499997235835,,1.4519932482553564,0.08647389590580178,-2.010071795704788,1.8949784552199584,0.10063926387075206,-0.8085081137860142,-1.922982525547769,7.741107921609113e-10,7.195455816941531e-14,1.895610590152256e-11,9.821497820904437,0.44029175340108023,0.46987255169780606,0.9290169189664914,reachable_success
990,tiago_sew,SUCCESS_EXACT,tiago_semi_analytic,c96a32d,median-body-4344-torso015-J1-root-zplus020-v4,wrist_center,gripper_grasping_frame,seed-0-wrist-0,4.498400026932359,,1.4375074095571039,0.07419969351415996,-2.0180080264017786,1.9215889330534286,0.07534493028116263,-0.8393405114925434,-1.9195943539905755,8.895627361717878e-10,4.815679093074985e-14,2.3536104642830023e-11,10.015625751397891,0.44079315500570254,0.46070849990515605,0.9229911664217614,reachable_success
991,tiago_sew,SUCCESS_EXACT,tiago_semi_analytic,c96a32d,median-body-4344-torso015-J1-root-zplus020-v4,wrist_center,gripper_grasping_frame,seed-0-wrist-0,4.397499957121909,,1.4234949611582708,0.06345661635164293,-2.024439620585443,1.9476518979114592,0.05013927111481031,-0.875887933663638,-1.9103626198747294,1.834610171494864e-09,8.197258827389819e-14,5.0837986028512854e-11,10.544565153822811,0.44176935983137483,0.45128098606918865,0.9157968130363302,reachable_success
992,tiago_sew,SUCCESS_EXACT,tiago_semi_analytic,c96a32d,median-body-4344-torso015-J1-root-zplus020-v4,wrist_center,gripper_grasping_frame,seed-0-wrist-0,4.365699947811663,,1.4095878062624498,0.05002667339908358,-2.0316615664102446,1.9756617153650806,0.022946805534371784,-0.9150769184625638,-1.9025565703924379,6.596005400304241e-09,5.1364973404345446e-14,1.8877228145422264e-10,10.9918188438284,0.4427088737209406,0.44140831766984523,0.9082922425813711,reachable_success
993,tiago_sew,SUCCESS_EXACT,tiago_semi_analytic,c96a32d,median-body-4344-torso015-J1-root-zplus020-v4,wrist_center,gripper_grasping_frame,seed-0-wrist-0,4.462999990209937,,1.3958088077238917,0.03687148873814659,-2.038600919271665,2.0032903745326447,0.0034317627589555144,-0.9521627767384753,-1.8999495666844606,1.1497121857929876e-08,7.428910427590193e-14,3.410826840401475e-10,11.141189153470453,0.44266596969391037,0.431430275069416,0.9011965400791235,reachable_success
994,tiago_sew,SUCCESS_EXACT,tiago_semi_analytic,c96a32d,median-body-4344-torso015-J1-root-zplus020-v4,wrist_center,gripper_grasping_frame,seed-0-wrist-0,4.412699956446886,,1.3822844492876847,0.021264390584969768,-2.0465997690516033,2.0322025962337062,-0.01373768912501383,-0.9880039094473707,-1.89920351754221,3.253393855716501e-08,5.584115714424737e-14,1.0466823790134657e-09,11.183934620630769,0.4417927697636833,0.42132492685543743,0.8945291825573763,reachable_success
995,tiago_sew,SUCCESS_EXACT,tiago_semi_analytic,c96a32d,median-body-4344-torso015-J1-root-zplus020-v4,wrist_center,gripper_grasping_frame,seed-0-wrist-0,5.250000045634806,,1.3692358990766273,0.0044851010458543,-2.055280477069274,2.061200831243036,-0.02211440502092543,-1.021023381240468,-1.9030824563746158,2.077037090527612e-13,4.213484755344799e-14,0.0,10.96168779654451,0.4392360011450943,0.4112173963474969,0.8883685897650506,reachable_success
996,tiago_sew,SUCCESS_EXACT,tiago_semi_analytic,c96a32d,median-body-4344-torso015-J1-root-zplus020-v4,wrist_center,gripper_grasping_frame,seed-0-wrist-0,5.322900018654764,,1.3558264800755733,-0.011211167119308347,-2.0636711805980257,2.0905198704560535,-0.027197275949490063,-1.0584843291479098,-1.9019968097464357,1.6653345369377348e-13,3.216136885087377e-14,2.5444437451708134e-14,11.02389076638184,0.4365154851175306,0.4002995004132739,0.8815336882729223,reachable_success
997,tiago_sew,SUCCESS_EXACT,tiago_semi_analytic,c96a32d,median-body-4344-torso015-J1-root-zplus020-v4,wrist_center,gripper_grasping_frame,seed-0-wrist-0,5.2405999740585685,,1.3429056798408685,-0.026555519926721314,-2.0699090681311474,2.119689562749127,-0.03337746458777957,-1.0915540411141298,-1.9006576411499605,2.6766507790745725e-13,7.779366281982478e-14,2.5444437451708134e-14,11.100619475016327,0.4336385616350387,0.3900333107677402,0.8748104328961369,reachable_success
998,tiago_sew,SUCCESS_EXACT,tiago_semi_analytic,c96a32d,median-body-4344-torso015-J1-root-zplus020-v4,wrist_center,gripper_grasping_frame,seed-0-wrist-0,5.254699965007603,,1.329535971564464,-0.040634398153575974,-2.074446820769549,2.1487450341760717,-0.040268805448789635,-1.1245819573964844,-1.8958567091370337,5.551115123125783e-14,4.0356714697389577e-14,0.0,11.375692617086276,0.4311386450835548,0.3796241672254315,0.8677866806912913,reachable_success
999,tiago_sew,SUCCESS_EXACT,tiago_semi_analytic,c96a32d,median-body-4344-torso015-J1-root-zplus020-v4,wrist_center,gripper_grasping_frame,seed-0-wrist-0,5.281299934722483,,1.3164120027385249,-0.05489745674083376,-2.0782698576219483,2.1766112893541,-0.049379906683046926,-1.1624601164040893,-1.888370534331779,2.8305244335018377e-13,1.190691950363904e-13,2.5444437451708134e-14,10.289102210411079,0.42982037189856515,0.36887115456816333,0.860136849897846,reachable_success
1000,tiago_sew,SUCCESS_EXACT,tiago_semi_analytic,c96a32d,median-body-4344-torso015-J1-root-zplus020-v4,wrist_center,gripper_grasping_frame,seed-0-wrist-0,5.342400050722063,,1.3030221072001709,-0.06682569378967601,-2.0813416704963856,2.2041803838408343,-0.055628868621740324,-1.1935261925707559,-1.8858452051015941,1.0663343936900018e-12,7.186223824616399e-14,2.5444437451708134e-14,8.709509451323823,0.42773074539643896,0.3586495723545256,0.8535854260160588,reachable_success
1001,tiago_sew,SUCCESS_EXACT,tiago_semi_analytic,c96a32d,median-body-4344-torso015-J1-root-zplus020-v4,wrist_center,gripper_grasping_frame,seed-0-wrist-0,5.4432000033557415,,1.2901397112375461,-0.08120572802405877,-2.085319942195954,2.231685854004927,-0.06604466248360552,-1.2350738663260923,-1.8785008474207823,1.1378567399694857e-11,6.926383538892376e-14,5.343331864858708e-13,7.133562097398307,0.42714168369992556,0.3474462610668875,0.8460625817738187,reachable_success
1002,tiago_sew,SUCCESS_EXACT,tiago_semi_analytic,c96a32d,median-body-4344-torso015-J1-root-zplus020-v4,wrist_center,gripper_grasping_frame,seed-0-wrist-0,5.485299974679947,,1.2776361068592335,-0.09580265424752335,-2.0894446132387867,2.259993189560416,-0.07368245605715984,-1.275629242315062,-1.8763674771272898,4.5732910371341714e-10,1.0634663885346581e-13,2.060999433588359e-11,5.511671240808171,0.425655813044902,0.3361872718341602,0.8387944950149817,reachable_success
1003,tiago_sew,SUCCESS_EXACT,tiago_semi_analytic,c96a32d,median-body-4344-torso015-J1-root-zplus020-v4,wrist_center,gripper_grasping_frame,seed-0-wrist-0,5.501700099557638,,1.2644607723859533,-0.11132734795135946,-2.093101591858425,2.2894728863715015,-0.07737004259402092,-1.3225441439665315,-1.8752178376073783,4.6838398416729106e-08,9.633983607538833e-14,2.21325894729938e-09,3.8226090322076987,0.42383910592673146,0.32346238297620866,0.830373704187878,reachable_success
1004,tiago_sew,SUCCESS_EXACT,tiago_semi_analytic,c96a32d,median-body-4344-torso015-J1-root-zplus020-v4,wrist_center,gripper_grasping_frame,seed-0-wrist-0,6.282999995164573,,1.2523217252916645,-0.12785707538301017,-2.0979532074117455,2.31902582653339,-0.07854946706965649,-1.3630000389303507,-1.877298941668359,1.470333116587532e-11,1.0797795774951473e-13,6.869998111961196e-13,2.1293502887288147,0.4207950855273595,0.31170565707877845,0.8232973808779342,reachable_success
1005,tiago_sew,SUCCESS_EXACT,tiago_semi_analytic,c96a32d,median-body-4344-torso015-J1-root-zplus020-v4,wrist_center,gripper_grasping_frame,seed-0-wrist-0,7.136499974876642,,1.239935411601602,-0.14376149839795493,-2.1005118822390423,2.3483618272592617,-0.07908123326392413,-1.4062458040139605,-1.875192112828449,2.763654329377715e-07,1.1830209846465932e-13,1.381889942446014e-08,0.42823988525368983,0.41800607153950875,0.2993501816220938,0.8153594457178783,reachable_success
1006,tiago_sew,NUMERICAL_FAILURE,tiago_semi_analytic,c96a32d,median-body-4344-torso015-J1-root-zplus020-v4,wrist_center,gripper_grasping_frame,,426.96820001583546,no exact or boundary-refined wrist branch met strict wrist-center/orientation/SEW tolerances,,,,,,,,,,,,,,,oracle_inconclusive
1007,tiago_sew,NUMERICAL_FAILURE,tiago_semi_analytic,c96a32d,median-body-4344-torso015-J1-root-zplus020-v4,wrist_center,gripper_grasping_frame,,369.68389991670847,no exact or boundary-refined wrist branch met strict wrist-center/orientation/SEW tolerances,,,,,,,,,,,,,,,oracle_inconclusive
1008,tiago_sew,NUMERICAL_FAILURE,tiago_semi_analytic,c96a32d,median-body-4344-torso015-J1-root-zplus020-v4,wrist_center,gripper_grasping_frame,,208.17870006430894,no exact or boundary-refined wrist branch met strict wrist-center/orientation/SEW tolerances,,,,,,,,,,,,,,,oracle_inconclusive
1009,tiago_sew,NUMERICAL_FAILURE,tiago_semi_analytic,c96a32d,median-body-4344-torso015-J1-root-zplus020-v4,wrist_center,gripper_grasping_frame,,187.46050004847348,no exact or boundary-refined wrist branch met strict wrist-center/orientation/SEW tolerances,,,,,,,,,,,,,,,oracle_inconclusive
1010,tiago_sew,NUMERICAL_FAILURE,tiago_semi_analytic,c96a32d,median-body-4344-torso015-J1-root-zplus020-v4,wrist_center,gripper_grasping_frame,,195.96899999305606,no exact or boundary-refined wrist branch met strict wrist-center/orientation/SEW tolerances,,,,,,,,,,,,,,,oracle_inconclusive
1011,tiago_sew,NUMERICAL_FAILURE,tiago_semi_analytic,c96a32d,median-body-4344-torso015-J1-root-zplus020-v4,wrist_center,gripper_grasping_frame,,207.8190998872742,no exact or boundary-refined wrist branch met strict wrist-center/orientation/SEW tolerances,,,,,,,,,,,,,,,oracle_inconclusive
1012,tiago_sew,NUMERICAL_FAILURE,tiago_semi_analytic,c96a32d,median-body-4344-torso015-J1-root-zplus020-v4,wrist_center,gripper_grasping_frame,,222.5414999993518,no exact or boundary-refined wrist branch met strict wrist-center/orientation/SEW tolerances,,,,,,,,,,,,,,,oracle_inconclusive
1013,tiago_sew,NUMERICAL_FAILURE,tiago_semi_analytic,c96a32d,median-body-4344-torso015-J1-root-zplus020-v4,wrist_center,gripper_grasping_frame,,405.41460004169494,no exact or boundary-refined wrist branch met strict wrist-center/orientation/SEW tolerances,,,,,,,,,,,,,,,oracle_inconclusive
1014,tiago_sew,NUMERICAL_FAILURE,tiago_semi_analytic,c96a32d,median-body-4344-torso015-J1-root-zplus020-v4,wrist_center,gripper_grasping_frame,,421.2509000208229,no exact or boundary-refined wrist branch met strict wrist-center/orientation/SEW tolerances,,,,,,,,,,,,,,,oracle_inconclusive
1015,tiago_sew,NUMERICAL_FAILURE,tiago_semi_analytic,c96a32d,median-body-4344-torso015-J1-root-zplus020-v4,wrist_center,gripper_grasping_frame,,355.0249000545591,no exact or boundary-refined wrist branch met strict wrist-center/orientation/SEW tolerances,,,,,,,,,,,,,,,oracle_inconclusive
1016,tiago_sew,NUMERICAL_FAILURE,tiago_semi_analytic,c96a32d,median-body-4344-torso015-J1-root-zplus020-v4,wrist_center,gripper_grasping_frame,,272.10100006777793,no exact or boundary-refined wrist branch met strict wrist-center/orientation/SEW tolerances,,,,,,,,,,,,,,,oracle_inconclusive
1017,tiago_sew,NUMERICAL_FAILURE,tiago_semi_analytic,c96a32d,median-body-4344-torso015-J1-root-zplus020-v4,wrist_center,gripper_grasping_frame,,328.01429997198284,no exact or boundary-refined wrist branch met strict wrist-center/orientation/SEW tolerances,,,,,,,,,,,,,,,oracle_inconclusive
1018,tiago_sew,NUMERICAL_FAILURE,tiago_semi_analytic,c96a32d,median-body-4344-torso015-J1-root-zplus020-v4,wrist_center,gripper_grasping_frame,,437.84240004606545,no exact or boundary-refined wrist branch met strict wrist-center/orientation/SEW tolerances,,,,,,,,,,,,,,,oracle_inconclusive
1019,tiago_sew,NUMERICAL_FAILURE,tiago_semi_analytic,c96a32d,median-body-4344-torso015-J1-root-zplus020-v4,wrist_center,gripper_grasping_frame,,444.3569000577554,no exact or boundary-refined wrist branch met strict wrist-center/orientation/SEW tolerances,,,,,,,,,,,,,,,oracle_inconclusive
1020,tiago_sew,NUMERICAL_FAILURE,tiago_semi_analytic,c96a32d,median-body-4344-torso015-J1-root-zplus020-v4,wrist_center,gripper_grasping_frame,,412.93790005147457,no exact or boundary-refined wrist branch met strict wrist-center/orientation/SEW tolerances,,,,,,,,,,,,,,,oracle_inconclusive
1021,tiago_sew,NUMERICAL_FAILURE,tiago_semi_analytic,c96a32d,median-body-4344-torso015-J1-root-zplus020-v4,wrist_center,gripper_grasping_frame,,363.52190002799034,no exact or boundary-refined wrist branch met strict wrist-center/orientation/SEW tolerances,,,,,,,,,,,,,,,oracle_inconclusive
1022,tiago_sew,NUMERICAL_FAILURE,tiago_semi_analytic,c96a32d,median-body-4344-torso015-J1-root-zplus020-v4,wrist_center,gripper_grasping_frame,,355.36280006635934,no exact or boundary-refined wrist branch met strict wrist-center/orientation/SEW tolerances,,,,,,,,,,,,,,,oracle_inconclusive
1023,tiago_sew,NUMERICAL_FAILURE,tiago_semi_analytic,c96a32d,median-body-4344-torso015-J1-root-zplus020-v4,wrist_center,gripper_grasping_frame,,549.072099965997,no exact or boundary-refined wrist branch met strict wrist-center/orientation/SEW tolerances,,,,,,,,,,,,,,,oracle_inconclusive
1024,tiago_sew,NUMERICAL_FAILURE,tiago_semi_analytic,c96a32d,median-body-4344-torso015-J1-root-zplus020-v4,wrist_center,gripper_grasping_frame,,540.2877000160515,no exact or boundary-refined wrist branch met strict wrist-center/orientation/SEW tolerances,,,,,,,,,,,,,,,oracle_inconclusive
1025,tiago_sew,NUMERICAL_FAILURE,tiago_semi_analytic,c96a32d,median-body-4344-torso015-J1-root-zplus020-v4,wrist_center,gripper_grasping_frame,,432.8477999661118,no exact or boundary-refined wrist branch met strict wrist-center/orientation/SEW tolerances,,,,,,,,,,,,,,,oracle_inconclusive
1026,tiago_sew,NUMERICAL_FAILURE,tiago_semi_analytic,c96a32d,median-body-4344-torso015-J1-root-zplus020-v4,wrist_center,gripper_grasping_frame,,448.383399983868,no exact or boundary-refined wrist branch met strict wrist-center/orientation/SEW tolerances,,,,,,,,,,,,,,,oracle_inconclusive
1027,tiago_sew,NUMERICAL_FAILURE,tiago_semi_analytic,c96a32d,median-body-4344-torso015-J1-root-zplus020-v4,wrist_center,gripper_grasping_frame,,623.2197999488562,no exact or boundary-refined wrist branch met strict wrist-center/orientation/SEW tolerances,,,,,,,,,,,,,,,oracle_inconclusive
1028,tiago_sew,NUMERICAL_FAILURE,tiago_semi_analytic,c96a32d,median-body-4344-torso015-J1-root-zplus020-v4,wrist_center,gripper_grasping_frame,,620.4386000754312,no exact or boundary-refined wrist branch met strict wrist-center/orientation/SEW tolerances,,,,,,,,,,,,,,,oracle_inconclusive
1029,tiago_sew,NUMERICAL_FAILURE,tiago_semi_analytic,c96a32d,median-body-4344-torso015-J1-root-zplus020-v4,wrist_center,gripper_grasping_frame,,624.9345999676734,no exact or boundary-refined wrist branch met strict wrist-center/orientation/SEW tolerances,,,,,,,,,,,,,,,oracle_inconclusive
1030,tiago_sew,NUMERICAL_FAILURE,tiago_semi_analytic,c96a32d,median-body-4344-torso015-J1-root-zplus020-v4,wrist_center,gripper_grasping_frame,,477.20720001962036,no exact or boundary-refined wrist branch met strict wrist-center/orientation/SEW tolerances,,,,,,,,,,,,,,,oracle_inconclusive
1031,tiago_sew,NUMERICAL_FAILURE,tiago_semi_analytic,c96a32d,median-body-4344-torso015-J1-root-zplus020-v4,wrist_center,gripper_grasping_frame,,493.044100003317,no exact or boundary-refined wrist branch met strict wrist-center/orientation/SEW tolerances,,,,,,,,,,,,,,,oracle_inconclusive
1032,tiago_sew,NUMERICAL_FAILURE,tiago_semi_analytic,c96a32d,median-body-4344-torso015-J1-root-zplus020-v4,wrist_center,gripper_grasping_frame,,542.5776999909431,no exact or boundary-refined wrist branch met strict wrist-center/orientation/SEW tolerances,,,,,,,,,,,,,,,oracle_inconclusive
1033,tiago_sew,NUMERICAL_FAILURE,tiago_semi_analytic,c96a32d,median-body-4344-torso015-J1-root-zplus020-v4,wrist_center,gripper_grasping_frame,,515.0854999665171,no exact or boundary-refined wrist branch met strict wrist-center/orientation/SEW tolerances,,,,,,,,,,,,,,,oracle_inconclusive
1034,tiago_sew,NUMERICAL_FAILURE,tiago_semi_analytic,c96a32d,median-body-4344-torso015-J1-root-zplus020-v4,wrist_center,gripper_grasping_frame,,485.49270001240075,no exact or boundary-refined wrist branch met strict wrist-center/orientation/SEW tolerances,,,,,,,,,,,,,,,oracle_inconclusive
1035,tiago_sew,NUMERICAL_FAILURE,tiago_semi_analytic,c96a32d,median-body-4344-torso015-J1-root-zplus020-v4,wrist_center,gripper_grasping_frame,,547.261199913919,no exact or boundary-refined wrist branch met strict wrist-center/orientation/SEW tolerances,,,,,,,,,,,,,,,oracle_inconclusive
1036,tiago_sew,NUMERICAL_FAILURE,tiago_semi_analytic,c96a32d,median-body-4344-torso015-J1-root-zplus020-v4,wrist_center,gripper_grasping_frame,,604.4911999488249,no exact or boundary-refined wrist branch met strict wrist-center/orientation/SEW tolerances,,,,,,,,,,,,,,,oracle_inconclusive
1037,tiago_sew,NUMERICAL_FAILURE,tiago_semi_analytic,c96a32d,median-body-4344-torso015-J1-root-zplus020-v4,wrist_center,gripper_grasping_frame,,587.8424000693485,no exact or boundary-refined wrist branch met strict wrist-center/orientation/SEW tolerances,,,,,,,,,,,,,,,oracle_inconclusive
1038,tiago_sew,NUMERICAL_FAILURE,tiago_semi_analytic,c96a32d,median-body-4344-torso015-J1-root-zplus020-v4,wrist_center,gripper_grasping_frame,,612.1416999958456,no exact or boundary-refined wrist branch met strict wrist-center/orientation/SEW tolerances,,,,,,,,,,,,,,,oracle_inconclusive
1039,tiago_sew,NUMERICAL_FAILURE,tiago_semi_analytic,c96a32d,median-body-4344-torso015-J1-root-zplus020-v4,wrist_center,gripper_grasping_frame,,675.8364000124857,no exact or boundary-refined wrist branch met strict wrist-center/orientation/SEW tolerances,,,,,,,,,,,,,,,oracle_inconclusive
1040,tiago_sew,NUMERICAL_FAILURE,tiago_semi_analytic,c96a32d,median-body-4344-torso015-J1-root-zplus020-v4,wrist_center,gripper_grasping_frame,,894.92320001591,no exact or boundary-refined wrist branch met strict wrist-center/orientation/SEW tolerances,,,,,,,,,,,,,,,oracle_inconclusive
1041,tiago_sew,NUMERICAL_FAILURE,tiago_semi_analytic,c96a32d,median-body-4344-torso015-J1-root-zplus020-v4,wrist_center,gripper_grasping_frame,,1175.2482999581844,no exact or boundary-refined wrist branch met strict wrist-center/orientation/SEW tolerances,,,,,,,,,,,,,,,oracle_inconclusive
1042,tiago_sew,NUMERICAL_FAILURE,tiago_semi_analytic,c96a32d,median-body-4344-torso015-J1-root-zplus020-v4,wrist_center,gripper_grasping_frame,,1165.2761999284849,no exact or boundary-refined wrist branch met strict wrist-center/orientation/SEW tolerances,,,,,,,,,,,,,,,oracle_inconclusive
1043,tiago_sew,NUMERICAL_FAILURE,tiago_semi_analytic,c96a32d,median-body-4344-torso015-J1-root-zplus020-v4,wrist_center,gripper_grasping_frame,,860.6888999929652,no exact or boundary-refined wrist branch met strict wrist-center/orientation/SEW tolerances,,,,,,,,,,,,,,,oracle_inconclusive
1044,tiago_sew,NUMERICAL_FAILURE,tiago_semi_analytic,c96a32d,median-body-4344-torso015-J1-root-zplus020-v4,wrist_center,gripper_grasping_frame,,749.721199972555,no exact or boundary-refined wrist branch met strict wrist-center/orientation/SEW tolerances,,,,,,,,,,,,,,,oracle_inconclusive
1045,tiago_sew,NUMERICAL_FAILURE,tiago_semi_analytic,c96a32d,median-body-4344-torso015-J1-root-zplus020-v4,wrist_center,gripper_grasping_frame,,685.2042999817058,no exact or boundary-refined wrist branch met strict wrist-center/orientation/SEW tolerances,,,,,,,,,,,,,,,oracle_inconclusive
1046,tiago_sew,NUMERICAL_FAILURE,tiago_semi_analytic,c96a32d,median-body-4344-torso015-J1-root-zplus020-v4,wrist_center,gripper_grasping_frame,,655.2779999328777,no exact or boundary-refined wrist branch met strict wrist-center/orientation/SEW tolerances,,,,,,,,,,,,,,,oracle_inconclusive
1047,tiago_sew,NUMERICAL_FAILURE,tiago_semi_analytic,c96a32d,median-body-4344-torso015-J1-root-zplus020-v4,wrist_center,gripper_grasping_frame,,636.2921000691131,no exact or boundary-refined wrist branch met strict wrist-center/orientation/SEW tolerances,,,,,,,,,,,,,,,oracle_inconclusive
1048,tiago_sew,NUMERICAL_FAILURE,tiago_semi_analytic,c96a32d,median-body-4344-torso015-J1-root-zplus020-v4,wrist_center,gripper_grasping_frame,,626.9651999464259,no exact or boundary-refined wrist branch met strict wrist-center/orientation/SEW tolerances,,,,,,,,,,,,,,,oracle_inconclusive
1049,tiago_sew,NUMERICAL_FAILURE,tiago_semi_analytic,c96a32d,median-body-4344-torso015-J1-root-zplus020-v4,wrist_center,gripper_grasping_frame,,618.8100000144914,no exact or boundary-refined wrist branch met strict wrist-center/orientation/SEW tolerances,,,,,,,,,,,,,,,oracle_inconclusive
1050,tiago_sew,NUMERICAL_FAILURE,tiago_semi_analytic,c96a32d,median-body-4344-torso015-J1-root-zplus020-v4,wrist_center,gripper_grasping_frame,,574.6690999949351,no exact or boundary-refined wrist branch met strict wrist-center/orientation/SEW tolerances,,,,,,,,,,,,,,,oracle_inconclusive
1051,tiago_sew,NUMERICAL_FAILURE,tiago_semi_analytic,c96a32d,median-body-4344-torso015-J1-root-zplus020-v4,wrist_center,gripper_grasping_frame,,540.067300084047,no exact or boundary-refined wrist branch met strict wrist-center/orientation/SEW tolerances,,,,,,,,,,,,,,,oracle_inconclusive
1052,tiago_sew,NUMERICAL_FAILURE,tiago_semi_analytic,c96a32d,median-body-4344-torso015-J1-root-zplus020-v4,wrist_center,gripper_grasping_frame,,523.7919999053702,no exact or boundary-refined wrist branch met strict wrist-center/orientation/SEW tolerances,,,,,,,,,,,,,,,oracle_inconclusive
1053,tiago_sew,NUMERICAL_FAILURE,tiago_semi_analytic,c96a32d,median-body-4344-torso015-J1-root-zplus020-v4,wrist_center,gripper_grasping_frame,,499.52400010079145,no exact or boundary-refined wrist branch met strict wrist-center/orientation/SEW tolerances,,,,,,,,,,,,,,,oracle_inconclusive
1054,tiago_sew,NUMERICAL_FAILURE,tiago_semi_analytic,c96a32d,median-body-4344-torso015-J1-root-zplus020-v4,wrist_center,gripper_grasping_frame,,570.6059000222012,no exact or boundary-refined wrist branch met strict wrist-center/orientation/SEW tolerances,,,,,,,,,,,,,,,oracle_inconclusive
1055,tiago_sew,NUMERICAL_FAILURE,tiago_semi_analytic,c96a32d,median-body-4344-torso015-J1-root-zplus020-v4,wrist_center,gripper_grasping_frame,,589.4709000131115,no exact or boundary-refined wrist branch met strict wrist-center/orientation/SEW tolerances,,,,,,,,,,,,,,,oracle_inconclusive
1056,tiago_sew,NUMERICAL_FAILURE,tiago_semi_analytic,c96a32d,median-body-4344-torso015-J1-root-zplus020-v4,wrist_center,gripper_grasping_frame,,600.7808999856934,no exact or boundary-refined wrist branch met strict wrist-center/orientation/SEW tolerances,,,,,,,,,,,,,,,oracle_inconclusive
1057,tiago_sew,NUMERICAL_FAILURE,tiago_semi_analytic,c96a32d,median-body-4344-torso015-J1-root-zplus020-v4,wrist_center,gripper_grasping_frame,,586.5457999752834,no exact or boundary-refined wrist branch met strict wrist-center/orientation/SEW tolerances,,,,,,,,,,,,,,,oracle_inconclusive
1058,tiago_sew,NUMERICAL_FAILURE,tiago_semi_analytic,c96a32d,median-body-4344-torso015-J1-root-zplus020-v4,wrist_center,gripper_grasping_frame,,583.1909000407904,no exact or boundary-refined wrist branch met strict wrist-center/orientation/SEW tolerances,,,,,,,,,,,,,,,oracle_inconclusive
1059,tiago_sew,NUMERICAL_FAILURE,tiago_semi_analytic,c96a32d,median-body-4344-torso015-J1-root-zplus020-v4,wrist_center,gripper_grasping_frame,,566.7334999889135,no exact or boundary-refined wrist branch met strict wrist-center/orientation/SEW tolerances,,,,,,,,,,,,,,,oracle_inconclusive
1060,tiago_sew,NUMERICAL_FAILURE,tiago_semi_analytic,c96a32d,median-body-4344-torso015-J1-root-zplus020-v4,wrist_center,gripper_grasping_frame,,563.9181000879034,no exact or boundary-refined wrist branch met strict wrist-center/orientation/SEW tolerances,,,,,,,,,,,,,,,oracle_inconclusive
1061,tiago_sew,NUMERICAL_FAILURE,tiago_semi_analytic,c96a32d,median-body-4344-torso015-J1-root-zplus020-v4,wrist_center,gripper_grasping_frame,,558.1809999421239,no exact or boundary-refined wrist branch met strict wrist-center/orientation/SEW tolerances,,,,,,,,,,,,,,,oracle_inconclusive
1062,tiago_sew,NUMERICAL_FAILURE,tiago_semi_analytic,c96a32d,median-body-4344-torso015-J1-root-zplus020-v4,wrist_center,gripper_grasping_frame,,500.0766000011936,no exact or boundary-refined wrist branch met strict wrist-center/orientation/SEW tolerances,,,,,,,,,,,,,,,oracle_inconclusive
1063,tiago_sew,NUMERICAL_FAILURE,tiago_semi_analytic,c96a32d,median-body-4344-torso015-J1-root-zplus020-v4,wrist_center,gripper_grasping_frame,,494.3438000045717,no exact or boundary-refined wrist branch met strict wrist-center/orientation/SEW tolerances,,,,,,,,,,,,,,,oracle_inconclusive
1064,tiago_sew,NUMERICAL_FAILURE,tiago_semi_analytic,c96a32d,median-body-4344-torso015-J1-root-zplus020-v4,wrist_center,gripper_grasping_frame,,558.831200003624,no exact or boundary-refined wrist branch met strict wrist-center/orientation/SEW tolerances,,,,,,,,,,,,,,,oracle_inconclusive
1065,tiago_sew,NUMERICAL_FAILURE,tiago_semi_analytic,c96a32d,median-body-4344-torso015-J1-root-zplus020-v4,wrist_center,gripper_grasping_frame,,555.773300002329,no exact or boundary-refined wrist branch met strict wrist-center/orientation/SEW tolerances,,,,,,,,,,,,,,,oracle_inconclusive
1066,tiago_sew,NUMERICAL_FAILURE,tiago_semi_analytic,c96a32d,median-body-4344-torso015-J1-root-zplus020-v4,wrist_center,gripper_grasping_frame,,563.1672999588773,no exact or boundary-refined wrist branch met strict wrist-center/orientation/SEW tolerances,,,,,,,,,,,,,,,oracle_inconclusive
1067,tiago_sew,NUMERICAL_FAILURE,tiago_semi_analytic,c96a32d,median-body-4344-torso015-J1-root-zplus020-v4,wrist_center,gripper_grasping_frame,,560.9819999663159,no exact or boundary-refined wrist branch met strict wrist-center/orientation/SEW tolerances,,,,,,,,,,,,,,,oracle_inconclusive
1068,tiago_sew,NUMERICAL_FAILURE,tiago_semi_analytic,c96a32d,median-body-4344-torso015-J1-root-zplus020-v4,wrist_center,gripper_grasping_frame,,600.4243000643328,no exact or boundary-refined wrist branch met strict wrist-center/orientation/SEW tolerances,,,,,,,,,,,,,,,oracle_inconclusive
1069,tiago_sew,NUMERICAL_FAILURE,tiago_semi_analytic,c96a32d,median-body-4344-torso015-J1-root-zplus020-v4,wrist_center,gripper_grasping_frame,,571.8323999317363,no exact or boundary-refined wrist branch met strict wrist-center/orientation/SEW tolerances,,,,,,,,,,,,,,,oracle_inconclusive
1070,tiago_sew,NUMERICAL_FAILURE,tiago_semi_analytic,c96a32d,median-body-4344-torso015-J1-root-zplus020-v4,wrist_center,gripper_grasping_frame,,573.7224998883903,no exact or boundary-refined wrist branch met strict wrist-center/orientation/SEW tolerances,,,,,,,,,,,,,,,oracle_inconclusive
1071,tiago_sew,NUMERICAL_FAILURE,tiago_semi_analytic,c96a32d,median-body-4344-torso015-J1-root-zplus020-v4,wrist_center,gripper_grasping_frame,,578.4179999027401,no exact or boundary-refined wrist branch met strict wrist-center/orientation/SEW tolerances,,,,,,,,,,,,,,,oracle_inconclusive
1072,tiago_sew,NUMERICAL_FAILURE,tiago_semi_analytic,c96a32d,median-body-4344-torso015-J1-root-zplus020-v4,wrist_center,gripper_grasping_frame,,597.7511000819504,no exact or boundary-refined wrist branch met strict wrist-center/orientation/SEW tolerances,,,,,,,,,,,,,,,oracle_inconclusive
1073,tiago_sew,NUMERICAL_FAILURE,tiago_semi_analytic,c96a32d,median-body-4344-torso015-J1-root-zplus020-v4,wrist_center,gripper_grasping_frame,,586.0695999581367,no exact or boundary-refined wrist branch met strict wrist-center/orientation/SEW tolerances,,,,,,,,,,,,,,,oracle_inconclusive
1074,tiago_sew,NUMERICAL_FAILURE,tiago_semi_analytic,c96a32d,median-body-4344-torso015-J1-root-zplus020-v4,wrist_center,gripper_grasping_frame,,584.8122000461444,no exact or boundary-refined wrist branch met strict wrist-center/orientation/SEW tolerances,,,,,,,,,,,,,,,oracle_inconclusive
1075,tiago_sew,NUMERICAL_FAILURE,tiago_semi_analytic,c96a32d,median-body-4344-torso015-J1-root-zplus020-v4,wrist_center,gripper_grasping_frame,,585.5919000459835,no exact or boundary-refined wrist branch met strict wrist-center/orientation/SEW tolerances,,,,,,,,,,,,,,,oracle_inconclusive
1076,tiago_sew,NUMERICAL_FAILURE,tiago_semi_analytic,c96a32d,median-body-4344-torso015-J1-root-zplus020-v4,wrist_center,gripper_grasping_frame,,603.7915999768302,no exact or boundary-refined wrist branch met strict wrist-center/orientation/SEW tolerances,,,,,,,,,,,,,,,oracle_inconclusive
1077,tiago_sew,NUMERICAL_FAILURE,tiago_semi_analytic,c96a32d,median-body-4344-torso015-J1-root-zplus020-v4,wrist_center,gripper_grasping_frame,,611.2907000351697,no exact or boundary-refined wrist branch met strict wrist-center/orientation/SEW tolerances,,,,,,,,,,,,,,,oracle_inconclusive
1078,tiago_sew,NUMERICAL_FAILURE,tiago_semi_analytic,c96a32d,median-body-4344-torso015-J1-root-zplus020-v4,wrist_center,gripper_grasping_frame,,613.9332999009639,no exact or boundary-refined wrist branch met strict wrist-center/orientation/SEW tolerances,,,,,,,,,,,,,,,oracle_inconclusive
1079,tiago_sew,NUMERICAL_FAILURE,tiago_semi_analytic,c96a32d,median-body-4344-torso015-J1-root-zplus020-v4,wrist_center,gripper_grasping_frame,,197.1434000879526,no exact or boundary-refined wrist branch met strict wrist-center/orientation/SEW tolerances,,,,,,,,,,,,,,,oracle_inconclusive
1080,tiago_sew,NUMERICAL_FAILURE,tiago_semi_analytic,c96a32d,median-body-4344-torso015-J1-root-zplus020-v4,wrist_center,gripper_grasping_frame,,198.91279994044453,no exact or boundary-refined wrist branch met strict wrist-center/orientation/SEW tolerances,,,,,,,,,,,,,,,oracle_inconclusive
1081,tiago_sew,NUMERICAL_FAILURE,tiago_semi_analytic,c96a32d,median-body-4344-torso015-J1-root-zplus020-v4,wrist_center,gripper_grasping_frame,,204.27540002856404,no exact or boundary-refined wrist branch met strict wrist-center/orientation/SEW tolerances,,,,,,,,,,,,,,,oracle_inconclusive
1082,tiago_sew,NUMERICAL_FAILURE,tiago_semi_analytic,c96a32d,median-body-4344-torso015-J1-root-zplus020-v4,wrist_center,gripper_grasping_frame,,206.64049999322742,no exact or boundary-refined wrist branch met strict wrist-center/orientation/SEW tolerances,,,,,,,,,,,,,,,oracle_inconclusive
1083,tiago_sew,NUMERICAL_FAILURE,tiago_semi_analytic,c96a32d,median-body-4344-torso015-J1-root-zplus020-v4,wrist_center,gripper_grasping_frame,,213.33679999224842,no exact or boundary-refined wrist branch met strict wrist-center/orientation/SEW tolerances,,,,,,,,,,,,,,,oracle_inconclusive
1084,tiago_sew,NUMERICAL_FAILURE,tiago_semi_analytic,c96a32d,median-body-4344-torso015-J1-root-zplus020-v4,wrist_center,gripper_grasping_frame,,215.4595999745652,no exact or boundary-refined wrist branch met strict wrist-center/orientation/SEW tolerances,,,,,,,,,,,,,,,oracle_inconclusive
1085,tiago_sew,NUMERICAL_FAILURE,tiago_semi_analytic,c96a32d,median-body-4344-torso015-J1-root-zplus020-v4,wrist_center,gripper_grasping_frame,,223.61850005108863,no exact or boundary-refined wrist branch met strict wrist-center/orientation/SEW tolerances,,,,,,,,,,,,,,,oracle_inconclusive
1086,tiago_sew,NUMERICAL_FAILURE,tiago_semi_analytic,c96a32d,median-body-4344-torso015-J1-root-zplus020-v4,wrist_center,gripper_grasping_frame,,229.9436000175774,no exact or boundary-refined wrist branch met strict wrist-center/orientation/SEW tolerances,,,,,,,,,,,,,,,oracle_inconclusive
1087,tiago_sew,NUMERICAL_FAILURE,tiago_semi_analytic,c96a32d,median-body-4344-torso015-J1-root-zplus020-v4,wrist_center,gripper_grasping_frame,,236.73770006280392,no exact or boundary-refined wrist branch met strict wrist-center/orientation/SEW tolerances,,,,,,,,,,,,,,,oracle_inconclusive
1088,tiago_sew,NUMERICAL_FAILURE,tiago_semi_analytic,c96a32d,median-body-4344-torso015-J1-root-zplus020-v4,wrist_center,gripper_grasping_frame,,242.68319993279874,no exact or boundary-refined wrist branch met strict wrist-center/orientation/SEW tolerances,,,,,,,,,,,,,,,oracle_inconclusive
1089,tiago_sew,NUMERICAL_FAILURE,tiago_semi_analytic,c96a32d,median-body-4344-torso015-J1-root-zplus020-v4,wrist_center,gripper_grasping_frame,,249.4031999958679,no exact or boundary-refined wrist branch met strict wrist-center/orientation/SEW tolerances,,,,,,,,,,,,,,,oracle_inconclusive
1090,tiago_sew,NUMERICAL_FAILURE,tiago_semi_analytic,c96a32d,median-body-4344-torso015-J1-root-zplus020-v4,wrist_center,gripper_grasping_frame,,249.51430002693087,no exact or boundary-refined wrist branch met strict wrist-center/orientation/SEW tolerances,,,,,,,,,,,,,,,oracle_inconclusive
1091,tiago_sew,NUMERICAL_FAILURE,tiago_semi_analytic,c96a32d,median-body-4344-torso015-J1-root-zplus020-v4,wrist_center,gripper_grasping_frame,,256.5269999904558,no exact or boundary-refined wrist branch met strict wrist-center/orientation/SEW tolerances,,,,,,,,,,,,,,,oracle_inconclusive
1092,tiago_sew,NUMERICAL_FAILURE,tiago_semi_analytic,c96a32d,median-body-4344-torso015-J1-root-zplus020-v4,wrist_center,gripper_grasping_frame,,258.16019997000694,no exact or boundary-refined wrist branch met strict wrist-center/orientation/SEW tolerances,,,,,,,,,,,,,,,oracle_inconclusive
1093,tiago_sew,NUMERICAL_FAILURE,tiago_semi_analytic,c96a32d,median-body-4344-torso015-J1-root-zplus020-v4,wrist_center,gripper_grasping_frame,,259.17640002444386,no exact or boundary-refined wrist branch met strict wrist-center/orientation/SEW tolerances,,,,,,,,,,,,,,,oracle_inconclusive
1094,tiago_sew,NUMERICAL_FAILURE,tiago_semi_analytic,c96a32d,median-body-4344-torso015-J1-root-zplus020-v4,wrist_center,gripper_grasping_frame,,256.2823999905959,no exact or boundary-refined wrist branch met strict wrist-center/orientation/SEW tolerances,,,,,,,,,,,,,,,oracle_inconclusive
1095,tiago_sew,NUMERICAL_FAILURE,tiago_semi_analytic,c96a32d,median-body-4344-torso015-J1-root-zplus020-v4,wrist_center,gripper_grasping_frame,,250.3662999952212,no exact or boundary-refined wrist branch met strict wrist-center/orientation/SEW tolerances,,,,,,,,,,,,,,,oracle_inconclusive
1096,tiago_sew,NUMERICAL_FAILURE,tiago_semi_analytic,c96a32d,median-body-4344-torso015-J1-root-zplus020-v4,wrist_center,gripper_grasping_frame,,249.06850000843406,no exact or boundary-refined wrist branch met strict wrist-center/orientation/SEW tolerances,,,,,,,,,,,,,,,oracle_inconclusive
1097,tiago_sew,NUMERICAL_FAILURE,tiago_semi_analytic,c96a32d,median-body-4344-torso015-J1-root-zplus020-v4,wrist_center,gripper_grasping_frame,,243.47780004609376,no exact or boundary-refined wrist branch met strict wrist-center/orientation/SEW tolerances,,,,,,,,,,,,,,,oracle_inconclusive
1098,tiago_sew,NUMERICAL_FAILURE,tiago_semi_analytic,c96a32d,median-body-4344-torso015-J1-root-zplus020-v4,wrist_center,gripper_grasping_frame,,236.42640002071857,no exact or boundary-refined wrist branch met strict wrist-center/orientation/SEW tolerances,,,,,,,,,,,,,,,oracle_inconclusive
1099,tiago_sew,NUMERICAL_FAILURE,tiago_semi_analytic,c96a32d,median-body-4344-torso015-J1-root-zplus020-v4,wrist_center,gripper_grasping_frame,,227.5987999746576,no exact or boundary-refined wrist branch met strict wrist-center/orientation/SEW tolerances,,,,,,,,,,,,,,,oracle_inconclusive
1100,tiago_sew,NUMERICAL_FAILURE,tiago_semi_analytic,c96a32d,median-body-4344-torso015-J1-root-zplus020-v4,wrist_center,gripper_grasping_frame,,223.1115000322461,no exact or boundary-refined wrist branch met strict wrist-center/orientation/SEW tolerances,,,,,,,,,,,,,,,oracle_inconclusive
1101,tiago_sew,NUMERICAL_FAILURE,tiago_semi_analytic,c96a32d,median-body-4344-torso015-J1-root-zplus020-v4,wrist_center,gripper_grasping_frame,,217.90629997849464,no exact or boundary-refined wrist branch met strict wrist-center/orientation/SEW tolerances,,,,,,,,,,,,,,,oracle_inconclusive
1102,tiago_sew,NUMERICAL_FAILURE,tiago_semi_analytic,c96a32d,median-body-4344-torso015-J1-root-zplus020-v4,wrist_center,gripper_grasping_frame,,212.56180002819747,no exact or boundary-refined wrist branch met strict wrist-center/orientation/SEW tolerances,,,,,,,,,,,,,,,oracle_inconclusive
1103,tiago_sew,NUMERICAL_FAILURE,tiago_semi_analytic,c96a32d,median-body-4344-torso015-J1-root-zplus020-v4,wrist_center,gripper_grasping_frame,,203.82759999483824,no exact or boundary-refined wrist branch met strict wrist-center/orientation/SEW tolerances,,,,,,,,,,,,,,,oracle_inconclusive
1104,tiago_sew,NUMERICAL_FAILURE,tiago_semi_analytic,c96a32d,median-body-4344-torso015-J1-root-zplus020-v4,wrist_center,gripper_grasping_frame,,196.71699998434633,no exact or boundary-refined wrist branch met strict wrist-center/orientation/SEW tolerances,,,,,,,,,,,,,,,oracle_inconclusive
1105,tiago_sew,NUMERICAL_FAILURE,tiago_semi_analytic,c96a32d,median-body-4344-torso015-J1-root-zplus020-v4,wrist_center,gripper_grasping_frame,,191.92060001660138,no exact or boundary-refined wrist branch met strict wrist-center/orientation/SEW tolerances,,,,,,,,,,,,,,,oracle_inconclusive
1106,tiago_sew,NUMERICAL_FAILURE,tiago_semi_analytic,c96a32d,median-body-4344-torso015-J1-root-zplus020-v4,wrist_center,gripper_grasping_frame,,191.08220003545284,no exact or boundary-refined wrist branch met strict wrist-center/orientation/SEW tolerances,,,,,,,,,,,,,,,oracle_inconclusive
1107,tiago_sew,NUMERICAL_FAILURE,tiago_semi_analytic,c96a32d,median-body-4344-torso015-J1-root-zplus020-v4,wrist_center,gripper_grasping_frame,,185.47140003647655,no exact or boundary-refined wrist branch met strict wrist-center/orientation/SEW tolerances,,,,,,,,,,,,,,,oracle_inconclusive
1108,tiago_sew,NUMERICAL_FAILURE,tiago_semi_analytic,c96a32d,median-body-4344-torso015-J1-root-zplus020-v4,wrist_center,gripper_grasping_frame,,183.19250002969056,no exact or boundary-refined wrist branch met strict wrist-center/orientation/SEW tolerances,,,,,,,,,,,,,,,oracle_inconclusive
1109,tiago_sew,NUMERICAL_FAILURE,tiago_semi_analytic,c96a32d,median-body-4344-torso015-J1-root-zplus020-v4,wrist_center,gripper_grasping_frame,,179.92190003860742,no exact or boundary-refined wrist branch met strict wrist-center/orientation/SEW tolerances,,,,,,,,,,,,,,,oracle_inconclusive
1110,tiago_sew,NUMERICAL_FAILURE,tiago_semi_analytic,c96a32d,median-body-4344-torso015-J1-root-zplus020-v4,wrist_center,gripper_grasping_frame,,175.01220002304763,no exact or boundary-refined wrist branch met strict wrist-center/orientation/SEW tolerances,,,,,,,,,,,,,,,oracle_inconclusive
1111,tiago_sew,NUMERICAL_FAILURE,tiago_semi_analytic,c96a32d,median-body-4344-torso015-J1-root-zplus020-v4,wrist_center,gripper_grasping_frame,,171.8937000259757,no exact or boundary-refined wrist branch met strict wrist-center/orientation/SEW tolerances,,,,,,,,,,,,,,,oracle_inconclusive
1112,tiago_sew,NUMERICAL_FAILURE,tiago_semi_analytic,c96a32d,median-body-4344-torso015-J1-root-zplus020-v4,wrist_center,gripper_grasping_frame,,165.44430004432797,no exact or boundary-refined wrist branch met strict wrist-center/orientation/SEW tolerances,,,,,,,,,,,,,,,oracle_inconclusive
1113,tiago_sew,NUMERICAL_FAILURE,tiago_semi_analytic,c96a32d,median-body-4344-torso015-J1-root-zplus020-v4,wrist_center,gripper_grasping_frame,,160.47300002537668,no exact or boundary-refined wrist branch met strict wrist-center/orientation/SEW tolerances,,,,,,,,,,,,,,,oracle_inconclusive
1114,tiago_sew,NUMERICAL_FAILURE,tiago_semi_analytic,c96a32d,median-body-4344-torso015-J1-root-zplus020-v4,wrist_center,gripper_grasping_frame,,156.62100003100932,no exact or boundary-refined wrist branch met strict wrist-center/orientation/SEW tolerances,,,,,,,,,,,,,,,oracle_inconclusive
1115,tiago_sew,NUMERICAL_FAILURE,tiago_semi_analytic,c96a32d,median-body-4344-torso015-J1-root-zplus020-v4,wrist_center,gripper_grasping_frame,,154.73830001428723,no exact or boundary-refined wrist branch met strict wrist-center/orientation/SEW tolerances,,,,,,,,,,,,,,,oracle_inconclusive
1116,tiago_sew,NUMERICAL_FAILURE,tiago_semi_analytic,c96a32d,median-body-4344-torso015-J1-root-zplus020-v4,wrist_center,gripper_grasping_frame,,152.46390004176646,no exact or boundary-refined wrist branch met strict wrist-center/orientation/SEW tolerances,,,,,,,,,,,,,,,oracle_inconclusive
1117,tiago_sew,NUMERICAL_FAILURE,tiago_semi_analytic,c96a32d,median-body-4344-torso015-J1-root-zplus020-v4,wrist_center,gripper_grasping_frame,,148.1665000319481,no exact or boundary-refined wrist branch met strict wrist-center/orientation/SEW tolerances,,,,,,,,,,,,,,,oracle_inconclusive
1118,tiago_sew,NUMERICAL_FAILURE,tiago_semi_analytic,c96a32d,median-body-4344-torso015-J1-root-zplus020-v4,wrist_center,gripper_grasping_frame,,145.30840003862977,no exact or boundary-refined wrist branch met strict wrist-center/orientation/SEW tolerances,,,,,,,,,,,,,,,oracle_inconclusive
1119,tiago_sew,NUMERICAL_FAILURE,tiago_semi_analytic,c96a32d,median-body-4344-torso015-J1-root-zplus020-v4,wrist_center,gripper_grasping_frame,,149.19609995558858,no exact or boundary-refined wrist branch met strict wrist-center/orientation/SEW tolerances,,,,,,,,,,,,,,,oracle_inconclusive
1120,tiago_sew,NUMERICAL_FAILURE,tiago_semi_analytic,c96a32d,median-body-4344-torso015-J1-root-zplus020-v4,wrist_center,gripper_grasping_frame,,223.01039996091276,no exact or boundary-refined wrist branch met strict wrist-center/orientation/SEW tolerances,,,,,,,,,,,,,,,oracle_inconclusive
1121,tiago_sew,NUMERICAL_FAILURE,tiago_semi_analytic,c96a32d,median-body-4344-torso015-J1-root-zplus020-v4,wrist_center,gripper_grasping_frame,,220.39140004198998,no exact or boundary-refined wrist branch met strict wrist-center/orientation/SEW tolerances,,,,,,,,,,,,,,,oracle_inconclusive
1122,tiago_sew,NUMERICAL_FAILURE,tiago_semi_analytic,c96a32d,median-body-4344-torso015-J1-root-zplus020-v4,wrist_center,gripper_grasping_frame,,181.44820001907647,no exact or boundary-refined wrist branch met strict wrist-center/orientation/SEW tolerances,,,,,,,,,,,,,,,oracle_inconclusive
1123,tiago_sew,NUMERICAL_FAILURE,tiago_semi_analytic,c96a32d,median-body-4344-torso015-J1-root-zplus020-v4,wrist_center,gripper_grasping_frame,,194.55769995693117,no exact or boundary-refined wrist branch met strict wrist-center/orientation/SEW tolerances,,,,,,,,,,,,,,,oracle_inconclusive
1124,tiago_sew,NUMERICAL_FAILURE,tiago_semi_analytic,c96a32d,median-body-4344-torso015-J1-root-zplus020-v4,wrist_center,gripper_grasping_frame,,187.26020003668964,no exact or boundary-refined wrist branch met strict wrist-center/orientation/SEW tolerances,,,,,,,,,,,,,,,oracle_inconclusive
1125,tiago_sew,NUMERICAL_FAILURE,tiago_semi_analytic,c96a32d,median-body-4344-torso015-J1-root-zplus020-v4,wrist_center,gripper_grasping_frame,,186.66159990243614,no exact or boundary-refined wrist branch met strict wrist-center/orientation/SEW tolerances,,,,,,,,,,,,,,,oracle_inconclusive
1126,tiago_sew,NUMERICAL_FAILURE,tiago_semi_analytic,c96a32d,median-body-4344-torso015-J1-root-zplus020-v4,wrist_center,gripper_grasping_frame,,184.14909997954965,no exact or boundary-refined wrist branch met strict wrist-center/orientation/SEW tolerances,,,,,,,,,,,,,,,oracle_inconclusive
1127,tiago_sew,NUMERICAL_FAILURE,tiago_semi_analytic,c96a32d,median-body-4344-torso015-J1-root-zplus020-v4,wrist_center,gripper_grasping_frame,,167.3279000679031,no exact or boundary-refined wrist branch met strict wrist-center/orientation/SEW tolerances,,,,,,,,,,,,,,,oracle_inconclusive
1128,tiago_sew,NUMERICAL_FAILURE,tiago_semi_analytic,c96a32d,median-body-4344-torso015-J1-root-zplus020-v4,wrist_center,gripper_grasping_frame,,188.23349999729544,no exact or boundary-refined wrist branch met strict wrist-center/orientation/SEW tolerances,,,,,,,,,,,,,,,oracle_inconclusive
1129,tiago_sew,NUMERICAL_FAILURE,tiago_semi_analytic,c96a32d,median-body-4344-torso015-J1-root-zplus020-v4,wrist_center,gripper_grasping_frame,,174.1571999154985,no exact or boundary-refined wrist branch met strict wrist-center/orientation/SEW tolerances,,,,,,,,,,,,,,,oracle_inconclusive
1130,tiago_sew,NUMERICAL_FAILURE,tiago_semi_analytic,c96a32d,median-body-4344-torso015-J1-root-zplus020-v4,wrist_center,gripper_grasping_frame,,356.89449997153133,no exact or boundary-refined wrist branch met strict wrist-center/orientation/SEW tolerances,,,,,,,,,,,,,,,oracle_inconclusive
1131,tiago_sew,NUMERICAL_FAILURE,tiago_semi_analytic,c96a32d,median-body-4344-torso015-J1-root-zplus020-v4,wrist_center,gripper_grasping_frame,,278.8844999158755,no exact or boundary-refined wrist branch met strict wrist-center/orientation/SEW tolerances,,,,,,,,,,,,,,,oracle_inconclusive
1132,tiago_sew,NUMERICAL_FAILURE,tiago_semi_analytic,c96a32d,median-body-4344-torso015-J1-root-zplus020-v4,wrist_center,gripper_grasping_frame,,316.6322000324726,no exact or boundary-refined wrist branch met strict wrist-center/orientation/SEW tolerances,,,,,,,,,,,,,,,oracle_inconclusive
1133,tiago_sew,NUMERICAL_FAILURE,tiago_semi_analytic,c96a32d,median-body-4344-torso015-J1-root-zplus020-v4,wrist_center,gripper_grasping_frame,,370.00280001666397,no exact or boundary-refined wrist branch met strict wrist-center/orientation/SEW tolerances,,,,,,,,,,,,,,,oracle_inconclusive
1134,tiago_sew,NUMERICAL_FAILURE,tiago_semi_analytic,c96a32d,median-body-4344-torso015-J1-root-zplus020-v4,wrist_center,gripper_grasping_frame,,393.1899000890553,no exact or boundary-refined wrist branch met strict wrist-center/orientation/SEW tolerances,,,,,,,,,,,,,,,oracle_inconclusive
1135,tiago_sew,NUMERICAL_FAILURE,tiago_semi_analytic,c96a32d,median-body-4344-torso015-J1-root-zplus020-v4,wrist_center,gripper_grasping_frame,,394.41680000163615,no exact or boundary-refined wrist branch met strict wrist-center/orientation/SEW tolerances,,,,,,,,,,,,,,,oracle_inconclusive
1136,tiago_sew,NUMERICAL_FAILURE,tiago_semi_analytic,c96a32d,median-body-4344-torso015-J1-root-zplus020-v4,wrist_center,gripper_grasping_frame,,380.3406999213621,no exact or boundary-refined wrist branch met strict wrist-center/orientation/SEW tolerances,,,,,,,,,,,,,,,oracle_inconclusive
1137,tiago_sew,NUMERICAL_FAILURE,tiago_semi_analytic,c96a32d,median-body-4344-torso015-J1-root-zplus020-v4,wrist_center,gripper_grasping_frame,,378.7027000216767,no exact or boundary-refined wrist branch met strict wrist-center/orientation/SEW tolerances,,,,,,,,,,,,,,,oracle_inconclusive
1138,tiago_sew,NUMERICAL_FAILURE,tiago_semi_analytic,c96a32d,median-body-4344-torso015-J1-root-zplus020-v4,wrist_center,gripper_grasping_frame,,393.3523000450805,no exact or boundary-refined wrist branch met strict wrist-center/orientation/SEW tolerances,,,,,,,,,,,,,,,oracle_inconclusive
1139,tiago_sew,NUMERICAL_FAILURE,tiago_semi_analytic,c96a32d,median-body-4344-torso015-J1-root-zplus020-v4,wrist_center,gripper_grasping_frame,,335.94650006853044,no exact or boundary-refined wrist branch met strict wrist-center/orientation/SEW tolerances,,,,,,,,,,,,,,,oracle_inconclusive
1140,tiago_sew,NUMERICAL_FAILURE,tiago_semi_analytic,c96a32d,median-body-4344-torso015-J1-root-zplus020-v4,wrist_center,gripper_grasping_frame,,405.95879999455065,no exact or boundary-refined wrist branch met strict wrist-center/orientation/SEW tolerances,,,,,,,,,,,,,,,oracle_inconclusive
1141,tiago_sew,NUMERICAL_FAILURE,tiago_semi_analytic,c96a32d,median-body-4344-torso015-J1-root-zplus020-v4,wrist_center,gripper_grasping_frame,,402.9426999622956,no exact or boundary-refined wrist branch met strict wrist-center/orientation/SEW tolerances,,,,,,,,,,,,,,,oracle_inconclusive
1142,tiago_sew,NUMERICAL_FAILURE,tiago_semi_analytic,c96a32d,median-body-4344-torso015-J1-root-zplus020-v4,wrist_center,gripper_grasping_frame,,404.57550005521625,no exact or boundary-refined wrist branch met strict wrist-center/orientation/SEW tolerances,,,,,,,,,,,,,,,oracle_inconclusive
1143,tiago_sew,NUMERICAL_FAILURE,tiago_semi_analytic,c96a32d,median-body-4344-torso015-J1-root-zplus020-v4,wrist_center,gripper_grasping_frame,,395.53059998434037,no exact or boundary-refined wrist branch met strict wrist-center/orientation/SEW tolerances,,,,,,,,,,,,,,,oracle_inconclusive
1144,tiago_sew,NUMERICAL_FAILURE,tiago_semi_analytic,c96a32d,median-body-4344-torso015-J1-root-zplus020-v4,wrist_center,gripper_grasping_frame,,315.07949996739626,no exact or boundary-refined wrist branch met strict wrist-center/orientation/SEW tolerances,,,,,,,,,,,,,,,oracle_inconclusive
1145,tiago_sew,NUMERICAL_FAILURE,tiago_semi_analytic,c96a32d,median-body-4344-torso015-J1-root-zplus020-v4,wrist_center,gripper_grasping_frame,,365.8367999596521,no exact or boundary-refined wrist branch met strict wrist-center/orientation/SEW tolerances,,,,,,,,,,,,,,,oracle_inconclusive
1146,tiago_sew,NUMERICAL_FAILURE,tiago_semi_analytic,c96a32d,median-body-4344-torso015-J1-root-zplus020-v4,wrist_center,gripper_grasping_frame,,270.57709998916835,no exact or boundary-refined wrist branch met strict wrist-center/orientation/SEW tolerances,,,,,,,,,,,,,,,oracle_inconclusive
1147,tiago_sew,NUMERICAL_FAILURE,tiago_semi_analytic,c96a32d,median-body-4344-torso015-J1-root-zplus020-v4,wrist_center,gripper_grasping_frame,,275.05789999850094,no exact or boundary-refined wrist branch met strict wrist-center/orientation/SEW tolerances,,,,,,,,,,,,,,,oracle_inconclusive
1148,tiago_sew,NUMERICAL_FAILURE,tiago_semi_analytic,c96a32d,median-body-4344-torso015-J1-root-zplus020-v4,wrist_center,gripper_grasping_frame,,278.4135000547394,no exact or boundary-refined wrist branch met strict wrist-center/orientation/SEW tolerances,,,,,,,,,,,,,,,oracle_inconclusive
1149,tiago_sew,NUMERICAL_FAILURE,tiago_semi_analytic,c96a32d,median-body-4344-torso015-J1-root-zplus020-v4,wrist_center,gripper_grasping_frame,,250.89650007430464,no exact or boundary-refined wrist branch met strict wrist-center/orientation/SEW tolerances,,,,,,,,,,,,,,,oracle_inconclusive
1150,tiago_sew,NUMERICAL_FAILURE,tiago_semi_analytic,c96a32d,median-body-4344-torso015-J1-root-zplus020-v4,wrist_center,gripper_grasping_frame,,300.96740007866174,no exact or boundary-refined wrist branch met strict wrist-center/orientation/SEW tolerances,,,,,,,,,,,,,,,oracle_inconclusive
1151,tiago_sew,NUMERICAL_FAILURE,tiago_semi_analytic,c96a32d,median-body-4344-torso015-J1-root-zplus020-v4,wrist_center,gripper_grasping_frame,,227.5134000228718,no exact or boundary-refined wrist branch met strict wrist-center/orientation/SEW tolerances,,,,,,,,,,,,,,,oracle_inconclusive
1152,tiago_sew,NUMERICAL_FAILURE,tiago_semi_analytic,c96a32d,median-body-4344-torso015-J1-root-zplus020-v4,wrist_center,gripper_grasping_frame,,171.53439996764064,no exact or boundary-refined wrist branch met strict wrist-center/orientation/SEW tolerances,,,,,,,,,,,,,,,oracle_inconclusive
1153,tiago_sew,NUMERICAL_FAILURE,tiago_semi_analytic,c96a32d,median-body-4344-torso015-J1-root-zplus020-v4,wrist_center,gripper_grasping_frame,,270.2966999495402,no exact or boundary-refined wrist branch met strict wrist-center/orientation/SEW tolerances,,,,,,,,,,,,,,,oracle_inconclusive
1154,tiago_sew,NUMERICAL_FAILURE,tiago_semi_analytic,c96a32d,median-body-4344-torso015-J1-root-zplus020-v4,wrist_center,gripper_grasping_frame,,263.8731000479311,no exact or boundary-refined wrist branch met strict wrist-center/orientation/SEW tolerances,,,,,,,,,,,,,,,oracle_inconclusive
1155,tiago_sew,NUMERICAL_FAILURE,tiago_semi_analytic,c96a32d,median-body-4344-torso015-J1-root-zplus020-v4,wrist_center,gripper_grasping_frame,,239.7817000746727,no exact or boundary-refined wrist branch met strict wrist-center/orientation/SEW tolerances,,,,,,,,,,,,,,,oracle_inconclusive
1156,tiago_sew,NUMERICAL_FAILURE,tiago_semi_analytic,c96a32d,median-body-4344-torso015-J1-root-zplus020-v4,wrist_center,gripper_grasping_frame,,316.3891000440344,no exact or boundary-refined wrist branch met strict wrist-center/orientation/SEW tolerances,,,,,,,,,,,,,,,oracle_inconclusive
1157,tiago_sew,NUMERICAL_FAILURE,tiago_semi_analytic,c96a32d,median-body-4344-torso015-J1-root-zplus020-v4,wrist_center,gripper_grasping_frame,,331.5811000065878,no exact or boundary-refined wrist branch met strict wrist-center/orientation/SEW tolerances,,,,,,,,,,,,,,,oracle_inconclusive
1158,tiago_sew,NUMERICAL_FAILURE,tiago_semi_analytic,c96a32d,median-body-4344-torso015-J1-root-zplus020-v4,wrist_center,gripper_grasping_frame,,353.6610999144614,no exact or boundary-refined wrist branch met strict wrist-center/orientation/SEW tolerances,,,,,,,,,,,,,,,oracle_inconclusive
1159,tiago_sew,NUMERICAL_FAILURE,tiago_semi_analytic,c96a32d,median-body-4344-torso015-J1-root-zplus020-v4,wrist_center,gripper_grasping_frame,,365.63290003687143,no exact or boundary-refined wrist branch met strict wrist-center/orientation/SEW tolerances,,,,,,,,,,,,,,,oracle_inconclusive
1160,tiago_sew,NUMERICAL_FAILURE,tiago_semi_analytic,c96a32d,median-body-4344-torso015-J1-root-zplus020-v4,wrist_center,gripper_grasping_frame,,390.5609999783337,no exact or boundary-refined wrist branch met strict wrist-center/orientation/SEW tolerances,,,,,,,,,,,,,,,oracle_inconclusive
1161,tiago_sew,NUMERICAL_FAILURE,tiago_semi_analytic,c96a32d,median-body-4344-torso015-J1-root-zplus020-v4,wrist_center,gripper_grasping_frame,,350.1263000071049,no exact or boundary-refined wrist branch met strict wrist-center/orientation/SEW tolerances,,,,,,,,,,,,,,,oracle_inconclusive
1162,tiago_sew,NUMERICAL_FAILURE,tiago_semi_analytic,c96a32d,median-body-4344-torso015-J1-root-zplus020-v4,wrist_center,gripper_grasping_frame,,309.7274999599904,no exact or boundary-refined wrist branch met strict wrist-center/orientation/SEW tolerances,,,,,,,,,,,,,,,oracle_inconclusive
1163,tiago_sew,NUMERICAL_FAILURE,tiago_semi_analytic,c96a32d,median-body-4344-torso015-J1-root-zplus020-v4,wrist_center,gripper_grasping_frame,,365.59679999481887,no exact or boundary-refined wrist branch met strict wrist-center/orientation/SEW tolerances,,,,,,,,,,,,,,,oracle_inconclusive
1164,tiago_sew,NUMERICAL_FAILURE,tiago_semi_analytic,c96a32d,median-body-4344-torso015-J1-root-zplus020-v4,wrist_center,gripper_grasping_frame,,192.69549997989088,no exact or boundary-refined wrist branch met strict wrist-center/orientation/SEW tolerances,,,,,,,,,,,,,,,oracle_inconclusive
1165,tiago_sew,NUMERICAL_FAILURE,tiago_semi_analytic,c96a32d,median-body-4344-torso015-J1-root-zplus020-v4,wrist_center,gripper_grasping_frame,,275.69859998766333,no exact or boundary-refined wrist branch met strict wrist-center/orientation/SEW tolerances,,,,,,,,,,,,,,,oracle_inconclusive
1166,tiago_sew,NUMERICAL_FAILURE,tiago_semi_analytic,c96a32d,median-body-4344-torso015-J1-root-zplus020-v4,wrist_center,gripper_grasping_frame,,168.54480002075434,no exact or boundary-refined wrist branch met strict wrist-center/orientation/SEW tolerances,,,,,,,,,,,,,,,oracle_inconclusive
1167,tiago_sew,NUMERICAL_FAILURE,tiago_semi_analytic,c96a32d,median-body-4344-torso015-J1-root-zplus020-v4,wrist_center,gripper_grasping_frame,,375.6416999967769,no exact or boundary-refined wrist branch met strict wrist-center/orientation/SEW tolerances,,,,,,,,,,,,,,,oracle_inconclusive
1168,tiago_sew,NUMERICAL_FAILURE,tiago_semi_analytic,c96a32d,median-body-4344-torso015-J1-root-zplus020-v4,wrist_center,gripper_grasping_frame,,363.9969000359997,no exact or boundary-refined wrist branch met strict wrist-center/orientation/SEW tolerances,,,,,,,,,,,,,,,oracle_inconclusive
1169,tiago_sew,NUMERICAL_FAILURE,tiago_semi_analytic,c96a32d,median-body-4344-torso015-J1-root-zplus020-v4,wrist_center,gripper_grasping_frame,,163.319900049828,no exact or boundary-refined wrist branch met strict wrist-center/orientation/SEW tolerances,,,,,,,,,,,,,,,oracle_inconclusive
1170,tiago_sew,NUMERICAL_FAILURE,tiago_semi_analytic,c96a32d,median-body-4344-torso015-J1-root-zplus020-v4,wrist_center,gripper_grasping_frame,,296.25530005432665,no exact or boundary-refined wrist branch met strict wrist-center/orientation/SEW tolerances,,,,,,,,,,,,,,,oracle_inconclusive
1171,tiago_sew,NUMERICAL_FAILURE,tiago_semi_analytic,c96a32d,median-body-4344-torso015-J1-root-zplus020-v4,wrist_center,gripper_grasping_frame,,256.89560000319034,no exact or boundary-refined wrist branch met strict wrist-center/orientation/SEW tolerances,,,,,,,,,,,,,,,oracle_inconclusive
1172,tiago_sew,NUMERICAL_FAILURE,tiago_semi_analytic,c96a32d,median-body-4344-torso015-J1-root-zplus020-v4,wrist_center,gripper_grasping_frame,,152.25169993937016,no exact or boundary-refined wrist branch met strict wrist-center/orientation/SEW tolerances,,,,,,,,,,,,,,,oracle_inconclusive
1173,tiago_sew,NUMERICAL_FAILURE,tiago_semi_analytic,c96a32d,median-body-4344-torso015-J1-root-zplus020-v4,wrist_center,gripper_grasping_frame,,164.42140005528927,no exact or boundary-refined wrist branch met strict wrist-center/orientation/SEW tolerances,,,,,,,,,,,,,,,oracle_inconclusive
1174,tiago_sew,NUMERICAL_FAILURE,tiago_semi_analytic,c96a32d,median-body-4344-torso015-J1-root-zplus020-v4,wrist_center,gripper_grasping_frame,,155.0380999688059,no exact or boundary-refined wrist branch met strict wrist-center/orientation/SEW tolerances,,,,,,,,,,,,,,,oracle_inconclusive
1175,tiago_sew,NUMERICAL_FAILURE,tiago_semi_analytic,c96a32d,median-body-4344-torso015-J1-root-zplus020-v4,wrist_center,gripper_grasping_frame,,349.25520000979304,no exact or boundary-refined wrist branch met strict wrist-center/orientation/SEW tolerances,,,,,,,,,,,,,,,oracle_inconclusive
1176,tiago_sew,NUMERICAL_FAILURE,tiago_semi_analytic,c96a32d,median-body-4344-torso015-J1-root-zplus020-v4,wrist_center,gripper_grasping_frame,,313.37440002243966,no exact or boundary-refined wrist branch met strict wrist-center/orientation/SEW tolerances,,,,,,,,,,,,,,,oracle_inconclusive
1177,tiago_sew,NUMERICAL_FAILURE,tiago_semi_analytic,c96a32d,median-body-4344-torso015-J1-root-zplus020-v4,wrist_center,gripper_grasping_frame,,365.70149997714907,no exact or boundary-refined wrist branch met strict wrist-center/orientation/SEW tolerances,,,,,,,,,,,,,,,oracle_inconclusive
1178,tiago_sew,NUMERICAL_FAILURE,tiago_semi_analytic,c96a32d,median-body-4344-torso015-J1-root-zplus020-v4,wrist_center,gripper_grasping_frame,,361.0595999052748,no exact or boundary-refined wrist branch met strict wrist-center/orientation/SEW tolerances,,,,,,,,,,,,,,,oracle_inconclusive
1179,tiago_sew,NUMERICAL_FAILURE,tiago_semi_analytic,c96a32d,median-body-4344-torso015-J1-root-zplus020-v4,wrist_center,gripper_grasping_frame,,395.06989996880293,no exact or boundary-refined wrist branch met strict wrist-center/orientation/SEW tolerances,,,,,,,,,,,,,,,oracle_inconclusive
1180,tiago_sew,NUMERICAL_FAILURE,tiago_semi_analytic,c96a32d,median-body-4344-torso015-J1-root-zplus020-v4,wrist_center,gripper_grasping_frame,,196.09460001811385,no exact or boundary-refined wrist branch met strict wrist-center/orientation/SEW tolerances,,,,,,,,,,,,,,,oracle_inconclusive
1181,tiago_sew,NUMERICAL_FAILURE,tiago_semi_analytic,c96a32d,median-body-4344-torso015-J1-root-zplus020-v4,wrist_center,gripper_grasping_frame,,424.9247000552714,no exact or boundary-refined wrist branch met strict wrist-center/orientation/SEW tolerances,,,,,,,,,,,,,,,oracle_inconclusive
1182,tiago_sew,NUMERICAL_FAILURE,tiago_semi_analytic,c96a32d,median-body-4344-torso015-J1-root-zplus020-v4,wrist_center,gripper_grasping_frame,,365.2984999353066,no exact or boundary-refined wrist branch met strict wrist-center/orientation/SEW tolerances,,,,,,,,,,,,,,,oracle_inconclusive
1183,tiago_sew,NUMERICAL_FAILURE,tiago_semi_analytic,c96a32d,median-body-4344-torso015-J1-root-zplus020-v4,wrist_center,gripper_grasping_frame,,367.6800000248477,no exact or boundary-refined wrist branch met strict wrist-center/orientation/SEW tolerances,,,,,,,,,,,,,,,oracle_inconclusive
1184,tiago_sew,NUMERICAL_FAILURE,tiago_semi_analytic,c96a32d,median-body-4344-torso015-J1-root-zplus020-v4,wrist_center,gripper_grasping_frame,,391.28310000523925,no exact or boundary-refined wrist branch met strict wrist-center/orientation/SEW tolerances,,,,,,,,,,,,,,,oracle_inconclusive
1185,tiago_sew,NUMERICAL_FAILURE,tiago_semi_analytic,c96a32d,median-body-4344-torso015-J1-root-zplus020-v4,wrist_center,gripper_grasping_frame,,355.63200002070516,no exact or boundary-refined wrist branch met strict wrist-center/orientation/SEW tolerances,,,,,,,,,,,,,,,oracle_inconclusive
1186,tiago_sew,NUMERICAL_FAILURE,tiago_semi_analytic,c96a32d,median-body-4344-torso015-J1-root-zplus020-v4,wrist_center,gripper_grasping_frame,,385.06899995263666,no exact or boundary-refined wrist branch met strict wrist-center/orientation/SEW tolerances,,,,,,,,,,,,,,,oracle_inconclusive
1187,tiago_sew,NUMERICAL_FAILURE,tiago_semi_analytic,c96a32d,median-body-4344-torso015-J1-root-zplus020-v4,wrist_center,gripper_grasping_frame,,389.5667999750003,no exact or boundary-refined wrist branch met strict wrist-center/orientation/SEW tolerances,,,,,,,,,,,,,,,oracle_inconclusive
1188,tiago_sew,NUMERICAL_FAILURE,tiago_semi_analytic,c96a32d,median-body-4344-torso015-J1-root-zplus020-v4,wrist_center,gripper_grasping_frame,,367.4312001094222,no exact or boundary-refined wrist branch met strict wrist-center/orientation/SEW tolerances,,,,,,,,,,,,,,,oracle_inconclusive
1189,tiago_sew,NUMERICAL_FAILURE,tiago_semi_analytic,c96a32d,median-body-4344-torso015-J1-root-zplus020-v4,wrist_center,gripper_grasping_frame,,346.26629995182157,no exact or boundary-refined wrist branch met strict wrist-center/orientation/SEW tolerances,,,,,,,,,,,,,,,oracle_inconclusive
1190,tiago_sew,NUMERICAL_FAILURE,tiago_semi_analytic,c96a32d,median-body-4344-torso015-J1-root-zplus020-v4,wrist_center,gripper_grasping_frame,,391.51489990763366,no exact or boundary-refined wrist branch met strict wrist-center/orientation/SEW tolerances,,,,,,,,,,,,,,,oracle_inconclusive
1191,tiago_sew,NUMERICAL_FAILURE,tiago_semi_analytic,c96a32d,median-body-4344-torso015-J1-root-zplus020-v4,wrist_center,gripper_grasping_frame,,391.05320000089705,no exact or boundary-refined wrist branch met strict wrist-center/orientation/SEW tolerances,,,,,,,,,,,,,,,oracle_inconclusive
1192,tiago_sew,NUMERICAL_FAILURE,tiago_semi_analytic,c96a32d,median-body-4344-torso015-J1-root-zplus020-v4,wrist_center,gripper_grasping_frame,,371.97539990302175,no exact or boundary-refined wrist branch met strict wrist-center/orientation/SEW tolerances,,,,,,,,,,,,,,,oracle_inconclusive
1193,tiago_sew,NUMERICAL_FAILURE,tiago_semi_analytic,c96a32d,median-body-4344-torso015-J1-root-zplus020-v4,wrist_center,gripper_grasping_frame,,432.4081999948248,no exact or boundary-refined wrist branch met strict wrist-center/orientation/SEW tolerances,,,,,,,,,,,,,,,oracle_inconclusive
1194,tiago_sew,NUMERICAL_FAILURE,tiago_semi_analytic,c96a32d,median-body-4344-torso015-J1-root-zplus020-v4,wrist_center,gripper_grasping_frame,,409.57979997619987,no exact or boundary-refined wrist branch met strict wrist-center/orientation/SEW tolerances,,,,,,,,,,,,,,,oracle_inconclusive
1195,tiago_sew,NUMERICAL_FAILURE,tiago_semi_analytic,c96a32d,median-body-4344-torso015-J1-root-zplus020-v4,wrist_center,gripper_grasping_frame,,360.75130000244826,no exact or boundary-refined wrist branch met strict wrist-center/orientation/SEW tolerances,,,,,,,,,,,,,,,oracle_inconclusive
1196,tiago_sew,NUMERICAL_FAILURE,tiago_semi_analytic,c96a32d,median-body-4344-torso015-J1-root-zplus020-v4,wrist_center,gripper_grasping_frame,,379.9521999899298,no exact or boundary-refined wrist branch met strict wrist-center/orientation/SEW tolerances,,,,,,,,,,,,,,,oracle_inconclusive
1197,tiago_sew,NUMERICAL_FAILURE,tiago_semi_analytic,c96a32d,median-body-4344-torso015-J1-root-zplus020-v4,wrist_center,gripper_grasping_frame,,381.6082999110222,no exact or boundary-refined wrist branch met strict wrist-center/orientation/SEW tolerances,,,,,,,,,,,,,,,oracle_inconclusive
1198,tiago_sew,NUMERICAL_FAILURE,tiago_semi_analytic,c96a32d,median-body-4344-torso015-J1-root-zplus020-v4,wrist_center,gripper_grasping_frame,,369.1744999960065,no exact or boundary-refined wrist branch met strict wrist-center/orientation/SEW tolerances,,,,,,,,,,,,,,,oracle_inconclusive
1199,tiago_sew,NUMERICAL_FAILURE,tiago_semi_analytic,c96a32d,median-body-4344-torso015-J1-root-zplus020-v4,wrist_center,gripper_grasping_frame,,324.0286000072956,no exact or boundary-refined wrist branch met strict wrist-center/orientation/SEW tolerances,,,,,,,,,,,,,,,oracle_inconclusive
1200,tiago_sew,NUMERICAL_FAILURE,tiago_semi_analytic,c96a32d,median-body-4344-torso015-J1-root-zplus020-v4,wrist_center,gripper_grasping_frame,,356.1517000198364,no exact or boundary-refined wrist branch met strict wrist-center/orientation/SEW tolerances,,,,,,,,,,,,,,,oracle_inconclusive
1201,tiago_sew,NUMERICAL_FAILURE,tiago_semi_analytic,c96a32d,median-body-4344-torso015-J1-root-zplus020-v4,wrist_center,gripper_grasping_frame,,364.00309996679425,no exact or boundary-refined wrist branch met strict wrist-center/orientation/SEW tolerances,,,,,,,,,,,,,,,oracle_inconclusive
1202,tiago_sew,NUMERICAL_FAILURE,tiago_semi_analytic,c96a32d,median-body-4344-torso015-J1-root-zplus020-v4,wrist_center,gripper_grasping_frame,,377.55790003575385,no exact or boundary-refined wrist branch met strict wrist-center/orientation/SEW tolerances,,,,,,,,,,,,,,,oracle_inconclusive
1203,tiago_sew,NUMERICAL_FAILURE,tiago_semi_analytic,c96a32d,median-body-4344-torso015-J1-root-zplus020-v4,wrist_center,gripper_grasping_frame,,336.72109991312027,no exact or boundary-refined wrist branch met strict wrist-center/orientation/SEW tolerances,,,,,,,,,,,,,,,oracle_inconclusive
1204,tiago_sew,NUMERICAL_FAILURE,tiago_semi_analytic,c96a32d,median-body-4344-torso015-J1-root-zplus020-v4,wrist_center,gripper_grasping_frame,,351.3986999168992,no exact or boundary-refined wrist branch met strict wrist-center/orientation/SEW tolerances,,,,,,,,,,,,,,,oracle_inconclusive
1205,tiago_sew,NUMERICAL_FAILURE,tiago_semi_analytic,c96a32d,median-body-4344-torso015-J1-root-zplus020-v4,wrist_center,gripper_grasping_frame,,357.6984000392258,no exact or boundary-refined wrist branch met strict wrist-center/orientation/SEW tolerances,,,,,,,,,,,,,,,oracle_inconclusive
1206,tiago_sew,NUMERICAL_FAILURE,tiago_semi_analytic,c96a32d,median-body-4344-torso015-J1-root-zplus020-v4,wrist_center,gripper_grasping_frame,,374.0149000659585,no exact or boundary-refined wrist branch met strict wrist-center/orientation/SEW tolerances,,,,,,,,,,,,,,,oracle_inconclusive
1207,tiago_sew,NUMERICAL_FAILURE,tiago_semi_analytic,c96a32d,median-body-4344-torso015-J1-root-zplus020-v4,wrist_center,gripper_grasping_frame,,358.9460999937728,no exact or boundary-refined wrist branch met strict wrist-center/orientation/SEW tolerances,,,,,,,,,,,,,,,oracle_inconclusive
1208,tiago_sew,NUMERICAL_FAILURE,tiago_semi_analytic,c96a32d,median-body-4344-torso015-J1-root-zplus020-v4,wrist_center,gripper_grasping_frame,,357.1146000176668,no exact or boundary-refined wrist branch met strict wrist-center/orientation/SEW tolerances,,,,,,,,,,,,,,,oracle_inconclusive
1209,tiago_sew,NUMERICAL_FAILURE,tiago_semi_analytic,c96a32d,median-body-4344-torso015-J1-root-zplus020-v4,wrist_center,gripper_grasping_frame,,398.77379999961704,no exact or boundary-refined wrist branch met strict wrist-center/orientation/SEW tolerances,,,,,,,,,,,,,,,oracle_inconclusive
1210,tiago_sew,NUMERICAL_FAILURE,tiago_semi_analytic,c96a32d,median-body-4344-torso015-J1-root-zplus020-v4,wrist_center,gripper_grasping_frame,,376.0189999593422,no exact or boundary-refined wrist branch met strict wrist-center/orientation/SEW tolerances,,,,,,,,,,,,,,,oracle_inconclusive
1211,tiago_sew,NUMERICAL_FAILURE,tiago_semi_analytic,c96a32d,median-body-4344-torso015-J1-root-zplus020-v4,wrist_center,gripper_grasping_frame,,390.1627999730408,no exact or boundary-refined wrist branch met strict wrist-center/orientation/SEW tolerances,,,,,,,,,,,,,,,oracle_inconclusive
1212,tiago_sew,NUMERICAL_FAILURE,tiago_semi_analytic,c96a32d,median-body-4344-torso015-J1-root-zplus020-v4,wrist_center,gripper_grasping_frame,,348.2214000541717,no exact or boundary-refined wrist branch met strict wrist-center/orientation/SEW tolerances,,,,,,,,,,,,,,,oracle_inconclusive
1213,tiago_sew,NUMERICAL_FAILURE,tiago_semi_analytic,c96a32d,median-body-4344-torso015-J1-root-zplus020-v4,wrist_center,gripper_grasping_frame,,337.70749997347593,no exact or boundary-refined wrist branch met strict wrist-center/orientation/SEW tolerances,,,,,,,,,,,,,,,oracle_inconclusive
1214,tiago_sew,NUMERICAL_FAILURE,tiago_semi_analytic,c96a32d,median-body-4344-torso015-J1-root-zplus020-v4,wrist_center,gripper_grasping_frame,,356.784800067544,no exact or boundary-refined wrist branch met strict wrist-center/orientation/SEW tolerances,,,,,,,,,,,,,,,oracle_inconclusive
1215,tiago_sew,NUMERICAL_FAILURE,tiago_semi_analytic,c96a32d,median-body-4344-torso015-J1-root-zplus020-v4,wrist_center,gripper_grasping_frame,,367.8370000561699,no exact or boundary-refined wrist branch met strict wrist-center/orientation/SEW tolerances,,,,,,,,,,,,,,,oracle_inconclusive
1216,tiago_sew,NUMERICAL_FAILURE,tiago_semi_analytic,c96a32d,median-body-4344-torso015-J1-root-zplus020-v4,wrist_center,gripper_grasping_frame,,171.2307999841869,no exact or boundary-refined wrist branch met strict wrist-center/orientation/SEW tolerances,,,,,,,,,,,,,,,oracle_inconclusive
1217,tiago_sew,NUMERICAL_FAILURE,tiago_semi_analytic,c96a32d,median-body-4344-torso015-J1-root-zplus020-v4,wrist_center,gripper_grasping_frame,,338.7679000152275,no exact or boundary-refined wrist branch met strict wrist-center/orientation/SEW tolerances,,,,,,,,,,,,,,,oracle_inconclusive
1218,tiago_sew,NUMERICAL_FAILURE,tiago_semi_analytic,c96a32d,median-body-4344-torso015-J1-root-zplus020-v4,wrist_center,gripper_grasping_frame,,363.81160002201796,no exact or boundary-refined wrist branch met strict wrist-center/orientation/SEW tolerances,,,,,,,,,,,,,,,oracle_inconclusive
1219,tiago_sew,NUMERICAL_FAILURE,tiago_semi_analytic,c96a32d,median-body-4344-torso015-J1-root-zplus020-v4,wrist_center,gripper_grasping_frame,,372.45369993615896,no exact or boundary-refined wrist branch met strict wrist-center/orientation/SEW tolerances,,,,,,,,,,,,,,,oracle_inconclusive
1220,tiago_sew,NUMERICAL_FAILURE,tiago_semi_analytic,c96a32d,median-body-4344-torso015-J1-root-zplus020-v4,wrist_center,gripper_grasping_frame,,343.59699999913573,no exact or boundary-refined wrist branch met strict wrist-center/orientation/SEW tolerances,,,,,,,,,,,,,,,oracle_inconclusive
1221,tiago_sew,NUMERICAL_FAILURE,tiago_semi_analytic,c96a32d,median-body-4344-torso015-J1-root-zplus020-v4,wrist_center,gripper_grasping_frame,,328.06149998214096,no exact or boundary-refined wrist branch met strict wrist-center/orientation/SEW tolerances,,,,,,,,,,,,,,,oracle_inconclusive
1222,tiago_sew,NUMERICAL_FAILURE,tiago_semi_analytic,c96a32d,median-body-4344-torso015-J1-root-zplus020-v4,wrist_center,gripper_grasping_frame,,315.365600050427,no exact or boundary-refined wrist branch met strict wrist-center/orientation/SEW tolerances,,,,,,,,,,,,,,,oracle_inconclusive
1223,tiago_sew,NUMERICAL_FAILURE,tiago_semi_analytic,c96a32d,median-body-4344-torso015-J1-root-zplus020-v4,wrist_center,gripper_grasping_frame,,300.0633999472484,no exact or boundary-refined wrist branch met strict wrist-center/orientation/SEW tolerances,,,,,,,,,,,,,,,oracle_inconclusive
1224,tiago_sew,NUMERICAL_FAILURE,tiago_semi_analytic,c96a32d,median-body-4344-torso015-J1-root-zplus020-v4,wrist_center,gripper_grasping_frame,,349.95730000082403,no exact or boundary-refined wrist branch met strict wrist-center/orientation/SEW tolerances,,,,,,,,,,,,,,,oracle_inconclusive
1225,tiago_sew,NUMERICAL_FAILURE,tiago_semi_analytic,c96a32d,median-body-4344-torso015-J1-root-zplus020-v4,wrist_center,gripper_grasping_frame,,328.21009994950145,no exact or boundary-refined wrist branch met strict wrist-center/orientation/SEW tolerances,,,,,,,,,,,,,,,oracle_inconclusive
1226,tiago_sew,NUMERICAL_FAILURE,tiago_semi_analytic,c96a32d,median-body-4344-torso015-J1-root-zplus020-v4,wrist_center,gripper_grasping_frame,,353.2258999766782,no exact or boundary-refined wrist branch met strict wrist-center/orientation/SEW tolerances,,,,,,,,,,,,,,,oracle_inconclusive
1227,tiago_sew,NUMERICAL_FAILURE,tiago_semi_analytic,c96a32d,median-body-4344-torso015-J1-root-zplus020-v4,wrist_center,gripper_grasping_frame,,280.77950002625585,no exact or boundary-refined wrist branch met strict wrist-center/orientation/SEW tolerances,,,,,,,,,,,,,,,oracle_inconclusive
1228,tiago_sew,NUMERICAL_FAILURE,tiago_semi_analytic,c96a32d,median-body-4344-torso015-J1-root-zplus020-v4,wrist_center,gripper_grasping_frame,,158.75119995325804,no exact or boundary-refined wrist branch met strict wrist-center/orientation/SEW tolerances,,,,,,,,,,,,,,,oracle_inconclusive
1229,tiago_sew,NUMERICAL_FAILURE,tiago_semi_analytic,c96a32d,median-body-4344-torso015-J1-root-zplus020-v4,wrist_center,gripper_grasping_frame,,266.9255000073463,no exact or boundary-refined wrist branch met strict wrist-center/orientation/SEW tolerances,,,,,,,,,,,,,,,oracle_inconclusive
1230,tiago_sew,NUMERICAL_FAILURE,tiago_semi_analytic,c96a32d,median-body-4344-torso015-J1-root-zplus020-v4,wrist_center,gripper_grasping_frame,,283.1544999498874,no exact or boundary-refined wrist branch met strict wrist-center/orientation/SEW tolerances,,,,,,,,,,,,,,,oracle_inconclusive
1231,tiago_sew,NUMERICAL_FAILURE,tiago_semi_analytic,c96a32d,median-body-4344-torso015-J1-root-zplus020-v4,wrist_center,gripper_grasping_frame,,310.2766000665724,no exact or boundary-refined wrist branch met strict wrist-center/orientation/SEW tolerances,,,,,,,,,,,,,,,oracle_inconclusive
1232,tiago_sew,NUMERICAL_FAILURE,tiago_semi_analytic,c96a32d,median-body-4344-torso015-J1-root-zplus020-v4,wrist_center,gripper_grasping_frame,,318.5138999251649,no exact or boundary-refined wrist branch met strict wrist-center/orientation/SEW tolerances,,,,,,,,,,,,,,,oracle_inconclusive
1233,tiago_sew,NUMERICAL_FAILURE,tiago_semi_analytic,c96a32d,median-body-4344-torso015-J1-root-zplus020-v4,wrist_center,gripper_grasping_frame,,281.63810004480183,no exact or boundary-refined wrist branch met strict wrist-center/orientation/SEW tolerances,,,,,,,,,,,,,,,oracle_inconclusive
1234,tiago_sew,NUMERICAL_FAILURE,tiago_semi_analytic,c96a32d,median-body-4344-torso015-J1-root-zplus020-v4,wrist_center,gripper_grasping_frame,,322.5899999961257,no exact or boundary-refined wrist branch met strict wrist-center/orientation/SEW tolerances,,,,,,,,,,,,,,,oracle_inconclusive
1235,tiago_sew,NUMERICAL_FAILURE,tiago_semi_analytic,c96a32d,median-body-4344-torso015-J1-root-zplus020-v4,wrist_center,gripper_grasping_frame,,291.63850005716085,no exact or boundary-refined wrist branch met strict wrist-center/orientation/SEW tolerances,,,,,,,,,,,,,,,oracle_inconclusive
1236,tiago_sew,NUMERICAL_FAILURE,tiago_semi_analytic,c96a32d,median-body-4344-torso015-J1-root-zplus020-v4,wrist_center,gripper_grasping_frame,,350.460100104101,no exact or boundary-refined wrist branch met strict wrist-center/orientation/SEW tolerances,,,,,,,,,,,,,,,oracle_inconclusive
1237,tiago_sew,NUMERICAL_FAILURE,tiago_semi_analytic,c96a32d,median-body-4344-torso015-J1-root-zplus020-v4,wrist_center,gripper_grasping_frame,,283.79919996950775,no exact or boundary-refined wrist branch met strict wrist-center/orientation/SEW tolerances,,,,,,,,,,,,,,,oracle_inconclusive
1238,tiago_sew,NUMERICAL_FAILURE,tiago_semi_analytic,c96a32d,median-body-4344-torso015-J1-root-zplus020-v4,wrist_center,gripper_grasping_frame,,203.57459993101656,no exact or boundary-refined wrist branch met strict wrist-center/orientation/SEW tolerances,,,,,,,,,,,,,,,oracle_inconclusive
1239,tiago_sew,NUMERICAL_FAILURE,tiago_semi_analytic,c96a32d,median-body-4344-torso015-J1-root-zplus020-v4,wrist_center,gripper_grasping_frame,,300.60259997844696,no exact or boundary-refined wrist branch met strict wrist-center/orientation/SEW tolerances,,,,,,,,,,,,,,,oracle_inconclusive
1240,tiago_sew,NUMERICAL_FAILURE,tiago_semi_analytic,c96a32d,median-body-4344-torso015-J1-root-zplus020-v4,wrist_center,gripper_grasping_frame,,231.98949999641627,no exact or boundary-refined wrist branch met strict wrist-center/orientation/SEW tolerances,,,,,,,,,,,,,,,oracle_inconclusive
1241,tiago_sew,NUMERICAL_FAILURE,tiago_semi_analytic,c96a32d,median-body-4344-torso015-J1-root-zplus020-v4,wrist_center,gripper_grasping_frame,,385.1946999784559,no exact or boundary-refined wrist branch met strict wrist-center/orientation/SEW tolerances,,,,,,,,,,,,,,,oracle_inconclusive
1242,tiago_sew,NUMERICAL_FAILURE,tiago_semi_analytic,c96a32d,median-body-4344-torso015-J1-root-zplus020-v4,wrist_center,gripper_grasping_frame,,311.7451999569312,no exact or boundary-refined wrist branch met strict wrist-center/orientation/SEW tolerances,,,,,,,,,,,,,,,oracle_inconclusive
1243,tiago_sew,NUMERICAL_FAILURE,tiago_semi_analytic,c96a32d,median-body-4344-torso015-J1-root-zplus020-v4,wrist_center,gripper_grasping_frame,,252.9914000770077,no exact or boundary-refined wrist branch met strict wrist-center/orientation/SEW tolerances,,,,,,,,,,,,,,,oracle_inconclusive
1244,tiago_sew,NUMERICAL_FAILURE,tiago_semi_analytic,c96a32d,median-body-4344-torso015-J1-root-zplus020-v4,wrist_center,gripper_grasping_frame,,331.72290003858507,no exact or boundary-refined wrist branch met strict wrist-center/orientation/SEW tolerances,,,,,,,,,,,,,,,oracle_inconclusive
1245,tiago_sew,NUMERICAL_FAILURE,tiago_semi_analytic,c96a32d,median-body-4344-torso015-J1-root-zplus020-v4,wrist_center,gripper_grasping_frame,,187.9713999805972,no exact or boundary-refined wrist branch met strict wrist-center/orientation/SEW tolerances,,,,,,,,,,,,,,,oracle_inconclusive
1246,tiago_sew,NUMERICAL_FAILURE,tiago_semi_analytic,c96a32d,median-body-4344-torso015-J1-root-zplus020-v4,wrist_center,gripper_grasping_frame,,423.4615999739617,no exact or boundary-refined wrist branch met strict wrist-center/orientation/SEW tolerances,,,,,,,,,,,,,,,oracle_inconclusive
1247,tiago_sew,NUMERICAL_FAILURE,tiago_semi_analytic,c96a32d,median-body-4344-torso015-J1-root-zplus020-v4,wrist_center,gripper_grasping_frame,,465.1337000541389,no exact or boundary-refined wrist branch met strict wrist-center/orientation/SEW tolerances,,,,,,,,,,,,,,,oracle_inconclusive
1248,tiago_sew,NUMERICAL_FAILURE,tiago_semi_analytic,c96a32d,median-body-4344-torso015-J1-root-zplus020-v4,wrist_center,gripper_grasping_frame,,216.10120008699596,no exact or boundary-refined wrist branch met strict wrist-center/orientation/SEW tolerances,,,,,,,,,,,,,,,oracle_inconclusive
1249,tiago_sew,NUMERICAL_FAILURE,tiago_semi_analytic,c96a32d,median-body-4344-torso015-J1-root-zplus020-v4,wrist_center,gripper_grasping_frame,,155.8595000533387,no exact or boundary-refined wrist branch met strict wrist-center/orientation/SEW tolerances,,,,,,,,,,,,,,,oracle_inconclusive
1250,tiago_sew,NUMERICAL_FAILURE,tiago_semi_analytic,c96a32d,median-body-4344-torso015-J1-root-zplus020-v4,wrist_center,gripper_grasping_frame,,180.8842000318691,no exact or boundary-refined wrist branch met strict wrist-center/orientation/SEW tolerances,,,,,,,,,,,,,,,oracle_inconclusive
1251,tiago_sew,NUMERICAL_FAILURE,tiago_semi_analytic,c96a32d,median-body-4344-torso015-J1-root-zplus020-v4,wrist_center,gripper_grasping_frame,,307.6926999492571,no exact or boundary-refined wrist branch met strict wrist-center/orientation/SEW tolerances,,,,,,,,,,,,,,,oracle_inconclusive
1252,tiago_sew,NUMERICAL_FAILURE,tiago_semi_analytic,c96a32d,median-body-4344-torso015-J1-root-zplus020-v4,wrist_center,gripper_grasping_frame,,313.9749000547454,no exact or boundary-refined wrist branch met strict wrist-center/orientation/SEW tolerances,,,,,,,,,,,,,,,oracle_inconclusive
1253,tiago_sew,NUMERICAL_FAILURE,tiago_semi_analytic,c96a32d,median-body-4344-torso015-J1-root-zplus020-v4,wrist_center,gripper_grasping_frame,,244.65239990968257,no exact or boundary-refined wrist branch met strict wrist-center/orientation/SEW tolerances,,,,,,,,,,,,,,,oracle_inconclusive
1254,tiago_sew,NUMERICAL_FAILURE,tiago_semi_analytic,c96a32d,median-body-4344-torso015-J1-root-zplus020-v4,wrist_center,gripper_grasping_frame,,327.29449996259063,no exact or boundary-refined wrist branch met strict wrist-center/orientation/SEW tolerances,,,,,,,,,,,,,,,oracle_inconclusive
1255,tiago_sew,NUMERICAL_FAILURE,tiago_semi_analytic,c96a32d,median-body-4344-torso015-J1-root-zplus020-v4,wrist_center,gripper_grasping_frame,,329.35719995293766,no exact or boundary-refined wrist branch met strict wrist-center/orientation/SEW tolerances,,,,,,,,,,,,,,,oracle_inconclusive
1256,tiago_sew,NUMERICAL_FAILURE,tiago_semi_analytic,c96a32d,median-body-4344-torso015-J1-root-zplus020-v4,wrist_center,gripper_grasping_frame,,336.3890000618994,no exact or boundary-refined wrist branch met strict wrist-center/orientation/SEW tolerances,,,,,,,,,,,,,,,oracle_inconclusive
1257,tiago_sew,NUMERICAL_FAILURE,tiago_semi_analytic,c96a32d,median-body-4344-torso015-J1-root-zplus020-v4,wrist_center,gripper_grasping_frame,,337.65590004622936,no exact or boundary-refined wrist branch met strict wrist-center/orientation/SEW tolerances,,,,,,,,,,,,,,,oracle_inconclusive
1258,tiago_sew,NUMERICAL_FAILURE,tiago_semi_analytic,c96a32d,median-body-4344-torso015-J1-root-zplus020-v4,wrist_center,gripper_grasping_frame,,347.73919999133795,no exact or boundary-refined wrist branch met strict wrist-center/orientation/SEW tolerances,,,,,,,,,,,,,,,oracle_inconclusive
1259,tiago_sew,NUMERICAL_FAILURE,tiago_semi_analytic,c96a32d,median-body-4344-torso015-J1-root-zplus020-v4,wrist_center,gripper_grasping_frame,,341.7813000269234,no exact or boundary-refined wrist branch met strict wrist-center/orientation/SEW tolerances,,,,,,,,,,,,,,,oracle_inconclusive
1260,tiago_sew,NUMERICAL_FAILURE,tiago_semi_analytic,c96a32d,median-body-4344-torso015-J1-root-zplus020-v4,wrist_center,gripper_grasping_frame,,345.9575999295339,no exact or boundary-refined wrist branch met strict wrist-center/orientation/SEW tolerances,,,,,,,,,,,,,,,oracle_inconclusive
1261,tiago_sew,NUMERICAL_FAILURE,tiago_semi_analytic,c96a32d,median-body-4344-torso015-J1-root-zplus020-v4,wrist_center,gripper_grasping_frame,,347.91500004939735,no exact or boundary-refined wrist branch met strict wrist-center/orientation/SEW tolerances,,,,,,,,,,,,,,,oracle_inconclusive
1262,tiago_sew,NUMERICAL_FAILURE,tiago_semi_analytic,c96a32d,median-body-4344-torso015-J1-root-zplus020-v4,wrist_center,gripper_grasping_frame,,374.95750002563,no exact or boundary-refined wrist branch met strict wrist-center/orientation/SEW tolerances,,,,,,,,,,,,,,,oracle_inconclusive
1263,tiago_sew,NUMERICAL_FAILURE,tiago_semi_analytic,c96a32d,median-body-4344-torso015-J1-root-zplus020-v4,wrist_center,gripper_grasping_frame,,361.6898999316618,no exact or boundary-refined wrist branch met strict wrist-center/orientation/SEW tolerances,,,,,,,,,,,,,,,oracle_inconclusive
1264,tiago_sew,NUMERICAL_FAILURE,tiago_semi_analytic,c96a32d,median-body-4344-torso015-J1-root-zplus020-v4,wrist_center,gripper_grasping_frame,,383.9634999167174,no exact or boundary-refined wrist branch met strict wrist-center/orientation/SEW tolerances,,,,,,,,,,,,,,,oracle_inconclusive
1265,tiago_sew,NUMERICAL_FAILURE,tiago_semi_analytic,c96a32d,median-body-4344-torso015-J1-root-zplus020-v4,wrist_center,gripper_grasping_frame,,387.35780003480613,no exact or boundary-refined wrist branch met strict wrist-center/orientation/SEW tolerances,,,,,,,,,,,,,,,oracle_inconclusive
1266,tiago_sew,NUMERICAL_FAILURE,tiago_semi_analytic,c96a32d,median-body-4344-torso015-J1-root-zplus020-v4,wrist_center,gripper_grasping_frame,,395.7908999873325,no exact or boundary-refined wrist branch met strict wrist-center/orientation/SEW tolerances,,,,,,,,,,,,,,,oracle_inconclusive
1267,tiago_sew,NUMERICAL_FAILURE,tiago_semi_analytic,c96a32d,median-body-4344-torso015-J1-root-zplus020-v4,wrist_center,gripper_grasping_frame,,405.93500004615635,no exact or boundary-refined wrist branch met strict wrist-center/orientation/SEW tolerances,,,,,,,,,,,,,,,oracle_inconclusive
1268,tiago_sew,NUMERICAL_FAILURE,tiago_semi_analytic,c96a32d,median-body-4344-torso015-J1-root-zplus020-v4,wrist_center,gripper_grasping_frame,,413.452300010249,no exact or boundary-refined wrist branch met strict wrist-center/orientation/SEW tolerances,,,,,,,,,,,,,,,oracle_inconclusive
1269,tiago_sew,NUMERICAL_FAILURE,tiago_semi_analytic,c96a32d,median-body-4344-torso015-J1-root-zplus020-v4,wrist_center,gripper_grasping_frame,,416.5646000765264,no exact or boundary-refined wrist branch met strict wrist-center/orientation/SEW tolerances,,,,,,,,,,,,,,,oracle_inconclusive
1270,tiago_sew,NUMERICAL_FAILURE,tiago_semi_analytic,c96a32d,median-body-4344-torso015-J1-root-zplus020-v4,wrist_center,gripper_grasping_frame,,425.7786999223754,no exact or boundary-refined wrist branch met strict wrist-center/orientation/SEW tolerances,,,,,,,,,,,,,,,oracle_inconclusive
1271,tiago_sew,NUMERICAL_FAILURE,tiago_semi_analytic,c96a32d,median-body-4344-torso015-J1-root-zplus020-v4,wrist_center,gripper_grasping_frame,,433.70719999074936,no exact or boundary-refined wrist branch met strict wrist-center/orientation/SEW tolerances,,,,,,,,,,,,,,,oracle_inconclusive
1272,tiago_sew,NUMERICAL_FAILURE,tiago_semi_analytic,c96a32d,median-body-4344-torso015-J1-root-zplus020-v4,wrist_center,gripper_grasping_frame,,440.1687999488786,no exact or boundary-refined wrist branch met strict wrist-center/orientation/SEW tolerances,,,,,,,,,,,,,,,oracle_inconclusive
1273,tiago_sew,NUMERICAL_FAILURE,tiago_semi_analytic,c96a32d,median-body-4344-torso015-J1-root-zplus020-v4,wrist_center,gripper_grasping_frame,,446.7832000227645,no exact or boundary-refined wrist branch met strict wrist-center/orientation/SEW tolerances,,,,,,,,,,,,,,,oracle_inconclusive
1274,tiago_sew,NUMERICAL_FAILURE,tiago_semi_analytic,c96a32d,median-body-4344-torso015-J1-root-zplus020-v4,wrist_center,gripper_grasping_frame,,455.01190004870296,no exact or boundary-refined wrist branch met strict wrist-center/orientation/SEW tolerances,,,,,,,,,,,,,,,oracle_inconclusive
1275,tiago_sew,NUMERICAL_FAILURE,tiago_semi_analytic,c96a32d,median-body-4344-torso015-J1-root-zplus020-v4,wrist_center,gripper_grasping_frame,,459.1214000247419,no exact or boundary-refined wrist branch met strict wrist-center/orientation/SEW tolerances,,,,,,,,,,,,,,,oracle_inconclusive
1276,tiago_sew,NUMERICAL_FAILURE,tiago_semi_analytic,c96a32d,median-body-4344-torso015-J1-root-zplus020-v4,wrist_center,gripper_grasping_frame,,469.49389996007085,no exact or boundary-refined wrist branch met strict wrist-center/orientation/SEW tolerances,,,,,,,,,,,,,,,oracle_inconclusive
1277,tiago_sew,NUMERICAL_FAILURE,tiago_semi_analytic,c96a32d,median-body-4344-torso015-J1-root-zplus020-v4,wrist_center,gripper_grasping_frame,,467.5350000616163,no exact or boundary-refined wrist branch met strict wrist-center/orientation/SEW tolerances,,,,,,,,,,,,,,,oracle_inconclusive
1278,tiago_sew,NUMERICAL_FAILURE,tiago_semi_analytic,c96a32d,median-body-4344-torso015-J1-root-zplus020-v4,wrist_center,gripper_grasping_frame,,471.7526000458747,no exact or boundary-refined wrist branch met strict wrist-center/orientation/SEW tolerances,,,,,,,,,,,,,,,oracle_inconclusive
1279,tiago_sew,NUMERICAL_FAILURE,tiago_semi_analytic,c96a32d,median-body-4344-torso015-J1-root-zplus020-v4,wrist_center,gripper_grasping_frame,,478.0240999534726,no exact or boundary-refined wrist branch met strict wrist-center/orientation/SEW tolerances,,,,,,,,,,,,,,,oracle_inconclusive
1280,tiago_sew,NUMERICAL_FAILURE,tiago_semi_analytic,c96a32d,median-body-4344-torso015-J1-root-zplus020-v4,wrist_center,gripper_grasping_frame,,488.90489991754293,no exact or boundary-refined wrist branch met strict wrist-center/orientation/SEW tolerances,,,,,,,,,,,,,,,oracle_inconclusive
1281,tiago_sew,NUMERICAL_FAILURE,tiago_semi_analytic,c96a32d,median-body-4344-torso015-J1-root-zplus020-v4,wrist_center,gripper_grasping_frame,,428.9203999796882,no exact or boundary-refined wrist branch met strict wrist-center/orientation/SEW tolerances,,,,,,,,,,,,,,,oracle_inconclusive
1282,tiago_sew,NUMERICAL_FAILURE,tiago_semi_analytic,c96a32d,median-body-4344-torso015-J1-root-zplus020-v4,wrist_center,gripper_grasping_frame,,384.96610010042787,no exact or boundary-refined wrist branch met strict wrist-center/orientation/SEW tolerances,,,,,,,,,,,,,,,oracle_inconclusive
1283,tiago_sew,NUMERICAL_FAILURE,tiago_semi_analytic,c96a32d,median-body-4344-torso015-J1-root-zplus020-v4,wrist_center,gripper_grasping_frame,,372.67730000894517,no exact or boundary-refined wrist branch met strict wrist-center/orientation/SEW tolerances,,,,,,,,,,,,,,,oracle_inconclusive
1284,tiago_sew,NUMERICAL_FAILURE,tiago_semi_analytic,c96a32d,median-body-4344-torso015-J1-root-zplus020-v4,wrist_center,gripper_grasping_frame,,499.1460000164807,no exact or boundary-refined wrist branch met strict wrist-center/orientation/SEW tolerances,,,,,,,,,,,,,,,oracle_inconclusive
1285,tiago_sew,NUMERICAL_FAILURE,tiago_semi_analytic,c96a32d,median-body-4344-torso015-J1-root-zplus020-v4,wrist_center,gripper_grasping_frame,,397.2580999834463,no exact or boundary-refined wrist branch met strict wrist-center/orientation/SEW tolerances,,,,,,,,,,,,,,,oracle_inconclusive
1286,tiago_sew,NUMERICAL_FAILURE,tiago_semi_analytic,c96a32d,median-body-4344-torso015-J1-root-zplus020-v4,wrist_center,gripper_grasping_frame,,512.7242000307888,no exact or boundary-refined wrist branch met strict wrist-center/orientation/SEW tolerances,,,,,,,,,,,,,,,oracle_inconclusive
1287,tiago_sew,NUMERICAL_FAILURE,tiago_semi_analytic,c96a32d,median-body-4344-torso015-J1-root-zplus020-v4,wrist_center,gripper_grasping_frame,,495.91649998910725,no exact or boundary-refined wrist branch met strict wrist-center/orientation/SEW tolerances,,,,,,,,,,,,,,,oracle_inconclusive
1288,tiago_sew,NUMERICAL_FAILURE,tiago_semi_analytic,c96a32d,median-body-4344-torso015-J1-root-zplus020-v4,wrist_center,gripper_grasping_frame,,529.753000009805,no exact or boundary-refined wrist branch met strict wrist-center/orientation/SEW tolerances,,,,,,,,,,,,,,,oracle_inconclusive
1289,tiago_sew,NUMERICAL_FAILURE,tiago_semi_analytic,c96a32d,median-body-4344-torso015-J1-root-zplus020-v4,wrist_center,gripper_grasping_frame,,534.9011999787763,no exact or boundary-refined wrist branch met strict wrist-center/orientation/SEW tolerances,,,,,,,,,,,,,,,oracle_inconclusive
1290,tiago_sew,NUMERICAL_FAILURE,tiago_semi_analytic,c96a32d,median-body-4344-torso015-J1-root-zplus020-v4,wrist_center,gripper_grasping_frame,,567.6812999881804,no exact or boundary-refined wrist branch met strict wrist-center/orientation/SEW tolerances,,,,,,,,,,,,,,,oracle_inconclusive
1291,tiago_sew,NUMERICAL_FAILURE,tiago_semi_analytic,c96a32d,median-body-4344-torso015-J1-root-zplus020-v4,wrist_center,gripper_grasping_frame,,563.2315999828279,no exact or boundary-refined wrist branch met strict wrist-center/orientation/SEW tolerances,,,,,,,,,,,,,,,oracle_inconclusive
1292,tiago_sew,NUMERICAL_FAILURE,tiago_semi_analytic,c96a32d,median-body-4344-torso015-J1-root-zplus020-v4,wrist_center,gripper_grasping_frame,,497.9081000201404,no exact or boundary-refined wrist branch met strict wrist-center/orientation/SEW tolerances,,,,,,,,,,,,,,,oracle_inconclusive
1293,tiago_sew,NUMERICAL_FAILURE,tiago_semi_analytic,c96a32d,median-body-4344-torso015-J1-root-zplus020-v4,wrist_center,gripper_grasping_frame,,600.7184999762103,no exact or boundary-refined wrist branch met strict wrist-center/orientation/SEW tolerances,,,,,,,,,,,,,,,oracle_inconclusive
1294,tiago_sew,NUMERICAL_FAILURE,tiago_semi_analytic,c96a32d,median-body-4344-torso015-J1-root-zplus020-v4,wrist_center,gripper_grasping_frame,,599.3004000047222,no exact or boundary-refined wrist branch met strict wrist-center/orientation/SEW tolerances,,,,,,,,,,,,,,,oracle_inconclusive
1295,tiago_sew,NUMERICAL_FAILURE,tiago_semi_analytic,c96a32d,median-body-4344-torso015-J1-root-zplus020-v4,wrist_center,gripper_grasping_frame,,698.0835000285879,no exact or boundary-refined wrist branch met strict wrist-center/orientation/SEW tolerances,,,,,,,,,,,,,,,oracle_inconclusive
1296,tiago_sew,NUMERICAL_FAILURE,tiago_semi_analytic,c96a32d,median-body-4344-torso015-J1-root-zplus020-v4,wrist_center,gripper_grasping_frame,,713.5329999728128,no exact or boundary-refined wrist branch met strict wrist-center/orientation/SEW tolerances,,,,,,,,,,,,,,,oracle_inconclusive
1297,tiago_sew,NUMERICAL_FAILURE,tiago_semi_analytic,c96a32d,median-body-4344-torso015-J1-root-zplus020-v4,wrist_center,gripper_grasping_frame,,768.9687999663875,no exact or boundary-refined wrist branch met strict wrist-center/orientation/SEW tolerances,,,,,,,,,,,,,,,oracle_inconclusive
1298,tiago_sew,NUMERICAL_FAILURE,tiago_semi_analytic,c96a32d,median-body-4344-torso015-J1-root-zplus020-v4,wrist_center,gripper_grasping_frame,,823.3928000554442,no exact or boundary-refined wrist branch met strict wrist-center/orientation/SEW tolerances,,,,,,,,,,,,,,,oracle_inconclusive
1299,tiago_sew,NUMERICAL_FAILURE,tiago_semi_analytic,c96a32d,median-body-4344-torso015-J1-root-zplus020-v4,wrist_center,gripper_grasping_frame,,936.6136000026017,no exact or boundary-refined wrist branch met strict wrist-center/orientation/SEW tolerances,,,,,,,,,,,,,,,oracle_inconclusive
1300,tiago_sew,NUMERICAL_FAILURE,tiago_semi_analytic,c96a32d,median-body-4344-torso015-J1-root-zplus020-v4,wrist_center,gripper_grasping_frame,,1097.9269000235945,no exact or boundary-refined wrist branch met strict wrist-center/orientation/SEW tolerances,,,,,,,,,,,,,,,oracle_inconclusive
1301,tiago_sew,NUMERICAL_FAILURE,tiago_semi_analytic,c96a32d,median-body-4344-torso015-J1-root-zplus020-v4,wrist_center,gripper_grasping_frame,,1578.379499958828,no exact or boundary-refined wrist branch met strict wrist-center/orientation/SEW tolerances,,,,,,,,,,,,,,,oracle_inconclusive
1302,tiago_sew,NUMERICAL_FAILURE,tiago_semi_analytic,c96a32d,median-body-4344-torso015-J1-root-zplus020-v4,wrist_center,gripper_grasping_frame,,917.5221000332385,no exact or boundary-refined wrist branch met strict wrist-center/orientation/SEW tolerances,,,,,,,,,,,,,,,oracle_inconclusive
1303,tiago_sew,NUMERICAL_FAILURE,tiago_semi_analytic,c96a32d,median-body-4344-torso015-J1-root-zplus020-v4,wrist_center,gripper_grasping_frame,,820.709399995394,no exact or boundary-refined wrist branch met strict wrist-center/orientation/SEW tolerances,,,,,,,,,,,,,,,oracle_inconclusive
1304,tiago_sew,NUMERICAL_FAILURE,tiago_semi_analytic,c96a32d,median-body-4344-torso015-J1-root-zplus020-v4,wrist_center,gripper_grasping_frame,,765.9225000534207,no exact or boundary-refined wrist branch met strict wrist-center/orientation/SEW tolerances,,,,,,,,,,,,,,,oracle_inconclusive
1305,tiago_sew,NUMERICAL_FAILURE,tiago_semi_analytic,c96a32d,median-body-4344-torso015-J1-root-zplus020-v4,wrist_center,gripper_grasping_frame,,738.3732999442145,no exact or boundary-refined wrist branch met strict wrist-center/orientation/SEW tolerances,,,,,,,,,,,,,,,oracle_inconclusive
1306,tiago_sew,NUMERICAL_FAILURE,tiago_semi_analytic,c96a32d,median-body-4344-torso015-J1-root-zplus020-v4,wrist_center,gripper_grasping_frame,,681.2233000528067,no exact or boundary-refined wrist branch met strict wrist-center/orientation/SEW tolerances,,,,,,,,,,,,,,,oracle_inconclusive
1307,tiago_sew,NUMERICAL_FAILURE,tiago_semi_analytic,c96a32d,median-body-4344-torso015-J1-root-zplus020-v4,wrist_center,gripper_grasping_frame,,697.5774000165984,no exact or boundary-refined wrist branch met strict wrist-center/orientation/SEW tolerances,,,,,,,,,,,,,,,oracle_inconclusive
1308,tiago_sew,NUMERICAL_FAILURE,tiago_semi_analytic,c96a32d,median-body-4344-torso015-J1-root-zplus020-v4,wrist_center,gripper_grasping_frame,,683.4760999772698,no exact or boundary-refined wrist branch met strict wrist-center/orientation/SEW tolerances,,,,,,,,,,,,,,,oracle_inconclusive
1309,tiago_sew,NUMERICAL_FAILURE,tiago_semi_analytic,c96a32d,median-body-4344-torso015-J1-root-zplus020-v4,wrist_center,gripper_grasping_frame,,670.4158000648022,no exact or boundary-refined wrist branch met strict wrist-center/orientation/SEW tolerances,,,,,,,,,,,,,,,oracle_inconclusive
1310,tiago_sew,NUMERICAL_FAILURE,tiago_semi_analytic,c96a32d,median-body-4344-torso015-J1-root-zplus020-v4,wrist_center,gripper_grasping_frame,,658.3955999230966,no exact or boundary-refined wrist branch met strict wrist-center/orientation/SEW tolerances,,,,,,,,,,,,,,,oracle_inconclusive
1311,tiago_sew,NUMERICAL_FAILURE,tiago_semi_analytic,c96a32d,median-body-4344-torso015-J1-root-zplus020-v4,wrist_center,gripper_grasping_frame,,654.6330000273883,no exact or boundary-refined wrist branch met strict wrist-center/orientation/SEW tolerances,,,,,,,,,,,,,,,oracle_inconclusive
1312,tiago_sew,NUMERICAL_FAILURE,tiago_semi_analytic,c96a32d,median-body-4344-torso015-J1-root-zplus020-v4,wrist_center,gripper_grasping_frame,,651.704000076279,no exact or boundary-refined wrist branch met strict wrist-center/orientation/SEW tolerances,,,,,,,,,,,,,,,oracle_inconclusive
1313,tiago_sew,NUMERICAL_FAILURE,tiago_semi_analytic,c96a32d,median-body-4344-torso015-J1-root-zplus020-v4,wrist_center,gripper_grasping_frame,,640.442100004293,no exact or boundary-refined wrist branch met strict wrist-center/orientation/SEW tolerances,,,,,,,,,,,,,,,oracle_inconclusive
1314,tiago_sew,NUMERICAL_FAILURE,tiago_semi_analytic,c96a32d,median-body-4344-torso015-J1-root-zplus020-v4,wrist_center,gripper_grasping_frame,,504.63169999420643,no exact or boundary-refined wrist branch met strict wrist-center/orientation/SEW tolerances,,,,,,,,,,,,,,,oracle_inconclusive
1315,tiago_sew,NUMERICAL_FAILURE,tiago_semi_analytic,c96a32d,median-body-4344-torso015-J1-root-zplus020-v4,wrist_center,gripper_grasping_frame,,505.2020000293851,no exact or boundary-refined wrist branch met strict wrist-center/orientation/SEW tolerances,,,,,,,,,,,,,,,oracle_inconclusive
1316,tiago_sew,NUMERICAL_FAILURE,tiago_semi_analytic,c96a32d,median-body-4344-torso015-J1-root-zplus020-v4,wrist_center,gripper_grasping_frame,,500.13930001296103,no exact or boundary-refined wrist branch met strict wrist-center/orientation/SEW tolerances,,,,,,,,,,,,,,,oracle_inconclusive
1317,tiago_sew,NUMERICAL_FAILURE,tiago_semi_analytic,c96a32d,median-body-4344-torso015-J1-root-zplus020-v4,wrist_center,gripper_grasping_frame,,494.87489997409284,no exact or boundary-refined wrist branch met strict wrist-center/orientation/SEW tolerances,,,,,,,,,,,,,,,oracle_inconclusive
1318,tiago_sew,NUMERICAL_FAILURE,tiago_semi_analytic,c96a32d,median-body-4344-torso015-J1-root-zplus020-v4,wrist_center,gripper_grasping_frame,,494.0354999853298,no exact or boundary-refined wrist branch met strict wrist-center/orientation/SEW tolerances,,,,,,,,,,,,,,,oracle_inconclusive
1319,tiago_sew,NUMERICAL_FAILURE,tiago_semi_analytic,c96a32d,median-body-4344-torso015-J1-root-zplus020-v4,wrist_center,gripper_grasping_frame,,493.1930999737233,no exact or boundary-refined wrist branch met strict wrist-center/orientation/SEW tolerances,,,,,,,,,,,,,,,oracle_inconclusive
1320,tiago_sew,NUMERICAL_FAILURE,tiago_semi_analytic,c96a32d,median-body-4344-torso015-J1-root-zplus020-v4,wrist_center,gripper_grasping_frame,,488.6095999972895,no exact or boundary-refined wrist branch met strict wrist-center/orientation/SEW tolerances,,,,,,,,,,,,,,,oracle_inconclusive
1321,tiago_sew,NUMERICAL_FAILURE,tiago_semi_analytic,c96a32d,median-body-4344-torso015-J1-root-zplus020-v4,wrist_center,gripper_grasping_frame,,486.70520004816353,no exact or boundary-refined wrist branch met strict wrist-center/orientation/SEW tolerances,,,,,,,,,,,,,,,oracle_inconclusive
1322,tiago_sew,NUMERICAL_FAILURE,tiago_semi_analytic,c96a32d,median-body-4344-torso015-J1-root-zplus020-v4,wrist_center,gripper_grasping_frame,,484.41009991802275,no exact or boundary-refined wrist branch met strict wrist-center/orientation/SEW tolerances,,,,,,,,,,,,,,,oracle_inconclusive
1323,tiago_sew,NUMERICAL_FAILURE,tiago_semi_analytic,c96a32d,median-body-4344-torso015-J1-root-zplus020-v4,wrist_center,gripper_grasping_frame,,482.53500007558614,no exact or boundary-refined wrist branch met strict wrist-center/orientation/SEW tolerances,,,,,,,,,,,,,,,oracle_inconclusive
1324,tiago_sew,NUMERICAL_FAILURE,tiago_semi_analytic,c96a32d,median-body-4344-torso015-J1-root-zplus020-v4,wrist_center,gripper_grasping_frame,,480.7771999621764,no exact or boundary-refined wrist branch met strict wrist-center/orientation/SEW tolerances,,,,,,,,,,,,,,,oracle_inconclusive
1325,tiago_sew,NUMERICAL_FAILURE,tiago_semi_analytic,c96a32d,median-body-4344-torso015-J1-root-zplus020-v4,wrist_center,gripper_grasping_frame,,477.897199918516,no exact or boundary-refined wrist branch met strict wrist-center/orientation/SEW tolerances,,,,,,,,,,,,,,,oracle_inconclusive
1326,tiago_sew,NUMERICAL_FAILURE,tiago_semi_analytic,c96a32d,median-body-4344-torso015-J1-root-zplus020-v4,wrist_center,gripper_grasping_frame,,474.6710000326857,no exact or boundary-refined wrist branch met strict wrist-center/orientation/SEW tolerances,,,,,,,,,,,,,,,oracle_inconclusive
1327,tiago_sew,NUMERICAL_FAILURE,tiago_semi_analytic,c96a32d,median-body-4344-torso015-J1-root-zplus020-v4,wrist_center,gripper_grasping_frame,,474.55580008681864,no exact or boundary-refined wrist branch met strict wrist-center/orientation/SEW tolerances,,,,,,,,,,,,,,,oracle_inconclusive
1328,tiago_sew,NUMERICAL_FAILURE,tiago_semi_analytic,c96a32d,median-body-4344-torso015-J1-root-zplus020-v4,wrist_center,gripper_grasping_frame,,471.7798000201583,no exact or boundary-refined wrist branch met strict wrist-center/orientation/SEW tolerances,,,,,,,,,,,,,,,oracle_inconclusive
1329,tiago_sew,NUMERICAL_FAILURE,tiago_semi_analytic,c96a32d,median-body-4344-torso015-J1-root-zplus020-v4,wrist_center,gripper_grasping_frame,,471.18029999546707,no exact or boundary-refined wrist branch met strict wrist-center/orientation/SEW tolerances,,,,,,,,,,,,,,,oracle_inconclusive
1330,tiago_sew,NUMERICAL_FAILURE,tiago_semi_analytic,c96a32d,median-body-4344-torso015-J1-root-zplus020-v4,wrist_center,gripper_grasping_frame,,470.0343000004068,no exact or boundary-refined wrist branch met strict wrist-center/orientation/SEW tolerances,,,,,,,,,,,,,,,oracle_inconclusive
1331,tiago_sew,NUMERICAL_FAILURE,tiago_semi_analytic,c96a32d,median-body-4344-torso015-J1-root-zplus020-v4,wrist_center,gripper_grasping_frame,,470.31670005526394,no exact or boundary-refined wrist branch met strict wrist-center/orientation/SEW tolerances,,,,,,,,,,,,,,,oracle_inconclusive
1332,tiago_sew,NUMERICAL_FAILURE,tiago_semi_analytic,c96a32d,median-body-4344-torso015-J1-root-zplus020-v4,wrist_center,gripper_grasping_frame,,506.78299996070564,no exact or boundary-refined wrist branch met strict wrist-center/orientation/SEW tolerances,,,,,,,,,,,,,,,oracle_inconclusive
1333,tiago_sew,NUMERICAL_FAILURE,tiago_semi_analytic,c96a32d,median-body-4344-torso015-J1-root-zplus020-v4,wrist_center,gripper_grasping_frame,,555.2565000252798,no exact or boundary-refined wrist branch met strict wrist-center/orientation/SEW tolerances,,,,,,,,,,,,,,,oracle_inconclusive
1334,tiago_sew,NUMERICAL_FAILURE,tiago_semi_analytic,c96a32d,median-body-4344-torso015-J1-root-zplus020-v4,wrist_center,gripper_grasping_frame,,765.0809999322519,no exact or boundary-refined wrist branch met strict wrist-center/orientation/SEW tolerances,,,,,,,,,,,,,,,oracle_inconclusive
1335,tiago_sew,NUMERICAL_FAILURE,tiago_semi_analytic,c96a32d,median-body-4344-torso015-J1-root-zplus020-v4,wrist_center,gripper_grasping_frame,,661.3816999597475,no exact or boundary-refined wrist branch met strict wrist-center/orientation/SEW tolerances,,,,,,,,,,,,,,,oracle_inconclusive
1336,tiago_sew,NUMERICAL_FAILURE,tiago_semi_analytic,c96a32d,median-body-4344-torso015-J1-root-zplus020-v4,wrist_center,gripper_grasping_frame,,571.9924001023173,no exact or boundary-refined wrist branch met strict wrist-center/orientation/SEW tolerances,,,,,,,,,,,,,,,oracle_inconclusive
1337,tiago_sew,NUMERICAL_FAILURE,tiago_semi_analytic,c96a32d,median-body-4344-torso015-J1-root-zplus020-v4,wrist_center,gripper_grasping_frame,,608.543699956499,no exact or boundary-refined wrist branch met strict wrist-center/orientation/SEW tolerances,,,,,,,,,,,,,,,oracle_inconclusive
1338,tiago_sew,NUMERICAL_FAILURE,tiago_semi_analytic,c96a32d,median-body-4344-torso015-J1-root-zplus020-v4,wrist_center,gripper_grasping_frame,,269.6206000400707,no exact or boundary-refined wrist branch met strict wrist-center/orientation/SEW tolerances,,,,,,,,,,,,,,,oracle_inconclusive
1339,tiago_sew,NUMERICAL_FAILURE,tiago_semi_analytic,c96a32d,median-body-4344-torso015-J1-root-zplus020-v4,wrist_center,gripper_grasping_frame,,240.77449995093048,no exact or boundary-refined wrist branch met strict wrist-center/orientation/SEW tolerances,,,,,,,,,,,,,,,oracle_inconclusive
1340,tiago_sew,NUMERICAL_FAILURE,tiago_semi_analytic,c96a32d,median-body-4344-torso015-J1-root-zplus020-v4,wrist_center,gripper_grasping_frame,,256.97530002798885,no exact or boundary-refined wrist branch met strict wrist-center/orientation/SEW tolerances,,,,,,,,,,,,,,,oracle_inconclusive
1341,tiago_sew,NUMERICAL_FAILURE,tiago_semi_analytic,c96a32d,median-body-4344-torso015-J1-root-zplus020-v4,wrist_center,gripper_grasping_frame,,292.8063999861479,no exact or boundary-refined wrist branch met strict wrist-center/orientation/SEW tolerances,,,,,,,,,,,,,,,oracle_inconclusive
1342,tiago_sew,NUMERICAL_FAILURE,tiago_semi_analytic,c96a32d,median-body-4344-torso015-J1-root-zplus020-v4,wrist_center,gripper_grasping_frame,,335.30680008698255,no exact or boundary-refined wrist branch met strict wrist-center/orientation/SEW tolerances,,,,,,,,,,,,,,,oracle_inconclusive
1343,tiago_sew,NUMERICAL_FAILURE,tiago_semi_analytic,c96a32d,median-body-4344-torso015-J1-root-zplus020-v4,wrist_center,gripper_grasping_frame,,315.7733000116423,no exact or boundary-refined wrist branch met strict wrist-center/orientation/SEW tolerances,,,,,,,,,,,,,,,oracle_inconclusive
1344,tiago_sew,NUMERICAL_FAILURE,tiago_semi_analytic,c96a32d,median-body-4344-torso015-J1-root-zplus020-v4,wrist_center,gripper_grasping_frame,,315.54660003166646,no exact or boundary-refined wrist branch met strict wrist-center/orientation/SEW tolerances,,,,,,,,,,,,,,,oracle_inconclusive
1345,tiago_sew,NUMERICAL_FAILURE,tiago_semi_analytic,c96a32d,median-body-4344-torso015-J1-root-zplus020-v4,wrist_center,gripper_grasping_frame,,315.66429999656975,no exact or boundary-refined wrist branch met strict wrist-center/orientation/SEW tolerances,,,,,,,,,,,,,,,oracle_inconclusive
1346,tiago_sew,NUMERICAL_FAILURE,tiago_semi_analytic,c96a32d,median-body-4344-torso015-J1-root-zplus020-v4,wrist_center,gripper_grasping_frame,,289.9544999236241,no exact or boundary-refined wrist branch met strict wrist-center/orientation/SEW tolerances,,,,,,,,,,,,,,,oracle_inconclusive
1347,tiago_sew,NUMERICAL_FAILURE,tiago_semi_analytic,c96a32d,median-body-4344-torso015-J1-root-zplus020-v4,wrist_center,gripper_grasping_frame,,267.11330004036427,no exact or boundary-refined wrist branch met strict wrist-center/orientation/SEW tolerances,,,,,,,,,,,,,,,oracle_inconclusive
1348,tiago_sew,NUMERICAL_FAILURE,tiago_semi_analytic,c96a32d,median-body-4344-torso015-J1-root-zplus020-v4,wrist_center,gripper_grasping_frame,,240.69730006158352,no exact or boundary-refined wrist branch met strict wrist-center/orientation/SEW tolerances,,,,,,,,,,,,,,,oracle_inconclusive
1349,tiago_sew,NUMERICAL_FAILURE,tiago_semi_analytic,c96a32d,median-body-4344-torso015-J1-root-zplus020-v4,wrist_center,gripper_grasping_frame,,242.60489991866052,no exact or boundary-refined wrist branch met strict wrist-center/orientation/SEW tolerances,,,,,,,,,,,,,,,oracle_inconclusive
1350,tiago_sew,NUMERICAL_FAILURE,tiago_semi_analytic,c96a32d,median-body-4344-torso015-J1-root-zplus020-v4,wrist_center,gripper_grasping_frame,,249.80600003618747,no exact or boundary-refined wrist branch met strict wrist-center/orientation/SEW tolerances,,,,,,,,,,,,,,,oracle_inconclusive
1351,tiago_sew,NUMERICAL_FAILURE,tiago_semi_analytic,c96a32d,median-body-4344-torso015-J1-root-zplus020-v4,wrist_center,gripper_grasping_frame,,266.402899986133,no exact or boundary-refined wrist branch met strict wrist-center/orientation/SEW tolerances,,,,,,,,,,,,,,,oracle_inconclusive
1352,tiago_sew,NUMERICAL_FAILURE,tiago_semi_analytic,c96a32d,median-body-4344-torso015-J1-root-zplus020-v4,wrist_center,gripper_grasping_frame,,260.4481000453234,no exact or boundary-refined wrist branch met strict wrist-center/orientation/SEW tolerances,,,,,,,,,,,,,,,oracle_inconclusive
1353,tiago_sew,NUMERICAL_FAILURE,tiago_semi_analytic,c96a32d,median-body-4344-torso015-J1-root-zplus020-v4,wrist_center,gripper_grasping_frame,,265.06260002497584,no exact or boundary-refined wrist branch met strict wrist-center/orientation/SEW tolerances,,,,,,,,,,,,,,,oracle_inconclusive
1354,tiago_sew,NUMERICAL_FAILURE,tiago_semi_analytic,c96a32d,median-body-4344-torso015-J1-root-zplus020-v4,wrist_center,gripper_grasping_frame,,270.10739990510046,no exact or boundary-refined wrist branch met strict wrist-center/orientation/SEW tolerances,,,,,,,,,,,,,,,oracle_inconclusive
1355,tiago_sew,NUMERICAL_FAILURE,tiago_semi_analytic,c96a32d,median-body-4344-torso015-J1-root-zplus020-v4,wrist_center,gripper_grasping_frame,,292.08349995315075,no exact or boundary-refined wrist branch met strict wrist-center/orientation/SEW tolerances,,,,,,,,,,,,,,,oracle_inconclusive
1356,tiago_sew,NUMERICAL_FAILURE,tiago_semi_analytic,c96a32d,median-body-4344-torso015-J1-root-zplus020-v4,wrist_center,gripper_grasping_frame,,289.41450000274926,no exact or boundary-refined wrist branch met strict wrist-center/orientation/SEW tolerances,,,,,,,,,,,,,,,oracle_inconclusive
1357,tiago_sew,NUMERICAL_FAILURE,tiago_semi_analytic,c96a32d,median-body-4344-torso015-J1-root-zplus020-v4,wrist_center,gripper_grasping_frame,,292.3868000507355,no exact or boundary-refined wrist branch met strict wrist-center/orientation/SEW tolerances,,,,,,,,,,,,,,,oracle_inconclusive
1358,tiago_sew,NUMERICAL_FAILURE,tiago_semi_analytic,c96a32d,median-body-4344-torso015-J1-root-zplus020-v4,wrist_center,gripper_grasping_frame,,295.2250000089407,no exact or boundary-refined wrist branch met strict wrist-center/orientation/SEW tolerances,,,,,,,,,,,,,,,oracle_inconclusive
1359,tiago_sew,NUMERICAL_FAILURE,tiago_semi_analytic,c96a32d,median-body-4344-torso015-J1-root-zplus020-v4,wrist_center,gripper_grasping_frame,,305.5667000589892,no exact or boundary-refined wrist branch met strict wrist-center/orientation/SEW tolerances,,,,,,,,,,,,,,,oracle_inconclusive
1360,tiago_sew,NUMERICAL_FAILURE,tiago_semi_analytic,c96a32d,median-body-4344-torso015-J1-root-zplus020-v4,wrist_center,gripper_grasping_frame,,319.1368000116199,no exact or boundary-refined wrist branch met strict wrist-center/orientation/SEW tolerances,,,,,,,,,,,,,,,oracle_inconclusive
1361,tiago_sew,NUMERICAL_FAILURE,tiago_semi_analytic,c96a32d,median-body-4344-torso015-J1-root-zplus020-v4,wrist_center,gripper_grasping_frame,,328.420199919492,no exact or boundary-refined wrist branch met strict wrist-center/orientation/SEW tolerances,,,,,,,,,,,,,,,oracle_inconclusive
1362,tiago_sew,NUMERICAL_FAILURE,tiago_semi_analytic,c96a32d,median-body-4344-torso015-J1-root-zplus020-v4,wrist_center,gripper_grasping_frame,,352.0915999542922,no exact or boundary-refined wrist branch met strict wrist-center/orientation/SEW tolerances,,,,,,,,,,,,,,,oracle_inconclusive
1363,tiago_sew,NUMERICAL_FAILURE,tiago_semi_analytic,c96a32d,median-body-4344-torso015-J1-root-zplus020-v4,wrist_center,gripper_grasping_frame,,343.2520000496879,no exact or boundary-refined wrist branch met strict wrist-center/orientation/SEW tolerances,,,,,,,,,,,,,,,oracle_inconclusive
1364,tiago_sew,NUMERICAL_FAILURE,tiago_semi_analytic,c96a32d,median-body-4344-torso015-J1-root-zplus020-v4,wrist_center,gripper_grasping_frame,,353.7355000153184,no exact or boundary-refined wrist branch met strict wrist-center/orientation/SEW tolerances,,,,,,,,,,,,,,,oracle_inconclusive
1365,tiago_sew,NUMERICAL_FAILURE,tiago_semi_analytic,c96a32d,median-body-4344-torso015-J1-root-zplus020-v4,wrist_center,gripper_grasping_frame,,332.94640004169196,no exact or boundary-refined wrist branch met strict wrist-center/orientation/SEW tolerances,,,,,,,,,,,,,,,oracle_inconclusive
1366,tiago_sew,NUMERICAL_FAILURE,tiago_semi_analytic,c96a32d,median-body-4344-torso015-J1-root-zplus020-v4,wrist_center,gripper_grasping_frame,,336.11929998733103,no exact or boundary-refined wrist branch met strict wrist-center/orientation/SEW tolerances,,,,,,,,,,,,,,,oracle_inconclusive
1367,tiago_sew,NUMERICAL_FAILURE,tiago_semi_analytic,c96a32d,median-body-4344-torso015-J1-root-zplus020-v4,wrist_center,gripper_grasping_frame,,323.9921999629587,no exact or boundary-refined wrist branch met strict wrist-center/orientation/SEW tolerances,,,,,,,,,,,,,,,oracle_inconclusive
1368,tiago_sew,NUMERICAL_FAILURE,tiago_semi_analytic,c96a32d,median-body-4344-torso015-J1-root-zplus020-v4,wrist_center,gripper_grasping_frame,,332.4864999158308,no exact or boundary-refined wrist branch met strict wrist-center/orientation/SEW tolerances,,,,,,,,,,,,,,,oracle_inconclusive
1369,tiago_sew,NUMERICAL_FAILURE,tiago_semi_analytic,c96a32d,median-body-4344-torso015-J1-root-zplus020-v4,wrist_center,gripper_grasping_frame,,306.9991000229493,no exact or boundary-refined wrist branch met strict wrist-center/orientation/SEW tolerances,,,,,,,,,,,,,,,oracle_inconclusive
1370,tiago_sew,NUMERICAL_FAILURE,tiago_semi_analytic,c96a32d,median-body-4344-torso015-J1-root-zplus020-v4,wrist_center,gripper_grasping_frame,,300.2531999954954,no exact or boundary-refined wrist branch met strict wrist-center/orientation/SEW tolerances,,,,,,,,,,,,,,,oracle_inconclusive
1371,tiago_sew,NUMERICAL_FAILURE,tiago_semi_analytic,c96a32d,median-body-4344-torso015-J1-root-zplus020-v4,wrist_center,gripper_grasping_frame,,291.43869993276894,no exact or boundary-refined wrist branch met strict wrist-center/orientation/SEW tolerances,,,,,,,,,,,,,,,oracle_inconclusive
1372,tiago_sew,NUMERICAL_FAILURE,tiago_semi_analytic,c96a32d,median-body-4344-torso015-J1-root-zplus020-v4,wrist_center,gripper_grasping_frame,,279.1088999947533,no exact or boundary-refined wrist branch met strict wrist-center/orientation/SEW tolerances,,,,,,,,,,,,,,,oracle_inconclusive
1373,tiago_sew,NUMERICAL_FAILURE,tiago_semi_analytic,c96a32d,median-body-4344-torso015-J1-root-zplus020-v4,wrist_center,gripper_grasping_frame,,271.8929999973625,no exact or boundary-refined wrist branch met strict wrist-center/orientation/SEW tolerances,,,,,,,,,,,,,,,oracle_inconclusive
1374,tiago_sew,NUMERICAL_FAILURE,tiago_semi_analytic,c96a32d,median-body-4344-torso015-J1-root-zplus020-v4,wrist_center,gripper_grasping_frame,,267.97759998589754,no exact or boundary-refined wrist branch met strict wrist-center/orientation/SEW tolerances,,,,,,,,,,,,,,,oracle_inconclusive
1375,tiago_sew,NUMERICAL_FAILURE,tiago_semi_analytic,c96a32d,median-body-4344-torso015-J1-root-zplus020-v4,wrist_center,gripper_grasping_frame,,273.96000002045184,no exact or boundary-refined wrist branch met strict wrist-center/orientation/SEW tolerances,,,,,,,,,,,,,,,oracle_inconclusive
1376,tiago_sew,NUMERICAL_FAILURE,tiago_semi_analytic,c96a32d,median-body-4344-torso015-J1-root-zplus020-v4,wrist_center,gripper_grasping_frame,,253.80679999943823,no exact or boundary-refined wrist branch met strict wrist-center/orientation/SEW tolerances,,,,,,,,,,,,,,,oracle_inconclusive
1377,tiago_sew,NUMERICAL_FAILURE,tiago_semi_analytic,c96a32d,median-body-4344-torso015-J1-root-zplus020-v4,wrist_center,gripper_grasping_frame,,251.8043000018224,no exact or boundary-refined wrist branch met strict wrist-center/orientation/SEW tolerances,,,,,,,,,,,,,,,oracle_inconclusive
1378,tiago_sew,NUMERICAL_FAILURE,tiago_semi_analytic,c96a32d,median-body-4344-torso015-J1-root-zplus020-v4,wrist_center,gripper_grasping_frame,,238.82990004494786,no exact or boundary-refined wrist branch met strict wrist-center/orientation/SEW tolerances,,,,,,,,,,,,,,,oracle_inconclusive
1379,tiago_sew,NUMERICAL_FAILURE,tiago_semi_analytic,c96a32d,median-body-4344-torso015-J1-root-zplus020-v4,wrist_center,gripper_grasping_frame,,229.75609998684376,no exact or boundary-refined wrist branch met strict wrist-center/orientation/SEW tolerances,,,,,,,,,,,,,,,oracle_inconclusive
1380,tiago_sew,NUMERICAL_FAILURE,tiago_semi_analytic,c96a32d,median-body-4344-torso015-J1-root-zplus020-v4,wrist_center,gripper_grasping_frame,,225.59410007670522,no exact or boundary-refined wrist branch met strict wrist-center/orientation/SEW tolerances,,,,,,,,,,,,,,,oracle_inconclusive
1381,tiago_sew,NUMERICAL_FAILURE,tiago_semi_analytic,c96a32d,median-body-4344-torso015-J1-root-zplus020-v4,wrist_center,gripper_grasping_frame,,215.42759996373206,no exact or boundary-refined wrist branch met strict wrist-center/orientation/SEW tolerances,,,,,,,,,,,,,,,oracle_inconclusive
1382,tiago_sew,NUMERICAL_FAILURE,tiago_semi_analytic,c96a32d,median-body-4344-torso015-J1-root-zplus020-v4,wrist_center,gripper_grasping_frame,,210.98470001015812,no exact or boundary-refined wrist branch met strict wrist-center/orientation/SEW tolerances,,,,,,,,,,,,,,,oracle_inconclusive
1383,tiago_sew,NUMERICAL_FAILURE,tiago_semi_analytic,c96a32d,median-body-4344-torso015-J1-root-zplus020-v4,wrist_center,gripper_grasping_frame,,207.98910001758486,no exact or boundary-refined wrist branch met strict wrist-center/orientation/SEW tolerances,,,,,,,,,,,,,,,oracle_inconclusive
1384,tiago_sew,NUMERICAL_FAILURE,tiago_semi_analytic,c96a32d,median-body-4344-torso015-J1-root-zplus020-v4,wrist_center,gripper_grasping_frame,,215.81829991191626,no exact or boundary-refined wrist branch met strict wrist-center/orientation/SEW tolerances,,,,,,,,,,,,,,,oracle_inconclusive
1385,tiago_sew,NUMERICAL_FAILURE,tiago_semi_analytic,c96a32d,median-body-4344-torso015-J1-root-zplus020-v4,wrist_center,gripper_grasping_frame,,192.98069993965328,no exact or boundary-refined wrist branch met strict wrist-center/orientation/SEW tolerances,,,,,,,,,,,,,,,oracle_inconclusive
1386,tiago_sew,NUMERICAL_FAILURE,tiago_semi_analytic,c96a32d,median-body-4344-torso015-J1-root-zplus020-v4,wrist_center,gripper_grasping_frame,,196.47670001722872,no exact or boundary-refined wrist branch met strict wrist-center/orientation/SEW tolerances,,,,,,,,,,,,,,,oracle_inconclusive
1387,tiago_sew,NUMERICAL_FAILURE,tiago_semi_analytic,c96a32d,median-body-4344-torso015-J1-root-zplus020-v4,wrist_center,gripper_grasping_frame,,220.8290999988094,no exact or boundary-refined wrist branch met strict wrist-center/orientation/SEW tolerances,,,,,,,,,,,,,,,oracle_inconclusive
1388,tiago_sew,NUMERICAL_FAILURE,tiago_semi_analytic,c96a32d,median-body-4344-torso015-J1-root-zplus020-v4,wrist_center,gripper_grasping_frame,,209.8107000347227,no exact or boundary-refined wrist branch met strict wrist-center/orientation/SEW tolerances,,,,,,,,,,,,,,,oracle_inconclusive
1389,tiago_sew,NUMERICAL_FAILURE,tiago_semi_analytic,c96a32d,median-body-4344-torso015-J1-root-zplus020-v4,wrist_center,gripper_grasping_frame,,184.88489999435842,no exact or boundary-refined wrist branch met strict wrist-center/orientation/SEW tolerances,,,,,,,,,,,,,,,oracle_inconclusive
1390,tiago_sew,NUMERICAL_FAILURE,tiago_semi_analytic,c96a32d,median-body-4344-torso015-J1-root-zplus020-v4,wrist_center,gripper_grasping_frame,,187.0322999311611,no exact or boundary-refined wrist branch met strict wrist-center/orientation/SEW tolerances,,,,,,,,,,,,,,,oracle_inconclusive
1391,tiago_sew,NUMERICAL_FAILURE,tiago_semi_analytic,c96a32d,median-body-4344-torso015-J1-root-zplus020-v4,wrist_center,gripper_grasping_frame,,284.67309998814017,no exact or boundary-refined wrist branch met strict wrist-center/orientation/SEW tolerances,,,,,,,,,,,,,,,oracle_inconclusive
1392,tiago_sew,SUCCESS_EXACT,tiago_semi_analytic,c96a32d,median-body-4344-torso015-J1-root-zplus020-v4,wrist_center,gripper_grasping_frame,seed-0-wrist-0,5.485400091856718,,1.1964888894765058,-0.34502714770579107,-2.068422391256252,2.3469693455635414,0.5535369546482136,-0.35295424866647274,-2.0629744713863687,2.2750559812924036e-10,5.572923812939296e-14,1.732766190461324e-11,0.5283045835576428,0.33621286159942765,0.3202603422052708,0.9906161084331574,reachable_success
1393,tiago_sew,SUCCESS_EXACT,tiago_semi_analytic,c96a32d,median-body-4344-torso015-J1-root-zplus020-v4,wrist_center,gripper_grasping_frame,seed-0-wrist-0,4.456699942238629,,1.2102576399224387,-0.3260050606341606,-2.0726703768128436,2.3287549844947066,0.574079566880004,-0.3475569792181523,-2.0738803566925883,1.4078945623743786e-12,2.7314091141153776e-14,3.562221243239139e-13,1.1756889586285455,0.33794540420700003,0.32594699816621,0.9943122237724894,reachable_success
1394,tiago_sew,SUCCESS_EXACT,tiago_semi_analytic,c96a32d,median-body-4344-torso015-J1-root-zplus020-v4,wrist_center,gripper_grasping_frame,seed-0-wrist-0,4.556200001388788,,1.2243645955981692,-0.3078657176292467,-2.0771984545313766,2.3104237053127212,0.5930080159571016,-0.3437541619830906,-2.087343917879161,2.496922188609481e-12,3.521701957576495e-14,3.3077768687220577e-13,0.40428372542179186,0.3395480940394557,0.33172269220381434,0.9979714307997174,reachable_success
1395,tiago_sew,SUCCESS_EXACT,tiago_semi_analytic,c96a32d,median-body-4344-torso015-J1-root-zplus020-v4,wrist_center,gripper_grasping_frame,seed-0-wrist-0-boundary,235.83040002267808,,1.2376368921494334,-0.29016231626604855,-2.0799281174545494,2.2926926496687305,0.6047289305313026,-0.3395941960304726,-2.0943999999999994,0.317683025508247,0.14631741956384017,0.08136355214865926,2.5444437451708134e-14,0.34134796167231635,0.33774392148662474,1.001020399806088,reachable_success
1396,tiago_sew,SUCCESS_EXACT,tiago_semi_analytic,c96a32d,median-body-4344-torso015-J1-root-zplus020-v4,wrist_center,gripper_grasping_frame,seed-5-wrist-0-boundary,223.86629995889962,,1.2516604314584667,-0.27482089567896545,-2.085104489757965,2.2739435801152794,0.6103114183684584,-0.34160303657011926,-2.0943999999999994,0.5562076768124581,0.2590898446060193,0.14495644171041672,2.5444437451708134e-14,0.343403754530701,0.34382040919752177,1.0038527536266504,reachable_success
1397,tiago_sew,NUMERICAL_FAILURE,tiago_semi_analytic,c96a32d,median-body-4344-torso015-J1-root-zplus020-v4,wrist_center,gripper_grasping_frame,,231.06540006119758,no exact or boundary-refined wrist branch met strict wrist-center/orientation/SEW tolerances,,,,,,,,,,,,,,,oracle_inconclusive
1398,tiago_sew,NUMERICAL_FAILURE,tiago_semi_analytic,c96a32d,median-body-4344-torso015-J1-root-zplus020-v4,wrist_center,gripper_grasping_frame,,218.7101999297738,no exact or boundary-refined wrist branch met strict wrist-center/orientation/SEW tolerances,,,,,,,,,,,,,,,oracle_inconclusive
1399,tiago_sew,NUMERICAL_FAILURE,tiago_semi_analytic,c96a32d,median-body-4344-torso015-J1-root-zplus020-v4,wrist_center,gripper_grasping_frame,,215.62489995267242,no exact or boundary-refined wrist branch met strict wrist-center/orientation/SEW tolerances,,,,,,,,,,,,,,,oracle_inconclusive
1400,tiago_sew,NUMERICAL_FAILURE,tiago_semi_analytic,c96a32d,median-body-4344-torso015-J1-root-zplus020-v4,wrist_center,gripper_grasping_frame,,217.05600002314895,no exact or boundary-refined wrist branch met strict wrist-center/orientation/SEW tolerances,,,,,,,,,,,,,,,oracle_inconclusive
1401,tiago_sew,NUMERICAL_FAILURE,tiago_semi_analytic,c96a32d,median-body-4344-torso015-J1-root-zplus020-v4,wrist_center,gripper_grasping_frame,,206.2326999148354,no exact or boundary-refined wrist branch met strict wrist-center/orientation/SEW tolerances,,,,,,,,,,,,,,,oracle_inconclusive
1402,tiago_sew,NUMERICAL_FAILURE,tiago_semi_analytic,c96a32d,median-body-4344-torso015-J1-root-zplus020-v4,wrist_center,gripper_grasping_frame,,214.3732999684289,no exact or boundary-refined wrist branch met strict wrist-center/orientation/SEW tolerances,,,,,,,,,,,,,,,oracle_inconclusive
1403,tiago_sew,NUMERICAL_FAILURE,tiago_semi_analytic,c96a32d,median-body-4344-torso015-J1-root-zplus020-v4,wrist_center,gripper_grasping_frame,,221.35789995081723,no exact or boundary-refined wrist branch met strict wrist-center/orientation/SEW tolerances,,,,,,,,,,,,,,,oracle_inconclusive
1404,tiago_sew,NUMERICAL_FAILURE,tiago_semi_analytic,c96a32d,median-body-4344-torso015-J1-root-zplus020-v4,wrist_center,gripper_grasping_frame,,441.0553000634536,no exact or boundary-refined wrist branch met strict wrist-center/orientation/SEW tolerances,,,,,,,,,,,,,,,oracle_inconclusive
1405,tiago_sew,NUMERICAL_FAILURE,tiago_semi_analytic,c96a32d,median-body-4344-torso015-J1-root-zplus020-v4,wrist_center,gripper_grasping_frame,,455.43800003360957,no exact or boundary-refined wrist branch met strict wrist-center/orientation/SEW tolerances,,,,,,,,,,,,,,,oracle_inconclusive
1406,tiago_sew,NUMERICAL_FAILURE,tiago_semi_analytic,c96a32d,median-body-4344-torso015-J1-root-zplus020-v4,wrist_center,gripper_grasping_frame,,431.6681999480352,no exact or boundary-refined wrist branch met strict wrist-center/orientation/SEW tolerances,,,,,,,,,,,,,,,oracle_inconclusive
1407,tiago_sew,NUMERICAL_FAILURE,tiago_semi_analytic,c96a32d,median-body-4344-torso015-J1-root-zplus020-v4,wrist_center,gripper_grasping_frame,,438.3875000057742,no exact or boundary-refined wrist branch met strict wrist-center/orientation/SEW tolerances,,,,,,,,,,,,,,,oracle_inconclusive
1408,tiago_sew,NUMERICAL_FAILURE,tiago_semi_analytic,c96a32d,median-body-4344-torso015-J1-root-zplus020-v4,wrist_center,gripper_grasping_frame,,428.7301000440493,no exact or boundary-refined wrist branch met strict wrist-center/orientation/SEW tolerances,,,,,,,,,,,,,,,oracle_inconclusive
1409,tiago_sew,NUMERICAL_FAILURE,tiago_semi_analytic,c96a32d,median-body-4344-torso015-J1-root-zplus020-v4,wrist_center,gripper_grasping_frame,,314.9360000388697,no exact or boundary-refined wrist branch met strict wrist-center/orientation/SEW tolerances,,,,,,,,,,,,,,,oracle_inconclusive
1410,tiago_sew,NUMERICAL_FAILURE,tiago_semi_analytic,c96a32d,median-body-4344-torso015-J1-root-zplus020-v4,wrist_center,gripper_grasping_frame,,456.0211000498384,no exact or boundary-refined wrist branch met strict wrist-center/orientation/SEW tolerances,,,,,,,,,,,,,,,oracle_inconclusive
1411,tiago_sew,NUMERICAL_FAILURE,tiago_semi_analytic,c96a32d,median-body-4344-torso015-J1-root-zplus020-v4,wrist_center,gripper_grasping_frame,,421.7542000114918,no exact or boundary-refined wrist branch met strict wrist-center/orientation/SEW tolerances,,,,,,,,,,,,,,,oracle_inconclusive
1412,tiago_sew,NUMERICAL_FAILURE,tiago_semi_analytic,c96a32d,median-body-4344-torso015-J1-root-zplus020-v4,wrist_center,gripper_grasping_frame,,417.68989991396666,no exact or boundary-refined wrist branch met strict wrist-center/orientation/SEW tolerances,,,,,,,,,,,,,,,oracle_inconclusive
1413,tiago_sew,NUMERICAL_FAILURE,tiago_semi_analytic,c96a32d,median-body-4344-torso015-J1-root-zplus020-v4,wrist_center,gripper_grasping_frame,,416.2351000122726,no exact or boundary-refined wrist branch met strict wrist-center/orientation/SEW tolerances,,,,,,,,,,,,,,,oracle_inconclusive
1414,tiago_sew,NUMERICAL_FAILURE,tiago_semi_analytic,c96a32d,median-body-4344-torso015-J1-root-zplus020-v4,wrist_center,gripper_grasping_frame,,415.87070003151894,no exact or boundary-refined wrist branch met strict wrist-center/orientation/SEW tolerances,,,,,,,,,,,,,,,oracle_inconclusive
1415,tiago_sew,NUMERICAL_FAILURE,tiago_semi_analytic,c96a32d,median-body-4344-torso015-J1-root-zplus020-v4,wrist_center,gripper_grasping_frame,,417.3697999212891,no exact or boundary-refined wrist branch met strict wrist-center/orientation/SEW tolerances,,,,,,,,,,,,,,,oracle_inconclusive
1416,tiago_sew,NUMERICAL_FAILURE,tiago_semi_analytic,c96a32d,median-body-4344-torso015-J1-root-zplus020-v4,wrist_center,gripper_grasping_frame,,418.60649990849197,no exact or boundary-refined wrist branch met strict wrist-center/orientation/SEW tolerances,,,,,,,,,,,,,,,oracle_inconclusive
1417,tiago_sew,NUMERICAL_FAILURE,tiago_semi_analytic,c96a32d,median-body-4344-torso015-J1-root-zplus020-v4,wrist_center,gripper_grasping_frame,,407.0049000438303,no exact or boundary-refined wrist branch met strict wrist-center/orientation/SEW tolerances,,,,,,,,,,,,,,,oracle_inconclusive
1418,tiago_sew,NUMERICAL_FAILURE,tiago_semi_analytic,c96a32d,median-body-4344-torso015-J1-root-zplus020-v4,wrist_center,gripper_grasping_frame,,414.8965999484062,no exact or boundary-refined wrist branch met strict wrist-center/orientation/SEW tolerances,,,,,,,,,,,,,,,oracle_inconclusive
1419,tiago_sew,NUMERICAL_FAILURE,tiago_semi_analytic,c96a32d,median-body-4344-torso015-J1-root-zplus020-v4,wrist_center,gripper_grasping_frame,,417.72809997200966,no exact or boundary-refined wrist branch met strict wrist-center/orientation/SEW tolerances,,,,,,,,,,,,,,,oracle_inconclusive
1420,tiago_sew,NUMERICAL_FAILURE,tiago_semi_analytic,c96a32d,median-body-4344-torso015-J1-root-zplus020-v4,wrist_center,gripper_grasping_frame,,417.3405999317765,no exact or boundary-refined wrist branch met strict wrist-center/orientation/SEW tolerances,,,,,,,,,,,,,,,oracle_inconclusive
1421,tiago_sew,NUMERICAL_FAILURE,tiago_semi_analytic,c96a32d,median-body-4344-torso015-J1-root-zplus020-v4,wrist_center,gripper_grasping_frame,,420.591100002639,no exact or boundary-refined wrist branch met strict wrist-center/orientation/SEW tolerances,,,,,,,,,,,,,,,oracle_inconclusive
1422,tiago_sew,NUMERICAL_FAILURE,tiago_semi_analytic,c96a32d,median-body-4344-torso015-J1-root-zplus020-v4,wrist_center,gripper_grasping_frame,,413.68170001078397,no exact or boundary-refined wrist branch met strict wrist-center/orientation/SEW tolerances,,,,,,,,,,,,,,,oracle_inconclusive
1423,tiago_sew,NUMERICAL_FAILURE,tiago_semi_analytic,c96a32d,median-body-4344-torso015-J1-root-zplus020-v4,wrist_center,gripper_grasping_frame,,420.985099975951,no exact or boundary-refined wrist branch met strict wrist-center/orientation/SEW tolerances,,,,,,,,,,,,,,,oracle_inconclusive
1424,tiago_sew,NUMERICAL_FAILURE,tiago_semi_analytic,c96a32d,median-body-4344-torso015-J1-root-zplus020-v4,wrist_center,gripper_grasping_frame,,436.5663999924436,no exact or boundary-refined wrist branch met strict wrist-center/orientation/SEW tolerances,,,,,,,,,,,,,,,oracle_inconclusive
1425,tiago_sew,NUMERICAL_FAILURE,tiago_semi_analytic,c96a32d,median-body-4344-torso015-J1-root-zplus020-v4,wrist_center,gripper_grasping_frame,,428.03230008576065,no exact or boundary-refined wrist branch met strict wrist-center/orientation/SEW tolerances,,,,,,,,,,,,,,,oracle_inconclusive
1426,tiago_sew,NUMERICAL_FAILURE,tiago_semi_analytic,c96a32d,median-body-4344-torso015-J1-root-zplus020-v4,wrist_center,gripper_grasping_frame,,412.4184000538662,no exact or boundary-refined wrist branch met strict wrist-center/orientation/SEW tolerances,,,,,,,,,,,,,,,oracle_inconclusive
1427,tiago_sew,NUMERICAL_FAILURE,tiago_semi_analytic,c96a32d,median-body-4344-torso015-J1-root-zplus020-v4,wrist_center,gripper_grasping_frame,,412.0837999507785,no exact or boundary-refined wrist branch met strict wrist-center/orientation/SEW tolerances,,,,,,,,,,,,,,,oracle_inconclusive
1428,tiago_sew,NUMERICAL_FAILURE,tiago_semi_analytic,c96a32d,median-body-4344-torso015-J1-root-zplus020-v4,wrist_center,gripper_grasping_frame,,383.6326999589801,no exact or boundary-refined wrist branch met strict wrist-center/orientation/SEW tolerances,,,,,,,,,,,,,,,oracle_inconclusive
1429,tiago_sew,NUMERICAL_FAILURE,tiago_semi_analytic,c96a32d,median-body-4344-torso015-J1-root-zplus020-v4,wrist_center,gripper_grasping_frame,,425.67350005265325,no exact or boundary-refined wrist branch met strict wrist-center/orientation/SEW tolerances,,,,,,,,,,,,,,,oracle_inconclusive
1430,tiago_sew,NUMERICAL_FAILURE,tiago_semi_analytic,c96a32d,median-body-4344-torso015-J1-root-zplus020-v4,wrist_center,gripper_grasping_frame,,432.10410000756383,no exact or boundary-refined wrist branch met strict wrist-center/orientation/SEW tolerances,,,,,,,,,,,,,,,oracle_inconclusive
1431,tiago_sew,NUMERICAL_FAILURE,tiago_semi_analytic,c96a32d,median-body-4344-torso015-J1-root-zplus020-v4,wrist_center,gripper_grasping_frame,,422.7591999806464,no exact or boundary-refined wrist branch met strict wrist-center/orientation/SEW tolerances,,,,,,,,,,,,,,,oracle_inconclusive
1432,tiago_sew,NUMERICAL_FAILURE,tiago_semi_analytic,c96a32d,median-body-4344-torso015-J1-root-zplus020-v4,wrist_center,gripper_grasping_frame,,303.81329997908324,no exact or boundary-refined wrist branch met strict wrist-center/orientation/SEW tolerances,,,,,,,,,,,,,,,oracle_inconclusive
1433,tiago_sew,NUMERICAL_FAILURE,tiago_semi_analytic,c96a32d,median-body-4344-torso015-J1-root-zplus020-v4,wrist_center,gripper_grasping_frame,,377.10070004686713,no exact or boundary-refined wrist branch met strict wrist-center/orientation/SEW tolerances,,,,,,,,,,,,,,,oracle_inconclusive
1434,tiago_sew,NUMERICAL_FAILURE,tiago_semi_analytic,c96a32d,median-body-4344-torso015-J1-root-zplus020-v4,wrist_center,gripper_grasping_frame,,364.4302000757307,no exact or boundary-refined wrist branch met strict wrist-center/orientation/SEW tolerances,,,,,,,,,,,,,,,oracle_inconclusive
1435,tiago_sew,NUMERICAL_FAILURE,tiago_semi_analytic,c96a32d,median-body-4344-torso015-J1-root-zplus020-v4,wrist_center,gripper_grasping_frame,,344.2929000593722,no exact or boundary-refined wrist branch met strict wrist-center/orientation/SEW tolerances,,,,,,,,,,,,,,,oracle_inconclusive
1436,tiago_sew,NUMERICAL_FAILURE,tiago_semi_analytic,c96a32d,median-body-4344-torso015-J1-root-zplus020-v4,wrist_center,gripper_grasping_frame,,407.8676999779418,no exact or boundary-refined wrist branch met strict wrist-center/orientation/SEW tolerances,,,,,,,,,,,,,,,oracle_inconclusive
1437,tiago_sew,NUMERICAL_FAILURE,tiago_semi_analytic,c96a32d,median-body-4344-torso015-J1-root-zplus020-v4,wrist_center,gripper_grasping_frame,,433.89669992029667,no exact or boundary-refined wrist branch met strict wrist-center/orientation/SEW tolerances,,,,,,,,,,,,,,,oracle_inconclusive
1438,tiago_sew,NUMERICAL_FAILURE,tiago_semi_analytic,c96a32d,median-body-4344-torso015-J1-root-zplus020-v4,wrist_center,gripper_grasping_frame,,360.0290999747813,no exact or boundary-refined wrist branch met strict wrist-center/orientation/SEW tolerances,,,,,,,,,,,,,,,oracle_inconclusive
1439,tiago_sew,NUMERICAL_FAILURE,tiago_semi_analytic,c96a32d,median-body-4344-torso015-J1-root-zplus020-v4,wrist_center,gripper_grasping_frame,,370.7060000160709,no exact or boundary-refined wrist branch met strict wrist-center/orientation/SEW tolerances,,,,,,,,,,,,,,,oracle_inconclusive
1440,tiago_sew,NUMERICAL_FAILURE,tiago_semi_analytic,c96a32d,median-body-4344-torso015-J1-root-zplus020-v4,wrist_center,gripper_grasping_frame,,448.1789000565186,no exact or boundary-refined wrist branch met strict wrist-center/orientation/SEW tolerances,,,,,,,,,,,,,,,oracle_inconclusive
1441,tiago_sew,NUMERICAL_FAILURE,tiago_semi_analytic,c96a32d,median-body-4344-torso015-J1-root-zplus020-v4,wrist_center,gripper_grasping_frame,,425.8492999942973,no exact or boundary-refined wrist branch met strict wrist-center/orientation/SEW tolerances,,,,,,,,,,,,,,,oracle_inconclusive
1442,tiago_sew,NUMERICAL_FAILURE,tiago_semi_analytic,c96a32d,median-body-4344-torso015-J1-root-zplus020-v4,wrist_center,gripper_grasping_frame,,372.2545000491664,no exact or boundary-refined wrist branch met strict wrist-center/orientation/SEW tolerances,,,,,,,,,,,,,,,oracle_inconclusive
1443,tiago_sew,NUMERICAL_FAILURE,tiago_semi_analytic,c96a32d,median-body-4344-torso015-J1-root-zplus020-v4,wrist_center,gripper_grasping_frame,,370.3474000794813,no exact or boundary-refined wrist branch met strict wrist-center/orientation/SEW tolerances,,,,,,,,,,,,,,,oracle_inconclusive
1444,tiago_sew,NUMERICAL_FAILURE,tiago_semi_analytic,c96a32d,median-body-4344-torso015-J1-root-zplus020-v4,wrist_center,gripper_grasping_frame,,406.18629998061806,no exact or boundary-refined wrist branch met strict wrist-center/orientation/SEW tolerances,,,,,,,,,,,,,,,oracle_inconclusive
1445,tiago_sew,NUMERICAL_FAILURE,tiago_semi_analytic,c96a32d,median-body-4344-torso015-J1-root-zplus020-v4,wrist_center,gripper_grasping_frame,,433.5925999330357,no exact or boundary-refined wrist branch met strict wrist-center/orientation/SEW tolerances,,,,,,,,,,,,,,,oracle_inconclusive
1446,tiago_sew,NUMERICAL_FAILURE,tiago_semi_analytic,c96a32d,median-body-4344-torso015-J1-root-zplus020-v4,wrist_center,gripper_grasping_frame,,429.1582000441849,no exact or boundary-refined wrist branch met strict wrist-center/orientation/SEW tolerances,,,,,,,,,,,,,,,oracle_inconclusive
1447,tiago_sew,NUMERICAL_FAILURE,tiago_semi_analytic,c96a32d,median-body-4344-torso015-J1-root-zplus020-v4,wrist_center,gripper_grasping_frame,,410.203899955377,no exact or boundary-refined wrist branch met strict wrist-center/orientation/SEW tolerances,,,,,,,,,,,,,,,oracle_inconclusive
1448,tiago_sew,NUMERICAL_FAILURE,tiago_semi_analytic,c96a32d,median-body-4344-torso015-J1-root-zplus020-v4,wrist_center,gripper_grasping_frame,,389.6535999374464,no exact or boundary-refined wrist branch met strict wrist-center/orientation/SEW tolerances,,,,,,,,,,,,,,,oracle_inconclusive
1449,tiago_sew,NUMERICAL_FAILURE,tiago_semi_analytic,c96a32d,median-body-4344-torso015-J1-root-zplus020-v4,wrist_center,gripper_grasping_frame,,393.90860009007156,no exact or boundary-refined wrist branch met strict wrist-center/orientation/SEW tolerances,,,,,,,,,,,,,,,oracle_inconclusive
1450,tiago_sew,NUMERICAL_FAILURE,tiago_semi_analytic,c96a32d,median-body-4344-torso015-J1-root-zplus020-v4,wrist_center,gripper_grasping_frame,,201.42689999192953,no exact or boundary-refined wrist branch met strict wrist-center/orientation/SEW tolerances,,,,,,,,,,,,,,,oracle_inconclusive
1451,tiago_sew,NUMERICAL_FAILURE,tiago_semi_analytic,c96a32d,median-body-4344-torso015-J1-root-zplus020-v4,wrist_center,gripper_grasping_frame,,417.4287000205368,no exact or boundary-refined wrist branch met strict wrist-center/orientation/SEW tolerances,,,,,,,,,,,,,,,oracle_inconclusive
1452,tiago_sew,NUMERICAL_FAILURE,tiago_semi_analytic,c96a32d,median-body-4344-torso015-J1-root-zplus020-v4,wrist_center,gripper_grasping_frame,,402.7776999864727,no exact or boundary-refined wrist branch met strict wrist-center/orientation/SEW tolerances,,,,,,,,,,,,,,,oracle_inconclusive
1453,tiago_sew,NUMERICAL_FAILURE,tiago_semi_analytic,c96a32d,median-body-4344-torso015-J1-root-zplus020-v4,wrist_center,gripper_grasping_frame,,377.18840001616627,no exact or boundary-refined wrist branch met strict wrist-center/orientation/SEW tolerances,,,,,,,,,,,,,,,oracle_inconclusive
1454,tiago_sew,NUMERICAL_FAILURE,tiago_semi_analytic,c96a32d,median-body-4344-torso015-J1-root-zplus020-v4,wrist_center,gripper_grasping_frame,,403.93579995725304,no exact or boundary-refined wrist branch met strict wrist-center/orientation/SEW tolerances,,,,,,,,,,,,,,,oracle_inconclusive
1455,tiago_sew,NUMERICAL_FAILURE,tiago_semi_analytic,c96a32d,median-body-4344-torso015-J1-root-zplus020-v4,wrist_center,gripper_grasping_frame,,423.29740000423044,no exact or boundary-refined wrist branch met strict wrist-center/orientation/SEW tolerances,,,,,,,,,,,,,,,oracle_inconclusive
1456,tiago_sew,NUMERICAL_FAILURE,tiago_semi_analytic,c96a32d,median-body-4344-torso015-J1-root-zplus020-v4,wrist_center,gripper_grasping_frame,,417.6234999904409,no exact or boundary-refined wrist branch met strict wrist-center/orientation/SEW tolerances,,,,,,,,,,,,,,,oracle_inconclusive
1457,tiago_sew,NUMERICAL_FAILURE,tiago_semi_analytic,c96a32d,median-body-4344-torso015-J1-root-zplus020-v4,wrist_center,gripper_grasping_frame,,411.4298999775201,no exact or boundary-refined wrist branch met strict wrist-center/orientation/SEW tolerances,,,,,,,,,,,,,,,oracle_inconclusive
1458,tiago_sew,NUMERICAL_FAILURE,tiago_semi_analytic,c96a32d,median-body-4344-torso015-J1-root-zplus020-v4,wrist_center,gripper_grasping_frame,,441.1915000528097,no exact or boundary-refined wrist branch met strict wrist-center/orientation/SEW tolerances,,,,,,,,,,,,,,,oracle_inconclusive
1459,tiago_sew,NUMERICAL_FAILURE,tiago_semi_analytic,c96a32d,median-body-4344-torso015-J1-root-zplus020-v4,wrist_center,gripper_grasping_frame,,427.596400026232,no exact or boundary-refined wrist branch met strict wrist-center/orientation/SEW tolerances,,,,,,,,,,,,,,,oracle_inconclusive
1460,tiago_sew,NUMERICAL_FAILURE,tiago_semi_analytic,c96a32d,median-body-4344-torso015-J1-root-zplus020-v4,wrist_center,gripper_grasping_frame,,220.25780007243156,no exact or boundary-refined wrist branch met strict wrist-center/orientation/SEW tolerances,,,,,,,,,,,,,,,oracle_inconclusive
1461,tiago_sew,NUMERICAL_FAILURE,tiago_semi_analytic,c96a32d,median-body-4344-torso015-J1-root-zplus020-v4,wrist_center,gripper_grasping_frame,,434.64019999373704,no exact or boundary-refined wrist branch met strict wrist-center/orientation/SEW tolerances,,,,,,,,,,,,,,,oracle_inconclusive
1462,tiago_sew,NUMERICAL_FAILURE,tiago_semi_analytic,c96a32d,median-body-4344-torso015-J1-root-zplus020-v4,wrist_center,gripper_grasping_frame,,228.8755999179557,no exact or boundary-refined wrist branch met strict wrist-center/orientation/SEW tolerances,,,,,,,,,,,,,,,oracle_inconclusive
1463,tiago_sew,NUMERICAL_FAILURE,tiago_semi_analytic,c96a32d,median-body-4344-torso015-J1-root-zplus020-v4,wrist_center,gripper_grasping_frame,,430.5032999254763,no exact or boundary-refined wrist branch met strict wrist-center/orientation/SEW tolerances,,,,,,,,,,,,,,,oracle_inconclusive
1464,tiago_sew,NUMERICAL_FAILURE,tiago_semi_analytic,c96a32d,median-body-4344-torso015-J1-root-zplus020-v4,wrist_center,gripper_grasping_frame,,445.93729998450726,no exact or boundary-refined wrist branch met strict wrist-center/orientation/SEW tolerances,,,,,,,,,,,,,,,oracle_inconclusive
1465,tiago_sew,NUMERICAL_FAILURE,tiago_semi_analytic,c96a32d,median-body-4344-torso015-J1-root-zplus020-v4,wrist_center,gripper_grasping_frame,,415.16049997881055,no exact or boundary-refined wrist branch met strict wrist-center/orientation/SEW tolerances,,,,,,,,,,,,,,,oracle_inconclusive
1466,tiago_sew,NUMERICAL_FAILURE,tiago_semi_analytic,c96a32d,median-body-4344-torso015-J1-root-zplus020-v4,wrist_center,gripper_grasping_frame,,409.1432000277564,no exact or boundary-refined wrist branch met strict wrist-center/orientation/SEW tolerances,,,,,,,,,,,,,,,oracle_inconclusive
1467,tiago_sew,NUMERICAL_FAILURE,tiago_semi_analytic,c96a32d,median-body-4344-torso015-J1-root-zplus020-v4,wrist_center,gripper_grasping_frame,,427.6841999962926,no exact or boundary-refined wrist branch met strict wrist-center/orientation/SEW tolerances,,,,,,,,,,,,,,,oracle_inconclusive
1468,tiago_sew,NUMERICAL_FAILURE,tiago_semi_analytic,c96a32d,median-body-4344-torso015-J1-root-zplus020-v4,wrist_center,gripper_grasping_frame,,413.1052999291569,no exact or boundary-refined wrist branch met strict wrist-center/orientation/SEW tolerances,,,,,,,,,,,,,,,oracle_inconclusive
1469,tiago_sew,NUMERICAL_FAILURE,tiago_semi_analytic,c96a32d,median-body-4344-torso015-J1-root-zplus020-v4,wrist_center,gripper_grasping_frame,,413.7837999733165,no exact or boundary-refined wrist branch met strict wrist-center/orientation/SEW tolerances,,,,,,,,,,,,,,,oracle_inconclusive
1470,tiago_sew,NUMERICAL_FAILURE,tiago_semi_analytic,c96a32d,median-body-4344-torso015-J1-root-zplus020-v4,wrist_center,gripper_grasping_frame,,408.2140000537038,no exact or boundary-refined wrist branch met strict wrist-center/orientation/SEW tolerances,,,,,,,,,,,,,,,oracle_inconclusive
1471,tiago_sew,NUMERICAL_FAILURE,tiago_semi_analytic,c96a32d,median-body-4344-torso015-J1-root-zplus020-v4,wrist_center,gripper_grasping_frame,,432.0317000383511,no exact or boundary-refined wrist branch met strict wrist-center/orientation/SEW tolerances,,,,,,,,,,,,,,,oracle_inconclusive
1472,tiago_sew,NUMERICAL_FAILURE,tiago_semi_analytic,c96a32d,median-body-4344-torso015-J1-root-zplus020-v4,wrist_center,gripper_grasping_frame,,432.4702000012621,no exact or boundary-refined wrist branch met strict wrist-center/orientation/SEW tolerances,,,,,,,,,,,,,,,oracle_inconclusive
1473,tiago_sew,NUMERICAL_FAILURE,tiago_semi_analytic,c96a32d,median-body-4344-torso015-J1-root-zplus020-v4,wrist_center,gripper_grasping_frame,,418.5827999608591,no exact or boundary-refined wrist branch met strict wrist-center/orientation/SEW tolerances,,,,,,,,,,,,,,,oracle_inconclusive
1474,tiago_sew,NUMERICAL_FAILURE,tiago_semi_analytic,c96a32d,median-body-4344-torso015-J1-root-zplus020-v4,wrist_center,gripper_grasping_frame,,436.99960003141314,no exact or boundary-refined wrist branch met strict wrist-center/orientation/SEW tolerances,,,,,,,,,,,,,,,oracle_inconclusive
1475,tiago_sew,NUMERICAL_FAILURE,tiago_semi_analytic,c96a32d,median-body-4344-torso015-J1-root-zplus020-v4,wrist_center,gripper_grasping_frame,,428.1979000661522,no exact or boundary-refined wrist branch met strict wrist-center/orientation/SEW tolerances,,,,,,,,,,,,,,,oracle_inconclusive
1476,tiago_sew,NUMERICAL_FAILURE,tiago_semi_analytic,c96a32d,median-body-4344-torso015-J1-root-zplus020-v4,wrist_center,gripper_grasping_frame,,430.6207000045106,no exact or boundary-refined wrist branch met strict wrist-center/orientation/SEW tolerances,,,,,,,,,,,,,,,oracle_inconclusive
1477,tiago_sew,NUMERICAL_FAILURE,tiago_semi_analytic,c96a32d,median-body-4344-torso015-J1-root-zplus020-v4,wrist_center,gripper_grasping_frame,,430.7435000082478,no exact or boundary-refined wrist branch met strict wrist-center/orientation/SEW tolerances,,,,,,,,,,,,,,,oracle_inconclusive
1478,tiago_sew,NUMERICAL_FAILURE,tiago_semi_analytic,c96a32d,median-body-4344-torso015-J1-root-zplus020-v4,wrist_center,gripper_grasping_frame,,426.5328999608755,no exact or boundary-refined wrist branch met strict wrist-center/orientation/SEW tolerances,,,,,,,,,,,,,,,oracle_inconclusive
1479,tiago_sew,NUMERICAL_FAILURE,tiago_semi_analytic,c96a32d,median-body-4344-torso015-J1-root-zplus020-v4,wrist_center,gripper_grasping_frame,,416.88550007529557,no exact or boundary-refined wrist branch met strict wrist-center/orientation/SEW tolerances,,,,,,,,,,,,,,,oracle_inconclusive
1480,tiago_sew,NUMERICAL_FAILURE,tiago_semi_analytic,c96a32d,median-body-4344-torso015-J1-root-zplus020-v4,wrist_center,gripper_grasping_frame,,213.68859999347478,no exact or boundary-refined wrist branch met strict wrist-center/orientation/SEW tolerances,,,,,,,,,,,,,,,oracle_inconclusive
1481,tiago_sew,NUMERICAL_FAILURE,tiago_semi_analytic,c96a32d,median-body-4344-torso015-J1-root-zplus020-v4,wrist_center,gripper_grasping_frame,,215.12199996504933,no exact or boundary-refined wrist branch met strict wrist-center/orientation/SEW tolerances,,,,,,,,,,,,,,,oracle_inconclusive
1482,tiago_sew,NUMERICAL_FAILURE,tiago_semi_analytic,c96a32d,median-body-4344-torso015-J1-root-zplus020-v4,wrist_center,gripper_grasping_frame,,421.5682999929413,no exact or boundary-refined wrist branch met strict wrist-center/orientation/SEW tolerances,,,,,,,,,,,,,,,oracle_inconclusive
1483,tiago_sew,NUMERICAL_FAILURE,tiago_semi_analytic,c96a32d,median-body-4344-torso015-J1-root-zplus020-v4,wrist_center,gripper_grasping_frame,,423.46550000365824,no exact or boundary-refined wrist branch met strict wrist-center/orientation/SEW tolerances,,,,,,,,,,,,,,,oracle_inconclusive
1484,tiago_sew,NUMERICAL_FAILURE,tiago_semi_analytic,c96a32d,median-body-4344-torso015-J1-root-zplus020-v4,wrist_center,gripper_grasping_frame,,422.1531000221148,no exact or boundary-refined wrist branch met strict wrist-center/orientation/SEW tolerances,,,,,,,,,,,,,,,oracle_inconclusive
1485,tiago_sew,NUMERICAL_FAILURE,tiago_semi_analytic,c96a32d,median-body-4344-torso015-J1-root-zplus020-v4,wrist_center,gripper_grasping_frame,,407.7674999134615,no exact or boundary-refined wrist branch met strict wrist-center/orientation/SEW tolerances,,,,,,,,,,,,,,,oracle_inconclusive
1486,tiago_sew,NUMERICAL_FAILURE,tiago_semi_analytic,c96a32d,median-body-4344-torso015-J1-root-zplus020-v4,wrist_center,gripper_grasping_frame,,417.04179998487234,no exact or boundary-refined wrist branch met strict wrist-center/orientation/SEW tolerances,,,,,,,,,,,,,,,oracle_inconclusive
1487,tiago_sew,NUMERICAL_FAILURE,tiago_semi_analytic,c96a32d,median-body-4344-torso015-J1-root-zplus020-v4,wrist_center,gripper_grasping_frame,,402.89969998411834,no exact or boundary-refined wrist branch met strict wrist-center/orientation/SEW tolerances,,,,,,,,,,,,,,,oracle_inconclusive
1488,tiago_sew,NUMERICAL_FAILURE,tiago_semi_analytic,c96a32d,median-body-4344-torso015-J1-root-zplus020-v4,wrist_center,gripper_grasping_frame,,404.7192999860272,no exact or boundary-refined wrist branch met strict wrist-center/orientation/SEW tolerances,,,,,,,,,,,,,,,oracle_inconclusive
1489,tiago_sew,NUMERICAL_FAILURE,tiago_semi_analytic,c96a32d,median-body-4344-torso015-J1-root-zplus020-v4,wrist_center,gripper_grasping_frame,,406.0619999654591,no exact or boundary-refined wrist branch met strict wrist-center/orientation/SEW tolerances,,,,,,,,,,,,,,,oracle_inconclusive
1490,tiago_sew,NUMERICAL_FAILURE,tiago_semi_analytic,c96a32d,median-body-4344-torso015-J1-root-zplus020-v4,wrist_center,gripper_grasping_frame,,224.8181999893859,no exact or boundary-refined wrist branch met strict wrist-center/orientation/SEW tolerances,,,,,,,,,,,,,,,oracle_inconclusive
1491,tiago_sew,NUMERICAL_FAILURE,tiago_semi_analytic,c96a32d,median-body-4344-torso015-J1-root-zplus020-v4,wrist_center,gripper_grasping_frame,,439.96709992643446,no exact or boundary-refined wrist branch met strict wrist-center/orientation/SEW tolerances,,,,,,,,,,,,,,,oracle_inconclusive
1492,tiago_sew,NUMERICAL_FAILURE,tiago_semi_analytic,c96a32d,median-body-4344-torso015-J1-root-zplus020-v4,wrist_center,gripper_grasping_frame,,431.25340004917234,no exact or boundary-refined wrist branch met strict wrist-center/orientation/SEW tolerances,,,,,,,,,,,,,,,oracle_inconclusive
1493,tiago_sew,NUMERICAL_FAILURE,tiago_semi_analytic,c96a32d,median-body-4344-torso015-J1-root-zplus020-v4,wrist_center,gripper_grasping_frame,,420.09989998769015,no exact or boundary-refined wrist branch met strict wrist-center/orientation/SEW tolerances,,,,,,,,,,,,,,,oracle_inconclusive
1494,tiago_sew,NUMERICAL_FAILURE,tiago_semi_analytic,c96a32d,median-body-4344-torso015-J1-root-zplus020-v4,wrist_center,gripper_grasping_frame,,406.55890002381057,no exact or boundary-refined wrist branch met strict wrist-center/orientation/SEW tolerances,,,,,,,,,,,,,,,oracle_inconclusive
1495,tiago_sew,SUCCESS_EXACT,tiago_semi_analytic,c96a32d,median-body-4344-torso015-J1-root-zplus020-v4,wrist_center,gripper_grasping_frame,seed-11-wrist-0-boundary,402.60090003721416,,1.7966353973214242,0.2160677566919382,-1.8757779512430377,1.3181911576940253,0.5424909151327423,-0.4927997171433891,-2.0943999999999994,0.43290638000594506,0.18330116915390626,0.0674719759492812,2.5444437451708134e-14,0.4674118313531034,0.6425029896850972,1.01383654135987,reachable_success
1496,tiago_sew,SUCCESS_EXACT,tiago_semi_analytic,c96a32d,median-body-4344-torso015-J1-root-zplus020-v4,wrist_center,gripper_grasping_frame,seed-11-wrist-0-boundary,394.34770005755126,,1.7949462990182137,0.2159505799321101,-1.8765735445334215,1.3190370982386375,0.5406027035728497,-0.49681768477644983,-2.0943999999999994,0.0700970375407064,0.029676458513979646,0.010894324477921527,2.5444437451708134e-14,0.4678970312884647,0.6416595320953791,1.0132872122861996,reachable_success
1497,tiago_sew,SUCCESS_EXACT,tiago_semi_analytic,c96a32d,median-body-4344-torso015-J1-root-zplus020-v4,wrist_center,gripper_grasping_frame,seed-0-wrist-0,3.4600000362843275,,1.792692640202986,0.21608975970050565,-1.8767354788353048,1.3207389189974128,0.539350889700648,-0.4953293507623391,-2.0943994080534285,7.781981008610266e-09,2.1538802617865592e-14,7.70737454849691e-10,3.3916040233621405e-05,0.4686595839104366,0.6408361868598187,1.0135291713293517,reachable_success
1498,tiago_sew,SUCCESS_EXACT,tiago_semi_analytic,c96a32d,median-body-4344-torso015-J1-root-zplus020-v4,wrist_center,gripper_grasping_frame,seed-0-wrist-0,4.278999986127019,,1.7908021147093471,0.2143824965176646,-1.8794648080115097,1.3235340672353784,0.5331588574508279,-0.497286394612106,-2.0872171356147247,1.1102230246251565e-13,5.35188725112382e-14,2.5444437451708134e-14,0.4115478140910969,0.46892110389386066,0.6398943602441807,1.0134286504249177,reachable_success
1499,tiago_sew,SUCCESS_EXACT,tiago_semi_analytic,c96a32d,median-body-4344-torso015-J1-root-zplus020-v4,wrist_center,gripper_grasping_frame,seed-0-wrist-0,4.302400047890842,,1.7885055704238846,0.2124808919137767,-1.8821987949332304,1.32667784874925,0.5239084788715536,-0.4982827031311916,-2.0770344657487794,1.1102230246251565e-13,3.9735061188313167e-14,2.5444437451708134e-14,0.994971821584806,0.46964413112053743,0.6388805438546645,1.0133140212766099,reachable_success
1500,tiago_sew,SUCCESS_EXACT,tiago_semi_analytic,c96a32d,median-body-4344-torso015-J1-root-zplus020-v4,wrist_center,gripper_grasping_frame,seed-0-wrist-0,3.4045999636873603,,1.7862581810907832,0.2128221434777105,-1.8821011273400456,1.3291165247747103,0.5238651649595165,-0.49680392412396746,-2.0742697628961446,5.080716135194295e-09,4.955602489332908e-14,4.950978639353368e-10,1.1533776266485563,0.469915661752606,0.6380400571170697,1.0134923368038355,reachable_success
1501,tiago_sew,SUCCESS_EXACT,tiago_semi_analytic,c96a32d,median-body-4344-torso015-J1-root-zplus020-v4,wrist_center,gripper_grasping_frame,seed-0-wrist-0,4.262300091795623,,1.7841950912876106,0.21119278553339468,-1.8845763304089866,1.3314524914263681,0.51577883699388,-0.4982880310836961,-2.0679248886036197,2.989366980140908e-13,3.838140209670743e-14,2.5444437451708134e-14,1.51691214515129,0.47073168908891294,0.637104968936332,1.013370381924217,reachable_success
1502,tiago_sew,SUCCESS_EXACT,tiago_semi_analytic,c96a32d,median-body-4344-torso015-J1-root-zplus020-v4,wrist_center,gripper_grasping_frame,seed-0-wrist-0,4.306199960410595,,1.7804421975403801,0.21003462796294223,-1.8858258977910392,1.3363288690771322,0.509891335613597,-0.49943773954612025,-2.062671586526446,4.577566798522238e-13,6.873150564449191e-14,5.088887490341627e-14,1.81790418268065,0.47121919302194554,0.6355602169745577,1.0127709843013533,reachable_success
1503,tiago_sew,SUCCESS_EXACT,tiago_semi_analytic,c96a32d,median-body-4344-torso015-J1-root-zplus020-v4,wrist_center,gripper_grasping_frame,seed-0-wrist-0,3.43150005210191,,1.7770639474643923,0.20940602966758093,-1.886192668822315,1.3409214353703403,0.5085587241958787,-0.4995067901559991,-2.0623752590264406,4.960505449568796e-09,1.047842235412264e-13,3.1949816774986353e-09,1.834882497784623,0.4712571624863342,0.6341968721395004,1.0123155330157152,reachable_success
1504,tiago_sew,SUCCESS_EXACT,tiago_semi_analytic,c96a32d,median-body-4344-torso015-J1-root-zplus020-v4,wrist_center,gripper_grasping_frame,seed-0-wrist-0,4.286499926820397,,1.7733117876504176,0.20780713846182658,-1.8878799241366173,1.346185262971624,0.5014247407639343,-0.5012142730972626,-2.0571453116127856,0.0,6.230694456956767e-14,2.5444437451708134e-14,2.1345364116624155,0.47165818840119955,0.6326095460126521,1.0115998244667008,reachable_success
1505,tiago_sew,SUCCESS_EXACT,tiago_semi_analytic,c96a32d,median-body-4344-torso015-J1-root-zplus020-v4,wrist_center,gripper_grasping_frame,seed-0-wrist-0,4.416400101035833,,1.7689432323691043,0.2061569643131519,-1.8895978863056386,1.3517979385718166,0.4961525025456379,-0.5042100873514661,-2.0529435109238214,2.5438405243138007e-13,1.0197677665818568e-13,2.5444437451708134e-14,2.3752818574952226,0.4720231849061734,0.6306993114918232,1.0106729106249128,reachable_success
1506,tiago_sew,SUCCESS_EXACT,tiago_semi_analytic,c96a32d,median-body-4344-torso015-J1-root-zplus020-v4,wrist_center,gripper_grasping_frame,seed-0-wrist-0,4.283599904738367,,1.7656476676701691,0.20296949938663197,-1.893484005917498,1.3573383833523425,0.4875034628346189,-0.5080059949256484,-2.047819776090882,1.1102230246251565e-13,4.0659240196117484e-14,0.0,2.6688502387668294,0.4720760826470551,0.6290543650400612,1.010012308112408,reachable_success
1507,tiago_sew,SUCCESS_EXACT,tiago_semi_analytic,c96a32d,median-body-4344-torso015-J1-root-zplus020-v4,wrist_center,gripper_grasping_frame,seed-0-wrist-0,3.5490000154823065,,1.7612549740599197,0.19923421099932337,-1.8975806317728618,1.364745125753005,0.4774768222682426,-0.5098065273171613,-2.0414172354690088,2.288783399261119e-13,2.7090382959527622e-14,2.5444437451708134e-14,3.0356887945612216,0.47221684556193955,0.6270393472096707,1.0094818437143942,reachable_success
1508,tiago_sew,SUCCESS_EXACT,tiago_semi_analytic,c96a32d,median-body-4344-torso015-J1-root-zplus020-v4,wrist_center,gripper_grasping_frame,seed-0-wrist-0,4.43450000602752,,1.7554962234779485,0.1964861707938025,-1.8988221764348159,1.374036005767,0.46997760829231394,-0.5095237453111059,-2.0363073105617904,0.0,2.3671239488138715e-14,2.5444437451708134e-14,3.3284659253736146,0.472247916208501,0.6247385700846927,1.008253765492451,reachable_success
1509,tiago_sew,SUCCESS_EXACT,tiago_semi_analytic,c96a32d,median-body-4344-torso015-J1-root-zplus020-v4,wrist_center,gripper_grasping_frame,seed-0-wrist-0,4.194200038909912,,1.7497295309856007,0.1942110312411441,-1.9003431071573842,1.3828686179309055,0.4683636168180687,-0.5084456102478123,-2.037729726996373,5.551115123125783e-14,2.958771385813102e-14,0.0,3.2469674669619835,0.4718871809429369,0.6223320076783969,1.007717322382476,reachable_success
1510,tiago_sew,SUCCESS_EXACT,tiago_semi_analytic,c96a32d,median-body-4344-torso015-J1-root-zplus020-v4,wrist_center,gripper_grasping_frame,seed-0-wrist-0,4.244099953211844,,1.7436167229760386,0.18997383928787281,-1.9029243152182311,1.3938378090384476,0.45449912769931267,-0.5138099637241504,-2.0295628292825922,4.0412728104402654e-13,3.138548033405408e-14,0.0,3.7148962376766623,0.4716945703344339,0.6196321278416307,1.005249101270295,reachable_success
1511,tiago_sew,SUCCESS_EXACT,tiago_semi_analytic,c96a32d,median-body-4344-torso015-J1-root-zplus020-v4,wrist_center,gripper_grasping_frame,seed-0-wrist-0,4.277000087313354,,1.737144103589356,0.18484280950976117,-1.906741553842676,1.4055636339108746,0.443255420287473,-0.5181390455094066,-2.02210749672306,2.288783399261119e-13,4.341443032288573e-14,2.5444437451708134e-14,4.142055328204319,0.47119685206374395,0.6166592142566845,1.0033505061871417,reachable_success
1512,tiago_sew,SUCCESS_EXACT,tiago_semi_analytic,c96a32d,median-body-4344-torso015-J1-root-zplus020-v4,wrist_center,gripper_grasping_frame,seed-0-wrist-0,4.237000015564263,,1.729597478942724,0.18163054683466873,-1.9079574293255392,1.4172960497225786,0.43536300066233125,-0.5172579425087678,-2.0197496028614887,1.2412670766236365e-13,6.156550822613062e-14,2.5444437451708134e-14,4.277152695012162,0.4712067749635651,0.613609564855253,1.0019633444076497,reachable_success
1513,tiago_sew,SUCCESS_EXACT,tiago_semi_analytic,c96a32d,median-body-4344-torso015-J1-root-zplus020-v4,wrist_center,gripper_grasping_frame,seed-0-wrist-0,4.812600091099739,,1.7224230505641671,0.17586567567983408,-1.911603168530878,1.4308222444666807,0.42327447458304146,-0.5206129313631314,-2.017470923410582,0.0,5.952339589431323e-14,2.5444437451708134e-14,4.4077114104123005,0.4704756478076584,0.6103618485278467,0.999881465062044,reachable_success
1514,tiago_sew,SUCCESS_EXACT,tiago_semi_analytic,c96a32d,median-body-4344-torso015-J1-root-zplus020-v4,wrist_center,gripper_grasping_frame,seed-0-wrist-0,4.828399978578091,,1.714132014486737,0.1703167916278252,-1.9141571230225314,1.4458772975363139,0.40730017571119337,-0.5275468148318581,-2.013520299197781,2.989366980140908e-13,4.557081600171269e-14,0.0,4.634065504247999,0.46993270210215976,0.6066387521094733,0.9964599797978287,reachable_success
1515,tiago_sew,SUCCESS_EXACT,tiago_semi_analytic,c96a32d,median-body-4344-torso015-J1-root-zplus020-v4,wrist_center,gripper_grasping_frame,seed-0-wrist-0,4.415399977006018,,1.7050340400151385,0.1645195674035209,-1.9184401366465633,1.46211308069666,0.3879382912085476,-0.5417925462537969,-2.0072915806367977,3.3306690738754696e-13,4.37403065125362e-14,2.5444437451708134e-14,4.99094478956714,0.46925772379479647,0.602134338464313,0.992274392016513,reachable_success
1516,tiago_sew,SUCCESS_EXACT,tiago_semi_analytic,c96a32d,median-body-4344-torso015-J1-root-zplus020-v4,wrist_center,gripper_grasping_frame,seed-0-wrist-0,5.04179997369647,,1.696037343071132,0.15704955532138234,-1.9240263465403031,1.4807281701639066,0.3689044544179505,-0.5504968473257974,-2.0043630947878377,3.554447978966673e-13,6.250315972878668e-14,2.5444437451708134e-14,5.158734669076334,0.46776064885504787,0.5976787834367429,0.9892229429497839,reachable_success
1517,tiago_sew,SUCCESS_EXACT,tiago_semi_analytic,c96a32d,median-body-4344-torso015-J1-root-zplus020-v4,wrist_center,gripper_grasping_frame,seed-0-wrist-0,4.879600019194186,,1.6859162488599517,0.14920679161744382,-1.9300503776862443,1.499991101367024,0.3484153952299689,-0.5631278796170238,-2.0043282478130386,3.188872858294072e-13,6.894475882039489e-14,2.5444437451708134e-14,5.160731253661118,0.4666875567987273,0.592547017002185,0.98551796918097,reachable_success
1518,tiago_sew,SUCCESS_EXACT,tiago_semi_analytic,c96a32d,median-body-4344-torso015-J1-root-zplus020-v4,wrist_center,gripper_grasping_frame,seed-0-wrist-0,4.956300021149218,,1.6753360568759879,0.14158247192612708,-1.9351924069280122,1.5205978709031247,0.32815332073461123,-0.5780357192314871,-2.003667553002737,2.0014830212433604e-13,6.926383538892376e-14,0.0,5.198586277837597,0.46524278146362646,0.5870966073970019,0.9810037369719801,reachable_success
1519,tiago_sew,SUCCESS_EXACT,tiago_semi_analytic,c96a32d,median-body-4344-torso015-J1-root-zplus020-v4,wrist_center,gripper_grasping_frame,seed-0-wrist-0,4.724099999293685,,1.6647079021907072,0.13337608540760135,-1.9416571120311799,1.5417400781601678,0.3058786643734166,-0.5921460962614193,-2.0048676139072086,5.23691153334427e-13,3.390313154108623e-14,2.5444437451708134e-14,5.129827852852725,0.4638907056381908,0.5815117043283987,0.977175430024527,reachable_success
1520,tiago_sew,SUCCESS_EXACT,tiago_semi_analytic,c96a32d,median-body-4344-torso015-J1-root-zplus020-v4,wrist_center,gripper_grasping_frame,seed-0-wrist-0,4.811099963262677,,1.6534543090573204,0.12595959637911125,-1.9468708166064106,1.5641754322409183,0.2741664535088555,-0.6150513629592025,-1.994497996388274,7.791361360319881e-13,4.40082497212959e-14,7.63333123551244e-14,5.723963171852592,0.4632786215889688,0.5754170522106808,0.9710822547917601,reachable_success
1521,tiago_sew,SUCCESS_EXACT,tiago_semi_analytic,c96a32d,median-body-4344-torso015-J1-root-zplus020-v4,wrist_center,gripper_grasping_frame,seed-0-wrist-0,5.2767000161111355,,1.6417662836966487,0.11745503929020952,-1.9534389033586437,1.5867537131592957,0.2394600611440234,-0.6427493756050406,-1.9906937832945797,4.965068306494546e-13,4.142359594327668e-14,5.088887490341627e-14,5.941928526489686,0.46345593930188345,0.5687644417482558,0.9645341601281279,reachable_success
1522,tiago_sew,SUCCESS_EXACT,tiago_semi_analytic,c96a32d,median-body-4344-torso015-J1-root-zplus020-v4,wrist_center,gripper_grasping_frame,seed-0-wrist-0,4.8961000284180045,,1.6299604832457204,0.10808391308739769,-1.9610245666887867,1.610657289562958,0.2023328621778413,-0.6812095924315686,-1.990990849480446,1.2174545926647189e-12,3.4441989329377074e-14,5.088887490341627e-14,5.924907887803497,0.46373456284721165,0.5612251645854749,0.9562516691139269,reachable_success
1523,tiago_sew,SUCCESS_EXACT,tiago_semi_analytic,c96a32d,median-body-4344-torso015-J1-root-zplus020-v4,wrist_center,gripper_grasping_frame,seed-0-wrist-0,6.659499951638281,,1.6169817843449898,0.10054623760688416,-1.966785828913162,1.635765434225029,0.17074598530297003,-0.7177309658812403,-1.9985326769916911,2.581119304415107e-12,5.423871620238163e-14,1.2722218725854067e-13,5.4927930015934985,0.4637786853215079,0.5531171879862355,0.9481887810840612,reachable_success
1524,tiago_sew,SUCCESS_EXACT,tiago_semi_analytic,c96a32d,median-body-4344-torso015-J1-root-zplus020-v4,wrist_center,gripper_grasping_frame,seed-0-wrist-0,5.2420999854803085,,1.6033156276406513,0.09329119422256409,-1.9724300234316026,1.6625964191147253,0.13122974091356276,-0.7515088141676443,-2.004917151767817,1.5202861597936864e-11,6.773162765715144e-14,5.088887490341627e-14,5.1269895425137655,0.4648775395023905,0.5448726293121666,0.9408357217745767,reachable_success
1525,tiago_sew,SUCCESS_EXACT,tiago_semi_analytic,c96a32d,median-body-4344-torso015-J1-root-zplus020-v4,wrist_center,gripper_grasping_frame,seed-0-wrist-0,5.565999890677631,,1.5895261028246541,0.08525154382954016,-1.9790748126347268,1.6889834639635852,0.09902671412065978,-0.7896453216500987,-2.020448796334952,1.1748053542891939e-11,8.732418357560758e-14,2.5444437451708134e-14,4.237091859919638,0.4657587840082742,0.5358981167303901,0.9332763856433969,reachable_success
1526,tiago_sew,SUCCESS_EXACT,tiago_semi_analytic,c96a32d,median-body-4344-torso015-J1-root-zplus020-v4,wrist_center,gripper_grasping_frame,seed-0-wrist-0,4.8345000250265,,1.575135860409976,0.0771077440684856,-1.98559150226904,1.7168726448764318,0.06711511352938437,-0.8324679168000442,-2.0392500825486124,4.4292924659787766e-11,3.5604104226170234e-14,3.053332494204976e-13,3.1598575104593847,0.4667995510745039,0.5260540624100507,0.924989911533118,reachable_success
1527,tiago_sew,SUCCESS_EXACT,tiago_semi_analytic,c96a32d,median-body-4344-torso015-J1-root-zplus020-v4,wrist_center,gripper_grasping_frame,seed-0-wrist-0,4.714700044132769,,1.5598720081772541,0.07100424110543184,-1.9906635567094315,1.7457270341834052,0.039987109466863124,-0.8714415499231691,-2.0608887681730925,1.3308404598440135e-10,7.101705706569508e-14,2.2645549332020238e-12,1.9200521499662673,0.4673725105704954,0.515893971676333,0.9174593048452326,reachable_success
1528,tiago_sew,SUCCESS_EXACT,tiago_semi_analytic,c96a32d,median-body-4344-torso015-J1-root-zplus020-v4,wrist_center,gripper_grasping_frame,seed-0-wrist-0,4.668300040066242,,1.5442022425553965,0.06384454917813978,-1.9960043857568226,1.77592180275208,0.012716720646305024,-0.9140564147166481,-2.081175350399846,3.453607079334352e-10,5.922582259755486e-14,6.310220488023617e-12,0.757716607628184,0.468148619869508,0.504967916472746,0.9093956106959776,reachable_success
1529,tiago_sew,SUCCESS_EXACT,tiago_semi_analytic,c96a32d,median-body-4344-torso015-J1-root-zplus020-v4,wrist_center,gripper_grasping_frame,seed-7-wrist-0-boundary,413.6034999974072,,1.5290885723401535,0.056627440731175614,-2.0021150978740874,1.8071061555291215,-0.019173916705954187,-0.9662572739897334,-2.0943999999999994,0.33633430222401217,0.150744521017709,0.004406157989491147,2.5444437451708134e-14,0.4698159445424381,0.4931098736069697,0.90047564391324,reachable_success
1530,tiago_sew,NUMERICAL_FAILURE,tiago_semi_analytic,c96a32d,median-body-4344-torso015-J1-root-zplus020-v4,wrist_center,gripper_grasping_frame,,418.0196999805048,no exact or boundary-refined wrist branch met strict wrist-center/orientation/SEW tolerances,,,,,,,,,,,,,,,oracle_inconclusive
1531,tiago_sew,NUMERICAL_FAILURE,tiago_semi_analytic,c96a32d,median-body-4344-torso015-J1-root-zplus020-v4,wrist_center,gripper_grasping_frame,,369.9963999679312,no exact or boundary-refined wrist branch met strict wrist-center/orientation/SEW tolerances,,,,,,,,,,,,,,,oracle_inconclusive
1532,tiago_sew,NUMERICAL_FAILURE,tiago_semi_analytic,c96a32d,median-body-4344-torso015-J1-root-zplus020-v4,wrist_center,gripper_grasping_frame,,356.4003000501543,no exact or boundary-refined wrist branch met strict wrist-center/orientation/SEW tolerances,,,,,,,,,,,,,,,oracle_inconclusive
1533,tiago_sew,NUMERICAL_FAILURE,tiago_semi_analytic,c96a32d,median-body-4344-torso015-J1-root-zplus020-v4,wrist_center,gripper_grasping_frame,,411.09459998551756,no exact or boundary-refined wrist branch met strict wrist-center/orientation/SEW tolerances,,,,,,,,,,,,,,,oracle_inconclusive
1534,tiago_sew,NUMERICAL_FAILURE,tiago_semi_analytic,c96a32d,median-body-4344-torso015-J1-root-zplus020-v4,wrist_center,gripper_grasping_frame,,351.90109990071505,no exact or boundary-refined wrist branch met strict wrist-center/orientation/SEW tolerances,,,,,,,,,,,,,,,oracle_inconclusive
1535,tiago_sew,NUMERICAL_FAILURE,tiago_semi_analytic,c96a32d,median-body-4344-torso015-J1-root-zplus020-v4,wrist_center,gripper_grasping_frame,,460.79449995886534,no exact or boundary-refined wrist branch met strict wrist-center/orientation/SEW tolerances,,,,,,,,,,,,,,,oracle_inconclusive
1536,tiago_sew,NUMERICAL_FAILURE,tiago_semi_analytic,c96a32d,median-body-4344-torso015-J1-root-zplus020-v4,wrist_center,gripper_grasping_frame,,333.00410001538694,no exact or boundary-refined wrist branch met strict wrist-center/orientation/SEW tolerances,,,,,,,,,,,,,,,oracle_inconclusive
1537,tiago_sew,NUMERICAL_FAILURE,tiago_semi_analytic,c96a32d,median-body-4344-torso015-J1-root-zplus020-v4,wrist_center,gripper_grasping_frame,,309.7338000079617,no exact or boundary-refined wrist branch met strict wrist-center/orientation/SEW tolerances,,,,,,,,,,,,,,,oracle_inconclusive
1538,tiago_sew,NUMERICAL_FAILURE,tiago_semi_analytic,c96a32d,median-body-4344-torso015-J1-root-zplus020-v4,wrist_center,gripper_grasping_frame,,390.56900003924966,no exact or boundary-refined wrist branch met strict wrist-center/orientation/SEW tolerances,,,,,,,,,,,,,,,oracle_inconclusive
1539,tiago_sew,NUMERICAL_FAILURE,tiago_semi_analytic,c96a32d,median-body-4344-torso015-J1-root-zplus020-v4,wrist_center,gripper_grasping_frame,,307.4311000527814,no exact or boundary-refined wrist branch met strict wrist-center/orientation/SEW tolerances,,,,,,,,,,,,,,,oracle_inconclusive
1540,tiago_sew,NUMERICAL_FAILURE,tiago_semi_analytic,c96a32d,median-body-4344-torso015-J1-root-zplus020-v4,wrist_center,gripper_grasping_frame,,255.4128000047058,no exact or boundary-refined wrist branch met strict wrist-center/orientation/SEW tolerances,,,,,,,,,,,,,,,oracle_inconclusive
1541,tiago_sew,NUMERICAL_FAILURE,tiago_semi_analytic,c96a32d,median-body-4344-torso015-J1-root-zplus020-v4,wrist_center,gripper_grasping_frame,,261.90650009084493,no exact or boundary-refined wrist branch met strict wrist-center/orientation/SEW tolerances,,,,,,,,,,,,,,,oracle_inconclusive
1542,tiago_sew,NUMERICAL_FAILURE,tiago_semi_analytic,c96a32d,median-body-4344-torso015-J1-root-zplus020-v4,wrist_center,gripper_grasping_frame,,252.49439990147948,no exact or boundary-refined wrist branch met strict wrist-center/orientation/SEW tolerances,,,,,,,,,,,,,,,oracle_inconclusive
1543,tiago_sew,NUMERICAL_FAILURE,tiago_semi_analytic,c96a32d,median-body-4344-torso015-J1-root-zplus020-v4,wrist_center,gripper_grasping_frame,,467.60119998361915,no exact or boundary-refined wrist branch met strict wrist-center/orientation/SEW tolerances,,,,,,,,,,,,,,,oracle_inconclusive
1544,tiago_sew,NUMERICAL_FAILURE,tiago_semi_analytic,c96a32d,median-body-4344-torso015-J1-root-zplus020-v4,wrist_center,gripper_grasping_frame,,398.0218000942841,no exact or boundary-refined wrist branch met strict wrist-center/orientation/SEW tolerances,,,,,,,,,,,,,,,oracle_inconclusive
1545,tiago_sew,NUMERICAL_FAILURE,tiago_semi_analytic,c96a32d,median-body-4344-torso015-J1-root-zplus020-v4,wrist_center,gripper_grasping_frame,,276.3224000809714,no exact or boundary-refined wrist branch met strict wrist-center/orientation/SEW tolerances,,,,,,,,,,,,,,,oracle_inconclusive
1546,tiago_sew,NUMERICAL_FAILURE,tiago_semi_analytic,c96a32d,median-body-4344-torso015-J1-root-zplus020-v4,wrist_center,gripper_grasping_frame,,420.5223999451846,no exact or boundary-refined wrist branch met strict wrist-center/orientation/SEW tolerances,,,,,,,,,,,,,,,oracle_inconclusive
1547,tiago_sew,NUMERICAL_FAILURE,tiago_semi_analytic,c96a32d,median-body-4344-torso015-J1-root-zplus020-v4,wrist_center,gripper_grasping_frame,,342.2751999460161,no exact or boundary-refined wrist branch met strict wrist-center/orientation/SEW tolerances,,,,,,,,,,,,,,,oracle_inconclusive
1548,tiago_sew,NUMERICAL_FAILURE,tiago_semi_analytic,c96a32d,median-body-4344-torso015-J1-root-zplus020-v4,wrist_center,gripper_grasping_frame,,314.7260000696406,no exact or boundary-refined wrist branch met strict wrist-center/orientation/SEW tolerances,,,,,,,,,,,,,,,oracle_inconclusive
1549,tiago_sew,NUMERICAL_FAILURE,tiago_semi_analytic,c96a32d,median-body-4344-torso015-J1-root-zplus020-v4,wrist_center,gripper_grasping_frame,,376.8467999761924,no exact or boundary-refined wrist branch met strict wrist-center/orientation/SEW tolerances,,,,,,,,,,,,,,,oracle_inconclusive
1550,tiago_sew,NUMERICAL_FAILURE,tiago_semi_analytic,c96a32d,median-body-4344-torso015-J1-root-zplus020-v4,wrist_center,gripper_grasping_frame,,261.43419998697937,no exact or boundary-refined wrist branch met strict wrist-center/orientation/SEW tolerances,,,,,,,,,,,,,,,oracle_inconclusive
1551,tiago_sew,NUMERICAL_FAILURE,tiago_semi_analytic,c96a32d,median-body-4344-torso015-J1-root-zplus020-v4,wrist_center,gripper_grasping_frame,,261.4171999739483,no exact or boundary-refined wrist branch met strict wrist-center/orientation/SEW tolerances,,,,,,,,,,,,,,,oracle_inconclusive
1552,tiago_sew,NUMERICAL_FAILURE,tiago_semi_analytic,c96a32d,median-body-4344-torso015-J1-root-zplus020-v4,wrist_center,gripper_grasping_frame,,198.99840001016855,no exact or boundary-refined wrist branch met strict wrist-center/orientation/SEW tolerances,,,,,,,,,,,,,,,oracle_inconclusive
1553,tiago_sew,NUMERICAL_FAILURE,tiago_semi_analytic,c96a32d,median-body-4344-torso015-J1-root-zplus020-v4,wrist_center,gripper_grasping_frame,,271.85060002375394,no exact or boundary-refined wrist branch met strict wrist-center/orientation/SEW tolerances,,,,,,,,,,,,,,,oracle_inconclusive
1554,tiago_sew,NUMERICAL_FAILURE,tiago_semi_analytic,c96a32d,median-body-4344-torso015-J1-root-zplus020-v4,wrist_center,gripper_grasping_frame,,233.9786000084132,no exact or boundary-refined wrist branch met strict wrist-center/orientation/SEW tolerances,,,,,,,,,,,,,,,oracle_inconclusive
1555,tiago_sew,NUMERICAL_FAILURE,tiago_semi_analytic,c96a32d,median-body-4344-torso015-J1-root-zplus020-v4,wrist_center,gripper_grasping_frame,,359.45380001794547,no exact or boundary-refined wrist branch met strict wrist-center/orientation/SEW tolerances,,,,,,,,,,,,,,,oracle_inconclusive
1556,tiago_sew,NUMERICAL_FAILURE,tiago_semi_analytic,c96a32d,median-body-4344-torso015-J1-root-zplus020-v4,wrist_center,gripper_grasping_frame,,373.99100000038743,no exact or boundary-refined wrist branch met strict wrist-center/orientation/SEW tolerances,,,,,,,,,,,,,,,oracle_inconclusive
1557,tiago_sew,NUMERICAL_FAILURE,tiago_semi_analytic,c96a32d,median-body-4344-torso015-J1-root-zplus020-v4,wrist_center,gripper_grasping_frame,,236.92070005927235,no exact or boundary-refined wrist branch met strict wrist-center/orientation/SEW tolerances,,,,,,,,,,,,,,,oracle_inconclusive
1558,tiago_sew,NUMERICAL_FAILURE,tiago_semi_analytic,c96a32d,median-body-4344-torso015-J1-root-zplus020-v4,wrist_center,gripper_grasping_frame,,278.823500033468,no exact or boundary-refined wrist branch met strict wrist-center/orientation/SEW tolerances,,,,,,,,,,,,,,,oracle_inconclusive
1559,tiago_sew,NUMERICAL_FAILURE,tiago_semi_analytic,c96a32d,median-body-4344-torso015-J1-root-zplus020-v4,wrist_center,gripper_grasping_frame,,294.6213000686839,no exact or boundary-refined wrist branch met strict wrist-center/orientation/SEW tolerances,,,,,,,,,,,,,,,oracle_inconclusive
1560,tiago_sew,NUMERICAL_FAILURE,tiago_semi_analytic,c96a32d,median-body-4344-torso015-J1-root-zplus020-v4,wrist_center,gripper_grasping_frame,,264.70859989058226,no exact or boundary-refined wrist branch met strict wrist-center/orientation/SEW tolerances,,,,,,,,,,,,,,,oracle_inconclusive
1561,tiago_sew,NUMERICAL_FAILURE,tiago_semi_analytic,c96a32d,median-body-4344-torso015-J1-root-zplus020-v4,wrist_center,gripper_grasping_frame,,270.13129997067153,no exact or boundary-refined wrist branch met strict wrist-center/orientation/SEW tolerances,,,,,,,,,,,,,,,oracle_inconclusive
1562,tiago_sew,NUMERICAL_FAILURE,tiago_semi_analytic,c96a32d,median-body-4344-torso015-J1-root-zplus020-v4,wrist_center,gripper_grasping_frame,,295.125599950552,no exact or boundary-refined wrist branch met strict wrist-center/orientation/SEW tolerances,,,,,,,,,,,,,,,oracle_inconclusive
1563,tiago_sew,NUMERICAL_FAILURE,tiago_semi_analytic,c96a32d,median-body-4344-torso015-J1-root-zplus020-v4,wrist_center,gripper_grasping_frame,,294.045599992387,no exact or boundary-refined wrist branch met strict wrist-center/orientation/SEW tolerances,,,,,,,,,,,,,,,oracle_inconclusive
1564,tiago_sew,NUMERICAL_FAILURE,tiago_semi_analytic,c96a32d,median-body-4344-torso015-J1-root-zplus020-v4,wrist_center,gripper_grasping_frame,,300.5470000207424,no exact or boundary-refined wrist branch met strict wrist-center/orientation/SEW tolerances,,,,,,,,,,,,,,,oracle_inconclusive
1565,tiago_sew,NUMERICAL_FAILURE,tiago_semi_analytic,c96a32d,median-body-4344-torso015-J1-root-zplus020-v4,wrist_center,gripper_grasping_frame,,310.43930002488196,no exact or boundary-refined wrist branch met strict wrist-center/orientation/SEW tolerances,,,,,,,,,,,,,,,oracle_inconclusive
1566,tiago_sew,NUMERICAL_FAILURE,tiago_semi_analytic,c96a32d,median-body-4344-torso015-J1-root-zplus020-v4,wrist_center,gripper_grasping_frame,,340.9415000351146,no exact or boundary-refined wrist branch met strict wrist-center/orientation/SEW tolerances,,,,,,,,,,,,,,,oracle_inconclusive
1567,tiago_sew,NUMERICAL_FAILURE,tiago_semi_analytic,c96a32d,median-body-4344-torso015-J1-root-zplus020-v4,wrist_center,gripper_grasping_frame,,334.6921999473125,no exact or boundary-refined wrist branch met strict wrist-center/orientation/SEW tolerances,,,,,,,,,,,,,,,oracle_inconclusive
1568,tiago_sew,NUMERICAL_FAILURE,tiago_semi_analytic,c96a32d,median-body-4344-torso015-J1-root-zplus020-v4,wrist_center,gripper_grasping_frame,,352.08799992688,no exact or boundary-refined wrist branch met strict wrist-center/orientation/SEW tolerances,,,,,,,,,,,,,,,oracle_inconclusive
1569,tiago_sew,NUMERICAL_FAILURE,tiago_semi_analytic,c96a32d,median-body-4344-torso015-J1-root-zplus020-v4,wrist_center,gripper_grasping_frame,,377.0916999783367,no exact or boundary-refined wrist branch met strict wrist-center/orientation/SEW tolerances,,,,,,,,,,,,,,,oracle_inconclusive
1570,tiago_sew,NUMERICAL_FAILURE,tiago_semi_analytic,c96a32d,median-body-4344-torso015-J1-root-zplus020-v4,wrist_center,gripper_grasping_frame,,376.3971000444144,no exact or boundary-refined wrist branch met strict wrist-center/orientation/SEW tolerances,,,,,,,,,,,,,,,oracle_inconclusive
1571,tiago_sew,NUMERICAL_FAILURE,tiago_semi_analytic,c96a32d,median-body-4344-torso015-J1-root-zplus020-v4,wrist_center,gripper_grasping_frame,,382.7208000002429,no exact or boundary-refined wrist branch met strict wrist-center/orientation/SEW tolerances,,,,,,,,,,,,,,,oracle_inconclusive
1572,tiago_sew,NUMERICAL_FAILURE,tiago_semi_analytic,c96a32d,median-body-4344-torso015-J1-root-zplus020-v4,wrist_center,gripper_grasping_frame,,399.92250001523644,no exact or boundary-refined wrist branch met strict wrist-center/orientation/SEW tolerances,,,,,,,,,,,,,,,oracle_inconclusive
1573,tiago_sew,NUMERICAL_FAILURE,tiago_semi_analytic,c96a32d,median-body-4344-torso015-J1-root-zplus020-v4,wrist_center,gripper_grasping_frame,,398.2067999895662,no exact or boundary-refined wrist branch met strict wrist-center/orientation/SEW tolerances,,,,,,,,,,,,,,,oracle_inconclusive
1574,tiago_sew,NUMERICAL_FAILURE,tiago_semi_analytic,c96a32d,median-body-4344-torso015-J1-root-zplus020-v4,wrist_center,gripper_grasping_frame,,431.0807000147179,no exact or boundary-refined wrist branch met strict wrist-center/orientation/SEW tolerances,,,,,,,,,,,,,,,oracle_inconclusive
1575,tiago_sew,NUMERICAL_FAILURE,tiago_semi_analytic,c96a32d,median-body-4344-torso015-J1-root-zplus020-v4,wrist_center,gripper_grasping_frame,,432.93550005182624,no exact or boundary-refined wrist branch met strict wrist-center/orientation/SEW tolerances,,,,,,,,,,,,,,,oracle_inconclusive
1576,tiago_sew,NUMERICAL_FAILURE,tiago_semi_analytic,c96a32d,median-body-4344-torso015-J1-root-zplus020-v4,wrist_center,gripper_grasping_frame,,450.090300058946,no exact or boundary-refined wrist branch met strict wrist-center/orientation/SEW tolerances,,,,,,,,,,,,,,,oracle_inconclusive
1577,tiago_sew,NUMERICAL_FAILURE,tiago_semi_analytic,c96a32d,median-body-4344-torso015-J1-root-zplus020-v4,wrist_center,gripper_grasping_frame,,455.60729992575943,no exact or boundary-refined wrist branch met strict wrist-center/orientation/SEW tolerances,,,,,,,,,,,,,,,oracle_inconclusive
1578,tiago_sew,NUMERICAL_FAILURE,tiago_semi_analytic,c96a32d,median-body-4344-torso015-J1-root-zplus020-v4,wrist_center,gripper_grasping_frame,,502.7520000003278,no exact or boundary-refined wrist branch met strict wrist-center/orientation/SEW tolerances,,,,,,,,,,,,,,,oracle_inconclusive
1579,tiago_sew,NUMERICAL_FAILURE,tiago_semi_analytic,c96a32d,median-body-4344-torso015-J1-root-zplus020-v4,wrist_center,gripper_grasping_frame,,503.2832999713719,no exact or boundary-refined wrist branch met strict wrist-center/orientation/SEW tolerances,,,,,,,,,,,,,,,oracle_inconclusive
1580,tiago_sew,NUMERICAL_FAILURE,tiago_semi_analytic,c96a32d,median-body-4344-torso015-J1-root-zplus020-v4,wrist_center,gripper_grasping_frame,,506.3271999824792,no exact or boundary-refined wrist branch met strict wrist-center/orientation/SEW tolerances,,,,,,,,,,,,,,,oracle_inconclusive
1581,tiago_sew,NUMERICAL_FAILURE,tiago_semi_analytic,c96a32d,median-body-4344-torso015-J1-root-zplus020-v4,wrist_center,gripper_grasping_frame,,648.002399946563,no exact or boundary-refined wrist branch met strict wrist-center/orientation/SEW tolerances,,,,,,,,,,,,,,,oracle_inconclusive
1582,tiago_sew,NUMERICAL_FAILURE,tiago_semi_analytic,c96a32d,median-body-4344-torso015-J1-root-zplus020-v4,wrist_center,gripper_grasping_frame,,585.8646999113262,no exact or boundary-refined wrist branch met strict wrist-center/orientation/SEW tolerances,,,,,,,,,,,,,,,oracle_inconclusive
1583,tiago_sew,NUMERICAL_FAILURE,tiago_semi_analytic,c96a32d,median-body-4344-torso015-J1-root-zplus020-v4,wrist_center,gripper_grasping_frame,,584.5812000334263,no exact or boundary-refined wrist branch met strict wrist-center/orientation/SEW tolerances,,,,,,,,,,,,,,,oracle_inconclusive
1584,tiago_sew,NUMERICAL_FAILURE,tiago_semi_analytic,c96a32d,median-body-4344-torso015-J1-root-zplus020-v4,wrist_center,gripper_grasping_frame,,593.6608000192791,no exact or boundary-refined wrist branch met strict wrist-center/orientation/SEW tolerances,,,,,,,,,,,,,,,oracle_inconclusive
1585,tiago_sew,NUMERICAL_FAILURE,tiago_semi_analytic,c96a32d,median-body-4344-torso015-J1-root-zplus020-v4,wrist_center,gripper_grasping_frame,,569.1593000665307,no exact or boundary-refined wrist branch met strict wrist-center/orientation/SEW tolerances,,,,,,,,,,,,,,,oracle_inconclusive
1586,tiago_sew,NUMERICAL_FAILURE,tiago_semi_analytic,c96a32d,median-body-4344-torso015-J1-root-zplus020-v4,wrist_center,gripper_grasping_frame,,652.4713999824598,no exact or boundary-refined wrist branch met strict wrist-center/orientation/SEW tolerances,,,,,,,,,,,,,,,oracle_inconclusive
1587,tiago_sew,NUMERICAL_FAILURE,tiago_semi_analytic,c96a32d,median-body-4344-torso015-J1-root-zplus020-v4,wrist_center,gripper_grasping_frame,,617.284799925983,no exact or boundary-refined wrist branch met strict wrist-center/orientation/SEW tolerances,,,,,,,,,,,,,,,oracle_inconclusive
1588,tiago_sew,NUMERICAL_FAILURE,tiago_semi_analytic,c96a32d,median-body-4344-torso015-J1-root-zplus020-v4,wrist_center,gripper_grasping_frame,,593.1936000706628,no exact or boundary-refined wrist branch met strict wrist-center/orientation/SEW tolerances,,,,,,,,,,,,,,,oracle_inconclusive
1589,tiago_sew,NUMERICAL_FAILURE,tiago_semi_analytic,c96a32d,median-body-4344-torso015-J1-root-zplus020-v4,wrist_center,gripper_grasping_frame,,656.8484000163153,no exact or boundary-refined wrist branch met strict wrist-center/orientation/SEW tolerances,,,,,,,,,,,,,,,oracle_inconclusive
1590,tiago_sew,NUMERICAL_FAILURE,tiago_semi_analytic,c96a32d,median-body-4344-torso015-J1-root-zplus020-v4,wrist_center,gripper_grasping_frame,,695.7918000407517,no exact or boundary-refined wrist branch met strict wrist-center/orientation/SEW tolerances,,,,,,,,,,,,,,,oracle_inconclusive
1591,tiago_sew,NUMERICAL_FAILURE,tiago_semi_analytic,c96a32d,median-body-4344-torso015-J1-root-zplus020-v4,wrist_center,gripper_grasping_frame,,1066.2247999571264,no exact or boundary-refined wrist branch met strict wrist-center/orientation/SEW tolerances,,,,,,,,,,,,,,,oracle_inconclusive
1592,tiago_sew,NUMERICAL_FAILURE,tiago_semi_analytic,c96a32d,median-body-4344-torso015-J1-root-zplus020-v4,wrist_center,gripper_grasping_frame,,758.2582000177354,no exact or boundary-refined wrist branch met strict wrist-center/orientation/SEW tolerances,,,,,,,,,,,,,,,oracle_inconclusive
1593,tiago_sew,NUMERICAL_FAILURE,tiago_semi_analytic,c96a32d,median-body-4344-torso015-J1-root-zplus020-v4,wrist_center,gripper_grasping_frame,,772.3019999684766,no exact or boundary-refined wrist branch met strict wrist-center/orientation/SEW tolerances,,,,,,,,,,,,,,,oracle_inconclusive
1594,tiago_sew,NUMERICAL_FAILURE,tiago_semi_analytic,c96a32d,median-body-4344-torso015-J1-root-zplus020-v4,wrist_center,gripper_grasping_frame,,845.5887999152765,no exact or boundary-refined wrist branch met strict wrist-center/orientation/SEW tolerances,,,,,,,,,,,,,,,oracle_inconclusive
1595,tiago_sew,NUMERICAL_FAILURE,tiago_semi_analytic,c96a32d,median-body-4344-torso015-J1-root-zplus020-v4,wrist_center,gripper_grasping_frame,,876.3453999999911,no exact or boundary-refined wrist branch met strict wrist-center/orientation/SEW tolerances,,,,,,,,,,,,,,,oracle_inconclusive
1596,tiago_sew,NUMERICAL_FAILURE,tiago_semi_analytic,c96a32d,median-body-4344-torso015-J1-root-zplus020-v4,wrist_center,gripper_grasping_frame,,928.1533000757918,no exact or boundary-refined wrist branch met strict wrist-center/orientation/SEW tolerances,,,,,,,,,,,,,,,oracle_inconclusive
1597,tiago_sew,NUMERICAL_FAILURE,tiago_semi_analytic,c96a32d,median-body-4344-torso015-J1-root-zplus020-v4,wrist_center,gripper_grasping_frame,,966.5687000378966,no exact or boundary-refined wrist branch met strict wrist-center/orientation/SEW tolerances,,,,,,,,,,,,,,,oracle_inconclusive
1598,tiago_sew,NUMERICAL_FAILURE,tiago_semi_analytic,c96a32d,median-body-4344-torso015-J1-root-zplus020-v4,wrist_center,gripper_grasping_frame,,977.4867000523955,no exact or boundary-refined wrist branch met strict wrist-center/orientation/SEW tolerances,,,,,,,,,,,,,,,oracle_inconclusive
1599,tiago_sew,NUMERICAL_FAILURE,tiago_semi_analytic,c96a32d,median-body-4344-torso015-J1-root-zplus020-v4,wrist_center,gripper_grasping_frame,,1024.2561999475583,no exact or boundary-refined wrist branch met strict wrist-center/orientation/SEW tolerances,,,,,,,,,,,,,,,oracle_inconclusive
1600,tiago_sew,NUMERICAL_FAILURE,tiago_semi_analytic,c96a32d,median-body-4344-torso015-J1-root-zplus020-v4,wrist_center,gripper_grasping_frame,,1062.0571000035852,no exact or boundary-refined wrist branch met strict wrist-center/orientation/SEW tolerances,,,,,,,,,,,,,,,oracle_inconclusive
1601,tiago_sew,NUMERICAL_FAILURE,tiago_semi_analytic,c96a32d,median-body-4344-torso015-J1-root-zplus020-v4,wrist_center,gripper_grasping_frame,,1078.0456999782473,no exact or boundary-refined wrist branch met strict wrist-center/orientation/SEW tolerances,,,,,,,,,,,,,,,oracle_inconclusive
1602,tiago_sew,NUMERICAL_FAILURE,tiago_semi_analytic,c96a32d,median-body-4344-torso015-J1-root-zplus020-v4,wrist_center,gripper_grasping_frame,,1109.6821000101045,no exact or boundary-refined wrist branch met strict wrist-center/orientation/SEW tolerances,,,,,,,,,,,,,,,oracle_inconclusive
1603,tiago_sew,NUMERICAL_FAILURE,tiago_semi_analytic,c96a32d,median-body-4344-torso015-J1-root-zplus020-v4,wrist_center,gripper_grasping_frame,,1107.3591000167653,no exact or boundary-refined wrist branch met strict wrist-center/orientation/SEW tolerances,,,,,,,,,,,,,,,oracle_inconclusive
1604,tiago_sew,NUMERICAL_FAILURE,tiago_semi_analytic,c96a32d,median-body-4344-torso015-J1-root-zplus020-v4,wrist_center,gripper_grasping_frame,,1169.0669000381604,no exact or boundary-refined wrist branch met strict wrist-center/orientation/SEW tolerances,,,,,,,,,,,,,,,oracle_inconclusive
1605,tiago_sew,NUMERICAL_FAILURE,tiago_semi_analytic,c96a32d,median-body-4344-torso015-J1-root-zplus020-v4,wrist_center,gripper_grasping_frame,,1208.2171000074595,no exact or boundary-refined wrist branch met strict wrist-center/orientation/SEW tolerances,,,,,,,,,,,,,,,oracle_inconclusive
1606,tiago_sew,NUMERICAL_FAILURE,tiago_semi_analytic,c96a32d,median-body-4344-torso015-J1-root-zplus020-v4,wrist_center,gripper_grasping_frame,,1510.7919999863952,no exact or boundary-refined wrist branch met strict wrist-center/orientation/SEW tolerances,,,,,,,,,,,,,,,oracle_inconclusive
1607,tiago_sew,NUMERICAL_FAILURE,tiago_semi_analytic,c96a32d,median-body-4344-torso015-J1-root-zplus020-v4,wrist_center,gripper_grasping_frame,,1441.1636999575421,no exact or boundary-refined wrist branch met strict wrist-center/orientation/SEW tolerances,,,,,,,,,,,,,,,oracle_inconclusive
1608,tiago_sew,NUMERICAL_FAILURE,tiago_semi_analytic,c96a32d,median-body-4344-torso015-J1-root-zplus020-v4,wrist_center,gripper_grasping_frame,,1266.396400053054,no exact or boundary-refined wrist branch met strict wrist-center/orientation/SEW tolerances,,,,,,,,,,,,,,,oracle_inconclusive
1609,tiago_sew,NUMERICAL_FAILURE,tiago_semi_analytic,c96a32d,median-body-4344-torso015-J1-root-zplus020-v4,wrist_center,gripper_grasping_frame,,1269.4661000277847,no exact or boundary-refined wrist branch met strict wrist-center/orientation/SEW tolerances,,,,,,,,,,,,,,,oracle_inconclusive
1610,tiago_sew,NUMERICAL_FAILURE,tiago_semi_analytic,c96a32d,median-body-4344-torso015-J1-root-zplus020-v4,wrist_center,gripper_grasping_frame,,1315.209100022912,no exact or boundary-refined wrist branch met strict wrist-center/orientation/SEW tolerances,,,,,,,,,,,,,,,oracle_inconclusive
1611,tiago_sew,NUMERICAL_FAILURE,tiago_semi_analytic,c96a32d,median-body-4344-torso015-J1-root-zplus020-v4,wrist_center,gripper_grasping_frame,,1355.5614999495447,no exact or boundary-refined wrist branch met strict wrist-center/orientation/SEW tolerances,,,,,,,,,,,,,,,oracle_inconclusive
1612,tiago_sew,NUMERICAL_FAILURE,tiago_semi_analytic,c96a32d,median-body-4344-torso015-J1-root-zplus020-v4,wrist_center,gripper_grasping_frame,,1335.6539000524208,no exact or boundary-refined wrist branch met strict wrist-center/orientation/SEW tolerances,,,,,,,,,,,,,,,oracle_inconclusive
1613,tiago_sew,NUMERICAL_FAILURE,tiago_semi_analytic,c96a32d,median-body-4344-torso015-J1-root-zplus020-v4,wrist_center,gripper_grasping_frame,,1345.6211000448093,no exact or boundary-refined wrist branch met strict wrist-center/orientation/SEW tolerances,,,,,,,,,,,,,,,oracle_inconclusive
1614,tiago_sew,NUMERICAL_FAILURE,tiago_semi_analytic,c96a32d,median-body-4344-torso015-J1-root-zplus020-v4,wrist_center,gripper_grasping_frame,,1388.1109000649303,no exact or boundary-refined wrist branch met strict wrist-center/orientation/SEW tolerances,,,,,,,,,,,,,,,oracle_inconclusive
1615,tiago_sew,NUMERICAL_FAILURE,tiago_semi_analytic,c96a32d,median-body-4344-torso015-J1-root-zplus020-v4,wrist_center,gripper_grasping_frame,,1207.8430999536067,no exact or boundary-refined wrist branch met strict wrist-center/orientation/SEW tolerances,,,,,,,,,,,,,,,oracle_inconclusive
1616,tiago_sew,NUMERICAL_FAILURE,tiago_semi_analytic,c96a32d,median-body-4344-torso015-J1-root-zplus020-v4,wrist_center,gripper_grasping_frame,,1241.9492000481114,no exact or boundary-refined wrist branch met strict wrist-center/orientation/SEW tolerances,,,,,,,,,,,,,,,oracle_inconclusive
1617,tiago_sew,NUMERICAL_FAILURE,tiago_semi_analytic,c96a32d,median-body-4344-torso015-J1-root-zplus020-v4,wrist_center,gripper_grasping_frame,,1266.7055999627337,no exact or boundary-refined wrist branch met strict wrist-center/orientation/SEW tolerances,,,,,,,,,,,,,,,oracle_inconclusive
1618,tiago_sew,NUMERICAL_FAILURE,tiago_semi_analytic,c96a32d,median-body-4344-torso015-J1-root-zplus020-v4,wrist_center,gripper_grasping_frame,,1339.4409000175074,no exact or boundary-refined wrist branch met strict wrist-center/orientation/SEW tolerances,,,,,,,,,,,,,,,oracle_inconclusive
1619,tiago_sew,NUMERICAL_FAILURE,tiago_semi_analytic,c96a32d,median-body-4344-torso015-J1-root-zplus020-v4,wrist_center,gripper_grasping_frame,,1416.3791999453679,no exact or boundary-refined wrist branch met strict wrist-center/orientation/SEW tolerances,,,,,,,,,,,,,,,oracle_inconclusive
1620,tiago_sew,NUMERICAL_FAILURE,tiago_semi_analytic,c96a32d,median-body-4344-torso015-J1-root-zplus020-v4,wrist_center,gripper_grasping_frame,,1458.12039996963,no exact or boundary-refined wrist branch met strict wrist-center/orientation/SEW tolerances,,,,,,,,,,,,,,,oracle_inconclusive
1621,tiago_sew,NUMERICAL_FAILURE,tiago_semi_analytic,c96a32d,median-body-4344-torso015-J1-root-zplus020-v4,wrist_center,gripper_grasping_frame,,1663.0535000003874,no exact or boundary-refined wrist branch met strict wrist-center/orientation/SEW tolerances,,,,,,,,,,,,,,,oracle_inconclusive
1622,tiago_sew,NUMERICAL_FAILURE,tiago_semi_analytic,c96a32d,median-body-4344-torso015-J1-root-zplus020-v4,wrist_center,gripper_grasping_frame,,1763.7657000450417,no exact or boundary-refined wrist branch met strict wrist-center/orientation/SEW tolerances,,,,,,,,,,,,,,,oracle_inconclusive
1623,tiago_sew,NUMERICAL_FAILURE,tiago_semi_analytic,c96a32d,median-body-4344-torso015-J1-root-zplus020-v4,wrist_center,gripper_grasping_frame,,2285.651699989103,no exact or boundary-refined wrist branch met strict wrist-center/orientation/SEW tolerances,,,,,,,,,,,,,,,oracle_inconclusive
1624,tiago_sew,NUMERICAL_FAILURE,tiago_semi_analytic,c96a32d,median-body-4344-torso015-J1-root-zplus020-v4,wrist_center,gripper_grasping_frame,,2689.091600012034,no exact or boundary-refined wrist branch met strict wrist-center/orientation/SEW tolerances,,,,,,,,,,,,,,,oracle_inconclusive
1625,tiago_sew,NUMERICAL_FAILURE,tiago_semi_analytic,c96a32d,median-body-4344-torso015-J1-root-zplus020-v4,wrist_center,gripper_grasping_frame,,2280.5187000194564,no exact or boundary-refined wrist branch met strict wrist-center/orientation/SEW tolerances,,,,,,,,,,,,,,,oracle_inconclusive
1626,tiago_sew,NUMERICAL_FAILURE,tiago_semi_analytic,c96a32d,median-body-4344-torso015-J1-root-zplus020-v4,wrist_center,gripper_grasping_frame,,245.86979998275638,no exact or boundary-refined wrist branch met strict wrist-center/orientation/SEW tolerances,,,,,,,,,,,,,,,oracle_inconclusive
1627,tiago_sew,NUMERICAL_FAILURE,tiago_semi_analytic,c96a32d,median-body-4344-torso015-J1-root-zplus020-v4,wrist_center,gripper_grasping_frame,,271.81649999693036,no exact or boundary-refined wrist branch met strict wrist-center/orientation/SEW tolerances,,,,,,,,,,,,,,,oracle_inconclusive
1628,tiago_sew,NUMERICAL_FAILURE,tiago_semi_analytic,c96a32d,median-body-4344-torso015-J1-root-zplus020-v4,wrist_center,gripper_grasping_frame,,245.80679996870458,no exact or boundary-refined wrist branch met strict wrist-center/orientation/SEW tolerances,,,,,,,,,,,,,,,oracle_inconclusive
1629,tiago_sew,NUMERICAL_FAILURE,tiago_semi_analytic,c96a32d,median-body-4344-torso015-J1-root-zplus020-v4,wrist_center,gripper_grasping_frame,,260.1920000743121,no exact or boundary-refined wrist branch met strict wrist-center/orientation/SEW tolerances,,,,,,,,,,,,,,,oracle_inconclusive
1630,tiago_sew,NUMERICAL_FAILURE,tiago_semi_analytic,c96a32d,median-body-4344-torso015-J1-root-zplus020-v4,wrist_center,gripper_grasping_frame,,264.9259000318125,no exact or boundary-refined wrist branch met strict wrist-center/orientation/SEW tolerances,,,,,,,,,,,,,,,oracle_inconclusive
1631,tiago_sew,NUMERICAL_FAILURE,tiago_semi_analytic,c96a32d,median-body-4344-torso015-J1-root-zplus020-v4,wrist_center,gripper_grasping_frame,,246.81029992643744,no exact or boundary-refined wrist branch met strict wrist-center/orientation/SEW tolerances,,,,,,,,,,,,,,,oracle_inconclusive
1632,tiago_sew,NUMERICAL_FAILURE,tiago_semi_analytic,c96a32d,median-body-4344-torso015-J1-root-zplus020-v4,wrist_center,gripper_grasping_frame,,231.30219988524914,no exact or boundary-refined wrist branch met strict wrist-center/orientation/SEW tolerances,,,,,,,,,,,,,,,oracle_inconclusive
1633,tiago_sew,NUMERICAL_FAILURE,tiago_semi_analytic,c96a32d,median-body-4344-torso015-J1-root-zplus020-v4,wrist_center,gripper_grasping_frame,,236.86079995241016,no exact or boundary-refined wrist branch met strict wrist-center/orientation/SEW tolerances,,,,,,,,,,,,,,,oracle_inconclusive
1634,tiago_sew,NUMERICAL_FAILURE,tiago_semi_analytic,c96a32d,median-body-4344-torso015-J1-root-zplus020-v4,wrist_center,gripper_grasping_frame,,234.56780007109046,no exact or boundary-refined wrist branch met strict wrist-center/orientation/SEW tolerances,,,,,,,,,,,,,,,oracle_inconclusive
1635,tiago_sew,NUMERICAL_FAILURE,tiago_semi_analytic,c96a32d,median-body-4344-torso015-J1-root-zplus020-v4,wrist_center,gripper_grasping_frame,,241.89890001434833,no exact or boundary-refined wrist branch met strict wrist-center/orientation/SEW tolerances,,,,,,,,,,,,,,,oracle_inconclusive
1636,tiago_sew,NUMERICAL_FAILURE,tiago_semi_analytic,c96a32d,median-body-4344-torso015-J1-root-zplus020-v4,wrist_center,gripper_grasping_frame,,249.3234999710694,no exact or boundary-refined wrist branch met strict wrist-center/orientation/SEW tolerances,,,,,,,,,,,,,,,oracle_inconclusive
1637,tiago_sew,NUMERICAL_FAILURE,tiago_semi_analytic,c96a32d,median-body-4344-torso015-J1-root-zplus020-v4,wrist_center,gripper_grasping_frame,,260.25170006323606,no exact or boundary-refined wrist branch met strict wrist-center/orientation/SEW tolerances,,,,,,,,,,,,,,,oracle_inconclusive
1638,tiago_sew,NUMERICAL_FAILURE,tiago_semi_analytic,c96a32d,median-body-4344-torso015-J1-root-zplus020-v4,wrist_center,gripper_grasping_frame,,274.0837000310421,no exact or boundary-refined wrist branch met strict wrist-center/orientation/SEW tolerances,,,,,,,,,,,,,,,oracle_inconclusive
1639,tiago_sew,NUMERICAL_FAILURE,tiago_semi_analytic,c96a32d,median-body-4344-torso015-J1-root-zplus020-v4,wrist_center,gripper_grasping_frame,,267.1111000236124,no exact or boundary-refined wrist branch met strict wrist-center/orientation/SEW tolerances,,,,,,,,,,,,,,,oracle_inconclusive
1640,tiago_sew,NUMERICAL_FAILURE,tiago_semi_analytic,c96a32d,median-body-4344-torso015-J1-root-zplus020-v4,wrist_center,gripper_grasping_frame,,272.6781000383198,no exact or boundary-refined wrist branch met strict wrist-center/orientation/SEW tolerances,,,,,,,,,,,,,,,oracle_inconclusive
1641,tiago_sew,NUMERICAL_FAILURE,tiago_semi_analytic,c96a32d,median-body-4344-torso015-J1-root-zplus020-v4,wrist_center,gripper_grasping_frame,,279.6626000199467,no exact or boundary-refined wrist branch met strict wrist-center/orientation/SEW tolerances,,,,,,,,,,,,,,,oracle_inconclusive
1642,tiago_sew,NUMERICAL_FAILURE,tiago_semi_analytic,c96a32d,median-body-4344-torso015-J1-root-zplus020-v4,wrist_center,gripper_grasping_frame,,288.93450007308275,no exact or boundary-refined wrist branch met strict wrist-center/orientation/SEW tolerances,,,,,,,,,,,,,,,oracle_inconclusive
1643,tiago_sew,NUMERICAL_FAILURE,tiago_semi_analytic,c96a32d,median-body-4344-torso015-J1-root-zplus020-v4,wrist_center,gripper_grasping_frame,,304.0964000392705,no exact or boundary-refined wrist branch met strict wrist-center/orientation/SEW tolerances,,,,,,,,,,,,,,,oracle_inconclusive
1644,tiago_sew,NUMERICAL_FAILURE,tiago_semi_analytic,c96a32d,median-body-4344-torso015-J1-root-zplus020-v4,wrist_center,gripper_grasping_frame,,307.168300030753,no exact or boundary-refined wrist branch met strict wrist-center/orientation/SEW tolerances,,,,,,,,,,,,,,,oracle_inconclusive
1645,tiago_sew,NUMERICAL_FAILURE,tiago_semi_analytic,c96a32d,median-body-4344-torso015-J1-root-zplus020-v4,wrist_center,gripper_grasping_frame,,345.6747999880463,no exact or boundary-refined wrist branch met strict wrist-center/orientation/SEW tolerances,,,,,,,,,,,,,,,oracle_inconclusive
1646,tiago_sew,NUMERICAL_FAILURE,tiago_semi_analytic,c96a32d,median-body-4344-torso015-J1-root-zplus020-v4,wrist_center,gripper_grasping_frame,,320.3245000913739,no exact or boundary-refined wrist branch met strict wrist-center/orientation/SEW tolerances,,,,,,,,,,,,,,,oracle_inconclusive
1647,tiago_sew,NUMERICAL_FAILURE,tiago_semi_analytic,c96a32d,median-body-4344-torso015-J1-root-zplus020-v4,wrist_center,gripper_grasping_frame,,333.50259996950626,no exact or boundary-refined wrist branch met strict wrist-center/orientation/SEW tolerances,,,,,,,,,,,,,,,oracle_inconclusive
1648,tiago_sew,NUMERICAL_FAILURE,tiago_semi_analytic,c96a32d,median-body-4344-torso015-J1-root-zplus020-v4,wrist_center,gripper_grasping_frame,,324.4997999863699,no exact or boundary-refined wrist branch met strict wrist-center/orientation/SEW tolerances,,,,,,,,,,,,,,,oracle_inconclusive
1649,tiago_sew,NUMERICAL_FAILURE,tiago_semi_analytic,c96a32d,median-body-4344-torso015-J1-root-zplus020-v4,wrist_center,gripper_grasping_frame,,333.8931000325829,no exact or boundary-refined wrist branch met strict wrist-center/orientation/SEW tolerances,,,,,,,,,,,,,,,oracle_inconclusive
1650,tiago_sew,NUMERICAL_FAILURE,tiago_semi_analytic,c96a32d,median-body-4344-torso015-J1-root-zplus020-v4,wrist_center,gripper_grasping_frame,,327.54310010932386,no exact or boundary-refined wrist branch met strict wrist-center/orientation/SEW tolerances,,,,,,,,,,,,,,,oracle_inconclusive
1651,tiago_sew,NUMERICAL_FAILURE,tiago_semi_analytic,c96a32d,median-body-4344-torso015-J1-root-zplus020-v4,wrist_center,gripper_grasping_frame,,330.64389997161925,no exact or boundary-refined wrist branch met strict wrist-center/orientation/SEW tolerances,,,,,,,,,,,,,,,oracle_inconclusive
1652,tiago_sew,NUMERICAL_FAILURE,tiago_semi_analytic,c96a32d,median-body-4344-torso015-J1-root-zplus020-v4,wrist_center,gripper_grasping_frame,,306.40550004318357,no exact or boundary-refined wrist branch met strict wrist-center/orientation/SEW tolerances,,,,,,,,,,,,,,,oracle_inconclusive
1653,tiago_sew,NUMERICAL_FAILURE,tiago_semi_analytic,c96a32d,median-body-4344-torso015-J1-root-zplus020-v4,wrist_center,gripper_grasping_frame,,295.2404000097886,no exact or boundary-refined wrist branch met strict wrist-center/orientation/SEW tolerances,,,,,,,,,,,,,,,oracle_inconclusive
1654,tiago_sew,NUMERICAL_FAILURE,tiago_semi_analytic,c96a32d,median-body-4344-torso015-J1-root-zplus020-v4,wrist_center,gripper_grasping_frame,,295.64360005315393,no exact or boundary-refined wrist branch met strict wrist-center/orientation/SEW tolerances,,,,,,,,,,,,,,,oracle_inconclusive
1655,tiago_sew,NUMERICAL_FAILURE,tiago_semi_analytic,c96a32d,median-body-4344-torso015-J1-root-zplus020-v4,wrist_center,gripper_grasping_frame,,285.35710007417947,no exact or boundary-refined wrist branch met strict wrist-center/orientation/SEW tolerances,,,,,,,,,,,,,,,oracle_inconclusive
1656,tiago_sew,NUMERICAL_FAILURE,tiago_semi_analytic,c96a32d,median-body-4344-torso015-J1-root-zplus020-v4,wrist_center,gripper_grasping_frame,,269.7157000657171,no exact or boundary-refined wrist branch met strict wrist-center/orientation/SEW tolerances,,,,,,,,,,,,,,,oracle_inconclusive
1657,tiago_sew,NUMERICAL_FAILURE,tiago_semi_analytic,c96a32d,median-body-4344-torso015-J1-root-zplus020-v4,wrist_center,gripper_grasping_frame,,267.5256000366062,no exact or boundary-refined wrist branch met strict wrist-center/orientation/SEW tolerances,,,,,,,,,,,,,,,oracle_inconclusive
1658,tiago_sew,NUMERICAL_FAILURE,tiago_semi_analytic,c96a32d,median-body-4344-torso015-J1-root-zplus020-v4,wrist_center,gripper_grasping_frame,,255.28749998193234,no exact or boundary-refined wrist branch met strict wrist-center/orientation/SEW tolerances,,,,,,,,,,,,,,,oracle_inconclusive
1659,tiago_sew,NUMERICAL_FAILURE,tiago_semi_analytic,c96a32d,median-body-4344-torso015-J1-root-zplus020-v4,wrist_center,gripper_grasping_frame,,261.50779996532947,no exact or boundary-refined wrist branch met strict wrist-center/orientation/SEW tolerances,,,,,,,,,,,,,,,oracle_inconclusive
1660,tiago_sew,NUMERICAL_FAILURE,tiago_semi_analytic,c96a32d,median-body-4344-torso015-J1-root-zplus020-v4,wrist_center,gripper_grasping_frame,,239.11079997196794,no exact or boundary-refined wrist branch met strict wrist-center/orientation/SEW tolerances,,,,,,,,,,,,,,,oracle_inconclusive
1661,tiago_sew,NUMERICAL_FAILURE,tiago_semi_analytic,c96a32d,median-body-4344-torso015-J1-root-zplus020-v4,wrist_center,gripper_grasping_frame,,238.07409999426454,no exact or boundary-refined wrist branch met strict wrist-center/orientation/SEW tolerances,,,,,,,,,,,,,,,oracle_inconclusive
1662,tiago_sew,NUMERICAL_FAILURE,tiago_semi_analytic,c96a32d,median-body-4344-torso015-J1-root-zplus020-v4,wrist_center,gripper_grasping_frame,,235.24860001634806,no exact or boundary-refined wrist branch met strict wrist-center/orientation/SEW tolerances,,,,,,,,,,,,,,,oracle_inconclusive
1663,tiago_sew,NUMERICAL_FAILURE,tiago_semi_analytic,c96a32d,median-body-4344-torso015-J1-root-zplus020-v4,wrist_center,gripper_grasping_frame,,239.42630004603416,no exact or boundary-refined wrist branch met strict wrist-center/orientation/SEW tolerances,,,,,,,,,,,,,,,oracle_inconclusive
1664,tiago_sew,NUMERICAL_FAILURE,tiago_semi_analytic,c96a32d,median-body-4344-torso015-J1-root-zplus020-v4,wrist_center,gripper_grasping_frame,,220.02040001098067,no exact or boundary-refined wrist branch met strict wrist-center/orientation/SEW tolerances,,,,,,,,,,,,,,,oracle_inconclusive
1665,tiago_sew,NUMERICAL_FAILURE,tiago_semi_analytic,c96a32d,median-body-4344-torso015-J1-root-zplus020-v4,wrist_center,gripper_grasping_frame,,221.80240007583052,no exact or boundary-refined wrist branch met strict wrist-center/orientation/SEW tolerances,,,,,,,,,,,,,,,oracle_inconclusive
1666,tiago_sew,NUMERICAL_FAILURE,tiago_semi_analytic,c96a32d,median-body-4344-torso015-J1-root-zplus020-v4,wrist_center,gripper_grasping_frame,,217.5905000185594,no exact or boundary-refined wrist branch met strict wrist-center/orientation/SEW tolerances,,,,,,,,,,,,,,,oracle_inconclusive
1667,tiago_sew,NUMERICAL_FAILURE,tiago_semi_analytic,c96a32d,median-body-4344-torso015-J1-root-zplus020-v4,wrist_center,gripper_grasping_frame,,208.63669994287193,no exact or boundary-refined wrist branch met strict wrist-center/orientation/SEW tolerances,,,,,,,,,,,,,,,oracle_inconclusive
1668,tiago_sew,NUMERICAL_FAILURE,tiago_semi_analytic,c96a32d,median-body-4344-torso015-J1-root-zplus020-v4,wrist_center,gripper_grasping_frame,,211.05360006913543,no exact or boundary-refined wrist branch met strict wrist-center/orientation/SEW tolerances,,,,,,,,,,,,,,,oracle_inconclusive
1669,tiago_sew,NUMERICAL_FAILURE,tiago_semi_analytic,c96a32d,median-body-4344-torso015-J1-root-zplus020-v4,wrist_center,gripper_grasping_frame,,194.62770002428442,no exact or boundary-refined wrist branch met strict wrist-center/orientation/SEW tolerances,,,,,,,,,,,,,,,oracle_inconclusive
1670,tiago_sew,NUMERICAL_FAILURE,tiago_semi_analytic,c96a32d,median-body-4344-torso015-J1-root-zplus020-v4,wrist_center,gripper_grasping_frame,,193.52540001273155,no exact or boundary-refined wrist branch met strict wrist-center/orientation/SEW tolerances,,,,,,,,,,,,,,,oracle_inconclusive
1671,tiago_sew,NUMERICAL_FAILURE,tiago_semi_analytic,c96a32d,median-body-4344-torso015-J1-root-zplus020-v4,wrist_center,gripper_grasping_frame,,196.47250010166317,no exact or boundary-refined wrist branch met strict wrist-center/orientation/SEW tolerances,,,,,,,,,,,,,,,oracle_inconclusive
1672,tiago_sew,NUMERICAL_FAILURE,tiago_semi_analytic,c96a32d,median-body-4344-torso015-J1-root-zplus020-v4,wrist_center,gripper_grasping_frame,,184.44549990817904,no exact or boundary-refined wrist branch met strict wrist-center/orientation/SEW tolerances,,,,,,,,,,,,,,,oracle_inconclusive
1673,tiago_sew,NUMERICAL_FAILURE,tiago_semi_analytic,c96a32d,median-body-4344-torso015-J1-root-zplus020-v4,wrist_center,gripper_grasping_frame,,182.1227999171242,no exact or boundary-refined wrist branch met strict wrist-center/orientation/SEW tolerances,,,,,,,,,,,,,,,oracle_inconclusive
1674,tiago_sew,NUMERICAL_FAILURE,tiago_semi_analytic,c96a32d,median-body-4344-torso015-J1-root-zplus020-v4,wrist_center,gripper_grasping_frame,,182.70920007489622,no exact or boundary-refined wrist branch met strict wrist-center/orientation/SEW tolerances,,,,,,,,,,,,,,,oracle_inconclusive
1675,tiago_sew,NUMERICAL_FAILURE,tiago_semi_analytic,c96a32d,median-body-4344-torso015-J1-root-zplus020-v4,wrist_center,gripper_grasping_frame,,281.70849999878556,no exact or boundary-refined wrist branch met strict wrist-center/orientation/SEW tolerances,,,,,,,,,,,,,,,oracle_inconclusive
1676,tiago_sew,NUMERICAL_FAILURE,tiago_semi_analytic,c96a32d,median-body-4344-torso015-J1-root-zplus020-v4,wrist_center,gripper_grasping_frame,,260.88429999072105,no exact or boundary-refined wrist branch met strict wrist-center/orientation/SEW tolerances,,,,,,,,,,,,,,,oracle_inconclusive
1677,tiago_sew,NUMERICAL_FAILURE,tiago_semi_analytic,c96a32d,median-body-4344-torso015-J1-root-zplus020-v4,wrist_center,gripper_grasping_frame,,242.8574999794364,no exact or boundary-refined wrist branch met strict wrist-center/orientation/SEW tolerances,,,,,,,,,,,,,,,oracle_inconclusive
1678,tiago_sew,NUMERICAL_FAILURE,tiago_semi_analytic,c96a32d,median-body-4344-torso015-J1-root-zplus020-v4,wrist_center,gripper_grasping_frame,,235.57280004024506,no exact or boundary-refined wrist branch met strict wrist-center/orientation/SEW tolerances,,,,,,,,,,,,,,,oracle_inconclusive
1679,tiago_sew,NUMERICAL_FAILURE,tiago_semi_analytic,c96a32d,median-body-4344-torso015-J1-root-zplus020-v4,wrist_center,gripper_grasping_frame,,227.65949997119606,no exact or boundary-refined wrist branch met strict wrist-center/orientation/SEW tolerances,,,,,,,,,,,,,,,oracle_inconclusive
1680,tiago_sew,NUMERICAL_FAILURE,tiago_semi_analytic,c96a32d,median-body-4344-torso015-J1-root-zplus020-v4,wrist_center,gripper_grasping_frame,,468.3392000151798,no exact or boundary-refined wrist branch met strict wrist-center/orientation/SEW tolerances,,,,,,,,,,,,,,,oracle_inconclusive
1681,tiago_sew,NUMERICAL_FAILURE,tiago_semi_analytic,c96a32d,median-body-4344-torso015-J1-root-zplus020-v4,wrist_center,gripper_grasping_frame,,228.1682000029832,no exact or boundary-refined wrist branch met strict wrist-center/orientation/SEW tolerances,,,,,,,,,,,,,,,oracle_inconclusive
1682,tiago_sew,NUMERICAL_FAILURE,tiago_semi_analytic,c96a32d,median-body-4344-torso015-J1-root-zplus020-v4,wrist_center,gripper_grasping_frame,,454.10329999867827,no exact or boundary-refined wrist branch met strict wrist-center/orientation/SEW tolerances,,,,,,,,,,,,,,,oracle_inconclusive
1683,tiago_sew,NUMERICAL_FAILURE,tiago_semi_analytic,c96a32d,median-body-4344-torso015-J1-root-zplus020-v4,wrist_center,gripper_grasping_frame,,243.520800024271,no exact or boundary-refined wrist branch met strict wrist-center/orientation/SEW tolerances,,,,,,,,,,,,,,,oracle_inconclusive
1684,tiago_sew,NUMERICAL_FAILURE,tiago_semi_analytic,c96a32d,median-body-4344-torso015-J1-root-zplus020-v4,wrist_center,gripper_grasping_frame,,308.97799995727837,no exact or boundary-refined wrist branch met strict wrist-center/orientation/SEW tolerances,,,,,,,,,,,,,,,oracle_inconclusive
1685,tiago_sew,NUMERICAL_FAILURE,tiago_semi_analytic,c96a32d,median-body-4344-torso015-J1-root-zplus020-v4,wrist_center,gripper_grasping_frame,,445.2873000409454,no exact or boundary-refined wrist branch met strict wrist-center/orientation/SEW tolerances,,,,,,,,,,,,,,,oracle_inconclusive
1686,tiago_sew,NUMERICAL_FAILURE,tiago_semi_analytic,c96a32d,median-body-4344-torso015-J1-root-zplus020-v4,wrist_center,gripper_grasping_frame,,433.77000000327826,no exact or boundary-refined wrist branch met strict wrist-center/orientation/SEW tolerances,,,,,,,,,,,,,,,oracle_inconclusive
1687,tiago_sew,NUMERICAL_FAILURE,tiago_semi_analytic,c96a32d,median-body-4344-torso015-J1-root-zplus020-v4,wrist_center,gripper_grasping_frame,,227.47859999071807,no exact or boundary-refined wrist branch met strict wrist-center/orientation/SEW tolerances,,,,,,,,,,,,,,,oracle_inconclusive
1688,tiago_sew,NUMERICAL_FAILURE,tiago_semi_analytic,c96a32d,median-body-4344-torso015-J1-root-zplus020-v4,wrist_center,gripper_grasping_frame,,362.49460000544786,no exact or boundary-refined wrist branch met strict wrist-center/orientation/SEW tolerances,,,,,,,,,,,,,,,oracle_inconclusive
1689,tiago_sew,NUMERICAL_FAILURE,tiago_semi_analytic,c96a32d,median-body-4344-torso015-J1-root-zplus020-v4,wrist_center,gripper_grasping_frame,,294.0510999178514,no exact or boundary-refined wrist branch met strict wrist-center/orientation/SEW tolerances,,,,,,,,,,,,,,,oracle_inconclusive
1690,tiago_sew,NUMERICAL_FAILURE,tiago_semi_analytic,c96a32d,median-body-4344-torso015-J1-root-zplus020-v4,wrist_center,gripper_grasping_frame,,439.7830000380054,no exact or boundary-refined wrist branch met strict wrist-center/orientation/SEW tolerances,,,,,,,,,,,,,,,oracle_inconclusive
1691,tiago_sew,NUMERICAL_FAILURE,tiago_semi_analytic,c96a32d,median-body-4344-torso015-J1-root-zplus020-v4,wrist_center,gripper_grasping_frame,,328.1949000665918,no exact or boundary-refined wrist branch met strict wrist-center/orientation/SEW tolerances,,,,,,,,,,,,,,,oracle_inconclusive
1692,tiago_sew,NUMERICAL_FAILURE,tiago_semi_analytic,c96a32d,median-body-4344-torso015-J1-root-zplus020-v4,wrist_center,gripper_grasping_frame,,421.62589996587485,no exact or boundary-refined wrist branch met strict wrist-center/orientation/SEW tolerances,,,,,,,,,,,,,,,oracle_inconclusive
1693,tiago_sew,NUMERICAL_FAILURE,tiago_semi_analytic,c96a32d,median-body-4344-torso015-J1-root-zplus020-v4,wrist_center,gripper_grasping_frame,,326.5776999760419,no exact or boundary-refined wrist branch met strict wrist-center/orientation/SEW tolerances,,,,,,,,,,,,,,,oracle_inconclusive
1694,tiago_sew,NUMERICAL_FAILURE,tiago_semi_analytic,c96a32d,median-body-4344-torso015-J1-root-zplus020-v4,wrist_center,gripper_grasping_frame,,436.45220005419105,no exact or boundary-refined wrist branch met strict wrist-center/orientation/SEW tolerances,,,,,,,,,,,,,,,oracle_inconclusive
1695,tiago_sew,NUMERICAL_FAILURE,tiago_semi_analytic,c96a32d,median-body-4344-torso015-J1-root-zplus020-v4,wrist_center,gripper_grasping_frame,,368.70749993249774,no exact or boundary-refined wrist branch met strict wrist-center/orientation/SEW tolerances,,,,,,,,,,,,,,,oracle_inconclusive
1696,tiago_sew,NUMERICAL_FAILURE,tiago_semi_analytic,c96a32d,median-body-4344-torso015-J1-root-zplus020-v4,wrist_center,gripper_grasping_frame,,429.7732000704855,no exact or boundary-refined wrist branch met strict wrist-center/orientation/SEW tolerances,,,,,,,,,,,,,,,oracle_inconclusive
1697,tiago_sew,NUMERICAL_FAILURE,tiago_semi_analytic,c96a32d,median-body-4344-torso015-J1-root-zplus020-v4,wrist_center,gripper_grasping_frame,,448.9257000386715,no exact or boundary-refined wrist branch met strict wrist-center/orientation/SEW tolerances,,,,,,,,,,,,,,,oracle_inconclusive
1698,tiago_sew,SUCCESS_EXACT,tiago_semi_analytic,c96a32d,median-body-4344-torso015-J1-root-zplus020-v4,wrist_center,gripper_grasping_frame,seed-11-wrist-1-boundary,418.7531000934541,,1.4636803369442732,-0.03269788123140348,-2.0008220641299586,1.9356878584496897,-2.0943999999999994,0.3334057097266875,0.562039587410584,0.8098337002463118,0.57627101112942,0.5535440340690428,2.5444437451708134e-14,0.3671479235271238,0.45868171536844343,1.0227258480240675,reachable_success
1699,tiago_sew,SUCCESS_EXACT,tiago_semi_analytic,c96a32d,median-body-4344-torso015-J1-root-zplus020-v4,wrist_center,gripper_grasping_frame,seed-11-wrist-0-boundary,413.2484000874683,,1.4725393801277573,-0.024402879803177013,-1.9989367494075343,1.9186198595650934,-2.0943999999999994,0.34036721583526364,0.5642370892829935,0.7069593236318117,0.5025369987132915,0.48362431763632163,2.5444437451708134e-14,0.36902733219469386,0.4636707096675654,1.0230713258834345,reachable_success
1700,tiago_sew,SUCCESS_EXACT,tiago_semi_analytic,c96a32d,median-body-4344-torso015-J1-root-zplus020-v4,wrist_center,gripper_grasping_frame,seed-12-wrist-0-boundary,407.23679994698614,,1.4817174647811129,-0.01619045954251042,-1.9973738121800153,1.9024699694384168,-2.0943999999999994,0.34429349573567,0.5671450187785033,0.5796389701414943,0.4117376914537792,0.3966023982342233,2.5444437451708134e-14,0.3707301380912783,0.4686996615211425,1.0239456935884672,reachable_success
1701,tiago_sew,SUCCESS_EXACT,tiago_semi_analytic,c96a32d,median-body-4344-torso015-J1-root-zplus020-v4,wrist_center,gripper_grasping_frame,seed-12-wrist-0-boundary,345.8071000641212,,1.4910858370613682,-0.00877127983534092,-1.9958944660088556,1.8862777883563773,-2.0943999999999994,0.34817449618571544,0.567999931362316,0.37665652133133715,0.2674009082613801,0.25778113585046053,2.5444437451708134e-14,0.3724587464572392,0.4737363448880554,1.0248254930144336,reachable_success
1702,tiago_sew,SUCCESS_EXACT,tiago_semi_analytic,c96a32d,median-body-4344-torso015-J1-root-zplus020-v4,wrist_center,gripper_grasping_frame,seed-12-wrist-0-boundary,309.6069000894204,,1.5004789237807965,-0.0020206722295968704,-1.993256551431085,1.8703417646537763,-2.0943999999999994,0.351403548675097,0.5685928493391983,0.16382084206775446,0.1162517859734275,0.1121394644154378,2.5444437451708134e-14,0.37422522696456045,0.47894234038431976,1.0251995349102463,reachable_success
1703,tiago_sew,SUCCESS_EXACT,tiago_semi_analytic,c96a32d,median-body-4344-torso015-J1-root-zplus020-v4,wrist_center,gripper_grasping_frame,seed-14-wrist-0-boundary,385.70240000262856,,1.509345890528404,0.0055684708432576,-1.9903173154666192,1.8541871921267525,-2.0943999999999994,0.35807156214329605,0.5709384034329958,0.06121510856410371,0.043337406916497054,0.041880607012399,2.5444437451708134e-14,0.37566968794563604,0.4838643065791173,1.025118127830912,reachable_success
1704,tiago_sew,SUCCESS_EXACT,tiago_semi_analytic,c96a32d,median-body-4344-torso015-J1-root-zplus020-v4,wrist_center,gripper_grasping_frame,seed-14-wrist-0-boundary,382.112400024198,,1.5180851936876902,0.013009229539317917,-1.987965351663096,1.8388371699080919,-2.0943999999999994,0.3609217591895739,0.571393053742043,0.04879241738154089,0.034487532593692846,0.03334496749062777,2.5444437451708134e-14,0.37731595818031155,0.48873071287124215,1.025789509914724,reachable_success
1705,tiago_sew,SUCCESS_EXACT,tiago_semi_analytic,c96a32d,median-body-4344-torso015-J1-root-zplus020-v4,wrist_center,gripper_grasping_frame,seed-0-wrist-0,4.439100041054189,,1.5270258546971318,0.02079477546944085,-1.9846293504875199,1.8226340225125355,-2.0878800922598346,0.3665672552298389,0.5672581385934663,4.440892098500626e-13,1.0419976763226986e-13,5.088887490341627e-14,0.37356319632614404,0.3785478974837514,0.49352985493624524,1.0261257753965376,reachable_success
1706,tiago_sew,SUCCESS_EXACT,tiago_semi_analytic,c96a32d,median-body-4344-torso015-J1-root-zplus020-v4,wrist_center,gripper_grasping_frame,seed-0-wrist-0,4.445199971087277,,1.5357019718610911,0.02740567650914525,-1.981769181057054,1.8067188821688427,-2.084747676243802,0.3735530323195544,0.567016077285353,2.482534153247273e-13,7.690706219626075e-14,2.5444437451708134e-14,0.5530374137239983,0.37985482897444317,0.49812224537426286,1.0261790596434233,reachable_success
1707,tiago_sew,SUCCESS_EXACT,tiago_semi_analytic,c96a32d,median-body-4344-torso015-J1-root-zplus020-v4,wrist_center,gripper_grasping_frame,seed-0-wrist-0,4.32319997344166,,1.543885097460911,0.03521082342002085,-1.9782699338892151,1.791496910812886,-2.0738182969493204,0.37572970381136805,0.5592203205585635,3.925231146709438e-13,7.432420224619299e-14,0.0,1.1792447199954614,0.3812300714101628,0.5025962993659255,1.0271819497491177,reachable_success
1708,tiago_sew,SUCCESS_EXACT,tiago_semi_analytic,c96a32d,median-body-4344-torso015-J1-root-zplus020-v4,wrist_center,gripper_grasping_frame,seed-0-wrist-0,4.455900052562356,,1.552129277976051,0.041888389060187874,-1.9744477614025155,1.7768369205373176,-2.093071322331409,0.3829582185395486,0.5792448071305367,4.577566798522238e-13,4.53604877016588e-14,2.5444437451708134e-14,0.07612762274354713,0.38293766059490825,0.5077099314373982,1.0254640983670866,reachable_success
1709,tiago_sew,SUCCESS_EXACT,tiago_semi_analytic,c96a32d,median-body-4344-torso015-J1-root-zplus020-v4,wrist_center,gripper_grasping_frame,seed-0-wrist-0,4.413299961015582,,1.5604101578872618,0.04994090816501684,-1.9692188680052816,1.7616335482364485,-2.0905360490077443,0.38272062999049883,0.575549691888741,2.5438405243138007e-13,2.728948612870703e-14,2.5444437451708134e-14,0.22138808410163024,0.38487205422187165,0.512840401777048,1.025613258753906,reachable_success
1710,tiago_sew,SUCCESS_EXACT,tiago_semi_analytic,c96a32d,median-body-4344-torso015-J1-root-zplus020-v4,wrist_center,gripper_grasping_frame,seed-11-wrist-0-boundary,379.1315999114886,,1.5692539059056578,0.05685115293087736,-1.9648562355761467,1.74648573826095,-2.0943999999999994,0.38545222327571266,0.5763135315759641,0.06288604042325216,0.043611961586846326,0.04240343451649857,2.5444437451708134e-14,0.38648434609029375,0.517977212364441,1.0252555279776498,reachable_success
1711,tiago_sew,SUCCESS_EXACT,tiago_semi_analytic,c96a32d,median-body-4344-torso015-J1-root-zplus020-v4,wrist_center,gripper_grasping_frame,seed-11-wrist-0-boundary,368.2233999716118,,1.5774940592984958,0.06288142981146605,-1.9617116512299222,1.7321167316470012,-2.0943999999999994,0.38727276037367503,0.5760374252110446,0.03466974177812673,0.02396788693440236,0.02330269483252692,2.5444437451708134e-14,0.3880805141493261,0.5225469362784896,1.0256527729069063,reachable_success
1712,tiago_sew,SUCCESS_EXACT,tiago_semi_analytic,c96a32d,median-body-4344-torso015-J1-root-zplus020-v4,wrist_center,gripper_grasping_frame,seed-11-wrist-0-boundary,284.71639996860176,,1.5853522737451735,0.06968629797768262,-1.9570518907594774,1.7169798571727222,-2.0943999999999994,0.39140969083110144,0.5781240538645531,0.24779401663731498,0.17053644415648697,0.16594913764557914,2.5444437451708134e-14,0.38980318591915175,0.5271628594017026,1.0252252666078399,reachable_success
1713,tiago_sew,SUCCESS_EXACT,tiago_semi_analytic,c96a32d,median-body-4344-torso015-J1-root-zplus020-v4,wrist_center,gripper_grasping_frame,seed-11-wrist-0-boundary,309.63009991683066,,1.5934796023563196,0.07526388254669537,-1.9532518300410553,1.7023076295012984,-2.094399999999999,0.39217102839204593,0.5787380209125285,0.28892169368410425,0.198178154626314,0.1927386294009586,5.088887490341627e-14,0.39180041518988673,0.5318416147909278,1.0254514157844041,reachable_success
1714,tiago_sew,SUCCESS_EXACT,tiago_semi_analytic,c96a32d,median-body-4344-torso015-J1-root-zplus020-v4,wrist_center,gripper_grasping_frame,seed-11-wrist-0-boundary,404.9769000848755,,1.60181402867377,0.08120566381171067,-1.949683631727337,1.6885946393748155,-2.0943999999999994,0.3917307603893069,0.5798224448918711,0.276587368943573,0.18901270726643984,0.18363946223942762,2.5444437451708134e-14,0.39330054047298924,0.5364760989171614,1.025974189988938,reachable_success
1715,tiago_sew,SUCCESS_EXACT,tiago_semi_analytic,c96a32d,median-body-4344-torso015-J1-root-zplus020-v4,wrist_center,gripper_grasping_frame,seed-11-wrist-0-boundary,416.5935000637546,,1.6101348419611499,0.0858490809380466,-1.9464689892402787,1.6747622000824351,-2.0943999999999994,0.39891339417533744,0.5817654649661278,0.33838152159848134,0.23004667996796152,0.22395101758870753,2.5444437451708134e-14,0.3939591998853552,0.5405872881102665,1.0254116651044574,reachable_success
1716,tiago_sew,SUCCESS_EXACT,tiago_semi_analytic,c96a32d,median-body-4344-torso015-J1-root-zplus020-v4,wrist_center,gripper_grasping_frame,seed-11-wrist-0-boundary,402.0625000121072,,1.6182743376066886,0.08907019141745891,-1.9440865296376546,1.6616685231976502,-2.0943999999999994,0.40272896308212053,0.5820865486481801,0.16657602508300917,0.11281405723349501,0.10988482382413642,2.5444437451708134e-14,0.3950147096979348,0.5446245330397651,1.0253938835067942,reachable_success
1717,tiago_sew,SUCCESS_EXACT,tiago_semi_analytic,c96a32d,median-body-4344-torso015-J1-root-zplus020-v4,wrist_center,gripper_grasping_frame,seed-11-wrist-0-boundary,449.6316999429837,,1.626806589658007,0.0939588010976977,-1.9413721124560464,1.6476905374788344,-2.0943999999999994,0.40448130389766673,0.5835060498190534,0.13942645989982325,0.09398583098229527,0.091517629714396,2.5444437451708134e-14,0.3962851330810113,0.5490220069892691,1.0259157282896738,reachable_success
1718,tiago_sew,SUCCESS_EXACT,tiago_semi_analytic,c96a32d,median-body-4344-torso015-J1-root-zplus020-v4,wrist_center,gripper_grasping_frame,seed-11-wrist-0-boundary,418.4748000698164,,1.6337550876571656,0.10006072829904221,-1.9360804530356228,1.6348459048113273,-2.0943999999999994,0.4115367756858504,0.5829953724821584,0.21396292611829063,0.1432655985919561,0.1398123730946474,2.5444437451708134e-14,0.39697159067923526,0.5528373626793276,1.02462907848882,reachable_success
1719,tiago_sew,SUCCESS_EXACT,tiago_semi_analytic,c96a32d,median-body-4344-torso015-J1-root-zplus020-v4,wrist_center,gripper_grasping_frame,seed-11-wrist-0-boundary,397.8933000471443,,1.6412079273480662,0.10342627361784462,-1.9348546896807421,1.6218935265349759,-2.0943999999999994,0.41501659178204836,0.5818609110334663,0.24130799237073838,0.1608281386690997,0.15700877771616836,2.5444437451708134e-14,0.3982248588296681,0.5564335510509787,1.0252936606081817,reachable_success
1720,tiago_sew,SUCCESS_EXACT,tiago_semi_analytic,c96a32d,median-body-4344-torso015-J1-root-zplus020-v4,wrist_center,gripper_grasping_frame,seed-11-wrist-0-boundary,351.03650006931275,,1.6493225327966938,0.10756940970130571,-1.9317379427321821,1.6086853536340013,-2.0943999999999994,0.42104318979882366,0.5844915826212075,0.09755162433173724,0.06462241811191857,0.0631848549264482,2.5444437451708134e-14,0.39880298798010655,0.5603512401739517,1.024876045056342,reachable_success
1721,tiago_sew,SUCCESS_EXACT,tiago_semi_analytic,c96a32d,median-body-4344-torso015-J1-root-zplus020-v4,wrist_center,gripper_grasping_frame,seed-11-wrist-0-boundary,343.9942999975756,,1.6566931087484749,0.11172060832768944,-1.9287255835081634,1.5956455766635411,-2.0943999999999994,0.4254181167600202,0.5854024708618452,0.1443037359693785,0.09502870350343971,0.09299335941931673,2.5444437451708134e-14,0.3999100545355975,0.5640869789765228,1.0247422734709666,reachable_success
1722,tiago_sew,SUCCESS_EXACT,tiago_semi_analytic,c96a32d,median-body-4344-torso015-J1-root-zplus020-v4,wrist_center,gripper_grasping_frame,seed-11-wrist-0-boundary,329.65169998351485,,1.66419848133585,0.1143402466645744,-1.9280873816467776,1.583254290978767,-2.0943999999999994,0.42904898001851716,0.587385206109995,0.03310482824940323,0.021689501002414215,0.021233775768801175,2.5444437451708134e-14,0.400863345549373,0.5674990656647038,1.0255034907125897,reachable_success
1723,tiago_sew,SUCCESS_EXACT,tiago_semi_analytic,c96a32d,median-body-4344-torso015-J1-root-zplus020-v4,wrist_center,gripper_grasping_frame,seed-0-wrist-0,5.0261999713256955,,1.671040663868185,0.12052532306310501,-1.922491115124936,1.570392298417052,-2.0845510763419544,0.4321482240767005,0.580260348328475,2.5438405243138007e-13,1.8938869504762114e-14,5.088887490341627e-14,0.5643017583525529,0.4016144370919868,0.5711259730657333,1.025395329329489,reachable_success
1724,tiago_sew,SUCCESS_EXACT,tiago_semi_analytic,c96a32d,median-body-4344-torso015-J1-root-zplus020-v4,wrist_center,gripper_grasping_frame,seed-0-wrist-0,4.464199999347329,,1.6787029599592984,0.12341876817965355,-1.921664519826279,1.5574483316848544,-2.088882186773092,0.43586628488654666,0.5855277383416468,3.554447978966673e-13,9.419708849060634e-14,0.0,0.31614741004327906,0.4028553210028937,0.574754161176133,1.0259103461219314,reachable_success
1725,tiago_sew,SUCCESS_EXACT,tiago_semi_analytic,c96a32d,median-body-4344-torso015-J1-root-zplus020-v4,wrist_center,gripper_grasping_frame,seed-0-wrist-0,4.455800051800907,,1.6852326370047632,0.12737343814362578,-1.918904367412132,1.546250306284975,-2.0868246849683523,0.44064188441321983,0.5801155995210308,4.5097472448829337e-13,6.021247958030098e-14,5.088887490341627e-14,0.43403357979541596,0.403313095225812,0.5778337400143593,1.0258693853143666,reachable_success
1726,tiago_sew,SUCCESS_EXACT,tiago_semi_analytic,c96a32d,median-body-4344-torso015-J1-root-zplus020-v4,wrist_center,gripper_grasping_frame,seed-0-wrist-0,4.643200081773102,,1.6919411736450565,0.13183133473158612,-1.9163246890611083,1.5340614642517985,-2.080081751207424,0.44308805521908035,0.5735943213489909,1.2412670766236365e-13,4.060736411114574e-14,2.5444437451708134e-14,0.8203752258328748,0.40414014148855754,0.5810137483363416,1.026773199335243,reachable_success
1727,tiago_sew,SUCCESS_EXACT,tiago_semi_analytic,c96a32d,median-body-4344-torso015-J1-root-zplus020-v4,wrist_center,gripper_grasping_frame,seed-0-wrist-0,4.408900043927133,,1.6986292170142816,0.13333698752804352,-1.9169837035130406,1.5230241520972854,-2.0839079625771584,0.44816211064139555,0.57431283705656,2.5438405243138007e-13,4.7298873473614744e-14,0.0,0.6011494628221316,0.4048827506116901,0.5838160072543184,1.0274113475605007,reachable_success
1728,tiago_sew,SUCCESS_EXACT,tiago_semi_analytic,c96a32d,median-body-4344-torso015-J1-root-zplus020-v4,wrist_center,gripper_grasping_frame,seed-0-wrist-0,4.397699958644807,,1.7043569424283502,0.1385420449269438,-1.9121921954074954,1.5118223142129619,-2.0765774753561894,0.45124205020839625,0.5650810488100637,2.989366980140908e-13,1.5594226403140584e-14,0.0,1.0211554423582367,0.405611480910059,0.5867952357141692,1.027326358666227,reachable_success
1729,tiago_sew,SUCCESS_EXACT,tiago_semi_analytic,c96a32d,median-body-4344-torso015-J1-root-zplus020-v4,wrist_center,gripper_grasping_frame,seed-0-wrist-0,4.3750000186264515,,1.71114160900167,0.14036720736519603,-1.912505778992448,1.5003703913003212,-2.0896415954275427,0.4580094559608505,0.5770030903481347,2.0014830212433604e-13,3.625423083274699e-14,2.5444437451708134e-14,0.27263649921754657,0.4066557923388613,0.5898563388296094,1.027055245298573,reachable_success
1730,tiago_sew,SUCCESS_EXACT,tiago_semi_analytic,c96a32d,median-body-4344-torso015-J1-root-zplus020-v4,wrist_center,gripper_grasping_frame,seed-0-wrist-0,4.3518999591469765,,1.717645478228565,0.1443675645671993,-1.9100853575760997,1.4887618570990815,-2.083356523404005,0.4582643518996403,0.5677773793826386,3.188872858294072e-13,3.170790704016981e-14,0.0,0.632744600102016,0.4076353042344095,0.592982662046968,1.0282232666601336,reachable_success
1731,tiago_sew,SUCCESS_EXACT,tiago_semi_analytic,c96a32d,median-body-4344-torso015-J1-root-zplus020-v4,wrist_center,gripper_grasping_frame,seed-0-wrist-0,4.562799935229123,,1.7235419023627243,0.14930921011026685,-1.9064578894716737,1.477361932719667,-2.083804389773619,0.4637468322496341,0.5685684567635114,2.220446049250313e-13,7.22376480222018e-14,0.0,0.6070837473372799,0.4083564362412796,0.5958903223150591,1.0278825548570911,reachable_success
1732,tiago_sew,SUCCESS_EXACT,tiago_semi_analytic,c96a32d,median-body-4344-torso015-J1-root-zplus020-v4,wrist_center,gripper_grasping_frame,seed-0-wrist-0,4.292900091968477,,1.7293480554908693,0.15486244579063496,-1.90207637723893,1.465552836940601,-2.076076153636283,0.4671476214617898,0.5633345346348886,3.188872858294072e-13,4.876065224157498e-14,5.088887490341627e-14,1.0498790610871231,0.40912792733666814,0.5987495354395788,1.0282538977340536,reachable_success
1733,tiago_sew,SUCCESS_EXACT,tiago_semi_analytic,c96a32d,median-body-4344-torso015-J1-root-zplus020-v4,wrist_center,gripper_grasping_frame,seed-0-wrist-0,4.3261999962851405,,1.7353987322840358,0.15932040681940965,-1.8984464965463346,1.4541134646026237,-2.074538360411638,0.47188671945710015,0.5627594766912845,1.570092458683775e-13,3.5685593882594325e-14,2.5444437451708134e-14,1.137988122623094,0.40983981679534254,0.6016546589784755,1.028086182289835,reachable_success
1734,tiago_sew,SUCCESS_EXACT,tiago_semi_analytic,c96a32d,median-body-4344-torso015-J1-root-zplus020-v4,wrist_center,gripper_grasping_frame,seed-0-wrist-0,5.544600076973438,,1.7415433472521467,0.15986389590983194,-1.8998864881986945,1.4437100291288882,-2.079898090795535,0.4755009407848383,0.5698526832027411,5.551115123125783e-14,3.067731139389579e-14,0.0,0.8308981922977486,0.410871001655242,0.6041909599961327,1.0289256177760386,reachable_success
1735,tiago_sew,SUCCESS_EXACT,tiago_semi_analytic,c96a32d,median-body-4344-torso015-J1-root-zplus020-v4,wrist_center,gripper_grasping_frame,seed-0-wrist-0,5.299399956129491,,1.7467330790499673,0.16393827515611756,-1.8972051416083295,1.4344252014983676,-2.071370721426815,0.4782050935162654,0.5619339529682303,0.0,5.656402456401589e-14,0.0,1.3194804674745422,0.4109396541291339,0.6064104208296466,1.0297599554451802,reachable_success
1736,tiago_sew,SUCCESS_EXACT,tiago_semi_analytic,c96a32d,median-body-4344-torso015-J1-root-zplus020-v4,wrist_center,gripper_grasping_frame,seed-0-wrist-0,6.3183000311255455,,1.7522614687435707,0.16768647766677558,-1.8953897459769962,1.4233925945874406,-2.077603594260541,0.4830409667365192,0.5688353557519843,4.0412728104402654e-13,2.1633078806552878e-14,7.63333123551244e-14,0.9623631598602979,0.41213547133587597,0.6090658385405878,1.0297394301243112,reachable_success
1737,tiago_sew,SUCCESS_EXACT,tiago_semi_analytic,c96a32d,median-body-4344-torso015-J1-root-zplus020-v4,wrist_center,gripper_grasping_frame,seed-0-wrist-0,5.996699910610914,,1.7583447387076385,0.1715610542345739,-1.8923837712860248,1.4131375175328424,-2.074554907775359,0.48380737486473047,0.5650035208307442,3.37661150723213e-13,6.210472136615669e-14,2.5444437451708134e-14,1.1370400285198108,0.41274150748731275,0.6119579619212452,1.0303393077853011,reachable_success
1738,tiago_sew,SUCCESS_EXACT,tiago_semi_analytic,c96a32d,median-body-4344-torso015-J1-root-zplus020-v4,wrist_center,gripper_grasping_frame,seed-0-wrist-0,4.431800101883709,,1.762882556833964,0.17555285953115268,-1.8902585552687485,1.4037855591199246,-2.090821996696336,0.4880283998607342,0.5784901986475939,3.3306690738754696e-13,6.93784832634432e-14,5.088887490341627e-14,0.2050044883837924,0.4143263683882999,0.6145015218215403,1.0294868604871796,reachable_success
1739,tiago_sew,SUCCESS_EXACT,tiago_semi_analytic,c96a32d,median-body-4344-torso015-J1-root-zplus020-v4,wrist_center,gripper_grasping_frame,seed-0-wrist-0,4.728200030513108,,1.7687605588764488,0.17789604084470678,-1.888706999960752,1.394143154918209,-2.0932183190996287,0.4879824188383588,0.578696000081846,4.335559509131367e-13,9.384078980733608e-14,0.0,0.06770532832248165,0.4153205990919925,0.6173187385562707,1.0300448788892593,reachable_success
1740,tiago_sew,SUCCESS_EXACT,tiago_semi_analytic,c96a32d,median-body-4344-torso015-J1-root-zplus020-v4,wrist_center,gripper_grasping_frame,seed-11-wrist-0-boundary,407.91760000865906,,1.77287596957557,0.18229478743338726,-1.8861233951701828,1.38549367923667,-2.0943999999999994,0.4920428608644541,0.5806198876824161,0.13413953523288197,0.07650740147008361,0.07576615167075108,2.5444437451708134e-14,0.41595778570069775,0.6192411264746567,1.0301866741090195,reachable_success
1741,tiago_sew,SUCCESS_EXACT,tiago_semi_analytic,c96a32d,median-body-4344-torso015-J1-root-zplus020-v4,wrist_center,gripper_grasping_frame,seed-11-wrist-0-boundary,418.97680005058646,,1.7778308085884533,0.18712172012638936,-1.8821532725630836,1.375823272125147,-2.0943999999999994,0.4954662404876573,0.5835898836505762,0.18960986623420975,0.1070906444278501,0.10614517812377608,2.5444437451708134e-14,0.41662269050561596,0.6216596897909208,1.0300536412698253,reachable_success
1742,tiago_sew,SUCCESS_EXACT,tiago_semi_analytic,c96a32d,median-body-4344-torso015-J1-root-zplus020-v4,wrist_center,gripper_grasping_frame,seed-11-wrist-0-boundary,418.6734000686556,,1.7820104998072812,0.1885085744917988,-1.8832828777542017,1.3682279193661617,-2.0943999999999994,0.49737130051681755,0.5811117223839852,0.22876589834632863,0.12835498569348305,0.1272358372988312,2.5444437451708134e-14,0.4171884418103813,0.6232291373872021,1.031424007971494,reachable_success
1743,tiago_sew,SUCCESS_EXACT,tiago_semi_analytic,c96a32d,median-body-4344-torso015-J1-root-zplus020-v4,wrist_center,gripper_grasping_frame,seed-11-wrist-0-boundary,404.23340001143515,,1.786059346975224,0.1941986008114076,-1.8776362862884675,1.359458548057083,-2.0943999999999994,0.500008903694857,0.583458847965706,0.4656783940841786,0.25873725954727944,0.2566525898612463,2.5444437451708134e-14,0.4180373839650187,0.6254903855238473,1.0308112681228023,reachable_success
1744,tiago_sew,SUCCESS_EXACT,tiago_semi_analytic,c96a32d,median-body-4344-torso015-J1-root-zplus020-v4,wrist_center,gripper_grasping_frame,seed-9-wrist-0-boundary,425.68249988835305,,1.78988718579594,0.1971261141583175,-1.8756155452515564,1.3521794909576346,-2.0943999999999994,0.4999573026474046,0.5815431512633358,0.40049209285040144,0.2209364342236739,0.219005212995331,2.5444437451708134e-14,0.4188850016292557,0.6273745390706157,1.0313779645606553,reachable_success
1745,tiago_sew,SUCCESS_EXACT,tiago_semi_analytic,c96a32d,median-body-4344-torso015-J1-root-zplus020-v4,wrist_center,gripper_grasping_frame,seed-9-wrist-0-boundary,434.1912000672892,,1.7934914330483087,0.2018068999839327,-1.8720258758538761,1.3441892245555562,-2.0943999999999994,0.5002959273242308,0.582563997205924,0.5917021641552206,0.3235902305148154,0.3206134239395806,2.5444437451708134e-14,0.41997445740530415,0.6293241087306968,1.0317635037129211,reachable_success
1746,tiago_sew,SUCCESS_EXACT,tiago_semi_analytic,c96a32d,median-body-4344-torso015-J1-root-zplus020-v4,wrist_center,gripper_grasping_frame,seed-5-wrist-0-boundary,403.364900033921,,1.7981782034508866,0.20396042960724528,-1.869978310712047,1.3366733793025267,-2.0943999999999994,0.5066635803868907,0.5837491833755791,0.7817751098656276,0.4240614178343303,0.42116531664304774,2.5444437451708134e-14,0.419635438118692,0.6310980290781887,1.0312283141219563,reachable_success
1747,tiago_sew,SUCCESS_EXACT,tiago_semi_analytic,c96a32d,median-body-4344-torso015-J1-root-zplus020-v4,wrist_center,gripper_grasping_frame,seed-0-wrist-0-boundary,407.80859999358654,,1.8006981656095478,0.20690520490238995,-1.8685505483299756,1.331479676212129,-2.0943999999999994,0.502729159084992,0.5869252056169463,0.916223846858572,0.49437196883557305,0.48983073154089396,2.5444437451708134e-14,0.42075796382502456,0.6325640195286053,1.032492943234218,reachable_success
1748,tiago_sew,SUCCESS_EXACT,tiago_semi_analytic,c96a32d,median-body-4344-torso015-J1-root-zplus020-v4,wrist_center,gripper_grasping_frame,seed-16-wrist-0-boundary,404.7198999905959,,1.804588271908123,0.20862207978176509,-1.867944787051008,1.3255992546750486,-2.0943999999999994,0.5042017681419559,0.5883963778775468,0.7412191864022201,0.39748732194700126,0.39388959183765043,2.5444437451708134e-14,0.42075254200352696,0.6341138496354954,1.0330758368955508,reachable_success
1749,tiago_sew,SUCCESS_EXACT,tiago_semi_analytic,c96a32d,median-body-4344-torso015-J1-root-zplus020-v4,wrist_center,gripper_grasping_frame,seed-5-wrist-0-boundary,408.0646999645978,,1.8076920471614497,0.21097797142570784,-1.865475038305486,1.3197132803346472,-2.0943999999999994,0.5059946712847028,0.5888764479395887,0.9365550108338454,0.4989751041596581,0.4946229913135033,2.5444437451708134e-14,0.4212244603074333,0.6355846209084504,1.0329141816464211,reachable_success
1750,tiago_sew,NUMERICAL_FAILURE,tiago_semi_analytic,c96a32d,median-body-4344-torso015-J1-root-zplus020-v4,wrist_center,gripper_grasping_frame,,421.94520006887615,no exact or boundary-refined wrist branch met strict wrist-center/orientation/SEW tolerances,,,,,,,,,,,,,,,oracle_inconclusive
1751,tiago_sew,NUMERICAL_FAILURE,tiago_semi_analytic,c96a32d,median-body-4344-torso015-J1-root-zplus020-v4,wrist_center,gripper_grasping_frame,,421.44849989563227,no exact or boundary-refined wrist branch met strict wrist-center/orientation/SEW tolerances,,,,,,,,,,,,,,,oracle_inconclusive
1752,tiago_sew,NUMERICAL_FAILURE,tiago_semi_analytic,c96a32d,median-body-4344-torso015-J1-root-zplus020-v4,wrist_center,gripper_grasping_frame,,428.4777999855578,no exact or boundary-refined wrist branch met strict wrist-center/orientation/SEW tolerances,,,,,,,,,,,,,,,oracle_inconclusive
1753,tiago_sew,NUMERICAL_FAILURE,tiago_semi_analytic,c96a32d,median-body-4344-torso015-J1-root-zplus020-v4,wrist_center,gripper_grasping_frame,,417.29830007534474,no exact or boundary-refined wrist branch met strict wrist-center/orientation/SEW tolerances,,,,,,,,,,,,,,,oracle_inconclusive
1754,tiago_sew,NUMERICAL_FAILURE,tiago_semi_analytic,c96a32d,median-body-4344-torso015-J1-root-zplus020-v4,wrist_center,gripper_grasping_frame,,206.80879999417812,no exact or boundary-refined wrist branch met strict wrist-center/orientation/SEW tolerances,,,,,,,,,,,,,,,oracle_inconclusive
1755,tiago_sew,NUMERICAL_FAILURE,tiago_semi_analytic,c96a32d,median-body-4344-torso015-J1-root-zplus020-v4,wrist_center,gripper_grasping_frame,,413.88979996554554,no exact or boundary-refined wrist branch met strict wrist-center/orientation/SEW tolerances,,,,,,,,,,,,,,,oracle_inconclusive
1756,tiago_sew,NUMERICAL_FAILURE,tiago_semi_analytic,c96a32d,median-body-4344-torso015-J1-root-zplus020-v4,wrist_center,gripper_grasping_frame,,210.49830003175884,no exact or boundary-refined wrist branch met strict wrist-center/orientation/SEW tolerances,,,,,,,,,,,,,,,oracle_inconclusive
1757,tiago_sew,NUMERICAL_FAILURE,tiago_semi_analytic,c96a32d,median-body-4344-torso015-J1-root-zplus020-v4,wrist_center,gripper_grasping_frame,,421.0344000020996,no exact or boundary-refined wrist branch met strict wrist-center/orientation/SEW tolerances,,,,,,,,,,,,,,,oracle_inconclusive
1758,tiago_sew,NUMERICAL_FAILURE,tiago_semi_analytic,c96a32d,median-body-4344-torso015-J1-root-zplus020-v4,wrist_center,gripper_grasping_frame,,416.01770010311157,no exact or boundary-refined wrist branch met strict wrist-center/orientation/SEW tolerances,,,,,,,,,,,,,,,oracle_inconclusive
1759,tiago_sew,NUMERICAL_FAILURE,tiago_semi_analytic,c96a32d,median-body-4344-torso015-J1-root-zplus020-v4,wrist_center,gripper_grasping_frame,,417.7055999170989,no exact or boundary-refined wrist branch met strict wrist-center/orientation/SEW tolerances,,,,,,,,,,,,,,,oracle_inconclusive
1760,tiago_sew,NUMERICAL_FAILURE,tiago_semi_analytic,c96a32d,median-body-4344-torso015-J1-root-zplus020-v4,wrist_center,gripper_grasping_frame,,419.61569990962744,no exact or boundary-refined wrist branch met strict wrist-center/orientation/SEW tolerances,,,,,,,,,,,,,,,oracle_inconclusive
1761,tiago_sew,NUMERICAL_FAILURE,tiago_semi_analytic,c96a32d,median-body-4344-torso015-J1-root-zplus020-v4,wrist_center,gripper_grasping_frame,,413.27329992782325,no exact or boundary-refined wrist branch met strict wrist-center/orientation/SEW tolerances,,,,,,,,,,,,,,,oracle_inconclusive
1762,tiago_sew,NUMERICAL_FAILURE,tiago_semi_analytic,c96a32d,median-body-4344-torso015-J1-root-zplus020-v4,wrist_center,gripper_grasping_frame,,406.69750003144145,no exact or boundary-refined wrist branch met strict wrist-center/orientation/SEW tolerances,,,,,,,,,,,,,,,oracle_inconclusive
1763,tiago_sew,NUMERICAL_FAILURE,tiago_semi_analytic,c96a32d,median-body-4344-torso015-J1-root-zplus020-v4,wrist_center,gripper_grasping_frame,,415.37860000971705,no exact or boundary-refined wrist branch met strict wrist-center/orientation/SEW tolerances,,,,,,,,,,,,,,,oracle_inconclusive
1764,tiago_sew,NUMERICAL_FAILURE,tiago_semi_analytic,c96a32d,median-body-4344-torso015-J1-root-zplus020-v4,wrist_center,gripper_grasping_frame,,417.14869998395443,no exact or boundary-refined wrist branch met strict wrist-center/orientation/SEW tolerances,,,,,,,,,,,,,,,oracle_inconclusive
1765,tiago_sew,NUMERICAL_FAILURE,tiago_semi_analytic,c96a32d,median-body-4344-torso015-J1-root-zplus020-v4,wrist_center,gripper_grasping_frame,,232.23940003663301,no exact or boundary-refined wrist branch met strict wrist-center/orientation/SEW tolerances,,,,,,,,,,,,,,,oracle_inconclusive
1766,tiago_sew,NUMERICAL_FAILURE,tiago_semi_analytic,c96a32d,median-body-4344-torso015-J1-root-zplus020-v4,wrist_center,gripper_grasping_frame,,219.19119998347014,no exact or boundary-refined wrist branch met strict wrist-center/orientation/SEW tolerances,,,,,,,,,,,,,,,oracle_inconclusive
1767,tiago_sew,NUMERICAL_FAILURE,tiago_semi_analytic,c96a32d,median-body-4344-torso015-J1-root-zplus020-v4,wrist_center,gripper_grasping_frame,,433.49169997964054,no exact or boundary-refined wrist branch met strict wrist-center/orientation/SEW tolerances,,,,,,,,,,,,,,,oracle_inconclusive
1768,tiago_sew,NUMERICAL_FAILURE,tiago_semi_analytic,c96a32d,median-body-4344-torso015-J1-root-zplus020-v4,wrist_center,gripper_grasping_frame,,418.95629989448935,no exact or boundary-refined wrist branch met strict wrist-center/orientation/SEW tolerances,,,,,,,,,,,,,,,oracle_inconclusive
1769,tiago_sew,NUMERICAL_FAILURE,tiago_semi_analytic,c96a32d,median-body-4344-torso015-J1-root-zplus020-v4,wrist_center,gripper_grasping_frame,,426.03289999533445,no exact or boundary-refined wrist branch met strict wrist-center/orientation/SEW tolerances,,,,,,,,,,,,,,,oracle_inconclusive
1770,tiago_sew,NUMERICAL_FAILURE,tiago_semi_analytic,c96a32d,median-body-4344-torso015-J1-root-zplus020-v4,wrist_center,gripper_grasping_frame,,445.587299996987,no exact or boundary-refined wrist branch met strict wrist-center/orientation/SEW tolerances,,,,,,,,,,,,,,,oracle_inconclusive
1771,tiago_sew,NUMERICAL_FAILURE,tiago_semi_analytic,c96a32d,median-body-4344-torso015-J1-root-zplus020-v4,wrist_center,gripper_grasping_frame,,229.23939989414066,no exact or boundary-refined wrist branch met strict wrist-center/orientation/SEW tolerances,,,,,,,,,,,,,,,oracle_inconclusive
1772,tiago_sew,NUMERICAL_FAILURE,tiago_semi_analytic,c96a32d,median-body-4344-torso015-J1-root-zplus020-v4,wrist_center,gripper_grasping_frame,,496.1745999753475,no exact or boundary-refined wrist branch met strict wrist-center/orientation/SEW tolerances,,,,,,,,,,,,,,,oracle_inconclusive
1773,tiago_sew,NUMERICAL_FAILURE,tiago_semi_analytic,c96a32d,median-body-4344-torso015-J1-root-zplus020-v4,wrist_center,gripper_grasping_frame,,441.6203999426216,no exact or boundary-refined wrist branch met strict wrist-center/orientation/SEW tolerances,,,,,,,,,,,,,,,oracle_inconclusive
1774,tiago_sew,NUMERICAL_FAILURE,tiago_semi_analytic,c96a32d,median-body-4344-torso015-J1-root-zplus020-v4,wrist_center,gripper_grasping_frame,,430.68220000714064,no exact or boundary-refined wrist branch met strict wrist-center/orientation/SEW tolerances,,,,,,,,,,,,,,,oracle_inconclusive
1775,tiago_sew,NUMERICAL_FAILURE,tiago_semi_analytic,c96a32d,median-body-4344-torso015-J1-root-zplus020-v4,wrist_center,gripper_grasping_frame,,213.36619998328388,no exact or boundary-refined wrist branch met strict wrist-center/orientation/SEW tolerances,,,,,,,,,,,,,,,oracle_inconclusive
1776,tiago_sew,NUMERICAL_FAILURE,tiago_semi_analytic,c96a32d,median-body-4344-torso015-J1-root-zplus020-v4,wrist_center,gripper_grasping_frame,,433.12319996766746,no exact or boundary-refined wrist branch met strict wrist-center/orientation/SEW tolerances,,,,,,,,,,,,,,,oracle_inconclusive
1777,tiago_sew,NUMERICAL_FAILURE,tiago_semi_analytic,c96a32d,median-body-4344-torso015-J1-root-zplus020-v4,wrist_center,gripper_grasping_frame,,427.69309994764626,no exact or boundary-refined wrist branch met strict wrist-center/orientation/SEW tolerances,,,,,,,,,,,,,,,oracle_inconclusive
1778,tiago_sew,NUMERICAL_FAILURE,tiago_semi_analytic,c96a32d,median-body-4344-torso015-J1-root-zplus020-v4,wrist_center,gripper_grasping_frame,,216.5412000613287,no exact or boundary-refined wrist branch met strict wrist-center/orientation/SEW tolerances,,,,,,,,,,,,,,,oracle_inconclusive
1779,tiago_sew,NUMERICAL_FAILURE,tiago_semi_analytic,c96a32d,median-body-4344-torso015-J1-root-zplus020-v4,wrist_center,gripper_grasping_frame,,422.2540999762714,no exact or boundary-refined wrist branch met strict wrist-center/orientation/SEW tolerances,,,,,,,,,,,,,,,oracle_inconclusive
1780,tiago_sew,NUMERICAL_FAILURE,tiago_semi_analytic,c96a32d,median-body-4344-torso015-J1-root-zplus020-v4,wrist_center,gripper_grasping_frame,,412.41260000970215,no exact or boundary-refined wrist branch met strict wrist-center/orientation/SEW tolerances,,,,,,,,,,,,,,,oracle_inconclusive
1781,tiago_sew,NUMERICAL_FAILURE,tiago_semi_analytic,c96a32d,median-body-4344-torso015-J1-root-zplus020-v4,wrist_center,gripper_grasping_frame,,411.6550999460742,no exact or boundary-refined wrist branch met strict wrist-center/orientation/SEW tolerances,,,,,,,,,,,,,,,oracle_inconclusive
1782,tiago_sew,NUMERICAL_FAILURE,tiago_semi_analytic,c96a32d,median-body-4344-torso015-J1-root-zplus020-v4,wrist_center,gripper_grasping_frame,,445.77549991663545,no exact or boundary-refined wrist branch met strict wrist-center/orientation/SEW tolerances,,,,,,,,,,,,,,,oracle_inconclusive
1783,tiago_sew,NUMERICAL_FAILURE,tiago_semi_analytic,c96a32d,median-body-4344-torso015-J1-root-zplus020-v4,wrist_center,gripper_grasping_frame,,423.96379995625466,no exact or boundary-refined wrist branch met strict wrist-center/orientation/SEW tolerances,,,,,,,,,,,,,,,oracle_inconclusive
1784,tiago_sew,NUMERICAL_FAILURE,tiago_semi_analytic,c96a32d,median-body-4344-torso015-J1-root-zplus020-v4,wrist_center,gripper_grasping_frame,,208.04459997452796,no exact or boundary-refined wrist branch met strict wrist-center/orientation/SEW tolerances,,,,,,,,,,,,,,,oracle_inconclusive
1785,tiago_sew,NUMERICAL_FAILURE,tiago_semi_analytic,c96a32d,median-body-4344-torso015-J1-root-zplus020-v4,wrist_center,gripper_grasping_frame,,411.6185000166297,no exact or boundary-refined wrist branch met strict wrist-center/orientation/SEW tolerances,,,,,,,,,,,,,,,oracle_inconclusive
1786,tiago_sew,NUMERICAL_FAILURE,tiago_semi_analytic,c96a32d,median-body-4344-torso015-J1-root-zplus020-v4,wrist_center,gripper_grasping_frame,,417.60749998502433,no exact or boundary-refined wrist branch met strict wrist-center/orientation/SEW tolerances,,,,,,,,,,,,,,,oracle_inconclusive
1787,tiago_sew,NUMERICAL_FAILURE,tiago_semi_analytic,c96a32d,median-body-4344-torso015-J1-root-zplus020-v4,wrist_center,gripper_grasping_frame,,436.51010002940893,no exact or boundary-refined wrist branch met strict wrist-center/orientation/SEW tolerances,,,,,,,,,,,,,,,oracle_inconclusive
1788,tiago_sew,NUMERICAL_FAILURE,tiago_semi_analytic,c96a32d,median-body-4344-torso015-J1-root-zplus020-v4,wrist_center,gripper_grasping_frame,,420.5322000198066,no exact or boundary-refined wrist branch met strict wrist-center/orientation/SEW tolerances,,,,,,,,,,,,,,,oracle_inconclusive
1789,tiago_sew,NUMERICAL_FAILURE,tiago_semi_analytic,c96a32d,median-body-4344-torso015-J1-root-zplus020-v4,wrist_center,gripper_grasping_frame,,413.42149989213794,no exact or boundary-refined wrist branch met strict wrist-center/orientation/SEW tolerances,,,,,,,,,,,,,,,oracle_inconclusive
1790,tiago_sew,NUMERICAL_FAILURE,tiago_semi_analytic,c96a32d,median-body-4344-torso015-J1-root-zplus020-v4,wrist_center,gripper_grasping_frame,,409.991699969396,no exact or boundary-refined wrist branch met strict wrist-center/orientation/SEW tolerances,,,,,,,,,,,,,,,oracle_inconclusive
1791,tiago_sew,NUMERICAL_FAILURE,tiago_semi_analytic,c96a32d,median-body-4344-torso015-J1-root-zplus020-v4,wrist_center,gripper_grasping_frame,,409.1972999740392,no exact or boundary-refined wrist branch met strict wrist-center/orientation/SEW tolerances,,,,,,,,,,,,,,,oracle_inconclusive
1792,tiago_sew,NUMERICAL_FAILURE,tiago_semi_analytic,c96a32d,median-body-4344-torso015-J1-root-zplus020-v4,wrist_center,gripper_grasping_frame,,396.13630005624145,no exact or boundary-refined wrist branch met strict wrist-center/orientation/SEW tolerances,,,,,,,,,,,,,,,oracle_inconclusive
1793,tiago_sew,NUMERICAL_FAILURE,tiago_semi_analytic,c96a32d,median-body-4344-torso015-J1-root-zplus020-v4,wrist_center,gripper_grasping_frame,,307.35270003788173,no exact or boundary-refined wrist branch met strict wrist-center/orientation/SEW tolerances,,,,,,,,,,,,,,,oracle_inconclusive
1794,tiago_sew,NUMERICAL_FAILURE,tiago_semi_analytic,c96a32d,median-body-4344-torso015-J1-root-zplus020-v4,wrist_center,gripper_grasping_frame,,302.8277000412345,no exact or boundary-refined wrist branch met strict wrist-center/orientation/SEW tolerances,,,,,,,,,,,,,,,oracle_inconclusive
1795,tiago_sew,NUMERICAL_FAILURE,tiago_semi_analytic,c96a32d,median-body-4344-torso015-J1-root-zplus020-v4,wrist_center,gripper_grasping_frame,,376.27239990979433,no exact or boundary-refined wrist branch met strict wrist-center/orientation/SEW tolerances,,,,,,,,,,,,,,,oracle_inconclusive
1796,tiago_sew,NUMERICAL_FAILURE,tiago_semi_analytic,c96a32d,median-body-4344-torso015-J1-root-zplus020-v4,wrist_center,gripper_grasping_frame,,405.01109999604523,no exact or boundary-refined wrist branch met strict wrist-center/orientation/SEW tolerances,,,,,,,,,,,,,,,oracle_inconclusive
1797,tiago_sew,NUMERICAL_FAILURE,tiago_semi_analytic,c96a32d,median-body-4344-torso015-J1-root-zplus020-v4,wrist_center,gripper_grasping_frame,,404.08869995735586,no exact or boundary-refined wrist branch met strict wrist-center/orientation/SEW tolerances,,,,,,,,,,,,,,,oracle_inconclusive
1798,tiago_sew,NUMERICAL_FAILURE,tiago_semi_analytic,c96a32d,median-body-4344-torso015-J1-root-zplus020-v4,wrist_center,gripper_grasping_frame,,206.71920001041144,no exact or boundary-refined wrist branch met strict wrist-center/orientation/SEW tolerances,,,,,,,,,,,,,,,oracle_inconclusive
1799,tiago_sew,NUMERICAL_FAILURE,tiago_semi_analytic,c96a32d,median-body-4344-torso015-J1-root-zplus020-v4,wrist_center,gripper_grasping_frame,,197.12719996459782,no exact or boundary-refined wrist branch met strict wrist-center/orientation/SEW tolerances,,,,,,,,,,,,,,,oracle_inconclusive
1800,tiago_sew,NUMERICAL_FAILURE,tiago_semi_analytic,c96a32d,median-body-4344-torso015-J1-root-zplus020-v4,wrist_center,gripper_grasping_frame,,198.90860002487898,no exact or boundary-refined wrist branch met strict wrist-center/orientation/SEW tolerances,,,,,,,,,,,,,,,oracle_inconclusive
1801,tiago_sew,NUMERICAL_FAILURE,tiago_semi_analytic,c96a32d,median-body-4344-torso015-J1-root-zplus020-v4,wrist_center,gripper_grasping_frame,,205.29839990194887,no exact or boundary-refined wrist branch met strict wrist-center/orientation/SEW tolerances,,,,,,,,,,,,,,,oracle_inconclusive
1802,tiago_sew,NUMERICAL_FAILURE,tiago_semi_analytic,c96a32d,median-body-4344-torso015-J1-root-zplus020-v4,wrist_center,gripper_grasping_frame,,226.01909993682057,no exact or boundary-refined wrist branch met strict wrist-center/orientation/SEW tolerances,,,,,,,,,,,,,,,oracle_inconclusive
1803,tiago_sew,NUMERICAL_FAILURE,tiago_semi_analytic,c96a32d,median-body-4344-torso015-J1-root-zplus020-v4,wrist_center,gripper_grasping_frame,,398.2587999198586,no exact or boundary-refined wrist branch met strict wrist-center/orientation/SEW tolerances,,,,,,,,,,,,,,,oracle_inconclusive
1804,tiago_sew,NUMERICAL_FAILURE,tiago_semi_analytic,c96a32d,median-body-4344-torso015-J1-root-zplus020-v4,wrist_center,gripper_grasping_frame,,374.04100003186613,no exact or boundary-refined wrist branch met strict wrist-center/orientation/SEW tolerances,,,,,,,,,,,,,,,oracle_inconclusive
1805,tiago_sew,NUMERICAL_FAILURE,tiago_semi_analytic,c96a32d,median-body-4344-torso015-J1-root-zplus020-v4,wrist_center,gripper_grasping_frame,,411.7541000014171,no exact or boundary-refined wrist branch met strict wrist-center/orientation/SEW tolerances,,,,,,,,,,,,,,,oracle_inconclusive
1806,tiago_sew,NUMERICAL_FAILURE,tiago_semi_analytic,c96a32d,median-body-4344-torso015-J1-root-zplus020-v4,wrist_center,gripper_grasping_frame,,320.91060001403093,no exact or boundary-refined wrist branch met strict wrist-center/orientation/SEW tolerances,,,,,,,,,,,,,,,oracle_inconclusive
1807,tiago_sew,NUMERICAL_FAILURE,tiago_semi_analytic,c96a32d,median-body-4344-torso015-J1-root-zplus020-v4,wrist_center,gripper_grasping_frame,,380.56069996673614,no exact or boundary-refined wrist branch met strict wrist-center/orientation/SEW tolerances,,,,,,,,,,,,,,,oracle_inconclusive
1808,tiago_sew,NUMERICAL_FAILURE,tiago_semi_analytic,c96a32d,median-body-4344-torso015-J1-root-zplus020-v4,wrist_center,gripper_grasping_frame,,340.71159991435707,no exact or boundary-refined wrist branch met strict wrist-center/orientation/SEW tolerances,,,,,,,,,,,,,,,oracle_inconclusive
1809,tiago_sew,NUMERICAL_FAILURE,tiago_semi_analytic,c96a32d,median-body-4344-torso015-J1-root-zplus020-v4,wrist_center,gripper_grasping_frame,,359.55279995687306,no exact or boundary-refined wrist branch met strict wrist-center/orientation/SEW tolerances,,,,,,,,,,,,,,,oracle_inconclusive
1810,tiago_sew,NUMERICAL_FAILURE,tiago_semi_analytic,c96a32d,median-body-4344-torso015-J1-root-zplus020-v4,wrist_center,gripper_grasping_frame,,482.31189989019185,no exact or boundary-refined wrist branch met strict wrist-center/orientation/SEW tolerances,,,,,,,,,,,,,,,oracle_inconclusive
1811,tiago_sew,NUMERICAL_FAILURE,tiago_semi_analytic,c96a32d,median-body-4344-torso015-J1-root-zplus020-v4,wrist_center,gripper_grasping_frame,,529.9576999386773,no exact or boundary-refined wrist branch met strict wrist-center/orientation/SEW tolerances,,,,,,,,,,,,,,,oracle_inconclusive
1812,tiago_sew,NUMERICAL_FAILURE,tiago_semi_analytic,c96a32d,median-body-4344-torso015-J1-root-zplus020-v4,wrist_center,gripper_grasping_frame,,351.4673999743536,no exact or boundary-refined wrist branch met strict wrist-center/orientation/SEW tolerances,,,,,,,,,,,,,,,oracle_inconclusive
1813,tiago_sew,NUMERICAL_FAILURE,tiago_semi_analytic,c96a32d,median-body-4344-torso015-J1-root-zplus020-v4,wrist_center,gripper_grasping_frame,,363.18590003065765,no exact or boundary-refined wrist branch met strict wrist-center/orientation/SEW tolerances,,,,,,,,,,,,,,,oracle_inconclusive
1814,tiago_sew,NUMERICAL_FAILURE,tiago_semi_analytic,c96a32d,median-body-4344-torso015-J1-root-zplus020-v4,wrist_center,gripper_grasping_frame,,390.81190002616495,no exact or boundary-refined wrist branch met strict wrist-center/orientation/SEW tolerances,,,,,,,,,,,,,,,oracle_inconclusive
1815,tiago_sew,NUMERICAL_FAILURE,tiago_semi_analytic,c96a32d,median-body-4344-torso015-J1-root-zplus020-v4,wrist_center,gripper_grasping_frame,,395.1235000276938,no exact or boundary-refined wrist branch met strict wrist-center/orientation/SEW tolerances,,,,,,,,,,,,,,,oracle_inconclusive
1816,tiago_sew,NUMERICAL_FAILURE,tiago_semi_analytic,c96a32d,median-body-4344-torso015-J1-root-zplus020-v4,wrist_center,gripper_grasping_frame,,425.01919995993376,no exact or boundary-refined wrist branch met strict wrist-center/orientation/SEW tolerances,,,,,,,,,,,,,,,oracle_inconclusive
1817,tiago_sew,NUMERICAL_FAILURE,tiago_semi_analytic,c96a32d,median-body-4344-torso015-J1-root-zplus020-v4,wrist_center,gripper_grasping_frame,,422.68560000229627,no exact or boundary-refined wrist branch met strict wrist-center/orientation/SEW tolerances,,,,,,,,,,,,,,,oracle_inconclusive
1818,tiago_sew,NUMERICAL_FAILURE,tiago_semi_analytic,c96a32d,median-body-4344-torso015-J1-root-zplus020-v4,wrist_center,gripper_grasping_frame,,426.74639995675534,no exact or boundary-refined wrist branch met strict wrist-center/orientation/SEW tolerances,,,,,,,,,,,,,,,oracle_inconclusive
1819,tiago_sew,NUMERICAL_FAILURE,tiago_semi_analytic,c96a32d,median-body-4344-torso015-J1-root-zplus020-v4,wrist_center,gripper_grasping_frame,,257.06020009238273,no exact or boundary-refined wrist branch met strict wrist-center/orientation/SEW tolerances,,,,,,,,,,,,,,,oracle_inconclusive
1820,tiago_sew,NUMERICAL_FAILURE,tiago_semi_analytic,c96a32d,median-body-4344-torso015-J1-root-zplus020-v4,wrist_center,gripper_grasping_frame,,272.92329992633313,no exact or boundary-refined wrist branch met strict wrist-center/orientation/SEW tolerances,,,,,,,,,,,,,,,oracle_inconclusive
1821,tiago_sew,NUMERICAL_FAILURE,tiago_semi_analytic,c96a32d,median-body-4344-torso015-J1-root-zplus020-v4,wrist_center,gripper_grasping_frame,,293.57109998818487,no exact or boundary-refined wrist branch met strict wrist-center/orientation/SEW tolerances,,,,,,,,,,,,,,,oracle_inconclusive
1822,tiago_sew,NUMERICAL_FAILURE,tiago_semi_analytic,c96a32d,median-body-4344-torso015-J1-root-zplus020-v4,wrist_center,gripper_grasping_frame,,326.5032001072541,no exact or boundary-refined wrist branch met strict wrist-center/orientation/SEW tolerances,,,,,,,,,,,,,,,oracle_inconclusive
1823,tiago_sew,NUMERICAL_FAILURE,tiago_semi_analytic,c96a32d,median-body-4344-torso015-J1-root-zplus020-v4,wrist_center,gripper_grasping_frame,,328.8460000185296,no exact or boundary-refined wrist branch met strict wrist-center/orientation/SEW tolerances,,,,,,,,,,,,,,,oracle_inconclusive
1824,tiago_sew,NUMERICAL_FAILURE,tiago_semi_analytic,c96a32d,median-body-4344-torso015-J1-root-zplus020-v4,wrist_center,gripper_grasping_frame,,346.67440003249794,no exact or boundary-refined wrist branch met strict wrist-center/orientation/SEW tolerances,,,,,,,,,,,,,,,oracle_inconclusive
1825,tiago_sew,NUMERICAL_FAILURE,tiago_semi_analytic,c96a32d,median-body-4344-torso015-J1-root-zplus020-v4,wrist_center,gripper_grasping_frame,,380.1023999694735,no exact or boundary-refined wrist branch met strict wrist-center/orientation/SEW tolerances,,,,,,,,,,,,,,,oracle_inconclusive
1826,tiago_sew,NUMERICAL_FAILURE,tiago_semi_analytic,c96a32d,median-body-4344-torso015-J1-root-zplus020-v4,wrist_center,gripper_grasping_frame,,393.55000003706664,no exact or boundary-refined wrist branch met strict wrist-center/orientation/SEW tolerances,,,,,,,,,,,,,,,oracle_inconclusive
1827,tiago_sew,NUMERICAL_FAILURE,tiago_semi_analytic,c96a32d,median-body-4344-torso015-J1-root-zplus020-v4,wrist_center,gripper_grasping_frame,,460.76709998305887,no exact or boundary-refined wrist branch met strict wrist-center/orientation/SEW tolerances,,,,,,,,,,,,,,,oracle_inconclusive
1828,tiago_sew,NUMERICAL_FAILURE,tiago_semi_analytic,c96a32d,median-body-4344-torso015-J1-root-zplus020-v4,wrist_center,gripper_grasping_frame,,452.651200001128,no exact or boundary-refined wrist branch met strict wrist-center/orientation/SEW tolerances,,,,,,,,,,,,,,,oracle_inconclusive
1829,tiago_sew,NUMERICAL_FAILURE,tiago_semi_analytic,c96a32d,median-body-4344-torso015-J1-root-zplus020-v4,wrist_center,gripper_grasping_frame,,546.9865000341088,no exact or boundary-refined wrist branch met strict wrist-center/orientation/SEW tolerances,,,,,,,,,,,,,,,oracle_inconclusive
1830,tiago_sew,NUMERICAL_FAILURE,tiago_semi_analytic,c96a32d,median-body-4344-torso015-J1-root-zplus020-v4,wrist_center,gripper_grasping_frame,,704.7538000624627,no exact or boundary-refined wrist branch met strict wrist-center/orientation/SEW tolerances,,,,,,,,,,,,,,,oracle_inconclusive
1831,tiago_sew,NUMERICAL_FAILURE,tiago_semi_analytic,c96a32d,median-body-4344-torso015-J1-root-zplus020-v4,wrist_center,gripper_grasping_frame,,769.9651999864727,no exact or boundary-refined wrist branch met strict wrist-center/orientation/SEW tolerances,,,,,,,,,,,,,,,oracle_inconclusive
1832,tiago_sew,NUMERICAL_FAILURE,tiago_semi_analytic,c96a32d,median-body-4344-torso015-J1-root-zplus020-v4,wrist_center,gripper_grasping_frame,,857.5417000101879,no exact or boundary-refined wrist branch met strict wrist-center/orientation/SEW tolerances,,,,,,,,,,,,,,,oracle_inconclusive
1833,tiago_sew,NUMERICAL_FAILURE,tiago_semi_analytic,c96a32d,median-body-4344-torso015-J1-root-zplus020-v4,wrist_center,gripper_grasping_frame,,1177.1622999804094,no exact or boundary-refined wrist branch met strict wrist-center/orientation/SEW tolerances,,,,,,,,,,,,,,,oracle_inconclusive
1834,tiago_sew,NUMERICAL_FAILURE,tiago_semi_analytic,c96a32d,median-body-4344-torso015-J1-root-zplus020-v4,wrist_center,gripper_grasping_frame,,757.4454999994487,no exact or boundary-refined wrist branch met strict wrist-center/orientation/SEW tolerances,,,,,,,,,,,,,,,oracle_inconclusive
1835,tiago_sew,NUMERICAL_FAILURE,tiago_semi_analytic,c96a32d,median-body-4344-torso015-J1-root-zplus020-v4,wrist_center,gripper_grasping_frame,,672.910200082697,no exact or boundary-refined wrist branch met strict wrist-center/orientation/SEW tolerances,,,,,,,,,,,,,,,oracle_inconclusive
1836,tiago_sew,NUMERICAL_FAILURE,tiago_semi_analytic,c96a32d,median-body-4344-torso015-J1-root-zplus020-v4,wrist_center,gripper_grasping_frame,,587.4765999615192,no exact or boundary-refined wrist branch met strict wrist-center/orientation/SEW tolerances,,,,,,,,,,,,,,,oracle_inconclusive
1837,tiago_sew,NUMERICAL_FAILURE,tiago_semi_analytic,c96a32d,median-body-4344-torso015-J1-root-zplus020-v4,wrist_center,gripper_grasping_frame,,622.6990000577644,no exact or boundary-refined wrist branch met strict wrist-center/orientation/SEW tolerances,,,,,,,,,,,,,,,oracle_inconclusive
1838,tiago_sew,NUMERICAL_FAILURE,tiago_semi_analytic,c96a32d,median-body-4344-torso015-J1-root-zplus020-v4,wrist_center,gripper_grasping_frame,,494.5912999100983,no exact or boundary-refined wrist branch met strict wrist-center/orientation/SEW tolerances,,,,,,,,,,,,,,,oracle_inconclusive
1839,tiago_sew,NUMERICAL_FAILURE,tiago_semi_analytic,c96a32d,median-body-4344-torso015-J1-root-zplus020-v4,wrist_center,gripper_grasping_frame,,483.27500000596046,no exact or boundary-refined wrist branch met strict wrist-center/orientation/SEW tolerances,,,,,,,,,,,,,,,oracle_inconclusive
1840,tiago_sew,NUMERICAL_FAILURE,tiago_semi_analytic,c96a32d,median-body-4344-torso015-J1-root-zplus020-v4,wrist_center,gripper_grasping_frame,,505.48960000742227,no exact or boundary-refined wrist branch met strict wrist-center/orientation/SEW tolerances,,,,,,,,,,,,,,,oracle_inconclusive
1841,tiago_sew,NUMERICAL_FAILURE,tiago_semi_analytic,c96a32d,median-body-4344-torso015-J1-root-zplus020-v4,wrist_center,gripper_grasping_frame,,499.61569998413324,no exact or boundary-refined wrist branch met strict wrist-center/orientation/SEW tolerances,,,,,,,,,,,,,,,oracle_inconclusive
1842,tiago_sew,NUMERICAL_FAILURE,tiago_semi_analytic,c96a32d,median-body-4344-torso015-J1-root-zplus020-v4,wrist_center,gripper_grasping_frame,,558.6953000165522,no exact or boundary-refined wrist branch met strict wrist-center/orientation/SEW tolerances,,,,,,,,,,,,,,,oracle_inconclusive
1843,tiago_sew,NUMERICAL_FAILURE,tiago_semi_analytic,c96a32d,median-body-4344-torso015-J1-root-zplus020-v4,wrist_center,gripper_grasping_frame,,587.3628000263125,no exact or boundary-refined wrist branch met strict wrist-center/orientation/SEW tolerances,,,,,,,,,,,,,,,oracle_inconclusive
1844,tiago_sew,NUMERICAL_FAILURE,tiago_semi_analytic,c96a32d,median-body-4344-torso015-J1-root-zplus020-v4,wrist_center,gripper_grasping_frame,,648.4253000235185,no exact or boundary-refined wrist branch met strict wrist-center/orientation/SEW tolerances,,,,,,,,,,,,,,,oracle_inconclusive
1845,tiago_sew,NUMERICAL_FAILURE,tiago_semi_analytic,c96a32d,median-body-4344-torso015-J1-root-zplus020-v4,wrist_center,gripper_grasping_frame,,664.2234999453649,no exact or boundary-refined wrist branch met strict wrist-center/orientation/SEW tolerances,,,,,,,,,,,,,,,oracle_inconclusive
1846,tiago_sew,NUMERICAL_FAILURE,tiago_semi_analytic,c96a32d,median-body-4344-torso015-J1-root-zplus020-v4,wrist_center,gripper_grasping_frame,,698.597599985078,no exact or boundary-refined wrist branch met strict wrist-center/orientation/SEW tolerances,,,,,,,,,,,,,,,oracle_inconclusive
1847,tiago_sew,NUMERICAL_FAILURE,tiago_semi_analytic,c96a32d,median-body-4344-torso015-J1-root-zplus020-v4,wrist_center,gripper_grasping_frame,,815.9546999959275,no exact or boundary-refined wrist branch met strict wrist-center/orientation/SEW tolerances,,,,,,,,,,,,,,,oracle_inconclusive
1848,tiago_sew,NUMERICAL_FAILURE,tiago_semi_analytic,c96a32d,median-body-4344-torso015-J1-root-zplus020-v4,wrist_center,gripper_grasping_frame,,794.0769999986514,no exact or boundary-refined wrist branch met strict wrist-center/orientation/SEW tolerances,,,,,,,,,,,,,,,oracle_inconclusive
1849,tiago_sew,NUMERICAL_FAILURE,tiago_semi_analytic,c96a32d,median-body-4344-torso015-J1-root-zplus020-v4,wrist_center,gripper_grasping_frame,,722.2655001096427,no exact or boundary-refined wrist branch met strict wrist-center/orientation/SEW tolerances,,,,,,,,,,,,,,,oracle_inconclusive
1850,tiago_sew,NUMERICAL_FAILURE,tiago_semi_analytic,c96a32d,median-body-4344-torso015-J1-root-zplus020-v4,wrist_center,gripper_grasping_frame,,685.5709999799728,no exact or boundary-refined wrist branch met strict wrist-center/orientation/SEW tolerances,,,,,,,,,,,,,,,oracle_inconclusive
1851,tiago_sew,NUMERICAL_FAILURE,tiago_semi_analytic,c96a32d,median-body-4344-torso015-J1-root-zplus020-v4,wrist_center,gripper_grasping_frame,,650.4228999838233,no exact or boundary-refined wrist branch met strict wrist-center/orientation/SEW tolerances,,,,,,,,,,,,,,,oracle_inconclusive
1852,tiago_sew,NUMERICAL_FAILURE,tiago_semi_analytic,c96a32d,median-body-4344-torso015-J1-root-zplus020-v4,wrist_center,gripper_grasping_frame,,644.6791000198573,no exact or boundary-refined wrist branch met strict wrist-center/orientation/SEW tolerances,,,,,,,,,,,,,,,oracle_inconclusive
1853,tiago_sew,NUMERICAL_FAILURE,tiago_semi_analytic,c96a32d,median-body-4344-torso015-J1-root-zplus020-v4,wrist_center,gripper_grasping_frame,,668.2937999721617,no exact or boundary-refined wrist branch met strict wrist-center/orientation/SEW tolerances,,,,,,,,,,,,,,,oracle_inconclusive
1854,tiago_sew,NUMERICAL_FAILURE,tiago_semi_analytic,c96a32d,median-body-4344-torso015-J1-root-zplus020-v4,wrist_center,gripper_grasping_frame,,658.6633999831975,no exact or boundary-refined wrist branch met strict wrist-center/orientation/SEW tolerances,,,,,,,,,,,,,,,oracle_inconclusive
1855,tiago_sew,NUMERICAL_FAILURE,tiago_semi_analytic,c96a32d,median-body-4344-torso015-J1-root-zplus020-v4,wrist_center,gripper_grasping_frame,,668.0012000724673,no exact or boundary-refined wrist branch met strict wrist-center/orientation/SEW tolerances,,,,,,,,,,,,,,,oracle_inconclusive
1856,tiago_sew,NUMERICAL_FAILURE,tiago_semi_analytic,c96a32d,median-body-4344-torso015-J1-root-zplus020-v4,wrist_center,gripper_grasping_frame,,672.815699945204,no exact or boundary-refined wrist branch met strict wrist-center/orientation/SEW tolerances,,,,,,,,,,,,,,,oracle_inconclusive
1857,tiago_sew,NUMERICAL_FAILURE,tiago_semi_analytic,c96a32d,median-body-4344-torso015-J1-root-zplus020-v4,wrist_center,gripper_grasping_frame,,505.6446000235155,no exact or boundary-refined wrist branch met strict wrist-center/orientation/SEW tolerances,,,,,,,,,,,,,,,oracle_inconclusive
1858,tiago_sew,NUMERICAL_FAILURE,tiago_semi_analytic,c96a32d,median-body-4344-torso015-J1-root-zplus020-v4,wrist_center,gripper_grasping_frame,,509.12760000210255,no exact or boundary-refined wrist branch met strict wrist-center/orientation/SEW tolerances,,,,,,,,,,,,,,,oracle_inconclusive
1859,tiago_sew,NUMERICAL_FAILURE,tiago_semi_analytic,c96a32d,median-body-4344-torso015-J1-root-zplus020-v4,wrist_center,gripper_grasping_frame,,507.81099998857826,no exact or boundary-refined wrist branch met strict wrist-center/orientation/SEW tolerances,,,,,,,,,,,,,,,oracle_inconclusive
1860,tiago_sew,NUMERICAL_FAILURE,tiago_semi_analytic,c96a32d,median-body-4344-torso015-J1-root-zplus020-v4,wrist_center,gripper_grasping_frame,,498.2404999900609,no exact or boundary-refined wrist branch met strict wrist-center/orientation/SEW tolerances,,,,,,,,,,,,,,,oracle_inconclusive
1861,tiago_sew,NUMERICAL_FAILURE,tiago_semi_analytic,c96a32d,median-body-4344-torso015-J1-root-zplus020-v4,wrist_center,gripper_grasping_frame,,501.6775999683887,no exact or boundary-refined wrist branch met strict wrist-center/orientation/SEW tolerances,,,,,,,,,,,,,,,oracle_inconclusive
1862,tiago_sew,NUMERICAL_FAILURE,tiago_semi_analytic,c96a32d,median-body-4344-torso015-J1-root-zplus020-v4,wrist_center,gripper_grasping_frame,,521.0277000442147,no exact or boundary-refined wrist branch met strict wrist-center/orientation/SEW tolerances,,,,,,,,,,,,,,,oracle_inconclusive
1863,tiago_sew,NUMERICAL_FAILURE,tiago_semi_analytic,c96a32d,median-body-4344-torso015-J1-root-zplus020-v4,wrist_center,gripper_grasping_frame,,615.5753000639379,no exact or boundary-refined wrist branch met strict wrist-center/orientation/SEW tolerances,,,,,,,,,,,,,,,oracle_inconclusive
1864,tiago_sew,NUMERICAL_FAILURE,tiago_semi_analytic,c96a32d,median-body-4344-torso015-J1-root-zplus020-v4,wrist_center,gripper_grasping_frame,,623.4734999015927,no exact or boundary-refined wrist branch met strict wrist-center/orientation/SEW tolerances,,,,,,,,,,,,,,,oracle_inconclusive
1865,tiago_sew,NUMERICAL_FAILURE,tiago_semi_analytic,c96a32d,median-body-4344-torso015-J1-root-zplus020-v4,wrist_center,gripper_grasping_frame,,572.4478999618441,no exact or boundary-refined wrist branch met strict wrist-center/orientation/SEW tolerances,,,,,,,,,,,,,,,oracle_inconclusive
1866,tiago_sew,NUMERICAL_FAILURE,tiago_semi_analytic,c96a32d,median-body-4344-torso015-J1-root-zplus020-v4,wrist_center,gripper_grasping_frame,,541.0883000586182,no exact or boundary-refined wrist branch met strict wrist-center/orientation/SEW tolerances,,,,,,,,,,,,,,,oracle_inconclusive
1867,tiago_sew,NUMERICAL_FAILURE,tiago_semi_analytic,c96a32d,median-body-4344-torso015-J1-root-zplus020-v4,wrist_center,gripper_grasping_frame,,543.9128999132663,no exact or boundary-refined wrist branch met strict wrist-center/orientation/SEW tolerances,,,,,,,,,,,,,,,oracle_inconclusive
1868,tiago_sew,NUMERICAL_FAILURE,tiago_semi_analytic,c96a32d,median-body-4344-torso015-J1-root-zplus020-v4,wrist_center,gripper_grasping_frame,,507.44899990968406,no exact or boundary-refined wrist branch met strict wrist-center/orientation/SEW tolerances,,,,,,,,,,,,,,,oracle_inconclusive
1869,tiago_sew,NUMERICAL_FAILURE,tiago_semi_analytic,c96a32d,median-body-4344-torso015-J1-root-zplus020-v4,wrist_center,gripper_grasping_frame,,513.9832999557257,no exact or boundary-refined wrist branch met strict wrist-center/orientation/SEW tolerances,,,,,,,,,,,,,,,oracle_inconclusive
1870,tiago_sew,NUMERICAL_FAILURE,tiago_semi_analytic,c96a32d,median-body-4344-torso015-J1-root-zplus020-v4,wrist_center,gripper_grasping_frame,,486.2399999983609,no exact or boundary-refined wrist branch met strict wrist-center/orientation/SEW tolerances,,,,,,,,,,,,,,,oracle_inconclusive
1871,tiago_sew,NUMERICAL_FAILURE,tiago_semi_analytic,c96a32d,median-body-4344-torso015-J1-root-zplus020-v4,wrist_center,gripper_grasping_frame,,498.4931000508368,no exact or boundary-refined wrist branch met strict wrist-center/orientation/SEW tolerances,,,,,,,,,,,,,,,oracle_inconclusive
1872,tiago_sew,NUMERICAL_FAILURE,tiago_semi_analytic,c96a32d,median-body-4344-torso015-J1-root-zplus020-v4,wrist_center,gripper_grasping_frame,,466.37119993101805,no exact or boundary-refined wrist branch met strict wrist-center/orientation/SEW tolerances,,,,,,,,,,,,,,,oracle_inconclusive
1873,tiago_sew,NUMERICAL_FAILURE,tiago_semi_analytic,c96a32d,median-body-4344-torso015-J1-root-zplus020-v4,wrist_center,gripper_grasping_frame,,462.4799001030624,no exact or boundary-refined wrist branch met strict wrist-center/orientation/SEW tolerances,,,,,,,,,,,,,,,oracle_inconclusive
1874,tiago_sew,NUMERICAL_FAILURE,tiago_semi_analytic,c96a32d,median-body-4344-torso015-J1-root-zplus020-v4,wrist_center,gripper_grasping_frame,,438.7486999621615,no exact or boundary-refined wrist branch met strict wrist-center/orientation/SEW tolerances,,,,,,,,,,,,,,,oracle_inconclusive
1875,tiago_sew,NUMERICAL_FAILURE,tiago_semi_analytic,c96a32d,median-body-4344-torso015-J1-root-zplus020-v4,wrist_center,gripper_grasping_frame,,453.4276999766007,no exact or boundary-refined wrist branch met strict wrist-center/orientation/SEW tolerances,,,,,,,,,,,,,,,oracle_inconclusive
1876,tiago_sew,NUMERICAL_FAILURE,tiago_semi_analytic,c96a32d,median-body-4344-torso015-J1-root-zplus020-v4,wrist_center,gripper_grasping_frame,,449.18889994733036,no exact or boundary-refined wrist branch met strict wrist-center/orientation/SEW tolerances,,,,,,,,,,,,,,,oracle_inconclusive
1877,tiago_sew,NUMERICAL_FAILURE,tiago_semi_analytic,c96a32d,median-body-4344-torso015-J1-root-zplus020-v4,wrist_center,gripper_grasping_frame,,460.76909999828786,no exact or boundary-refined wrist branch met strict wrist-center/orientation/SEW tolerances,,,,,,,,,,,,,,,oracle_inconclusive
1878,tiago_sew,NUMERICAL_FAILURE,tiago_semi_analytic,c96a32d,median-body-4344-torso015-J1-root-zplus020-v4,wrist_center,gripper_grasping_frame,,440.79849997069687,no exact or boundary-refined wrist branch met strict wrist-center/orientation/SEW tolerances,,,,,,,,,,,,,,,oracle_inconclusive
1879,tiago_sew,NUMERICAL_FAILURE,tiago_semi_analytic,c96a32d,median-body-4344-torso015-J1-root-zplus020-v4,wrist_center,gripper_grasping_frame,,437.9262999864295,no exact or boundary-refined wrist branch met strict wrist-center/orientation/SEW tolerances,,,,,,,,,,,,,,,oracle_inconclusive
1880,tiago_sew,NUMERICAL_FAILURE,tiago_semi_analytic,c96a32d,median-body-4344-torso015-J1-root-zplus020-v4,wrist_center,gripper_grasping_frame,,449.5939000044018,no exact or boundary-refined wrist branch met strict wrist-center/orientation/SEW tolerances,,,,,,,,,,,,,,,oracle_inconclusive
1881,tiago_sew,NUMERICAL_FAILURE,tiago_semi_analytic,c96a32d,median-body-4344-torso015-J1-root-zplus020-v4,wrist_center,gripper_grasping_frame,,430.179400020279,no exact or boundary-refined wrist branch met strict wrist-center/orientation/SEW tolerances,,,,,,,,,,,,,,,oracle_inconclusive
1882,tiago_sew,NUMERICAL_FAILURE,tiago_semi_analytic,c96a32d,median-body-4344-torso015-J1-root-zplus020-v4,wrist_center,gripper_grasping_frame,,432.0445000194013,no exact or boundary-refined wrist branch met strict wrist-center/orientation/SEW tolerances,,,,,,,,,,,,,,,oracle_inconclusive
1883,tiago_sew,NUMERICAL_FAILURE,tiago_semi_analytic,c96a32d,median-body-4344-torso015-J1-root-zplus020-v4,wrist_center,gripper_grasping_frame,,429.73480001091957,no exact or boundary-refined wrist branch met strict wrist-center/orientation/SEW tolerances,,,,,,,,,,,,,,,oracle_inconclusive
1884,tiago_sew,NUMERICAL_FAILURE,tiago_semi_analytic,c96a32d,median-body-4344-torso015-J1-root-zplus020-v4,wrist_center,gripper_grasping_frame,,427.00799996964633,no exact or boundary-refined wrist branch met strict wrist-center/orientation/SEW tolerances,,,,,,,,,,,,,,,oracle_inconclusive
1885,tiago_sew,NUMERICAL_FAILURE,tiago_semi_analytic,c96a32d,median-body-4344-torso015-J1-root-zplus020-v4,wrist_center,gripper_grasping_frame,,450.48899995163083,no exact or boundary-refined wrist branch met strict wrist-center/orientation/SEW tolerances,,,,,,,,,,,,,,,oracle_inconclusive
1886,tiago_sew,NUMERICAL_FAILURE,tiago_semi_analytic,c96a32d,median-body-4344-torso015-J1-root-zplus020-v4,wrist_center,gripper_grasping_frame,,434.5778999850154,no exact or boundary-refined wrist branch met strict wrist-center/orientation/SEW tolerances,,,,,,,,,,,,,,,oracle_inconclusive
1887,tiago_sew,NUMERICAL_FAILURE,tiago_semi_analytic,c96a32d,median-body-4344-torso015-J1-root-zplus020-v4,wrist_center,gripper_grasping_frame,,429.4709999812767,no exact or boundary-refined wrist branch met strict wrist-center/orientation/SEW tolerances,,,,,,,,,,,,,,,oracle_inconclusive
1888,tiago_sew,NUMERICAL_FAILURE,tiago_semi_analytic,c96a32d,median-body-4344-torso015-J1-root-zplus020-v4,wrist_center,gripper_grasping_frame,,430.564499925822,no exact or boundary-refined wrist branch met strict wrist-center/orientation/SEW tolerances,,,,,,,,,,,,,,,oracle_inconclusive
1889,tiago_sew,NUMERICAL_FAILURE,tiago_semi_analytic,c96a32d,median-body-4344-torso015-J1-root-zplus020-v4,wrist_center,gripper_grasping_frame,,446.53959991410375,no exact or boundary-refined wrist branch met strict wrist-center/orientation/SEW tolerances,,,,,,,,,,,,,,,oracle_inconclusive
1890,tiago_sew,NUMERICAL_FAILURE,tiago_semi_analytic,c96a32d,median-body-4344-torso015-J1-root-zplus020-v4,wrist_center,gripper_grasping_frame,,477.4900999618694,no exact or boundary-refined wrist branch met strict wrist-center/orientation/SEW tolerances,,,,,,,,,,,,,,,oracle_inconclusive
1891,tiago_sew,NUMERICAL_FAILURE,tiago_semi_analytic,c96a32d,median-body-4344-torso015-J1-root-zplus020-v4,wrist_center,gripper_grasping_frame,,560.8063000254333,no exact or boundary-refined wrist branch met strict wrist-center/orientation/SEW tolerances,,,,,,,,,,,,,,,oracle_inconclusive
1892,tiago_sew,NUMERICAL_FAILURE,tiago_semi_analytic,c96a32d,median-body-4344-torso015-J1-root-zplus020-v4,wrist_center,gripper_grasping_frame,,485.2928000036627,no exact or boundary-refined wrist branch met strict wrist-center/orientation/SEW tolerances,,,,,,,,,,,,,,,oracle_inconclusive
1893,tiago_sew,NUMERICAL_FAILURE,tiago_semi_analytic,c96a32d,median-body-4344-torso015-J1-root-zplus020-v4,wrist_center,gripper_grasping_frame,,443.56240006163716,no exact or boundary-refined wrist branch met strict wrist-center/orientation/SEW tolerances,,,,,,,,,,,,,,,oracle_inconclusive
1894,tiago_sew,NUMERICAL_FAILURE,tiago_semi_analytic,c96a32d,median-body-4344-torso015-J1-root-zplus020-v4,wrist_center,gripper_grasping_frame,,448.038800037466,no exact or boundary-refined wrist branch met strict wrist-center/orientation/SEW tolerances,,,,,,,,,,,,,,,oracle_inconclusive
1895,tiago_sew,NUMERICAL_FAILURE,tiago_semi_analytic,c96a32d,median-body-4344-torso015-J1-root-zplus020-v4,wrist_center,gripper_grasping_frame,,434.8026999505237,no exact or boundary-refined wrist branch met strict wrist-center/orientation/SEW tolerances,,,,,,,,,,,,,,,oracle_inconclusive
1896,tiago_sew,NUMERICAL_FAILURE,tiago_semi_analytic,c96a32d,median-body-4344-torso015-J1-root-zplus020-v4,wrist_center,gripper_grasping_frame,,439.7659000242129,no exact or boundary-refined wrist branch met strict wrist-center/orientation/SEW tolerances,,,,,,,,,,,,,,,oracle_inconclusive
1897,tiago_sew,NUMERICAL_FAILURE,tiago_semi_analytic,c96a32d,median-body-4344-torso015-J1-root-zplus020-v4,wrist_center,gripper_grasping_frame,,437.687199912034,no exact or boundary-refined wrist branch met strict wrist-center/orientation/SEW tolerances,,,,,,,,,,,,,,,oracle_inconclusive
1898,tiago_sew,NUMERICAL_FAILURE,tiago_semi_analytic,c96a32d,median-body-4344-torso015-J1-root-zplus020-v4,wrist_center,gripper_grasping_frame,,441.1461999407038,no exact or boundary-refined wrist branch met strict wrist-center/orientation/SEW tolerances,,,,,,,,,,,,,,,oracle_inconclusive
1899,tiago_sew,NUMERICAL_FAILURE,tiago_semi_analytic,c96a32d,median-body-4344-torso015-J1-root-zplus020-v4,wrist_center,gripper_grasping_frame,,265.4509999556467,no exact or boundary-refined wrist branch met strict wrist-center/orientation/SEW tolerances,,,,,,,,,,,,,,,oracle_inconclusive
1900,tiago_sew,NUMERICAL_FAILURE,tiago_semi_analytic,c96a32d,median-body-4344-torso015-J1-root-zplus020-v4,wrist_center,gripper_grasping_frame,,243.17850009538233,no exact or boundary-refined wrist branch met strict wrist-center/orientation/SEW tolerances,,,,,,,,,,,,,,,oracle_inconclusive
1901,tiago_sew,NUMERICAL_FAILURE,tiago_semi_analytic,c96a32d,median-body-4344-torso015-J1-root-zplus020-v4,wrist_center,gripper_grasping_frame,,264.25769994966686,no exact or boundary-refined wrist branch met strict wrist-center/orientation/SEW tolerances,,,,,,,,,,,,,,,oracle_inconclusive
1902,tiago_sew,NUMERICAL_FAILURE,tiago_semi_analytic,c96a32d,median-body-4344-torso015-J1-root-zplus020-v4,wrist_center,gripper_grasping_frame,,244.94730005972087,no exact or boundary-refined wrist branch met strict wrist-center/orientation/SEW tolerances,,,,,,,,,,,,,,,oracle_inconclusive
1903,tiago_sew,NUMERICAL_FAILURE,tiago_semi_analytic,c96a32d,median-body-4344-torso015-J1-root-zplus020-v4,wrist_center,gripper_grasping_frame,,251.49430008605123,no exact or boundary-refined wrist branch met strict wrist-center/orientation/SEW tolerances,,,,,,,,,,,,,,,oracle_inconclusive
1904,tiago_sew,NUMERICAL_FAILURE,tiago_semi_analytic,c96a32d,median-body-4344-torso015-J1-root-zplus020-v4,wrist_center,gripper_grasping_frame,,247.13599996175617,no exact or boundary-refined wrist branch met strict wrist-center/orientation/SEW tolerances,,,,,,,,,,,,,,,oracle_inconclusive
1905,tiago_sew,NUMERICAL_FAILURE,tiago_semi_analytic,c96a32d,median-body-4344-torso015-J1-root-zplus020-v4,wrist_center,gripper_grasping_frame,,244.14470000192523,no exact or boundary-refined wrist branch met strict wrist-center/orientation/SEW tolerances,,,,,,,,,,,,,,,oracle_inconclusive
1906,tiago_sew,NUMERICAL_FAILURE,tiago_semi_analytic,c96a32d,median-body-4344-torso015-J1-root-zplus020-v4,wrist_center,gripper_grasping_frame,,245.06149999797344,no exact or boundary-refined wrist branch met strict wrist-center/orientation/SEW tolerances,,,,,,,,,,,,,,,oracle_inconclusive
1907,tiago_sew,NUMERICAL_FAILURE,tiago_semi_analytic,c96a32d,median-body-4344-torso015-J1-root-zplus020-v4,wrist_center,gripper_grasping_frame,,261.08350011054426,no exact or boundary-refined wrist branch met strict wrist-center/orientation/SEW tolerances,,,,,,,,,,,,,,,oracle_inconclusive
1908,tiago_sew,NUMERICAL_FAILURE,tiago_semi_analytic,c96a32d,median-body-4344-torso015-J1-root-zplus020-v4,wrist_center,gripper_grasping_frame,,256.39620004221797,no exact or boundary-refined wrist branch met strict wrist-center/orientation/SEW tolerances,,,,,,,,,,,,,,,oracle_inconclusive
1909,tiago_sew,NUMERICAL_FAILURE,tiago_semi_analytic,c96a32d,median-body-4344-torso015-J1-root-zplus020-v4,wrist_center,gripper_grasping_frame,,255.5051000090316,no exact or boundary-refined wrist branch met strict wrist-center/orientation/SEW tolerances,,,,,,,,,,,,,,,oracle_inconclusive
1910,tiago_sew,NUMERICAL_FAILURE,tiago_semi_analytic,c96a32d,median-body-4344-torso015-J1-root-zplus020-v4,wrist_center,gripper_grasping_frame,,251.6522000078112,no exact or boundary-refined wrist branch met strict wrist-center/orientation/SEW tolerances,,,,,,,,,,,,,,,oracle_inconclusive
1911,tiago_sew,NUMERICAL_FAILURE,tiago_semi_analytic,c96a32d,median-body-4344-torso015-J1-root-zplus020-v4,wrist_center,gripper_grasping_frame,,264.0549000352621,no exact or boundary-refined wrist branch met strict wrist-center/orientation/SEW tolerances,,,,,,,,,,,,,,,oracle_inconclusive
1912,tiago_sew,NUMERICAL_FAILURE,tiago_semi_analytic,c96a32d,median-body-4344-torso015-J1-root-zplus020-v4,wrist_center,gripper_grasping_frame,,261.37909991666675,no exact or boundary-refined wrist branch met strict wrist-center/orientation/SEW tolerances,,,,,,,,,,,,,,,oracle_inconclusive
1913,tiago_sew,NUMERICAL_FAILURE,tiago_semi_analytic,c96a32d,median-body-4344-torso015-J1-root-zplus020-v4,wrist_center,gripper_grasping_frame,,253.3955000108108,no exact or boundary-refined wrist branch met strict wrist-center/orientation/SEW tolerances,,,,,,,,,,,,,,,oracle_inconclusive
1914,tiago_sew,NUMERICAL_FAILURE,tiago_semi_analytic,c96a32d,median-body-4344-torso015-J1-root-zplus020-v4,wrist_center,gripper_grasping_frame,,255.62110007740557,no exact or boundary-refined wrist branch met strict wrist-center/orientation/SEW tolerances,,,,,,,,,,,,,,,oracle_inconclusive
1915,tiago_sew,NUMERICAL_FAILURE,tiago_semi_analytic,c96a32d,median-body-4344-torso015-J1-root-zplus020-v4,wrist_center,gripper_grasping_frame,,266.6383000323549,no exact or boundary-refined wrist branch met strict wrist-center/orientation/SEW tolerances,,,,,,,,,,,,,,,oracle_inconclusive
1916,tiago_sew,NUMERICAL_FAILURE,tiago_semi_analytic,c96a32d,median-body-4344-torso015-J1-root-zplus020-v4,wrist_center,gripper_grasping_frame,,234.25420001149178,no exact or boundary-refined wrist branch met strict wrist-center/orientation/SEW tolerances,,,,,,,,,,,,,,,oracle_inconclusive
1917,tiago_sew,NUMERICAL_FAILURE,tiago_semi_analytic,c96a32d,median-body-4344-torso015-J1-root-zplus020-v4,wrist_center,gripper_grasping_frame,,270.7857000641525,no exact or boundary-refined wrist branch met strict wrist-center/orientation/SEW tolerances,,,,,,,,,,,,,,,oracle_inconclusive
1918,tiago_sew,NUMERICAL_FAILURE,tiago_semi_analytic,c96a32d,median-body-4344-torso015-J1-root-zplus020-v4,wrist_center,gripper_grasping_frame,,290.82700004801154,no exact or boundary-refined wrist branch met strict wrist-center/orientation/SEW tolerances,,,,,,,,,,,,,,,oracle_inconclusive
1919,tiago_sew,NUMERICAL_FAILURE,tiago_semi_analytic,c96a32d,median-body-4344-torso015-J1-root-zplus020-v4,wrist_center,gripper_grasping_frame,,294.5819000015035,no exact or boundary-refined wrist branch met strict wrist-center/orientation/SEW tolerances,,,,,,,,,,,,,,,oracle_inconclusive
1920,tiago_sew,NUMERICAL_FAILURE,tiago_semi_analytic,c96a32d,median-body-4344-torso015-J1-root-zplus020-v4,wrist_center,gripper_grasping_frame,,311.26909994054586,no exact or boundary-refined wrist branch met strict wrist-center/orientation/SEW tolerances,,,,,,,,,,,,,,,oracle_inconclusive
1921,tiago_sew,NUMERICAL_FAILURE,tiago_semi_analytic,c96a32d,median-body-4344-torso015-J1-root-zplus020-v4,wrist_center,gripper_grasping_frame,,301.6945000272244,no exact or boundary-refined wrist branch met strict wrist-center/orientation/SEW tolerances,,,,,,,,,,,,,,,oracle_inconclusive
1922,tiago_sew,NUMERICAL_FAILURE,tiago_semi_analytic,c96a32d,median-body-4344-torso015-J1-root-zplus020-v4,wrist_center,gripper_grasping_frame,,325.51080000121146,no exact or boundary-refined wrist branch met strict wrist-center/orientation/SEW tolerances,,,,,,,,,,,,,,,oracle_inconclusive
1923,tiago_sew,NUMERICAL_FAILURE,tiago_semi_analytic,c96a32d,median-body-4344-torso015-J1-root-zplus020-v4,wrist_center,gripper_grasping_frame,,329.98409995343536,no exact or boundary-refined wrist branch met strict wrist-center/orientation/SEW tolerances,,,,,,,,,,,,,,,oracle_inconclusive
1924,tiago_sew,NUMERICAL_FAILURE,tiago_semi_analytic,c96a32d,median-body-4344-torso015-J1-root-zplus020-v4,wrist_center,gripper_grasping_frame,,333.0568999517709,no exact or boundary-refined wrist branch met strict wrist-center/orientation/SEW tolerances,,,,,,,,,,,,,,,oracle_inconclusive
1925,tiago_sew,NUMERICAL_FAILURE,tiago_semi_analytic,c96a32d,median-body-4344-torso015-J1-root-zplus020-v4,wrist_center,gripper_grasping_frame,,344.6283999364823,no exact or boundary-refined wrist branch met strict wrist-center/orientation/SEW tolerances,,,,,,,,,,,,,,,oracle_inconclusive
1926,tiago_sew,NUMERICAL_FAILURE,tiago_semi_analytic,c96a32d,median-body-4344-torso015-J1-root-zplus020-v4,wrist_center,gripper_grasping_frame,,348.34330005105585,no exact or boundary-refined wrist branch met strict wrist-center/orientation/SEW tolerances,,,,,,,,,,,,,,,oracle_inconclusive
1927,tiago_sew,NUMERICAL_FAILURE,tiago_semi_analytic,c96a32d,median-body-4344-torso015-J1-root-zplus020-v4,wrist_center,gripper_grasping_frame,,361.21270002331585,no exact or boundary-refined wrist branch met strict wrist-center/orientation/SEW tolerances,,,,,,,,,,,,,,,oracle_inconclusive
1928,tiago_sew,NUMERICAL_FAILURE,tiago_semi_analytic,c96a32d,median-body-4344-torso015-J1-root-zplus020-v4,wrist_center,gripper_grasping_frame,,396.1092000827193,no exact or boundary-refined wrist branch met strict wrist-center/orientation/SEW tolerances,,,,,,,,,,,,,,,oracle_inconclusive
1929,tiago_sew,NUMERICAL_FAILURE,tiago_semi_analytic,c96a32d,median-body-4344-torso015-J1-root-zplus020-v4,wrist_center,gripper_grasping_frame,,419.7502000024542,no exact or boundary-refined wrist branch met strict wrist-center/orientation/SEW tolerances,,,,,,,,,,,,,,,oracle_inconclusive
1930,tiago_sew,NUMERICAL_FAILURE,tiago_semi_analytic,c96a32d,median-body-4344-torso015-J1-root-zplus020-v4,wrist_center,gripper_grasping_frame,,487.6574999652803,no exact or boundary-refined wrist branch met strict wrist-center/orientation/SEW tolerances,,,,,,,,,,,,,,,oracle_inconclusive
1931,tiago_sew,NUMERICAL_FAILURE,tiago_semi_analytic,c96a32d,median-body-4344-torso015-J1-root-zplus020-v4,wrist_center,gripper_grasping_frame,,532.7367000281811,no exact or boundary-refined wrist branch met strict wrist-center/orientation/SEW tolerances,,,,,,,,,,,,,,,oracle_inconclusive
1932,tiago_sew,NUMERICAL_FAILURE,tiago_semi_analytic,c96a32d,median-body-4344-torso015-J1-root-zplus020-v4,wrist_center,gripper_grasping_frame,,583.5405000252649,no exact or boundary-refined wrist branch met strict wrist-center/orientation/SEW tolerances,,,,,,,,,,,,,,,oracle_inconclusive
1933,tiago_sew,NUMERICAL_FAILURE,tiago_semi_analytic,c96a32d,median-body-4344-torso015-J1-root-zplus020-v4,wrist_center,gripper_grasping_frame,,569.2395000951365,no exact or boundary-refined wrist branch met strict wrist-center/orientation/SEW tolerances,,,,,,,,,,,,,,,oracle_inconclusive
1934,tiago_sew,NUMERICAL_FAILURE,tiago_semi_analytic,c96a32d,median-body-4344-torso015-J1-root-zplus020-v4,wrist_center,gripper_grasping_frame,,474.77560001425445,no exact or boundary-refined wrist branch met strict wrist-center/orientation/SEW tolerances,,,,,,,,,,,,,,,oracle_inconclusive
1935,tiago_sew,NUMERICAL_FAILURE,tiago_semi_analytic,c96a32d,median-body-4344-torso015-J1-root-zplus020-v4,wrist_center,gripper_grasping_frame,,406.693400000222,no exact or boundary-refined wrist branch met strict wrist-center/orientation/SEW tolerances,,,,,,,,,,,,,,,oracle_inconclusive
1936,tiago_sew,NUMERICAL_FAILURE,tiago_semi_analytic,c96a32d,median-body-4344-torso015-J1-root-zplus020-v4,wrist_center,gripper_grasping_frame,,362.75490000844,no exact or boundary-refined wrist branch met strict wrist-center/orientation/SEW tolerances,,,,,,,,,,,,,,,oracle_inconclusive
1937,tiago_sew,NUMERICAL_FAILURE,tiago_semi_analytic,c96a32d,median-body-4344-torso015-J1-root-zplus020-v4,wrist_center,gripper_grasping_frame,,343.7677000183612,no exact or boundary-refined wrist branch met strict wrist-center/orientation/SEW tolerances,,,,,,,,,,,,,,,oracle_inconclusive
1938,tiago_sew,NUMERICAL_FAILURE,tiago_semi_analytic,c96a32d,median-body-4344-torso015-J1-root-zplus020-v4,wrist_center,gripper_grasping_frame,,314.09539992455393,no exact or boundary-refined wrist branch met strict wrist-center/orientation/SEW tolerances,,,,,,,,,,,,,,,oracle_inconclusive
1939,tiago_sew,NUMERICAL_FAILURE,tiago_semi_analytic,c96a32d,median-body-4344-torso015-J1-root-zplus020-v4,wrist_center,gripper_grasping_frame,,294.5755999535322,no exact or boundary-refined wrist branch met strict wrist-center/orientation/SEW tolerances,,,,,,,,,,,,,,,oracle_inconclusive
1940,tiago_sew,NUMERICAL_FAILURE,tiago_semi_analytic,c96a32d,median-body-4344-torso015-J1-root-zplus020-v4,wrist_center,gripper_grasping_frame,,291.70130006968975,no exact or boundary-refined wrist branch met strict wrist-center/orientation/SEW tolerances,,,,,,,,,,,,,,,oracle_inconclusive
1941,tiago_sew,NUMERICAL_FAILURE,tiago_semi_analytic,c96a32d,median-body-4344-torso015-J1-root-zplus020-v4,wrist_center,gripper_grasping_frame,,275.30290000140667,no exact or boundary-refined wrist branch met strict wrist-center/orientation/SEW tolerances,,,,,,,,,,,,,,,oracle_inconclusive
1942,tiago_sew,NUMERICAL_FAILURE,tiago_semi_analytic,c96a32d,median-body-4344-torso015-J1-root-zplus020-v4,wrist_center,gripper_grasping_frame,,257.2183000156656,no exact or boundary-refined wrist branch met strict wrist-center/orientation/SEW tolerances,,,,,,,,,,,,,,,oracle_inconclusive
1943,tiago_sew,NUMERICAL_FAILURE,tiago_semi_analytic,c96a32d,median-body-4344-torso015-J1-root-zplus020-v4,wrist_center,gripper_grasping_frame,,248.33870003931224,no exact or boundary-refined wrist branch met strict wrist-center/orientation/SEW tolerances,,,,,,,,,,,,,,,oracle_inconclusive
1944,tiago_sew,NUMERICAL_FAILURE,tiago_semi_analytic,c96a32d,median-body-4344-torso015-J1-root-zplus020-v4,wrist_center,gripper_grasping_frame,,239.70659996848553,no exact or boundary-refined wrist branch met strict wrist-center/orientation/SEW tolerances,,,,,,,,,,,,,,,oracle_inconclusive
1945,tiago_sew,NUMERICAL_FAILURE,tiago_semi_analytic,c96a32d,median-body-4344-torso015-J1-root-zplus020-v4,wrist_center,gripper_grasping_frame,,237.49129998032004,no exact or boundary-refined wrist branch met strict wrist-center/orientation/SEW tolerances,,,,,,,,,,,,,,,oracle_inconclusive
1946,tiago_sew,NUMERICAL_FAILURE,tiago_semi_analytic,c96a32d,median-body-4344-torso015-J1-root-zplus020-v4,wrist_center,gripper_grasping_frame,,218.7123999465257,no exact or boundary-refined wrist branch met strict wrist-center/orientation/SEW tolerances,,,,,,,,,,,,,,,oracle_inconclusive
1947,tiago_sew,NUMERICAL_FAILURE,tiago_semi_analytic,c96a32d,median-body-4344-torso015-J1-root-zplus020-v4,wrist_center,gripper_grasping_frame,,212.8379000350833,no exact or boundary-refined wrist branch met strict wrist-center/orientation/SEW tolerances,,,,,,,,,,,,,,,oracle_inconclusive
1948,tiago_sew,NUMERICAL_FAILURE,tiago_semi_analytic,c96a32d,median-body-4344-torso015-J1-root-zplus020-v4,wrist_center,gripper_grasping_frame,,208.26680003665388,no exact or boundary-refined wrist branch met strict wrist-center/orientation/SEW tolerances,,,,,,,,,,,,,,,oracle_inconclusive
1949,tiago_sew,NUMERICAL_FAILURE,tiago_semi_analytic,c96a32d,median-body-4344-torso015-J1-root-zplus020-v4,wrist_center,gripper_grasping_frame,,197.57769990246743,no exact or boundary-refined wrist branch met strict wrist-center/orientation/SEW tolerances,,,,,,,,,,,,,,,oracle_inconclusive
1950,tiago_sew,NUMERICAL_FAILURE,tiago_semi_analytic,c96a32d,median-body-4344-torso015-J1-root-zplus020-v4,wrist_center,gripper_grasping_frame,,195.3376999590546,no exact or boundary-refined wrist branch met strict wrist-center/orientation/SEW tolerances,,,,,,,,,,,,,,,oracle_inconclusive
1951,tiago_sew,NUMERICAL_FAILURE,tiago_semi_analytic,c96a32d,median-body-4344-torso015-J1-root-zplus020-v4,wrist_center,gripper_grasping_frame,,188.31930006854236,no exact or boundary-refined wrist branch met strict wrist-center/orientation/SEW tolerances,,,,,,,,,,,,,,,oracle_inconclusive
1952,tiago_sew,NUMERICAL_FAILURE,tiago_semi_analytic,c96a32d,median-body-4344-torso015-J1-root-zplus020-v4,wrist_center,gripper_grasping_frame,,186.46360002458096,no exact or boundary-refined wrist branch met strict wrist-center/orientation/SEW tolerances,,,,,,,,,,,,,,,oracle_inconclusive
1953,tiago_sew,NUMERICAL_FAILURE,tiago_semi_analytic,c96a32d,median-body-4344-torso015-J1-root-zplus020-v4,wrist_center,gripper_grasping_frame,,188.24019993189722,no exact or boundary-refined wrist branch met strict wrist-center/orientation/SEW tolerances,,,,,,,,,,,,,,,oracle_inconclusive
1954,tiago_sew,NUMERICAL_FAILURE,tiago_semi_analytic,c96a32d,median-body-4344-torso015-J1-root-zplus020-v4,wrist_center,gripper_grasping_frame,,180.24459993466735,no exact or boundary-refined wrist branch met strict wrist-center/orientation/SEW tolerances,,,,,,,,,,,,,,,oracle_inconclusive
1955,tiago_sew,NUMERICAL_FAILURE,tiago_semi_analytic,c96a32d,median-body-4344-torso015-J1-root-zplus020-v4,wrist_center,gripper_grasping_frame,,289.6722999867052,no exact or boundary-refined wrist branch met strict wrist-center/orientation/SEW tolerances,,,,,,,,,,,,,,,oracle_inconclusive
1956,tiago_sew,SUCCESS_EXACT,tiago_semi_analytic,c96a32d,median-body-4344-torso015-J1-root-zplus020-v4,wrist_center,gripper_grasping_frame,seed-15-wrist-1-boundary,292.9089000681415,,1.2451725275763794,-0.36832016905140436,-2.0314477412491962,2.3543067907561004,0.3648187954121478,-0.41537688414741586,-2.0943999999999994,0.15807965507659802,0.06249600324603747,0.02155999902902427,2.5444437451708134e-14,0.3234499563809812,0.34288962202412454,0.9617045599953922,reachable_success
1957,tiago_sew,SUCCESS_EXACT,tiago_semi_analytic,c96a32d,median-body-4344-torso015-J1-root-zplus020-v4,wrist_center,gripper_grasping_frame,seed-0-wrist-0-boundary,240.41589989792556,,1.2599126943062566,-0.35161355910125763,-2.0382069085391583,2.337839654248019,0.37601432340308716,-0.4085050684077595,-2.0943999999999994,0.8783831597601263,0.35208969289483505,0.12495204816479942,2.5444437451708134e-14,0.3248526685952398,0.3484764013778111,0.965889084660192,reachable_success
1958,tiago_sew,NUMERICAL_FAILURE,tiago_semi_analytic,c96a32d,median-body-4344-torso015-J1-root-zplus020-v4,wrist_center,gripper_grasping_frame,,230.53239996079355,no exact or boundary-refined wrist branch met strict wrist-center/orientation/SEW tolerances,,,,,,,,,,,,,,,oracle_inconclusive
1959,tiago_sew,NUMERICAL_FAILURE,tiago_semi_analytic,c96a32d,median-body-4344-torso015-J1-root-zplus020-v4,wrist_center,gripper_grasping_frame,,223.91169995535165,no exact or boundary-refined wrist branch met strict wrist-center/orientation/SEW tolerances,,,,,,,,,,,,,,,oracle_inconclusive
1960,tiago_sew,NUMERICAL_FAILURE,tiago_semi_analytic,c96a32d,median-body-4344-torso015-J1-root-zplus020-v4,wrist_center,gripper_grasping_frame,,231.25770001206547,no exact or boundary-refined wrist branch met strict wrist-center/orientation/SEW tolerances,,,,,,,,,,,,,,,oracle_inconclusive
1961,tiago_sew,NUMERICAL_FAILURE,tiago_semi_analytic,c96a32d,median-body-4344-torso015-J1-root-zplus020-v4,wrist_center,gripper_grasping_frame,,216.7121999664232,no exact or boundary-refined wrist branch met strict wrist-center/orientation/SEW tolerances,,,,,,,,,,,,,,,oracle_inconclusive
1962,tiago_sew,NUMERICAL_FAILURE,tiago_semi_analytic,c96a32d,median-body-4344-torso015-J1-root-zplus020-v4,wrist_center,gripper_grasping_frame,,226.30580002442002,no exact or boundary-refined wrist branch met strict wrist-center/orientation/SEW tolerances,,,,,,,,,,,,,,,oracle_inconclusive
1963,tiago_sew,NUMERICAL_FAILURE,tiago_semi_analytic,c96a32d,median-body-4344-torso015-J1-root-zplus020-v4,wrist_center,gripper_grasping_frame,,215.17420001327991,no exact or boundary-refined wrist branch met strict wrist-center/orientation/SEW tolerances,,,,,,,,,,,,,,,oracle_inconclusive
1964,tiago_sew,NUMERICAL_FAILURE,tiago_semi_analytic,c96a32d,median-body-4344-torso015-J1-root-zplus020-v4,wrist_center,gripper_grasping_frame,,220.18609999213368,no exact or boundary-refined wrist branch met strict wrist-center/orientation/SEW tolerances,,,,,,,,,,,,,,,oracle_inconclusive
1965,tiago_sew,NUMERICAL_FAILURE,tiago_semi_analytic,c96a32d,median-body-4344-torso015-J1-root-zplus020-v4,wrist_center,gripper_grasping_frame,,460.1807000581175,no exact or boundary-refined wrist branch met strict wrist-center/orientation/SEW tolerances,,,,,,,,,,,,,,,oracle_inconclusive
1966,tiago_sew,NUMERICAL_FAILURE,tiago_semi_analytic,c96a32d,median-body-4344-torso015-J1-root-zplus020-v4,wrist_center,gripper_grasping_frame,,440.6113000586629,no exact or boundary-refined wrist branch met strict wrist-center/orientation/SEW tolerances,,,,,,,,,,,,,,,oracle_inconclusive
1967,tiago_sew,NUMERICAL_FAILURE,tiago_semi_analytic,c96a32d,median-body-4344-torso015-J1-root-zplus020-v4,wrist_center,gripper_grasping_frame,,459.63050005957484,no exact or boundary-refined wrist branch met strict wrist-center/orientation/SEW tolerances,,,,,,,,,,,,,,,oracle_inconclusive
1968,tiago_sew,NUMERICAL_FAILURE,tiago_semi_analytic,c96a32d,median-body-4344-torso015-J1-root-zplus020-v4,wrist_center,gripper_grasping_frame,,459.7287999931723,no exact or boundary-refined wrist branch met strict wrist-center/orientation/SEW tolerances,,,,,,,,,,,,,,,oracle_inconclusive
1969,tiago_sew,NUMERICAL_FAILURE,tiago_semi_analytic,c96a32d,median-body-4344-torso015-J1-root-zplus020-v4,wrist_center,gripper_grasping_frame,,432.58630007039756,no exact or boundary-refined wrist branch met strict wrist-center/orientation/SEW tolerances,,,,,,,,,,,,,,,oracle_inconclusive
1970,tiago_sew,NUMERICAL_FAILURE,tiago_semi_analytic,c96a32d,median-body-4344-torso015-J1-root-zplus020-v4,wrist_center,gripper_grasping_frame,,387.0357000268996,no exact or boundary-refined wrist branch met strict wrist-center/orientation/SEW tolerances,,,,,,,,,,,,,,,oracle_inconclusive
1971,tiago_sew,NUMERICAL_FAILURE,tiago_semi_analytic,c96a32d,median-body-4344-torso015-J1-root-zplus020-v4,wrist_center,gripper_grasping_frame,,385.7164999935776,no exact or boundary-refined wrist branch met strict wrist-center/orientation/SEW tolerances,,,,,,,,,,,,,,,oracle_inconclusive
1972,tiago_sew,NUMERICAL_FAILURE,tiago_semi_analytic,c96a32d,median-body-4344-torso015-J1-root-zplus020-v4,wrist_center,gripper_grasping_frame,,429.6592000173405,no exact or boundary-refined wrist branch met strict wrist-center/orientation/SEW tolerances,,,,,,,,,,,,,,,oracle_inconclusive
1973,tiago_sew,NUMERICAL_FAILURE,tiago_semi_analytic,c96a32d,median-body-4344-torso015-J1-root-zplus020-v4,wrist_center,gripper_grasping_frame,,432.5984000461176,no exact or boundary-refined wrist branch met strict wrist-center/orientation/SEW tolerances,,,,,,,,,,,,,,,oracle_inconclusive
1974,tiago_sew,NUMERICAL_FAILURE,tiago_semi_analytic,c96a32d,median-body-4344-torso015-J1-root-zplus020-v4,wrist_center,gripper_grasping_frame,,389.47229995392263,no exact or boundary-refined wrist branch met strict wrist-center/orientation/SEW tolerances,,,,,,,,,,,,,,,oracle_inconclusive
1975,tiago_sew,NUMERICAL_FAILURE,tiago_semi_analytic,c96a32d,median-body-4344-torso015-J1-root-zplus020-v4,wrist_center,gripper_grasping_frame,,337.71890006028116,no exact or boundary-refined wrist branch met strict wrist-center/orientation/SEW tolerances,,,,,,,,,,,,,,,oracle_inconclusive
1976,tiago_sew,NUMERICAL_FAILURE,tiago_semi_analytic,c96a32d,median-body-4344-torso015-J1-root-zplus020-v4,wrist_center,gripper_grasping_frame,,425.8145000785589,no exact or boundary-refined wrist branch met strict wrist-center/orientation/SEW tolerances,,,,,,,,,,,,,,,oracle_inconclusive
1977,tiago_sew,NUMERICAL_FAILURE,tiago_semi_analytic,c96a32d,median-body-4344-torso015-J1-root-zplus020-v4,wrist_center,gripper_grasping_frame,,446.0355999181047,no exact or boundary-refined wrist branch met strict wrist-center/orientation/SEW tolerances,,,,,,,,,,,,,,,oracle_inconclusive
1978,tiago_sew,NUMERICAL_FAILURE,tiago_semi_analytic,c96a32d,median-body-4344-torso015-J1-root-zplus020-v4,wrist_center,gripper_grasping_frame,,430.118800024502,no exact or boundary-refined wrist branch met strict wrist-center/orientation/SEW tolerances,,,,,,,,,,,,,,,oracle_inconclusive
1979,tiago_sew,NUMERICAL_FAILURE,tiago_semi_analytic,c96a32d,median-body-4344-torso015-J1-root-zplus020-v4,wrist_center,gripper_grasping_frame,,402.28299994487315,no exact or boundary-refined wrist branch met strict wrist-center/orientation/SEW tolerances,,,,,,,,,,,,,,,oracle_inconclusive
1980,tiago_sew,NUMERICAL_FAILURE,tiago_semi_analytic,c96a32d,median-body-4344-torso015-J1-root-zplus020-v4,wrist_center,gripper_grasping_frame,,425.02319999039173,no exact or boundary-refined wrist branch met strict wrist-center/orientation/SEW tolerances,,,,,,,,,,,,,,,oracle_inconclusive
1981,tiago_sew,NUMERICAL_FAILURE,tiago_semi_analytic,c96a32d,median-body-4344-torso015-J1-root-zplus020-v4,wrist_center,gripper_grasping_frame,,415.14500009361655,no exact or boundary-refined wrist branch met strict wrist-center/orientation/SEW tolerances,,,,,,,,,,,,,,,oracle_inconclusive
1982,tiago_sew,NUMERICAL_FAILURE,tiago_semi_analytic,c96a32d,median-body-4344-torso015-J1-root-zplus020-v4,wrist_center,gripper_grasping_frame,,417.4214000813663,no exact or boundary-refined wrist branch met strict wrist-center/orientation/SEW tolerances,,,,,,,,,,,,,,,oracle_inconclusive
1983,tiago_sew,NUMERICAL_FAILURE,tiago_semi_analytic,c96a32d,median-body-4344-torso015-J1-root-zplus020-v4,wrist_center,gripper_grasping_frame,,412.525900057517,no exact or boundary-refined wrist branch met strict wrist-center/orientation/SEW tolerances,,,,,,,,,,,,,,,oracle_inconclusive
1984,tiago_sew,NUMERICAL_FAILURE,tiago_semi_analytic,c96a32d,median-body-4344-torso015-J1-root-zplus020-v4,wrist_center,gripper_grasping_frame,,427.7478000149131,no exact or boundary-refined wrist branch met strict wrist-center/orientation/SEW tolerances,,,,,,,,,,,,,,,oracle_inconclusive
1985,tiago_sew,NUMERICAL_FAILURE,tiago_semi_analytic,c96a32d,median-body-4344-torso015-J1-root-zplus020-v4,wrist_center,gripper_grasping_frame,,438.5572999017313,no exact or boundary-refined wrist branch met strict wrist-center/orientation/SEW tolerances,,,,,,,,,,,,,,,oracle_inconclusive
1986,tiago_sew,SUCCESS_EXACT,tiago_semi_analytic,c96a32d,median-body-4344-torso015-J1-root-zplus020-v4,wrist_center,gripper_grasping_frame,seed-10-wrist-1-boundary,434.29810006637126,,1.4963693110433005,-0.03773208558078994,-2.0164660037795508,1.905931969239916,-2.0943999999999994,0.3909971407644684,0.5337569197847247,0.9658053728415078,0.6810832799136669,0.6635679667781864,2.5444437451708134e-14,0.35933021451733727,0.465771329586088,1.0236108817698408,reachable_success
1987,tiago_sew,SUCCESS_EXACT,tiago_semi_analytic,c96a32d,median-body-4344-torso015-J1-root-zplus020-v4,wrist_center,gripper_grasping_frame,seed-10-wrist-0-boundary,400.43330006301403,,1.5037955474285862,-0.0344918160560302,-2.016148703021364,1.8952361567226494,-2.0943999999999994,0.3934091866282049,0.5352797358028195,0.756346550671772,0.5338692981090672,0.5204257465680578,2.5444437451708134e-14,0.3601626653530658,0.46934715330794774,1.0242751043398508,reachable_success
1988,tiago_sew,SUCCESS_EXACT,tiago_semi_analytic,c96a32d,median-body-4344-torso015-J1-root-zplus020-v4,wrist_center,gripper_grasping_frame,seed-12-wrist-0-boundary,416.13230004440993,,1.5099267541194243,-0.02934005546805449,-2.014182493767476,1.8838591799994093,-2.0943999999999994,0.39625774022819354,0.5359086209502718,0.7160772023562069,0.5053528705100063,0.4930614178531948,2.5444437451708134e-14,0.3614980919995092,0.4729494237534607,1.0244086303848776,reachable_success
1989,tiago_sew,SUCCESS_EXACT,tiago_semi_analytic,c96a32d,median-body-4344-torso015-J1-root-zplus020-v4,wrist_center,gripper_grasping_frame,seed-12-wrist-0-boundary,415.2221999829635,,1.51717427117608,-0.02504992719122458,-2.012772258558111,1.8725210627630313,-2.0943999999999994,0.39941330280606546,0.5380158996752554,0.5903033208476517,0.4165387095970556,0.40675614772582097,2.5444437451708134e-14,0.36238380710096835,0.47670876227238657,1.0246630325162263,reachable_success
1990,tiago_sew,SUCCESS_EXACT,tiago_semi_analytic,c96a32d,median-body-4344-torso015-J1-root-zplus020-v4,wrist_center,gripper_grasping_frame,seed-7-wrist-0-boundary,431.195400073193,,1.5238746601448716,-0.02187453923320185,-2.011627106828571,1.8621281261016522,-2.0943999999999994,0.4002566310404933,0.5375080951131135,0.43042609103888324,0.30401806806398207,0.2969172745244166,2.5444437451708134e-14,0.3635624194366338,0.4802641697022336,1.0251591443437307,reachable_success
1991,tiago_sew,SUCCESS_EXACT,tiago_semi_analytic,c96a32d,median-body-4344-torso015-J1-root-zplus020-v4,wrist_center,gripper_grasping_frame,seed-14-wrist-0-boundary,418.34930004552007,,1.5296811948409317,-0.016013997860158218,-2.0093477334255767,1.851208810014197,-2.0943999999999994,0.40648815393260007,0.5399822313860967,0.46007900580421895,0.32411487290522695,0.31714575548258733,2.5444437451708134e-14,0.3641779165422287,0.48350749099374524,1.024783038349796,reachable_success
1992,tiago_sew,SUCCESS_EXACT,tiago_semi_analytic,c96a32d,median-body-4344-torso015-J1-root-zplus020-v4,wrist_center,gripper_grasping_frame,seed-14-wrist-0-boundary,318.71449993923306,,1.5372885833577805,-0.015495857619894126,-2.010552223685809,1.8415836065659767,-2.0943999999999994,0.40689238979573805,0.5373727503715028,0.07020713906270586,0.04956336677970282,0.04848141306512046,2.5444437451708134e-14,0.3650329411209462,0.4867889270929223,1.026036115509905,reachable_success
1993,tiago_sew,SUCCESS_EXACT,tiago_semi_analytic,c96a32d,median-body-4344-torso015-J1-root-zplus020-v4,wrist_center,gripper_grasping_frame,seed-0-wrist-0,4.338900092989206,,1.5430756570254158,-0.011382540140777978,-2.008743699042166,1.8312953143659165,-2.094370596084745,0.41329787682699903,0.5396078705801859,1.2412670766236365e-13,3.787786941354608e-14,2.5444437451708134e-14,0.0016847202452508253,0.36558730685789176,0.48980699141072703,1.025604959205683,reachable_success
1994,tiago_sew,SUCCESS_EXACT,tiago_semi_analytic,c96a32d,median-body-4344-torso015-J1-root-zplus020-v4,wrist_center,gripper_grasping_frame,seed-0-wrist-0,4.319900064729154,,1.5493428256590207,-0.006368563611601392,-2.007120512278256,1.820322462214164,-2.091110559932064,0.41642043830483466,0.5352210986060526,1.7554167342883506e-13,8.650422643482748e-14,2.5444437451708134e-14,0.1884710328539577,0.3663997790518824,0.49310893473232,1.0260875705500874,reachable_success
1995,tiago_sew,SUCCESS_EXACT,tiago_semi_analytic,c96a32d,median-body-4344-torso015-J1-root-zplus020-v4,wrist_center,gripper_grasping_frame,seed-0-wrist-0,4.3160999193787575,,1.5557504916560054,-0.0029970712625759705,-2.00588299324107,1.8092311560995509,-2.0848835785560063,0.41949023556857545,0.5316036868807918,2.989366980140908e-13,1.9197134620242645e-14,0.0,0.5452507848086235,0.36734513974044425,0.49626985648652694,1.0267382915488141,reachable_success
1996,tiago_sew,SUCCESS_EXACT,tiago_semi_analytic,c96a32d,median-body-4344-torso015-J1-root-zplus020-v4,wrist_center,gripper_grasping_frame,seed-0-wrist-0,4.4917999766767025,,1.5611506709973668,0.0018953974871443059,-2.003373594572346,1.798677583167818,-2.085016331496239,0.42365348879469256,0.5313466749701301,2.0014830212433604e-13,8.167274361636079e-14,0.0,0.5376446016153416,0.3683509945876632,0.49945658864790043,1.0264450514539831,reachable_success
1997,tiago_sew,SUCCESS_EXACT,tiago_semi_analytic,c96a32d,median-body-4344-torso015-J1-root-zplus020-v4,wrist_center,gripper_grasping_frame,seed-0-wrist-0,4.352500080130994,,1.5668232792014238,0.004730277223226368,-2.002743706453044,1.7887052644432782,-2.08590351609156,0.4287898930522003,0.5309358753850884,1.3597399555105182e-13,4.15361264552709e-14,2.5444437451708134e-14,0.48681266865440725,0.3691741465615299,0.502260963437019,1.0265195969096932,reachable_success
1998,tiago_sew,SUCCESS_EXACT,tiago_semi_analytic,c96a32d,median-body-4344-torso015-J1-root-zplus020-v4,wrist_center,gripper_grasping_frame,seed-0-wrist-0,4.305299953557551,,1.572288829260896,0.009976953938001661,-1.9996389264109449,1.7783886126574722,-2.0810166996224524,0.43161490384296064,0.5275704666680001,1.6653345369377348e-13,4.5774998781679235e-14,0.0,0.7668066275893086,0.36993026305253357,0.505397390304116,1.026511175694905,reachable_success
1999,tiago_sew,SUCCESS_EXACT,tiago_semi_analytic,c96a32d,median-body-4344-torso015-J1-root-zplus020-v4,wrist_center,gripper_grasping_frame,seed-0-wrist-0,4.444299964234233,,1.5777817396794305,0.013228119518369134,-1.9980120340323424,1.7680259960049416,-2.0831717439069832,0.43694709100905715,0.5288813219465895,1.570092458683775e-13,4.9106753771944076e-14,0.0,0.6433316854219014,0.3709577289279031,0.5083872079502119,1.0261173671737898,reachable_success
