frame,event,wrist_height_phase,wrist_z_world_m,method,status,backend,model_revision,calibration_revision,position_target_frame,orientation_target_frame,branch_id,solve_time_ms,message,arm_1_joint,arm_2_joint,arm_3_joint,arm_4_joint,arm_5_joint,arm_6_joint,arm_7_joint,wrist_center_position_error_mm,grasping_frame_position_x_m,grasping_frame_position_y_m,grasping_frame_position_z_m,ee_orientation_error_deg,sew_angle_error_deg,joint_limit_margin_deg,classification,j5_limit_margin_deg,j7_limit_margin_deg
246,transfer,low,0.5391029055,tiago_sew,SUCCESS_EXACT,tiago_semi_analytic,c96a32d,median-body-4344-torso015-J1-root-robot-zminus020-v5,wrist_center,gripper_grasping_frame,seed-0-wrist-1,7.057999959215522,,1.3807451211511834,-1.3010595636860554,-1.656873302318785,2.2609032035808383,-0.7306783564657326,-0.8428675623292632,-2.042828669704652,1.5959455978986625e-13,0.2646996957432727,0.1637510348366542,0.520371873044086,1.1206029549903849e-13,0.0,2.9548195697986013,reachable_success,78.13549460515762,2.9548195697986013
247,transfer,low,0.5414948964999999,tiago_sew,SUCCESS_EXACT,tiago_semi_analytic,c96a32d,median-body-4344-torso015-J1-root-robot-zminus020-v5,wrist_center,gripper_grasping_frame,seed-0-wrist-0,2.89939995855093,,1.3912333614877292,-1.2904784176481805,-1.6632766764814093,2.2663663424410325,-0.7361999808910955,-0.8343198027943437,-2.016383101681715,4.447005064480774e-10,0.26462693918172353,0.1648848158857345,0.5242931853621017,7.293230504703425e-14,1.0864774791879373e-11,4.470039004339018,reachable_success,77.81912882952798,4.470039004339018
248,transfer,low,0.5440187955,tiago_sew,SUCCESS_EXACT,tiago_semi_analytic,c96a32d,median-body-4344-torso015-J1-root-robot-zminus020-v5,wrist_center,gripper_grasping_frame,seed-0-wrist-0,2.825499977916479,,1.4023480222637739,-1.27931659178982,-1.670856604118501,2.2717271175970013,-0.7391062932402441,-0.8292333424963267,-1.9922871555147825,4.836914002915984e-10,0.26419414840554045,0.16588332799434402,0.5278647119992581,6.079926440351921e-14,1.2620440976047234e-11,4.839366687201602,reachable_success,77.65260939797501,5.850635023078675
249,transfer,low,0.5467581635,tiago_sew,SUCCESS_EXACT,tiago_semi_analytic,c96a32d,median-body-4344-torso015-J1-root-robot-zminus020-v5,wrist_center,gripper_grasping_frame,seed-0-wrist-0,2.814900013618171,,1.415075023931972,-1.268008100213904,-1.6817189325317823,2.276684333606807,-0.7377337928954422,-0.8234007000899561,-1.9730650815428206,1.8349632356505162e-10,0.2639061234039295,0.16705884291136047,0.5321562219522592,1.1167092767803695e-13,5.317887427407e-12,4.555339131705053,reachable_success,77.73124787511242,6.951978735160365
250,transfer,low,0.5497920995,tiago_sew,SUCCESS_EXACT,tiago_semi_analytic,c96a32d,median-body-4344-torso015-J1-root-robot-zminus020-v5,wrist_center,gripper_grasping_frame,seed-0-wrist-0,2.8141000075265765,,1.4277811934721838,-1.2541296337257863,-1.692207806850719,2.282044823538333,-0.7419869150741185,-0.8224752370035491,-1.9544172839811198,6.346932772663113e-10,0.26407426719764826,0.16818412577583827,0.5353798572491928,4.3300703994708575e-14,1.9719439025073803e-11,4.248205682506239,reachable_success,77.48756192452078,8.020418832660166
251,transfer,low,0.5527286875,tiago_sew,SUCCESS_EXACT,tiago_semi_analytic,c96a32d,median-body-4344-torso015-J1-root-robot-zminus020-v5,wrist_center,gripper_grasping_frame,seed-0-wrist-0,2.780499984510243,,1.4409674862730417,-1.2395023498694961,-1.7033433025225588,2.286194934490197,-0.7398117712040797,-0.8195042252777083,-1.9452713217609148,4.3713503359126264e-12,0.2637170832240786,0.16941435180459996,0.5390369554310226,7.042723923908718e-14,1.7811106216195694e-13,4.010421840453422,reachable_success,77.61218848810775,8.544443867464015
252,transfer,low,0.5561167455,tiago_sew,SUCCESS_EXACT,tiago_semi_analytic,c96a32d,median-body-4344-torso015-J1-root-robot-zminus020-v5,wrist_center,gripper_grasping_frame,seed-0-wrist-0,2.82110006082803,,1.4550151735434218,-1.2226750099743524,-1.7153485088921103,2.290890021367825,-0.7375013092025213,-0.8152943116371589,-1.9362745574541442,8.010852609333258e-11,0.26339109059923155,0.17070447348459972,0.5434024573492523,4.4232753434863425e-14,2.7988881196878947e-12,3.7414131779180773,reachable_success,77.7445682095224,9.059920491515909
253,transfer,low,0.5594463195,tiago_sew,SUCCESS_EXACT,tiago_semi_analytic,c96a32d,median-body-4344-torso015-J1-root-robot-zminus020-v5,wrist_center,gripper_grasping_frame,seed-0-wrist-0,2.845000009983778,,1.470289907372858,-1.205547951815877,-1.7286060630674112,2.294225231225474,-0.7391685832033144,-0.8147161906183515,-1.920942276319276,5.426552206482569e-13,0.263547408114001,0.17253585299844648,0.5467386879813131,3.5425758010120026e-14,5.088887490341627e-14,3.550319729284367,reachable_success,77.64904044598507,9.938395490851907
254,transfer,low,0.5634185415,tiago_sew,SUCCESS_EXACT,tiago_semi_analytic,c96a32d,median-body-4344-torso015-J1-root-robot-zminus020-v5,wrist_center,gripper_grasping_frame,seed-0-wrist-0,3.2302000327035785,,1.4859581054088742,-1.1863237203281727,-1.7437456093636294,2.298298260451744,-0.7410075211022615,-0.8130811035564287,-1.8962104039375731,5.622752328115807e-13,0.26429938580129775,0.17434113168199494,0.5510973753596842,7.511341259970998e-14,1.526666247102488e-13,3.316952344785644,reachable_success,77.54367706558874,11.355427397779648
255,transfer,low,0.5671762395,tiago_sew,SUCCESS_EXACT,tiago_semi_analytic,c96a32d,median-body-4344-torso015-J1-root-robot-zminus020-v5,wrist_center,gripper_grasping_frame,seed-0-wrist-0,2.7540000155568123,,1.5016761130639997,-1.1641973692584502,-1.7578894074637594,2.299913419304356,-0.7417231943426437,-0.804800247561698,-1.8673446693654068,5.654666382881405e-13,0.2653176620456348,0.1767562045862957,0.5560463385549029,2.3802706632903917e-14,1.0177774980683254e-13,3.2244105592877785,reachable_success,77.50267200940439,13.00931216130965
256,transfer,low,0.5715490114999999,tiago_sew,SUCCESS_EXACT,tiago_semi_analytic,c96a32d,median-body-4344-torso015-J1-root-robot-zminus020-v5,wrist_center,gripper_grasping_frame,seed-0-wrist-0,2.7389000169932842,,1.51975215671289,-1.1406814636599458,-1.7758350035016337,2.300998448627442,-0.7405413994271868,-0.7973307213927185,-1.8315939773203,2.3023564709871407e-12,0.2665105127211098,0.17958581025958395,0.561753605035329,4.4342193443948406e-14,7.63333123551244e-14,3.1622429584270164,reachable_success,77.57038387031008,15.05767593016619
257,transfer,low,0.5757935565,tiago_sew,SUCCESS_EXACT,tiago_semi_analytic,c96a32d,median-body-4344-torso015-J1-root-robot-zminus020-v5,wrist_center,gripper_grasping_frame,seed-0-wrist-0,2.816000021994114,,1.5352343886076916,-1.1153828546066138,-1.7897482391691288,2.3016676211775877,-0.7390427823930885,-0.7831570663413725,-1.794921057331143,1.9891764805425324e-12,0.26736783901146927,0.18218642601537016,0.5683366547144301,5.4988831720053955e-14,1.0177774980683254e-13,3.1239021955376707,reachable_success,77.65624830147033,17.158879467965846
258,transfer,low,0.5799008405,tiago_sew,SUCCESS_EXACT,tiago_semi_analytic,c96a32d,median-body-4344-torso015-J1-root-robot-zminus020-v5,wrist_center,gripper_grasping_frame,seed-0-wrist-0,2.87580001167953,,1.550620943215025,-1.0894118068398595,-1.8037558757247136,2.3001766760647584,-0.7335683579346295,-0.7667512629440605,-1.7648433720828178,2.2637496646657217e-12,0.2680649801185221,0.18505242518373488,0.5750928741676504,9.778352544686858e-14,2.5444437451708134e-13,3.2093270579884474,reachable_success,77.96990971820323,18.88220389021777
259,transfer,low,0.5845581745,tiago_sew,SUCCESS_EXACT,tiago_semi_analytic,c96a32d,median-body-4344-torso015-J1-root-robot-zminus020-v5,wrist_center,gripper_grasping_frame,seed-0-wrist-0,2.7480999706313014,,1.5660767626603234,-1.062544903499502,-1.819403180360425,2.298755288975695,-0.7244923562694865,-0.7557946413328063,-1.7394067383448562,5.930156706258426e-12,0.2685025868866315,0.187656026835476,0.5815718115776305,9.112958227066622e-14,2.0355549961366507e-13,3.2907665392461762,reachable_success,78.48992630846962,20.339615648423052
260,transfer,low,0.5893740775,tiago_sew,SUCCESS_EXACT,tiago_semi_analytic,c96a32d,median-body-4344-torso015-J1-root-robot-zminus020-v5,wrist_center,gripper_grasping_frame,seed-0-wrist-0,2.8347999323159456,,1.5813829990654917,-1.035619736995149,-1.8357359497225083,2.296325794031012,-0.7137111603252926,-0.7426032736880357,-1.7209286707246703,7.282285679985219e-12,0.26904282046569483,0.19037251710783043,0.5887200548282486,6.221126714587723e-14,1.0177774980683254e-13,3.429966345924871,reachable_success,79.10764333417549,21.39833093661705
261,transfer,low,0.5941267855,tiago_sew,SUCCESS_EXACT,tiago_semi_analytic,c96a32d,median-body-4344-torso015-J1-root-robot-zminus020-v5,wrist_center,gripper_grasping_frame,seed-0-wrist-0,2.7567000361159444,,1.5961714627972379,-1.0081428781152522,-1.850538651239599,2.2928690465385246,-0.7041085072755973,-0.7332314359088068,-1.705581976728796,7.0975218364149455e-12,0.26931649441726496,0.19324499172595996,0.5947755944179719,7.525350653802753e-14,2.0355549961366507e-13,3.628023388086827,reachable_success,79.65783482605147,22.2776317320594
262,transfer,low,0.5992256855,tiago_sew,SUCCESS_EXACT,tiago_semi_analytic,c96a32d,median-body-4344-torso015-J1-root-robot-zminus020-v5,wrist_center,gripper_grasping_frame,seed-0-wrist-0,2.7259000344201922,,1.6106075677385798,-0.9788682888002961,-1.8664587706614237,2.2876548609168084,-0.6928804677455638,-0.7278752797542793,-1.6913049961776565,1.130100437157883e-11,0.27022448488784173,0.19634543034583174,0.600236138849706,5.377468688252224e-14,5.597776239375789e-13,3.9267742178089664,reachable_success,80.30115410332844,23.09564246183006
263,transfer,low,0.6042907184999999,tiago_sew,SUCCESS_EXACT,tiago_semi_analytic,c96a32d,median-body-4344-torso015-J1-root-robot-zminus020-v5,wrist_center,gripper_grasping_frame,seed-0-wrist-0,2.7305000694468617,,1.6241239663514362,-0.948858415282092,-1.8805375552092123,2.2814655332040386,-0.6833967868480926,-0.7232442425366492,-1.6795926870274371,1.204237190509904e-11,0.27115355324659773,0.19961412026757608,0.6052386326202295,6.680177456333258e-14,1.0177774980683254e-13,4.281396573774035,reachable_success,80.84452899300237,23.766708344490084
264,transfer,low,0.6095669555,tiago_sew,SUCCESS_EXACT,tiago_semi_analytic,c96a32d,median-body-4344-torso015-J1-root-robot-zminus020-v5,wrist_center,gripper_grasping_frame,seed-0-wrist-0,2.7285999385640025,,1.6374220288402712,-0.9190904808776241,-1.8955321225242165,2.2740988997102276,-0.6720793873856401,-0.7203888180868385,-1.6692497336641878,1.388881800039621e-11,0.2723653725675635,0.20301654072470077,0.6101809475131367,6.380258497682292e-14,6.106664988409952e-13,4.703473582189115,reachable_success,81.49296821726453,24.35931591990491
265,transfer,low,0.6145818785,tiago_sew,SUCCESS_EXACT,tiago_semi_analytic,c96a32d,median-body-4344-torso015-J1-root-robot-zminus020-v5,wrist_center,gripper_grasping_frame,seed-0-wrist-0,2.7233000146225095,,1.6491402189682696,-0.8882914275671634,-1.9076636032503569,2.2650487153629775,-0.659245940457911,-0.7157091735669932,-1.6564285585288419,1.1781222220481633e-11,0.27345447321776073,0.20650646078607893,0.6147355835039253,1.0951162154818219e-13,1.0177774980683254e-13,5.222010949101907,reachable_success,82.22827056282854,25.093915143558306
266,transfer,low,0.6199098515,tiago_sew,SUCCESS_EXACT,tiago_semi_analytic,c96a32d,median-body-4344-torso015-J1-root-robot-zminus020-v5,wrist_center,gripper_grasping_frame,seed-0-wrist-0,2.7697000186890364,,1.6613666452938622,-0.8576767210269484,-1.9211571503501021,2.2547345112430137,-0.6467334573335037,-0.7130928953759219,-1.6484795912973862,1.4006669115637384e-11,0.2749987425836295,0.21036967249363347,0.61931792112126,6.026499399334833e-14,2.5444437451708134e-13,5.812971314212276,reachable_success,82.94518303708574,25.549357417408505
267,transfer,low,0.6249511114999999,tiago_sew,SUCCESS_EXACT,tiago_semi_analytic,c96a32d,median-body-4344-torso015-J1-root-robot-zminus020-v5,wrist_center,gripper_grasping_frame,seed-0-wrist-0,3.014200017787516,,1.671608242213477,-0.826914993620048,-1.931770450733068,2.243488179763607,-0.6335880864442451,-0.7007007026229601,-1.641079254228595,1.203845299585639e-11,0.27650340165761145,0.2140969931645721,0.6252544454512152,8.506027764840442e-14,5.597776239375789e-13,6.457338642987411,reachable_success,83.6983573091744,25.973365498424457
268,transfer,low,0.6300454405,tiago_sew,SUCCESS_EXACT,tiago_semi_analytic,c96a32d,median-body-4344-torso015-J1-root-robot-zminus020-v5,wrist_center,gripper_grasping_frame,seed-0-wrist-0,2.7199999894946814,,1.6817710642031085,-0.7960051572355229,-1.941892047191749,2.230929486473017,-0.6165806567548167,-0.691002968493204,-1.6347059810305646,1.2271480461770525e-11,0.27765376076533627,0.2179301133598663,0.630547186948492,4.1536464156981835e-14,0.0,7.176898764737463,reachable_success,84.67281125074413,26.33852715435544
269,transfer,low,0.6349883574999999,tiago_sew,SUCCESS_EXACT,tiago_semi_analytic,c96a32d,median-body-4344-torso015-J1-root-robot-zminus020-v5,wrist_center,gripper_grasping_frame,seed-0-wrist-0,2.6826999383047223,,1.6911710567193037,-0.767543718640085,-1.9521866336723392,2.2178547601672394,-0.5985740081953939,-0.6817048498045768,-1.6326258133566434,8.033513220094491e-12,0.2790744476015361,0.22166146984508636,0.6357980618443687,1.194456929805132e-13,2.2899993706537323e-13,7.9260254003472035,reachable_success,85.70451621637439,26.457711982750677
270,transfer,low,0.6401263884999999,tiago_sew,SUCCESS_EXACT,tiago_semi_analytic,c96a32d,median-body-4344-torso015-J1-root-robot-zminus020-v5,wrist_center,gripper_grasping_frame,seed-0-wrist-0,2.72170000243932,,1.700597865126382,-0.7383752822729591,-1.9619776034038772,2.2038511569693138,-0.5781273016710795,-0.6763892249862895,-1.6295625897234727,1.2712659634448363e-11,0.28025088449719676,0.22550806809450075,0.6402983858141412,8.733260384361807e-14,5.088887490341627e-14,8.728372761564243,reachable_success,86.8760262051602,26.633221768636087
271,transfer,low,0.6449289855,tiago_sew,SUCCESS_EXACT,tiago_semi_analytic,c96a32d,median-body-4344-torso015-J1-root-robot-zminus020-v5,wrist_center,gripper_grasping_frame,seed-0-wrist-0,2.728800056502223,,1.7091241057512603,-0.7107644093048234,-1.9701989669913729,2.189591015907998,-0.5540663727019712,-0.6628742055059775,-1.6336543639814467,8.318202926474646e-12,0.2808132318968422,0.22904789334474873,0.6460456640347845,5.370676694748617e-14,3.562221243239139e-13,9.545418659638838,reachable_success,88.25461588625417,26.3987803729339
272,transfer,low,0.6496673585,tiago_sew,SUCCESS_EXACT,tiago_semi_analytic,c96a32d,median-body-4344-torso015-J1-root-robot-zminus020-v5,wrist_center,gripper_grasping_frame,seed-0-wrist-0,2.7607999509200454,,1.7180090000531154,-0.684986100855516,-1.97885007824452,2.1747668143008867,-0.5310077392975341,-0.6543191993855695,-1.6392990690629876,5.6602493234719775e-12,0.28158079152037324,0.23281227030263918,0.6509128445507458,7.60335569047478e-14,8.396664359063685e-13,10.394782846377373,reachable_success,89.57577826166779,26.075362595165558
273,transfer,low,0.6542023925,tiago_sew,SUCCESS_EXACT,tiago_semi_analytic,c96a32d,median-body-4344-torso015-J1-root-robot-zminus020-v5,wrist_center,gripper_grasping_frame,seed-0-wrist-0,2.7022999711334705,,1.725884803031501,-0.6597310993150187,-1.9860342805505986,2.1595582975315564,-0.5092509129182137,-0.6460008303568454,-1.6426206843216242,6.057729886795141e-12,0.2826297956913406,0.23656568661549698,0.6553981569994105,6.625947898606819e-14,1.2722218725854067e-13,11.26616666991394,reachable_success,90.82235258880175,25.885048059679423
274,transfer,low,0.6580980985,tiago_sew,SUCCESS_EXACT,tiago_semi_analytic,c96a32d,median-body-4344-torso015-J1-root-robot-zminus020-v5,wrist_center,gripper_grasping_frame,seed-0-wrist-0,2.715399954468012,,1.733087636679248,-0.6361317425567825,-1.99107415283723,2.1436299149464517,-0.48727803542985626,-0.6354645173821485,-1.6493289456669755,3.661737876039728e-12,0.2835563641019201,0.2404010004071705,0.6594705882091635,2.1178572001746916e-14,5.088887490341627e-14,12.178795766510115,reachable_success,92.08130573264265,25.500692996720044
275,transfer,low,0.6620984195,tiago_sew,SUCCESS_EXACT,tiago_semi_analytic,c96a32d,median-body-4344-torso015-J1-root-robot-zminus020-v5,wrist_center,gripper_grasping_frame,seed-0-wrist-0,2.724100020714104,,1.7396410201714096,-0.614494475549534,-1.997277543353193,2.128155485888279,-0.46444053165398635,-0.6241056063971664,-1.658423528669557,2.422896420296735e-12,0.2848646284782273,0.2438771323052344,0.664228101602658,1.4914615870851904e-14,5.088887490341627e-14,13.065415241918016,reachable_success,93.38979831361408,24.97961177424071
276,transfer,low,0.6656996005,tiago_sew,SUCCESS_EXACT,tiago_semi_analytic,c96a32d,median-body-4344-torso015-J1-root-robot-zminus020-v5,wrist_center,gripper_grasping_frame,seed-0-wrist-0,2.6405000826343894,,1.7457064184496005,-0.5936647719139029,-2.0014850520133716,2.1129544181951694,-0.4450356955029626,-0.6187105970087972,-1.6635953838548083,4.585973723508303e-13,0.2861810955559908,0.2474674198560854,0.6672011557442179,9.83956456408075e-14,1.526666247102488e-13,13.936372264825861,reachable_success,94.50161352721062,24.683286299872957
277,transfer,low,0.6692936094999999,tiago_sew,SUCCESS_EXACT,tiago_semi_analytic,c96a32d,median-body-4344-torso015-J1-root-robot-zminus020-v5,wrist_center,gripper_grasping_frame,seed-0-wrist-0,2.6412999723106623,,1.751373235475964,-0.5724262613117639,-2.0047796230912365,2.0973005360372134,-0.42288499153190173,-0.6054847660218283,-1.6725895039204168,1.9634495077999664e-12,0.287244777154981,0.25092937528181186,0.6716342290356062,5.965644364583569e-14,7.63333123551244e-14,14.833273645471877,reachable_success,95.77075537799608,24.16796117967966
278,transfer,low,0.6724705815,tiago_sew,SUCCESS_EXACT,tiago_semi_analytic,c96a32d,median-body-4344-torso015-J1-root-robot-zminus020-v5,wrist_center,gripper_grasping_frame,seed-0-wrist-0,2.647400018759072,,1.757467911596984,-0.5547735440984015,-2.00861427466505,2.0824192632005283,-0.4008833562572285,-0.6030669777336279,-1.6817269095715295,1.2842766074227267e-12,0.2880794030494389,0.25431794142639097,0.6738300697738913,5.84308058227253e-14,2.0355549961366507e-13,15.685907772796613,reachable_success,97.03135622162101,23.64442640017192
279,transfer,low,0.6756038515,tiago_sew,SUCCESS_EXACT,tiago_semi_analytic,c96a32d,median-body-4344-torso015-J1-root-robot-zminus020-v5,wrist_center,gripper_grasping_frame,seed-0-wrist-0,3.316099988296628,,1.7627441872384224,-0.5366268568571261,-2.0112857202161023,2.067469127280627,-0.3808556623959358,-0.5938826666654773,-1.6905695942281325,1.4765992313558847e-12,0.2892251619358644,0.25766502910879574,0.6772323947280605,5.164629569595843e-14,7.63333123551244e-14,16.542487464153893,reachable_success,98.17885855325315,23.13777788978348
280,transfer,low,0.6786935425,tiago_sew,SUCCESS_EXACT,tiago_semi_analytic,c96a32d,median-body-4344-torso015-J1-root-robot-zminus020-v5,wrist_center,gripper_grasping_frame,seed-0-wrist-0,2.73349997587502,,1.767997831310767,-0.5188018186149506,-2.013587960650467,2.0524468453591718,-0.3585953952308891,-0.5857582268138213,-1.7031376258036195,1.0326603556868117e-12,0.29010496180697837,0.2609246924927516,0.680381919595503,3.261383098847915e-14,0.0,17.40320081690895,reachable_success,99.45427791264397,22.41768272372092
281,transfer,low,0.6813432615,tiago_sew,SUCCESS_EXACT,tiago_semi_analytic,c96a32d,median-body-4344-torso015-J1-root-robot-zminus020-v5,wrist_center,gripper_grasping_frame,seed-0-wrist-0,2.6766000082716346,,1.773754154219263,-0.5039994811194559,-2.016099038477385,2.0383220298992093,-0.3412778664152256,-0.5783091328651602,-1.7106411693804606,5.253434695803222e-13,0.29099965969624036,0.2642998907985592,0.6832803705605504,3.674907420044124e-14,1.2722218725854067e-13,18.212493129165935,reachable_success,100.44649922537768,21.98776134537542
282,transfer,low,0.6840066535,tiago_sew,SUCCESS_EXACT,tiago_semi_analytic,c96a32d,median-body-4344-torso015-J1-root-robot-zminus020-v5,wrist_center,gripper_grasping_frame,seed-0-wrist-0,2.754500019364059,,1.7789279998594532,-0.4896774516394625,-2.0186856317448885,2.0243506074382593,-0.31978743573633217,-0.567684496069131,-1.724496540544168,5.438959822042073e-13,0.291767116780446,0.26729385921403626,0.6869487545037625,5.806117379810338e-14,7.63333123551244e-14,19.01299666997265,reachable_success,101.67781020319674,21.193907054107733
283,transfer,low,0.6863383945,tiago_sew,SUCCESS_EXACT,tiago_semi_analytic,c96a32d,median-body-4344-torso015-J1-root-robot-zminus020-v5,wrist_center,gripper_grasping_frame,seed-0-wrist-0,2.689199987798929,,1.7845310347774295,-0.4775961849303117,-2.021671341808747,2.0104993149473858,-0.30150430645360693,-0.5621978106223944,-1.734287146463732,3.510833468576701e-13,0.29275105756887004,0.2704898140519526,0.6894771984803232,7.58377250988918e-14,1.0177774980683254e-13,19.806617270500958,reachable_success,102.72535634738894,20.63294665604091
284,transfer,low,0.6886425785,tiago_sew,SUCCESS_EXACT,tiago_semi_analytic,c96a32d,median-body-4344-torso015-J1-root-robot-zminus020-v5,wrist_center,gripper_grasping_frame,seed-0-wrist-0,2.6232999516651034,,1.7895852086495336,-0.4645613932241687,-2.0232071670484952,1.9970234133652756,-0.2798298467091058,-0.5548089111176275,-1.744975225409287,5.551115123125783e-13,0.2931921818852001,0.2733957258743615,0.6921487985182107,5.162401781741923e-14,7.63333123551244e-14,20.020564841357974,reachable_success,103.96721141397505,20.020564841357974
285,transfer,low,0.6909087225,tiago_sew,SUCCESS_EXACT,tiago_semi_analytic,c96a32d,median-body-4344-torso015-J1-root-robot-zminus020-v5,wrist_center,gripper_grasping_frame,seed-0-wrist-0,2.6242000749334693,,1.7946738813433711,-0.4520215311750011,-2.024844315555687,1.9833672912082716,-0.266065903070853,-0.5488892186566607,-1.7509480119494345,1.1188630228279524e-13,0.29450826274442643,0.2767173131258382,0.69455067611205,4.627912659278778e-14,2.5444437451708134e-14,19.678349380674973,reachable_success,104.75582729390288,19.678349380674973
286,transfer,low,0.6929632415,tiago_sew,SUCCESS_EXACT,tiago_semi_analytic,c96a32d,median-body-4344-torso015-J1-root-robot-zminus020-v5,wrist_center,gripper_grasping_frame,seed-0-wrist-0,2.7779999654740095,,1.7999627184936373,-0.44057808991441805,-2.026418314069946,1.9697820080891253,-0.2478367683419478,-0.54284110884499,-1.7600234564023296,2.8877805767053583e-13,0.2952867060317364,0.2798491035851041,0.6968710104831577,7.131822379552103e-14,0.0,19.158364716318673,reachable_success,105.8002797780445,19.158364716318673
287,transfer,low,0.6949409485,tiago_sew,SUCCESS_EXACT,tiago_semi_analytic,c96a32d,median-body-4344-torso015-J1-root-robot-zminus020-v5,wrist_center,gripper_grasping_frame,seed-0-wrist-0,2.6704000774770975,,1.8050024894974133,-0.43002158999070716,-2.0281430636844937,1.9567367148792896,-0.23171638445766618,-0.5375529292190317,-1.769867613777417,3.8484284159040614e-13,0.2962615320624884,0.28289087036181926,0.6990980163551285,2.3152657906917113e-14,7.63333123551244e-14,18.59433604586358,reachable_success,106.72390973874455,18.59433604586358
288,transfer,low,0.6967947695,tiago_sew,SUCCESS_EXACT,tiago_semi_analytic,c96a32d,median-body-4344-torso015-J1-root-robot-zminus020-v5,wrist_center,gripper_grasping_frame,seed-0-wrist-0,2.666100044734776,,1.8100133416166706,-0.42020390987813605,-2.0298305867110362,1.943920026916099,-0.21930508004875904,-0.5338812800422965,-1.7766099202794514,1.3092278833360674e-13,0.2975197532374395,0.28604460970667345,0.7009315764115218,6.119759300633229e-14,0.0,18.208030339113396,reachable_success,107.43502509962704,18.208030339113396
289,transfer,low,0.6984560705,tiago_sew,SUCCESS_EXACT,tiago_semi_analytic,c96a32d,median-body-4344-torso015-J1-root-robot-zminus020-v5,wrist_center,gripper_grasping_frame,seed-0-wrist-0,2.8868999797850847,,1.8148399678452962,-0.4113636094119564,-2.031421199205027,1.9315404880554938,-0.19932438292498666,-0.5283489324005632,-1.791886286329154,3.1676639673831407e-13,0.29804375961296575,0.2887117193127413,0.7030882479147142,5.853203843199074e-14,2.5444437451708134e-14,17.332759038168497,reachable_success,108.57983471654838,17.332759038168497
290,transfer,low,0.7002297365,tiago_sew,SUCCESS_EXACT,tiago_semi_analytic,c96a32d,median-body-4344-torso015-J1-root-robot-zminus020-v5,wrist_center,gripper_grasping_frame,seed-0-wrist-0,3.689900040626526,,1.8196432029184562,-0.40179333827189856,-2.032552679032488,1.9191671629299896,-0.18282895850913583,-0.5223827918143362,-1.802461125400045,4.3199839306544085e-13,0.2987938635336229,0.2915552019464329,0.7053504815978487,7.355579690966057e-14,2.5444437451708134e-14,16.726865390376396,reachable_success,109.52495291685368,16.726865390376396
291,transfer,low,0.7019214025,tiago_sew,SUCCESS_EXACT,tiago_semi_analytic,c96a32d,median-body-4344-torso015-J1-root-robot-zminus020-v5,wrist_center,gripper_grasping_frame,seed-0-wrist-0,2.7557999128475785,,1.8250639668224846,-0.3925127455088456,-2.0336913597770563,1.9061443166397483,-0.1643653713101063,-0.5158838798953709,-1.8178820576047228,4.449557262054371e-13,0.299321516932328,0.29457734280322,0.707679450679214,7.58115266635569e-14,5.088887490341627e-14,15.843311058890993,reachable_success,110.58283853802985,15.843311058890993
292,transfer,low,0.7035164945,tiago_sew,SUCCESS_EXACT,tiago_semi_analytic,c96a32d,median-body-4344-torso015-J1-root-robot-zminus020-v5,wrist_center,gripper_grasping_frame,seed-0-wrist-0,2.6750999968498945,,1.8296093907225779,-0.38392944998672973,-2.0346081747671367,1.8944419453858874,-0.14810994010713152,-0.5111232064737914,-1.8284047063499056,5.382005793715205e-13,0.2999777814805329,0.29723586612477626,0.7096296227705944,4.2944913531235276e-14,0.0,15.240407696493385,reachable_success,111.51420614012557,15.240407696493385
293,transfer,low,0.7051006475,tiago_sew,SUCCESS_EXACT,tiago_semi_analytic,c96a32d,median-body-4344-torso015-J1-root-robot-zminus020-v5,wrist_center,gripper_grasping_frame,seed-0-wrist-0,2.668099943548441,,1.8350753467839211,-0.3768314907982897,-2.037035854431888,1.8821052268653904,-0.13420628975121573,-0.5130342034940307,-1.8392240326083797,3.4219371797089427e-13,0.3008268541130475,0.3001894320401579,0.7105276482936174,9.485141079428567e-14,2.5444437451708134e-14,14.620505964707748,reachable_success,112.31082662534511,14.620505964707748
294,transfer,low,0.7065601045,tiago_sew,SUCCESS_EXACT,tiago_semi_analytic,c96a32d,median-body-4344-torso015-J1-root-robot-zminus020-v5,wrist_center,gripper_grasping_frame,seed-0-wrist-0,2.6278001023456454,,1.839995216845767,-0.3686873291093473,-2.037760806181845,1.8699493035758825,-0.11909713545167477,-0.5103663208186919,-1.851617767772403,1.942890293094024e-13,0.30149589401379295,0.3030645653246273,0.7119324435295026,5.499369854433623e-14,0.0,13.910397247406333,reachable_success,113.17651739872075,13.910397247406333
295,transfer,low,0.7079556585,tiago_sew,SUCCESS_EXACT,tiago_semi_analytic,c96a32d,median-body-4344-torso015-J1-root-robot-zminus020-v5,wrist_center,gripper_grasping_frame,seed-0-wrist-0,2.621400053612888,,1.8450170269335904,-0.36155816289964116,-2.039085314143422,1.8580665759984,-0.10627115486799354,-0.5087041240849621,-1.8639434429165211,4.163336342344337e-14,0.30234643496896635,0.305950191654733,0.7132397992761277,6.223354778774267e-14,2.5444437451708134e-14,13.204188081999064,reachable_success,113.91139195428242,13.204188081999064
296,transfer,low,0.7093632665,tiago_sew,SUCCESS_EXACT,tiago_semi_analytic,c96a32d,median-body-4344-torso015-J1-root-robot-zminus020-v5,wrist_center,gripper_grasping_frame,seed-0-wrist-0,2.6295999996364117,,1.8500947749752155,-0.3534985510784063,-2.0395602390908585,1.8455687421762939,-0.08646066589269452,-0.5030273424251597,-1.8821793026091003,3.040470972244059e-13,0.3027002059662399,0.30873966449726087,0.7152813868418154,9.485047076220672e-14,7.63333123551244e-14,12.159350285821546,reachable_success,115.0464493626575,12.159350285821546
297,transfer,low,0.7106765445000001,tiago_sew,SUCCESS_EXACT,tiago_semi_analytic,c96a32d,median-body-4344-torso015-J1-root-robot-zminus020-v5,wrist_center,gripper_grasping_frame,seed-0-wrist-0,2.6584999868646264,,1.8550641280570488,-0.3461921801508836,-2.040198774909431,1.8336063469551311,-0.06853981128124609,-0.5013391913325216,-1.8963573050863118,2.288783399261119e-13,0.30303158626736276,0.31142920567283355,0.7165134927186593,1.0154716410061753e-13,5.088887490341627e-14,11.347010581951297,reachable_success,116.07323869716106,11.347010581951297
298,transfer,low,0.7119821325,tiago_sew,SUCCESS_EXACT,tiago_semi_analytic,c96a32d,median-body-4344-torso015-J1-root-robot-zminus020-v5,wrist_center,gripper_grasping_frame,seed-0-wrist-0,2.6187000330537558,,1.8594728312170918,-0.33837696657999694,-2.0401869788660925,1.8215850860961702,-0.048541401366762216,-0.4972930727988514,-1.9129760163370673,2.897767167584095e-13,0.30347393365404085,0.3139797775098409,0.7181452592006956,6.619534012429453e-14,7.63333123551244e-14,10.394828566336432,reachable_success,117.21906318223357,10.394828566336432
299,transfer,low,0.7133957365,tiago_sew,SUCCESS_EXACT,tiago_semi_analytic,c96a32d,median-body-4344-torso015-J1-root-robot-zminus020-v5,wrist_center,gripper_grasping_frame,seed-0-wrist-0,2.619899925775826,,1.8644223467869347,-0.33069096274399234,-2.040632864337274,1.8094094106166205,-0.030633356738016815,-0.4954356256331258,-1.9274966081911948,2.989366980140908e-13,0.3038740254193888,0.31670002460168334,0.7195311748358879,5.5762360552469734e-14,2.5444437451708134e-14,9.56285993706288,reachable_success,118.2451185587926,9.56285993706288
300,transfer,low,0.7147060245,tiago_sew,SUCCESS_EXACT,tiago_semi_analytic,c96a32d,median-body-4344-torso015-J1-root-robot-zminus020-v5,wrist_center,gripper_grasping_frame,seed-0-wrist-0,2.6765000075101852,,1.8691878622186258,-0.32338574519534646,-2.040889822543446,1.7976239609386495,-0.01664009698711766,-0.49248752162032705,-1.94047838194186,3.8459253727671276e-13,0.304583193764645,0.3195014505713636,0.7209911138688806,5.665477704278317e-14,2.5444437451708134e-14,8.819059090556046,reachable_success,119.04687328414941,8.819059090556046
301,transfer,low,0.7161315155,tiago_sew,SUCCESS_EXACT,tiago_semi_analytic,c96a32d,median-body-4344-torso015-J1-root-robot-zminus020-v5,wrist_center,gripper_grasping_frame,seed-0-wrist-0,2.6436999905854464,,1.8748494088067666,-0.3167797907640181,-2.042300662014265,1.7854882090977193,-0.0046002801979980745,-0.49145053108786874,-1.95060702392618,2.498001805406602e-13,0.3052533476193834,0.32252648660554933,0.7224042565087847,3.911691577188337e-14,2.5444437451708134e-14,8.238730652655507,reachable_success,119.73670397227671,8.238730652655507
302,transfer,middle,0.7174412695,tiago_sew,SUCCESS_EXACT,tiago_semi_analytic,c96a32d,median-body-4344-torso015-J1-root-robot-zminus020-v5,wrist_center,gripper_grasping_frame,seed-0-wrist-0,2.6079999515786767,,1.8794511312932376,-0.3091789479649846,-2.042028331095448,1.7737322671631164,0.01162488319250965,-0.49102998883285487,-1.9649681428740289,1.8619006149354548e-13,0.3056418848549226,0.3251616555492908,0.7233449629837075,2.1025701606058272e-14,0.0,7.415899147858404,reachable_success,119.33422386793623,7.415899147858404
303,transfer,middle,0.7186700595,tiago_sew,SUCCESS_EXACT,tiago_semi_analytic,c96a32d,median-body-4344-torso015-J1-root-robot-zminus020-v5,wrist_center,gripper_grasping_frame,seed-0-wrist-0,2.6312998961657286,,1.8845184610808912,-0.30252798145210646,-2.042543676384829,1.7614105098574417,0.0277935307170889,-0.4888048106129377,-1.982237309090082,2.077037090527612e-13,0.3062845545653816,0.3279815631372067,0.7247675537958387,2.97388756005992e-14,0.0,6.426448807968654,reachable_success,118.4078286043432,6.426448807968654
304,transfer,middle,0.7200642855,tiago_sew,SUCCESS_EXACT,tiago_semi_analytic,c96a32d,median-body-4344-torso015-J1-root-robot-zminus020-v5,wrist_center,gripper_grasping_frame,seed-0-wrist-0,3.1167000997811556,,1.8890898221561503,-0.29412556778085136,-2.0416201404738645,1.7491792252636822,0.04032364250908049,-0.49167475098429847,-1.9925791776915593,2.305551267378102e-13,0.3068825673836106,0.330825074598145,0.7249416436422224,1.6413629721285767e-14,2.5444437451708134e-14,5.833903384825139,reachable_success,117.68990608183498,5.833903384825139
305,transfer,middle,0.7211980445,tiago_sew,SUCCESS_EXACT,tiago_semi_analytic,c96a32d,median-body-4344-torso015-J1-root-robot-zminus020-v5,wrist_center,gripper_grasping_frame,seed-0-wrist-0,2.635400043800473,,1.893658989342207,-0.2871784357149994,-2.0411504049922775,1.737343576044961,0.05161170903708001,-0.4924835818831683,-2.0036914073908134,3.2368285245694687e-13,0.30768249628232025,0.33364592519719805,0.7254223403374581,4.882257962503872e-14,0.0,5.197219522077953,reachable_success,117.0431475109177,5.197219522077953
306,transfer,middle,0.7224806675,tiago_sew,SUCCESS_EXACT,tiago_semi_analytic,c96a32d,median-body-4344-torso015-J1-root-robot-zminus020-v5,wrist_center,gripper_grasping_frame,seed-0-wrist-0,2.619599923491478,,1.8986017052242057,-0.2802866150421483,-2.041334799802805,1.724898634380565,0.0712845222738121,-0.49000003378129886,-2.021072781360722,1.6653345369377348e-13,0.3081039847964024,0.33628799311606017,0.7270570033501275,5.007893821962214e-14,5.088887490341627e-14,4.201340151463636,reachable_success,115.91597834130387,4.201340151463636
307,transfer,middle,0.7238728025,tiago_sew,SUCCESS_EXACT,tiago_semi_analytic,c96a32d,median-body-4344-torso015-J1-root-robot-zminus020-v5,wrist_center,gripper_grasping_frame,seed-0-wrist-0,2.5980001082643867,,1.9036214579228183,-0.27246772323605395,-2.0408319193005373,1.7122394494008122,0.09172785936406935,-0.4857112281218585,-2.0397130384225166,1.3597399555105182e-13,0.30843656756187265,0.33902999503636044,0.7290471814186266,4.618443747250357e-14,2.5444437451708134e-14,3.1333320927838826,reachable_success,114.74466140686887,3.1333320927838826
308,transfer,middle,0.7250418095,tiago_sew,SUCCESS_EXACT,tiago_semi_analytic,c96a32d,median-body-4344-torso015-J1-root-robot-zminus020-v5,wrist_center,gripper_grasping_frame,seed-0-wrist-0,2.669299952685833,,1.9086370626080966,-0.2659641766028872,-2.0408377852440567,1.699866726492145,0.10879595461067026,-0.4861059417474971,-2.0531258343202268,1.3597399555105182e-13,0.30885993942003276,0.34172254415169256,0.7299880395794874,3.186778142616607e-14,0.0,2.364835496374706,reachable_success,113.76673158491133,2.364835496374706
309,transfer,middle,0.7262054595,tiago_sew,SUCCESS_EXACT,tiago_semi_analytic,c96a32d,median-body-4344-torso015-J1-root-robot-zminus020-v5,wrist_center,gripper_grasping_frame,seed-0-wrist-0,2.6040999218821526,,1.9127989506778473,-0.25762177082316,-2.0388250183153316,1.6868530578363707,0.13388913585423978,-0.4815263092851776,-2.0735759507878164,5.606351459942525e-13,0.3092831511396197,0.34426190027500125,0.7316992966194947,6.205159335270044e-14,5.088887490341627e-14,1.1931301322308354,reachable_success,112.32899820509796,1.1931301322308354
310,transfer,middle,0.7274549865,tiago_sew,SUCCESS_EXACT,tiago_semi_analytic,c96a32d,median-body-4344-torso015-J1-root-robot-zminus020-v5,wrist_center,gripper_grasping_frame,seed-0-wrist-0,2.63409991748631,,1.917695500129344,-0.25023536132798707,-2.038072367710809,1.6738742505532225,0.15087571231068964,-0.4816267741620175,-2.086281067091262,2.0206364052201327e-13,0.30989928147529516,0.3470799601792154,0.732660736518079,6.460904790214775e-14,2.5444437451708134e-14,0.46518058982055405,reachable_success,111.3557390657671,0.46518058982055405
311,transfer,middle,0.7286451414999999,tiago_sew,SUCCESS_EXACT,tiago_semi_analytic,c96a32d,median-body-4344-torso015-J1-root-robot-zminus020-v5,wrist_center,gripper_grasping_frame,seed-15-wrist-0-boundary,119.55900001339614,,1.9225255396132708,-0.24262991870529568,-2.036723910182897,1.6619445998463727,0.16475127136290796,-0.4779361492995104,-2.0943999999999994,0.3049962884277072,0.3104688697809965,0.3499541508263293,0.734206757587782,0.1379882302428958,0.017389927084673622,2.5444437451708134e-14,reachable_success,110.56072809369043,2.5444437451708134e-14
312,transfer,middle,0.7296663365,tiago_sew,SUCCESS_EXACT,tiago_semi_analytic,c96a32d,median-body-4344-torso015-J1-root-robot-zminus020-v5,wrist_center,gripper_grasping_frame,seed-15-wrist-0-boundary,123.13819990959018,,1.9273306118698752,-0.23551249595017312,-2.0352658076161396,1.6498013219313312,0.1672129757518553,-0.47994384605978657,-2.0943999999999994,0.5751990418376651,0.31169932170717557,0.35320513950905014,0.734105620937033,0.2599391579012371,0.0331325529881481,2.5444437451708134e-14,reachable_success,110.41968282179492,2.5444437451708134e-14
313,transfer,middle,0.7309205624999999,tiago_sew,SUCCESS_EXACT,tiago_semi_analytic,c96a32d,median-body-4344-torso015-J1-root-robot-zminus020-v5,wrist_center,gripper_grasping_frame,seed-15-wrist-0-boundary,120.82149996422231,,1.9320653190104458,-0.22651392351934913,-2.032550134956835,1.6367790768520165,0.1727289661126959,-0.4796253191839229,-2.0943999999999994,0.8686006306466271,0.3129413063147918,0.356592235286145,0.7344757864165711,0.3921244768703284,0.05151636763180346,2.5444437451708134e-14,reachable_success,110.10363985428391,2.5444437451708134e-14
314,transfer,middle,0.7320657655,tiago_sew,NUMERICAL_FAILURE,tiago_semi_analytic,c96a32d,median-body-4344-torso015-J1-root-robot-zminus020-v5,wrist_center,gripper_grasping_frame,,120.72970008011907,no exact or boundary-refined wrist branch met strict wrist-center/orientation/SEW tolerances,,,,,,,,,,,,,,,oracle_inconclusive,,
315,transfer,middle,0.7333646245,tiago_sew,NUMERICAL_FAILURE,tiago_semi_analytic,c96a32d,median-body-4344-torso015-J1-root-robot-zminus020-v5,wrist_center,gripper_grasping_frame,,121.24929996207356,no exact or boundary-refined wrist branch met strict wrist-center/orientation/SEW tolerances,,,,,,,,,,,,,,,oracle_inconclusive,,
316,transfer,middle,0.7347269285,tiago_sew,NUMERICAL_FAILURE,tiago_semi_analytic,c96a32d,median-body-4344-torso015-J1-root-robot-zminus020-v5,wrist_center,gripper_grasping_frame,,121.99779995717108,no exact or boundary-refined wrist branch met strict wrist-center/orientation/SEW tolerances,,,,,,,,,,,,,,,oracle_inconclusive,,
317,transfer,middle,0.7359221045,tiago_sew,NUMERICAL_FAILURE,tiago_semi_analytic,c96a32d,median-body-4344-torso015-J1-root-robot-zminus020-v5,wrist_center,gripper_grasping_frame,,120.38330000359565,no exact or boundary-refined wrist branch met strict wrist-center/orientation/SEW tolerances,,,,,,,,,,,,,,,oracle_inconclusive,,
318,transfer,middle,0.7371822205,tiago_sew,NUMERICAL_FAILURE,tiago_semi_analytic,c96a32d,median-body-4344-torso015-J1-root-robot-zminus020-v5,wrist_center,gripper_grasping_frame,,122.21130006946623,no exact or boundary-refined wrist branch met strict wrist-center/orientation/SEW tolerances,,,,,,,,,,,,,,,oracle_inconclusive,,
319,transfer,middle,0.7384448855,tiago_sew,NUMERICAL_FAILURE,tiago_semi_analytic,c96a32d,median-body-4344-torso015-J1-root-robot-zminus020-v5,wrist_center,gripper_grasping_frame,,122.37800005823374,no exact or boundary-refined wrist branch met strict wrist-center/orientation/SEW tolerances,,,,,,,,,,,,,,,oracle_inconclusive,,
320,transfer,middle,0.7398752905,tiago_sew,NUMERICAL_FAILURE,tiago_semi_analytic,c96a32d,median-body-4344-torso015-J1-root-robot-zminus020-v5,wrist_center,gripper_grasping_frame,,122.13289993815124,no exact or boundary-refined wrist branch met strict wrist-center/orientation/SEW tolerances,,,,,,,,,,,,,,,oracle_inconclusive,,
321,transfer,middle,0.7410793915,tiago_sew,NUMERICAL_FAILURE,tiago_semi_analytic,c96a32d,median-body-4344-torso015-J1-root-robot-zminus020-v5,wrist_center,gripper_grasping_frame,,121.35420006234199,no exact or boundary-refined wrist branch met strict wrist-center/orientation/SEW tolerances,,,,,,,,,,,,,,,oracle_inconclusive,,
322,transfer,middle,0.7423973085,tiago_sew,NUMERICAL_FAILURE,tiago_semi_analytic,c96a32d,median-body-4344-torso015-J1-root-robot-zminus020-v5,wrist_center,gripper_grasping_frame,,131.93219993263483,no exact or boundary-refined wrist branch met strict wrist-center/orientation/SEW tolerances,,,,,,,,,,,,,,,oracle_inconclusive,,
323,transfer,middle,0.7437581175,tiago_sew,NUMERICAL_FAILURE,tiago_semi_analytic,c96a32d,median-body-4344-torso015-J1-root-robot-zminus020-v5,wrist_center,gripper_grasping_frame,,146.67819999158382,no exact or boundary-refined wrist branch met strict wrist-center/orientation/SEW tolerances,,,,,,,,,,,,,,,oracle_inconclusive,,
324,transfer,middle,0.7451652525,tiago_sew,NUMERICAL_FAILURE,tiago_semi_analytic,c96a32d,median-body-4344-torso015-J1-root-robot-zminus020-v5,wrist_center,gripper_grasping_frame,,175.43019994627684,no exact or boundary-refined wrist branch met strict wrist-center/orientation/SEW tolerances,,,,,,,,,,,,,,,oracle_inconclusive,,
325,transfer,middle,0.7467193305,tiago_sew,NUMERICAL_FAILURE,tiago_semi_analytic,c96a32d,median-body-4344-torso015-J1-root-robot-zminus020-v5,wrist_center,gripper_grasping_frame,,141.04729995597154,no exact or boundary-refined wrist branch met strict wrist-center/orientation/SEW tolerances,,,,,,,,,,,,,,,oracle_inconclusive,,
326,transfer,middle,0.7481452635,tiago_sew,NUMERICAL_FAILURE,tiago_semi_analytic,c96a32d,median-body-4344-torso015-J1-root-robot-zminus020-v5,wrist_center,gripper_grasping_frame,,142.51409994903952,no exact or boundary-refined wrist branch met strict wrist-center/orientation/SEW tolerances,,,,,,,,,,,,,,,oracle_inconclusive,,
327,transfer,middle,0.7494385375,tiago_sew,NUMERICAL_FAILURE,tiago_semi_analytic,c96a32d,median-body-4344-torso015-J1-root-robot-zminus020-v5,wrist_center,gripper_grasping_frame,,143.37609999347478,no exact or boundary-refined wrist branch met strict wrist-center/orientation/SEW tolerances,,,,,,,,,,,,,,,oracle_inconclusive,,
328,transfer,middle,0.7509701845000001,tiago_sew,NUMERICAL_FAILURE,tiago_semi_analytic,c96a32d,median-body-4344-torso015-J1-root-robot-zminus020-v5,wrist_center,gripper_grasping_frame,,150.9636000264436,no exact or boundary-refined wrist branch met strict wrist-center/orientation/SEW tolerances,,,,,,,,,,,,,,,oracle_inconclusive,,
329,transfer,middle,0.7525186765,tiago_sew,NUMERICAL_FAILURE,tiago_semi_analytic,c96a32d,median-body-4344-torso015-J1-root-robot-zminus020-v5,wrist_center,gripper_grasping_frame,,143.88640003744513,no exact or boundary-refined wrist branch met strict wrist-center/orientation/SEW tolerances,,,,,,,,,,,,,,,oracle_inconclusive,,
330,transfer,middle,0.7539061895,tiago_sew,NUMERICAL_FAILURE,tiago_semi_analytic,c96a32d,median-body-4344-torso015-J1-root-robot-zminus020-v5,wrist_center,gripper_grasping_frame,,142.6654999377206,no exact or boundary-refined wrist branch met strict wrist-center/orientation/SEW tolerances,,,,,,,,,,,,,,,oracle_inconclusive,,
331,transfer,middle,0.7553989875,tiago_sew,NUMERICAL_FAILURE,tiago_semi_analytic,c96a32d,median-body-4344-torso015-J1-root-robot-zminus020-v5,wrist_center,gripper_grasping_frame,,145.02579998224974,no exact or boundary-refined wrist branch met strict wrist-center/orientation/SEW tolerances,,,,,,,,,,,,,,,oracle_inconclusive,,
332,transfer,middle,0.7570171514999999,tiago_sew,NUMERICAL_FAILURE,tiago_semi_analytic,c96a32d,median-body-4344-torso015-J1-root-robot-zminus020-v5,wrist_center,gripper_grasping_frame,,143.27909995336086,no exact or boundary-refined wrist branch met strict wrist-center/orientation/SEW tolerances,,,,,,,,,,,,,,,oracle_inconclusive,,
333,transfer,middle,0.7586256714999999,tiago_sew,NUMERICAL_FAILURE,tiago_semi_analytic,c96a32d,median-body-4344-torso015-J1-root-robot-zminus020-v5,wrist_center,gripper_grasping_frame,,137.39629997871816,no exact or boundary-refined wrist branch met strict wrist-center/orientation/SEW tolerances,,,,,,,,,,,,,,,oracle_inconclusive,,
334,transfer,middle,0.7603572085,tiago_sew,NUMERICAL_FAILURE,tiago_semi_analytic,c96a32d,median-body-4344-torso015-J1-root-robot-zminus020-v5,wrist_center,gripper_grasping_frame,,142.2473998973146,no exact or boundary-refined wrist branch met strict wrist-center/orientation/SEW tolerances,,,,,,,,,,,,,,,oracle_inconclusive,,
335,transfer,middle,0.7617933045,tiago_sew,NUMERICAL_FAILURE,tiago_semi_analytic,c96a32d,median-body-4344-torso015-J1-root-robot-zminus020-v5,wrist_center,gripper_grasping_frame,,138.050900073722,no exact or boundary-refined wrist branch met strict wrist-center/orientation/SEW tolerances,,,,,,,,,,,,,,,oracle_inconclusive,,
336,transfer,middle,0.7635580445,tiago_sew,NUMERICAL_FAILURE,tiago_semi_analytic,c96a32d,median-body-4344-torso015-J1-root-robot-zminus020-v5,wrist_center,gripper_grasping_frame,,140.4814999550581,no exact or boundary-refined wrist branch met strict wrist-center/orientation/SEW tolerances,,,,,,,,,,,,,,,oracle_inconclusive,,
337,transfer,middle,0.7653545225,tiago_sew,NUMERICAL_FAILURE,tiago_semi_analytic,c96a32d,median-body-4344-torso015-J1-root-robot-zminus020-v5,wrist_center,gripper_grasping_frame,,142.79059995897114,no exact or boundary-refined wrist branch met strict wrist-center/orientation/SEW tolerances,,,,,,,,,,,,,,,oracle_inconclusive,,
338,transfer,middle,0.7669615784999999,tiago_sew,NUMERICAL_FAILURE,tiago_semi_analytic,c96a32d,median-body-4344-torso015-J1-root-robot-zminus020-v5,wrist_center,gripper_grasping_frame,,158.63909991458058,no exact or boundary-refined wrist branch met strict wrist-center/orientation/SEW tolerances,,,,,,,,,,,,,,,oracle_inconclusive,,
339,transfer,middle,0.7687329105,tiago_sew,NUMERICAL_FAILURE,tiago_semi_analytic,c96a32d,median-body-4344-torso015-J1-root-robot-zminus020-v5,wrist_center,gripper_grasping_frame,,136.22009998653084,no exact or boundary-refined wrist branch met strict wrist-center/orientation/SEW tolerances,,,,,,,,,,,,,,,oracle_inconclusive,,
340,transfer,middle,0.7704467475000001,tiago_sew,NUMERICAL_FAILURE,tiago_semi_analytic,c96a32d,median-body-4344-torso015-J1-root-robot-zminus020-v5,wrist_center,gripper_grasping_frame,,138.80009995773435,no exact or boundary-refined wrist branch met strict wrist-center/orientation/SEW tolerances,,,,,,,,,,,,,,,oracle_inconclusive,,
341,transfer,middle,0.7722958685,tiago_sew,NUMERICAL_FAILURE,tiago_semi_analytic,c96a32d,median-body-4344-torso015-J1-root-robot-zminus020-v5,wrist_center,gripper_grasping_frame,,140.43989998754114,no exact or boundary-refined wrist branch met strict wrist-center/orientation/SEW tolerances,,,,,,,,,,,,,,,oracle_inconclusive,,
342,transfer,middle,0.7738430175,tiago_sew,NUMERICAL_FAILURE,tiago_semi_analytic,c96a32d,median-body-4344-torso015-J1-root-robot-zminus020-v5,wrist_center,gripper_grasping_frame,,142.18910003546625,no exact or boundary-refined wrist branch met strict wrist-center/orientation/SEW tolerances,,,,,,,,,,,,,,,oracle_inconclusive,,
343,transfer,middle,0.7756531675,tiago_sew,NUMERICAL_FAILURE,tiago_semi_analytic,c96a32d,median-body-4344-torso015-J1-root-robot-zminus020-v5,wrist_center,gripper_grasping_frame,,311.2669999245554,no exact or boundary-refined wrist branch met strict wrist-center/orientation/SEW tolerances,,,,,,,,,,,,,,,oracle_inconclusive,,
344,transfer,middle,0.7772374575000001,tiago_sew,NUMERICAL_FAILURE,tiago_semi_analytic,c96a32d,median-body-4344-torso015-J1-root-robot-zminus020-v5,wrist_center,gripper_grasping_frame,,326.90520002506673,no exact or boundary-refined wrist branch met strict wrist-center/orientation/SEW tolerances,,,,,,,,,,,,,,,oracle_inconclusive,,
345,transfer,middle,0.7786723935,tiago_sew,NUMERICAL_FAILURE,tiago_semi_analytic,c96a32d,median-body-4344-torso015-J1-root-robot-zminus020-v5,wrist_center,gripper_grasping_frame,,156.7706000059843,no exact or boundary-refined wrist branch met strict wrist-center/orientation/SEW tolerances,,,,,,,,,,,,,,,oracle_inconclusive,,
346,transfer,middle,0.7801612554999999,tiago_sew,SUCCESS_EXACT,tiago_semi_analytic,c96a32d,median-body-4344-torso015-J1-root-robot-zminus020-v5,wrist_center,gripper_grasping_frame,seed-6-wrist-1-boundary,179.72270003519952,,2.1496467339350502,0.10391341826246199,-1.8452526849615905,0.9652739359670957,-2.0943999999999994,0.5450518325518131,0.362177541221845,0.819721760900659,0.36904369760717726,0.469398394396617,0.7850409533202968,0.27194292418424215,0.25698420108236864,2.5444437451708134e-14,reachable_success,2.5444437451708134e-14,99.24903606576248
347,transfer,middle,0.7816918335,tiago_sew,SUCCESS_EXACT,tiago_semi_analytic,c96a32d,median-body-4344-torso015-J1-root-robot-zminus020-v5,wrist_center,gripper_grasping_frame,seed-16-wrist-0-boundary,203.9365000091493,,2.158544103318167,0.111929248359643,-1.8372584221222927,0.9421963741407602,-2.0943999999999994,0.5559927098356569,0.3650120004969886,0.3034746340376122,0.37099737562540336,0.4726607829070024,0.7841812173519056,0.09520378926433894,0.09032807698193561,2.5444437451708134e-14,reachable_success,2.5444437451708134e-14,99.08663351209505
348,transfer,middle,0.7830406495,tiago_sew,SUCCESS_EXACT,tiago_semi_analytic,c96a32d,median-body-4344-torso015-J1-root-robot-zminus020-v5,wrist_center,gripper_grasping_frame,seed-0-wrist-0,4.3756000231951475,,2.1674543189903366,0.12193731084979978,-1.8244142867820705,0.9173944004750132,-2.0751031119120205,0.5614485806761667,0.3521501644697098,1.0331879836305386e-09,0.3735676497168495,0.4760939243025917,0.7847645505069776,4.1366711267061656e-14,1.3546618499289412e-10,1.10563024517749,reachable_success,1.10563024517749,99.82356243324743
349,transfer,middle,0.7844298405000001,tiago_sew,SUCCESS_EXACT,tiago_semi_analytic,c96a32d,median-body-4344-torso015-J1-root-robot-zminus020-v5,wrist_center,gripper_grasping_frame,seed-0-wrist-0,4.585299990139902,,2.176978490822717,0.13249201939312225,-1.8104083448073085,0.8902966817978529,-2.0495514269380317,0.5715088523173533,0.3355371564438485,3.1959206050054536e-09,0.37575225638194687,0.47920301606829574,0.7855708715806036,3.6956928343000526e-14,4.432421004087557e-10,2.5696339536348876,reachable_success,2.5696339536348876,100.77541767814625
350,transfer,middle,0.7855509645000001,tiago_sew,SUCCESS_EXACT,tiago_semi_analytic,c96a32d,median-body-4344-torso015-J1-root-robot-zminus020-v5,wrist_center,gripper_grasping_frame,seed-0-wrist-0,4.451800021342933,,2.18734517818751,0.14394431432116864,-1.7925176996346917,0.8613267439664857,-2.0191640363217873,0.5818862769346014,0.3165691696917179,7.124852384914011e-09,0.37796481116635766,0.48254406114372705,0.7860292182689901,1.0764282342386245e-14,1.1004210309114735e-09,4.310703186361134,reachable_success,4.310703186361134,101.8622032649034
351,transfer,middle,0.7867948305,tiago_sew,SUCCESS_EXACT,tiago_semi_analytic,c96a32d,median-body-4344-torso015-J1-root-robot-zminus020-v5,wrist_center,gripper_grasping_frame,seed-0-wrist-0,5.249900044873357,,2.1985948408246494,0.15563224042133086,-1.7734123087750961,0.8319604212423606,-1.990650852183677,0.5888021310611924,0.3019985465039312,1.6653345369377348e-13,0.3804544161956337,0.4863144888816979,0.7867399396688597,5.714656370260337e-14,2.5444437451708134e-14,5.9443882979542195,reachable_success,5.9443882979542195,102.69703847843903
352,transfer,middle,0.7879149785,tiago_sew,SUCCESS_EXACT,tiago_semi_analytic,c96a32d,median-body-4344-torso015-J1-root-robot-zminus020-v5,wrist_center,gripper_grasping_frame,seed-0-wrist-0,5.2325999131426215,,2.2094200637635435,0.1677990962177287,-1.751241702363359,0.8023215638883189,-1.953480640033101,0.6004345367304325,0.28148700172946794,2.7194799110210365e-13,0.3823711843447961,0.48935624867708216,0.7874256535437352,4.7556556133043736e-14,2.5444437451708134e-14,8.07408457778811,reachable_success,8.07408457778811,103.87226342530938
353,transfer,middle,0.7889873654999999,tiago_sew,SUCCESS_EXACT,tiago_semi_analytic,c96a32d,median-body-4344-torso015-J1-root-robot-zminus020-v5,wrist_center,gripper_grasping_frame,seed-0-wrist-0,5.210899980738759,,2.2220027881207334,0.1803106476830433,-1.726326651129476,0.7690492770448246,-1.9093496049524834,0.6133598548546093,0.2603971392597946,3.2368285245694687e-13,0.3843720586651812,0.4926519759353434,0.788568474840227,3.831351290922018e-14,2.5444437451708134e-14,10.602606633451282,reachable_success,10.602606633451282,105.08062353533302
354,transfer,middle,0.7900637815,tiago_sew,SUCCESS_EXACT,tiago_semi_analytic,c96a32d,median-body-4344-torso015-J1-root-robot-zminus020-v5,wrist_center,gripper_grasping_frame,seed-0-wrist-0,5.233500036410987,,2.233735945079198,0.19207695106234027,-1.7012656266298705,0.7389269069604528,-1.8801688273933763,0.6232225268958,0.2481138804612626,1.2412670766236365e-13,0.38690388171115403,0.4959501585805024,0.7885095602408569,2.5274460722826685e-14,2.5444437451708134e-14,12.274542030498182,reachable_success,12.274542030498182,105.78440242315584
355,transfer,middle,0.7909756164999999,tiago_sew,SUCCESS_EXACT,tiago_semi_analytic,c96a32d,median-body-4344-torso015-J1-root-robot-zminus020-v5,wrist_center,gripper_grasping_frame,seed-0-wrist-0,5.196899990551174,,2.247995428460043,0.20676308733421894,-1.6650205099618356,0.7032111065338805,-1.8242124963080233,0.6375452681785267,0.22034648813587543,1.1102230246251565e-13,0.3887163751279757,0.49931124857410625,0.7893746703300291,4.11429608356659e-14,0.0,15.480603638725603,reachable_success,15.480603638725603,107.37535681148448
356,transfer,middle,0.7918914795,tiago_sew,SUCCESS_EXACT,tiago_semi_analytic,c96a32d,median-body-4344-torso015-J1-root-robot-zminus020-v5,wrist_center,gripper_grasping_frame,seed-0-wrist-0,5.144100054167211,,2.262932111404476,0.2210096183272276,-1.626026115524609,0.6657667652102732,-1.7661637476995669,0.6542471629810311,0.1939702336406346,6.304854800243424e-13,0.3908144152826591,0.5024124715791856,0.7903552109009039,2.7959230933841468e-14,0.0,18.806551940006067,reachable_success,18.806551940006067,108.88660487342474
357,transfer,middle,0.7927408444999999,tiago_sew,SUCCESS_EXACT,tiago_semi_analytic,c96a32d,median-body-4344-torso015-J1-root-robot-zminus020-v5,wrist_center,gripper_grasping_frame,seed-0-wrist-0,5.6195000652223825,,2.277446303063007,0.23490374908560582,-1.5836459578387,0.6307053906222377,-1.7124213298550317,0.6716684745258568,0.1703376587340535,7.631521572941402e-13,0.39265922387731084,0.5051620067578665,0.790499562887755,4.392562419571043e-14,1.526666247102488e-13,21.885765663326495,reachable_success,21.885765663326495,110.24065167459861
358,transfer,middle,0.7937191775,tiago_sew,SUCCESS_EXACT,tiago_semi_analytic,c96a32d,median-body-4344-torso015-J1-root-robot-zminus020-v5,wrist_center,gripper_grasping_frame,seed-0-wrist-0,5.286899977363646,,2.29698202786719,0.2523897310319617,-1.5226416438378876,0.5868814024414089,-1.6366251949893451,0.6907422972014539,0.1433113779097246,2.755192916070393e-10,0.3949842709792346,0.5088061474285936,0.7910860658487618,6.131203955588579e-14,4.501120985207169e-11,25.89241953152561,reachable_success,26.228564294534724,111.78914350176801
359,transfer,middle,0.7944225165,tiago_sew,SUCCESS_EXACT,tiago_semi_analytic,c96a32d,median-body-4344-torso015-J1-root-robot-zminus020-v5,wrist_center,gripper_grasping_frame,seed-0-wrist-0,4.5912000350654125,,2.318548278434388,0.2701263904776754,-1.447580078387085,0.5402837514199152,-1.5555140383483135,0.7172820981682984,0.12216779520524135,1.614553782862407e-08,0.3970984663174772,0.5120185294125839,0.7901191097279437,1.464259177101085e-14,2.2905591482776695e-09,24.65676439410357,reachable_success,30.875891241490358,113.0005815545207
360,transfer,middle,0.7950935975,tiago_sew,SUCCESS_EXACT,tiago_semi_analytic,c96a32d,median-body-4344-torso015-J1-root-robot-zminus020-v5,wrist_center,gripper_grasping_frame,seed-0-wrist-0,5.551200010813773,,2.3431466352417574,0.28969368673237433,-1.3478669455410477,0.49109887968772725,-1.4359751803450826,0.7459855265468125,0.08852291420695657,5.467214348906571e-13,0.3990024587131228,0.5149841634930107,0.7910907952430815,2.2568852321558837e-14,1.2722218725854067e-13,23.2473823660844,reachable_success,37.72496329288913,114.92829123794232
361,transfer,middle,0.7957949835,tiago_sew,SUCCESS_EXACT,tiago_semi_analytic,c96a32d,median-body-4344-torso015-J1-root-robot-zminus020-v5,wrist_center,gripper_grasping_frame,seed-0-wrist-0,8.13410000409931,,2.378377580021402,0.31356027136501907,-1.186756738293554,0.42876660338620265,-1.2588388031256514,0.7857644108762525,0.049417620759892866,7.080446795533281e-12,0.4013798524299663,0.5184947989787803,0.7917627267883021,6.65370136775649e-14,2.213666058298608e-12,21.2287979219523,reachable_success,47.874130105799836,117.16885950907967
362,transfer,middle,0.7963494265,tiago_sew,SUCCESS_EXACT,tiago_semi_analytic,c96a32d,median-body-4344-torso015-J1-root-robot-zminus020-v5,wrist_center,gripper_grasping_frame,seed-0-wrist-0,11.051699984818697,,2.4409111649815847,0.34322540275911007,-0.8368999424175977,0.339373184352631,-0.8993445034671259,0.8637823228066717,0.004030166226275611,2.2466050760554726e-09,0.4034018938740653,0.5219598031512366,0.792175563255547,3.177721739647414e-14,3.8517789414395775e-10,17.645887425911074,reachable_success,68.47163623524466,119.76936909669784
363,transfer,middle,0.7970233765,tiago_sew,NUMERICAL_FAILURE,tiago_semi_analytic,c96a32d,median-body-4344-torso015-J1-root-robot-zminus020-v5,wrist_center,gripper_grasping_frame,,467.63490000739694,no exact or boundary-refined wrist branch met strict wrist-center/orientation/SEW tolerances,,,,,,,,,,,,,,,oracle_inconclusive,,
364,transfer,middle,0.7975969855,tiago_sew,NUMERICAL_FAILURE,tiago_semi_analytic,c96a32d,median-body-4344-torso015-J1-root-robot-zminus020-v5,wrist_center,gripper_grasping_frame,,333.014800096862,no exact or boundary-refined wrist branch met strict wrist-center/orientation/SEW tolerances,,,,,,,,,,,,,,,oracle_inconclusive,,
365,transfer,middle,0.7981401065,tiago_sew,NUMERICAL_FAILURE,tiago_semi_analytic,c96a32d,median-body-4344-torso015-J1-root-robot-zminus020-v5,wrist_center,gripper_grasping_frame,,302.9556000838056,no exact or boundary-refined wrist branch met strict wrist-center/orientation/SEW tolerances,,,,,,,,,,,,,,,oracle_inconclusive,,
366,transfer,middle,0.7985071715,tiago_sew,NUMERICAL_FAILURE,tiago_semi_analytic,c96a32d,median-body-4344-torso015-J1-root-robot-zminus020-v5,wrist_center,gripper_grasping_frame,,299.3638999760151,no exact or boundary-refined wrist branch met strict wrist-center/orientation/SEW tolerances,,,,,,,,,,,,,,,oracle_inconclusive,,
367,transfer,middle,0.7989514775,tiago_sew,NUMERICAL_FAILURE,tiago_semi_analytic,c96a32d,median-body-4344-torso015-J1-root-robot-zminus020-v5,wrist_center,gripper_grasping_frame,,300.7546999724582,no exact or boundary-refined wrist branch met strict wrist-center/orientation/SEW tolerances,,,,,,,,,,,,,,,oracle_inconclusive,,
368,transfer,high,0.7993283695,tiago_sew,NUMERICAL_FAILURE,tiago_semi_analytic,c96a32d,median-body-4344-torso015-J1-root-robot-zminus020-v5,wrist_center,gripper_grasping_frame,,290.65139999147505,no exact or boundary-refined wrist branch met strict wrist-center/orientation/SEW tolerances,,,,,,,,,,,,,,,oracle_inconclusive,,
369,transfer,high,0.7998353885,tiago_sew,NUMERICAL_FAILURE,tiago_semi_analytic,c96a32d,median-body-4344-torso015-J1-root-robot-zminus020-v5,wrist_center,gripper_grasping_frame,,310.5952999321744,no exact or boundary-refined wrist branch met strict wrist-center/orientation/SEW tolerances,,,,,,,,,,,,,,,oracle_inconclusive,,
370,transfer,high,0.7999938665,tiago_sew,NUMERICAL_FAILURE,tiago_semi_analytic,c96a32d,median-body-4344-torso015-J1-root-robot-zminus020-v5,wrist_center,gripper_grasping_frame,,273.3242999529466,no exact or boundary-refined wrist branch met strict wrist-center/orientation/SEW tolerances,,,,,,,,,,,,,,,oracle_inconclusive,,
371,transfer,high,0.8005650335,tiago_sew,NUMERICAL_FAILURE,tiago_semi_analytic,c96a32d,median-body-4344-torso015-J1-root-robot-zminus020-v5,wrist_center,gripper_grasping_frame,,267.65910000540316,no exact or boundary-refined wrist branch met strict wrist-center/orientation/SEW tolerances,,,,,,,,,,,,,,,oracle_inconclusive,,
372,transfer,high,0.8010246585,tiago_sew,NUMERICAL_FAILURE,tiago_semi_analytic,c96a32d,median-body-4344-torso015-J1-root-robot-zminus020-v5,wrist_center,gripper_grasping_frame,,264.7757000522688,no exact or boundary-refined wrist branch met strict wrist-center/orientation/SEW tolerances,,,,,,,,,,,,,,,oracle_inconclusive,,
373,transfer,high,0.8011165775,tiago_sew,NUMERICAL_FAILURE,tiago_semi_analytic,c96a32d,median-body-4344-torso015-J1-root-robot-zminus020-v5,wrist_center,gripper_grasping_frame,,429.30830002296716,no exact or boundary-refined wrist branch met strict wrist-center/orientation/SEW tolerances,,,,,,,,,,,,,,,oracle_inconclusive,,
374,transfer,high,0.8015430914999999,tiago_sew,NUMERICAL_FAILURE,tiago_semi_analytic,c96a32d,median-body-4344-torso015-J1-root-robot-zminus020-v5,wrist_center,gripper_grasping_frame,,268.20200006477535,no exact or boundary-refined wrist branch met strict wrist-center/orientation/SEW tolerances,,,,,,,,,,,,,,,oracle_inconclusive,,
375,transfer,high,0.8018908695,tiago_sew,NUMERICAL_FAILURE,tiago_semi_analytic,c96a32d,median-body-4344-torso015-J1-root-robot-zminus020-v5,wrist_center,gripper_grasping_frame,,256.7607000237331,no exact or boundary-refined wrist branch met strict wrist-center/orientation/SEW tolerances,,,,,,,,,,,,,,,oracle_inconclusive,,
376,transfer,high,0.8020408325,tiago_sew,NUMERICAL_FAILURE,tiago_semi_analytic,c96a32d,median-body-4344-torso015-J1-root-robot-zminus020-v5,wrist_center,gripper_grasping_frame,,259.92829992901534,no exact or boundary-refined wrist branch met strict wrist-center/orientation/SEW tolerances,,,,,,,,,,,,,,,oracle_inconclusive,,
377,transfer,high,0.8024731445,tiago_sew,NUMERICAL_FAILURE,tiago_semi_analytic,c96a32d,median-body-4344-torso015-J1-root-robot-zminus020-v5,wrist_center,gripper_grasping_frame,,293.1213000556454,no exact or boundary-refined wrist branch met strict wrist-center/orientation/SEW tolerances,,,,,,,,,,,,,,,oracle_inconclusive,,
378,transfer,high,0.8027194824999999,tiago_sew,NUMERICAL_FAILURE,tiago_semi_analytic,c96a32d,median-body-4344-torso015-J1-root-robot-zminus020-v5,wrist_center,gripper_grasping_frame,,281.35319997090846,no exact or boundary-refined wrist branch met strict wrist-center/orientation/SEW tolerances,,,,,,,,,,,,,,,oracle_inconclusive,,
379,transfer,high,0.8029448855,tiago_sew,NUMERICAL_FAILURE,tiago_semi_analytic,c96a32d,median-body-4344-torso015-J1-root-robot-zminus020-v5,wrist_center,gripper_grasping_frame,,304.2704000836238,no exact or boundary-refined wrist branch met strict wrist-center/orientation/SEW tolerances,,,,,,,,,,,,,,,oracle_inconclusive,,
380,transfer,high,0.8032651975,tiago_sew,NUMERICAL_FAILURE,tiago_semi_analytic,c96a32d,median-body-4344-torso015-J1-root-robot-zminus020-v5,wrist_center,gripper_grasping_frame,,313.81349998991936,no exact or boundary-refined wrist branch met strict wrist-center/orientation/SEW tolerances,,,,,,,,,,,,,,,oracle_inconclusive,,
381,transfer,high,0.8035154725,tiago_sew,NUMERICAL_FAILURE,tiago_semi_analytic,c96a32d,median-body-4344-torso015-J1-root-robot-zminus020-v5,wrist_center,gripper_grasping_frame,,325.34530002158135,no exact or boundary-refined wrist branch met strict wrist-center/orientation/SEW tolerances,,,,,,,,,,,,,,,oracle_inconclusive,,
382,transfer,high,0.8036639105,tiago_sew,NUMERICAL_FAILURE,tiago_semi_analytic,c96a32d,median-body-4344-torso015-J1-root-robot-zminus020-v5,wrist_center,gripper_grasping_frame,,278.76889996696264,no exact or boundary-refined wrist branch met strict wrist-center/orientation/SEW tolerances,,,,,,,,,,,,,,,oracle_inconclusive,,
383,transfer,high,0.8039724125000001,tiago_sew,NUMERICAL_FAILURE,tiago_semi_analytic,c96a32d,median-body-4344-torso015-J1-root-robot-zminus020-v5,wrist_center,gripper_grasping_frame,,472.4635999882594,no exact or boundary-refined wrist branch met strict wrist-center/orientation/SEW tolerances,,,,,,,,,,,,,,,oracle_inconclusive,,
384,transfer,high,0.8044049375,tiago_sew,NUMERICAL_FAILURE,tiago_semi_analytic,c96a32d,median-body-4344-torso015-J1-root-robot-zminus020-v5,wrist_center,gripper_grasping_frame,,305.4685000097379,no exact or boundary-refined wrist branch met strict wrist-center/orientation/SEW tolerances,,,,,,,,,,,,,,,oracle_inconclusive,,
385,transfer,high,0.8045001835,tiago_sew,NUMERICAL_FAILURE,tiago_semi_analytic,c96a32d,median-body-4344-torso015-J1-root-robot-zminus020-v5,wrist_center,gripper_grasping_frame,,281.00020007696,no exact or boundary-refined wrist branch met strict wrist-center/orientation/SEW tolerances,,,,,,,,,,,,,,,oracle_inconclusive,,
386,transfer,high,0.8048937995000001,tiago_sew,NUMERICAL_FAILURE,tiago_semi_analytic,c96a32d,median-body-4344-torso015-J1-root-robot-zminus020-v5,wrist_center,gripper_grasping_frame,,264.18709999416023,no exact or boundary-refined wrist branch met strict wrist-center/orientation/SEW tolerances,,,,,,,,,,,,,,,oracle_inconclusive,,
387,transfer,high,0.8054254765,tiago_sew,NUMERICAL_FAILURE,tiago_semi_analytic,c96a32d,median-body-4344-torso015-J1-root-robot-zminus020-v5,wrist_center,gripper_grasping_frame,,267.6793000428006,no exact or boundary-refined wrist branch met strict wrist-center/orientation/SEW tolerances,,,,,,,,,,,,,,,oracle_inconclusive,,
388,transfer,high,0.8055380255,tiago_sew,NUMERICAL_FAILURE,tiago_semi_analytic,c96a32d,median-body-4344-torso015-J1-root-robot-zminus020-v5,wrist_center,gripper_grasping_frame,,250.32860005740076,no exact or boundary-refined wrist branch met strict wrist-center/orientation/SEW tolerances,,,,,,,,,,,,,,,oracle_inconclusive,,
389,transfer,high,0.8060549625,tiago_sew,NUMERICAL_FAILURE,tiago_semi_analytic,c96a32d,median-body-4344-torso015-J1-root-robot-zminus020-v5,wrist_center,gripper_grasping_frame,,424.6007999172434,no exact or boundary-refined wrist branch met strict wrist-center/orientation/SEW tolerances,,,,,,,,,,,,,,,oracle_inconclusive,,
390,transfer,high,0.8067693485,tiago_sew,NUMERICAL_FAILURE,tiago_semi_analytic,c96a32d,median-body-4344-torso015-J1-root-robot-zminus020-v5,wrist_center,gripper_grasping_frame,,283.0690999981016,no exact or boundary-refined wrist branch met strict wrist-center/orientation/SEW tolerances,,,,,,,,,,,,,,,oracle_inconclusive,,
391,transfer,high,0.8069861455,tiago_sew,NUMERICAL_FAILURE,tiago_semi_analytic,c96a32d,median-body-4344-torso015-J1-root-robot-zminus020-v5,wrist_center,gripper_grasping_frame,,306.3921000575647,no exact or boundary-refined wrist branch met strict wrist-center/orientation/SEW tolerances,,,,,,,,,,,,,,,oracle_inconclusive,,
392,transfer,high,0.8075090635,tiago_sew,NUMERICAL_FAILURE,tiago_semi_analytic,c96a32d,median-body-4344-torso015-J1-root-robot-zminus020-v5,wrist_center,gripper_grasping_frame,,284.7355999983847,no exact or boundary-refined wrist branch met strict wrist-center/orientation/SEW tolerances,,,,,,,,,,,,,,,oracle_inconclusive,,
393,transfer,high,0.8081081545,tiago_sew,NUMERICAL_FAILURE,tiago_semi_analytic,c96a32d,median-body-4344-torso015-J1-root-robot-zminus020-v5,wrist_center,gripper_grasping_frame,,275.1008999766782,no exact or boundary-refined wrist branch met strict wrist-center/orientation/SEW tolerances,,,,,,,,,,,,,,,oracle_inconclusive,,
394,transfer,high,0.8085195615,tiago_sew,NUMERICAL_FAILURE,tiago_semi_analytic,c96a32d,median-body-4344-torso015-J1-root-robot-zminus020-v5,wrist_center,gripper_grasping_frame,,252.75300000794232,no exact or boundary-refined wrist branch met strict wrist-center/orientation/SEW tolerances,,,,,,,,,,,,,,,oracle_inconclusive,,
395,transfer,high,0.8091150205,tiago_sew,NUMERICAL_FAILURE,tiago_semi_analytic,c96a32d,median-body-4344-torso015-J1-root-robot-zminus020-v5,wrist_center,gripper_grasping_frame,,275.59460001066327,no exact or boundary-refined wrist branch met strict wrist-center/orientation/SEW tolerances,,,,,,,,,,,,,,,oracle_inconclusive,,
396,transfer,high,0.8096687315,tiago_sew,NUMERICAL_FAILURE,tiago_semi_analytic,c96a32d,median-body-4344-torso015-J1-root-robot-zminus020-v5,wrist_center,gripper_grasping_frame,,284.0491000097245,no exact or boundary-refined wrist branch met strict wrist-center/orientation/SEW tolerances,,,,,,,,,,,,,,,oracle_inconclusive,,
397,transfer,high,0.8101795655,tiago_sew,NUMERICAL_FAILURE,tiago_semi_analytic,c96a32d,median-body-4344-torso015-J1-root-robot-zminus020-v5,wrist_center,gripper_grasping_frame,,256.3360999338329,no exact or boundary-refined wrist branch met strict wrist-center/orientation/SEW tolerances,,,,,,,,,,,,,,,oracle_inconclusive,,
398,transfer,high,0.8108908085,tiago_sew,NUMERICAL_FAILURE,tiago_semi_analytic,c96a32d,median-body-4344-torso015-J1-root-robot-zminus020-v5,wrist_center,gripper_grasping_frame,,248.11650009360164,no exact or boundary-refined wrist branch met strict wrist-center/orientation/SEW tolerances,,,,,,,,,,,,,,,oracle_inconclusive,,
399,transfer,high,0.8115256655,tiago_sew,NUMERICAL_FAILURE,tiago_semi_analytic,c96a32d,median-body-4344-torso015-J1-root-robot-zminus020-v5,wrist_center,gripper_grasping_frame,,243.62859991379082,no exact or boundary-refined wrist branch met strict wrist-center/orientation/SEW tolerances,,,,,,,,,,,,,,,oracle_inconclusive,,
400,transfer,high,0.8117388915,tiago_sew,NUMERICAL_FAILURE,tiago_semi_analytic,c96a32d,median-body-4344-torso015-J1-root-robot-zminus020-v5,wrist_center,gripper_grasping_frame,,244.79220004286617,no exact or boundary-refined wrist branch met strict wrist-center/orientation/SEW tolerances,,,,,,,,,,,,,,,oracle_inconclusive,,
401,transfer,high,0.8123942565,tiago_sew,NUMERICAL_FAILURE,tiago_semi_analytic,c96a32d,median-body-4344-torso015-J1-root-robot-zminus020-v5,wrist_center,gripper_grasping_frame,,249.4920000899583,no exact or boundary-refined wrist branch met strict wrist-center/orientation/SEW tolerances,,,,,,,,,,,,,,,oracle_inconclusive,,
402,transfer,high,0.8131295475,tiago_sew,NUMERICAL_FAILURE,tiago_semi_analytic,c96a32d,median-body-4344-torso015-J1-root-robot-zminus020-v5,wrist_center,gripper_grasping_frame,,268.27749994117767,no exact or boundary-refined wrist branch met strict wrist-center/orientation/SEW tolerances,,,,,,,,,,,,,,,oracle_inconclusive,,
403,transfer,high,0.8133850715,tiago_sew,NUMERICAL_FAILURE,tiago_semi_analytic,c96a32d,median-body-4344-torso015-J1-root-robot-zminus020-v5,wrist_center,gripper_grasping_frame,,250.33720000647008,no exact or boundary-refined wrist branch met strict wrist-center/orientation/SEW tolerances,,,,,,,,,,,,,,,oracle_inconclusive,,
404,transfer,high,0.8138011475,tiago_sew,NUMERICAL_FAILURE,tiago_semi_analytic,c96a32d,median-body-4344-torso015-J1-root-robot-zminus020-v5,wrist_center,gripper_grasping_frame,,244.02749992441386,no exact or boundary-refined wrist branch met strict wrist-center/orientation/SEW tolerances,,,,,,,,,,,,,,,oracle_inconclusive,,
405,transfer,high,0.8144683534999999,tiago_sew,NUMERICAL_FAILURE,tiago_semi_analytic,c96a32d,median-body-4344-torso015-J1-root-robot-zminus020-v5,wrist_center,gripper_grasping_frame,,241.6339999763295,no exact or boundary-refined wrist branch met strict wrist-center/orientation/SEW tolerances,,,,,,,,,,,,,,,oracle_inconclusive,,
406,transfer,high,0.8149061285,tiago_sew,NUMERICAL_FAILURE,tiago_semi_analytic,c96a32d,median-body-4344-torso015-J1-root-robot-zminus020-v5,wrist_center,gripper_grasping_frame,,272.9786999989301,no exact or boundary-refined wrist branch met strict wrist-center/orientation/SEW tolerances,,,,,,,,,,,,,,,oracle_inconclusive,,
407,transfer,high,0.8150993955,tiago_sew,NUMERICAL_FAILURE,tiago_semi_analytic,c96a32d,median-body-4344-torso015-J1-root-robot-zminus020-v5,wrist_center,gripper_grasping_frame,,243.53470001369715,no exact or boundary-refined wrist branch met strict wrist-center/orientation/SEW tolerances,,,,,,,,,,,,,,,oracle_inconclusive,,
408,transfer,high,0.8153463445,tiago_sew,NUMERICAL_FAILURE,tiago_semi_analytic,c96a32d,median-body-4344-torso015-J1-root-robot-zminus020-v5,wrist_center,gripper_grasping_frame,,241.79189989808947,no exact or boundary-refined wrist branch met strict wrist-center/orientation/SEW tolerances,,,,,,,,,,,,,,,oracle_inconclusive,,
409,transfer,high,0.8155958555,tiago_sew,NUMERICAL_FAILURE,tiago_semi_analytic,c96a32d,median-body-4344-torso015-J1-root-robot-zminus020-v5,wrist_center,gripper_grasping_frame,,246.79910007398576,no exact or boundary-refined wrist branch met strict wrist-center/orientation/SEW tolerances,,,,,,,,,,,,,,,oracle_inconclusive,,
410,transfer,high,0.8159253545,tiago_sew,NUMERICAL_FAILURE,tiago_semi_analytic,c96a32d,median-body-4344-torso015-J1-root-robot-zminus020-v5,wrist_center,gripper_grasping_frame,,244.0041999798268,no exact or boundary-refined wrist branch met strict wrist-center/orientation/SEW tolerances,,,,,,,,,,,,,,,oracle_inconclusive,,
411,transfer,high,0.8162156675,tiago_sew,NUMERICAL_FAILURE,tiago_semi_analytic,c96a32d,median-body-4344-torso015-J1-root-robot-zminus020-v5,wrist_center,gripper_grasping_frame,,240.8288000151515,no exact or boundary-refined wrist branch met strict wrist-center/orientation/SEW tolerances,,,,,,,,,,,,,,,oracle_inconclusive,,
412,transfer,high,0.8162750244999999,tiago_sew,NUMERICAL_FAILURE,tiago_semi_analytic,c96a32d,median-body-4344-torso015-J1-root-robot-zminus020-v5,wrist_center,gripper_grasping_frame,,239.53909997362643,no exact or boundary-refined wrist branch met strict wrist-center/orientation/SEW tolerances,,,,,,,,,,,,,,,oracle_inconclusive,,
413,transfer,high,0.8164742125,tiago_sew,NUMERICAL_FAILURE,tiago_semi_analytic,c96a32d,median-body-4344-torso015-J1-root-robot-zminus020-v5,wrist_center,gripper_grasping_frame,,247.62120004743338,no exact or boundary-refined wrist branch met strict wrist-center/orientation/SEW tolerances,,,,,,,,,,,,,,,oracle_inconclusive,,
414,transfer,high,0.8165259094999999,tiago_sew,NUMERICAL_FAILURE,tiago_semi_analytic,c96a32d,median-body-4344-torso015-J1-root-robot-zminus020-v5,wrist_center,gripper_grasping_frame,,246.34439998771995,no exact or boundary-refined wrist branch met strict wrist-center/orientation/SEW tolerances,,,,,,,,,,,,,,,oracle_inconclusive,,
415,transfer,high,0.8166980285000001,tiago_sew,NUMERICAL_FAILURE,tiago_semi_analytic,c96a32d,median-body-4344-torso015-J1-root-robot-zminus020-v5,wrist_center,gripper_grasping_frame,,251.94530002772808,no exact or boundary-refined wrist branch met strict wrist-center/orientation/SEW tolerances,,,,,,,,,,,,,,,oracle_inconclusive,,
416,transfer,high,0.8168557745,tiago_sew,NUMERICAL_FAILURE,tiago_semi_analytic,c96a32d,median-body-4344-torso015-J1-root-robot-zminus020-v5,wrist_center,gripper_grasping_frame,,242.2066000290215,no exact or boundary-refined wrist branch met strict wrist-center/orientation/SEW tolerances,,,,,,,,,,,,,,,oracle_inconclusive,,
417,transfer,high,0.8168977055,tiago_sew,NUMERICAL_FAILURE,tiago_semi_analytic,c96a32d,median-body-4344-torso015-J1-root-robot-zminus020-v5,wrist_center,gripper_grasping_frame,,242.60530003812164,no exact or boundary-refined wrist branch met strict wrist-center/orientation/SEW tolerances,,,,,,,,,,,,,,,oracle_inconclusive,,
418,transfer,high,0.8170822455,tiago_sew,NUMERICAL_FAILURE,tiago_semi_analytic,c96a32d,median-body-4344-torso015-J1-root-robot-zminus020-v5,wrist_center,gripper_grasping_frame,,242.440199945122,no exact or boundary-refined wrist branch met strict wrist-center/orientation/SEW tolerances,,,,,,,,,,,,,,,oracle_inconclusive,,
419,transfer,high,0.8170653685,tiago_sew,NUMERICAL_FAILURE,tiago_semi_analytic,c96a32d,median-body-4344-torso015-J1-root-robot-zminus020-v5,wrist_center,gripper_grasping_frame,,239.88289991393685,no exact or boundary-refined wrist branch met strict wrist-center/orientation/SEW tolerances,,,,,,,,,,,,,,,oracle_inconclusive,,
420,transfer,high,0.8172015994999999,tiago_sew,NUMERICAL_FAILURE,tiago_semi_analytic,c96a32d,median-body-4344-torso015-J1-root-robot-zminus020-v5,wrist_center,gripper_grasping_frame,,246.15190003532916,no exact or boundary-refined wrist branch met strict wrist-center/orientation/SEW tolerances,,,,,,,,,,,,,,,oracle_inconclusive,,
421,transfer,high,0.8173605344999999,tiago_sew,NUMERICAL_FAILURE,tiago_semi_analytic,c96a32d,median-body-4344-torso015-J1-root-robot-zminus020-v5,wrist_center,gripper_grasping_frame,,248.12440003734082,no exact or boundary-refined wrist branch met strict wrist-center/orientation/SEW tolerances,,,,,,,,,,,,,,,oracle_inconclusive,,
422,transfer,high,0.8173518065,tiago_sew,NUMERICAL_FAILURE,tiago_semi_analytic,c96a32d,median-body-4344-torso015-J1-root-robot-zminus020-v5,wrist_center,gripper_grasping_frame,,264.5259000128135,no exact or boundary-refined wrist branch met strict wrist-center/orientation/SEW tolerances,,,,,,,,,,,,,,,oracle_inconclusive,,
423,transfer,high,0.8173263555,tiago_sew,NUMERICAL_FAILURE,tiago_semi_analytic,c96a32d,median-body-4344-torso015-J1-root-robot-zminus020-v5,wrist_center,gripper_grasping_frame,,259.53859998844564,no exact or boundary-refined wrist branch met strict wrist-center/orientation/SEW tolerances,,,,,,,,,,,,,,,oracle_inconclusive,,
424,transfer,high,0.8173349305,tiago_sew,NUMERICAL_FAILURE,tiago_semi_analytic,c96a32d,median-body-4344-torso015-J1-root-robot-zminus020-v5,wrist_center,gripper_grasping_frame,,244.0987000009045,no exact or boundary-refined wrist branch met strict wrist-center/orientation/SEW tolerances,,,,,,,,,,,,,,,oracle_inconclusive,,
425,transfer,high,0.8172401734999999,tiago_sew,NUMERICAL_FAILURE,tiago_semi_analytic,c96a32d,median-body-4344-torso015-J1-root-robot-zminus020-v5,wrist_center,gripper_grasping_frame,,240.64009997528046,no exact or boundary-refined wrist branch met strict wrist-center/orientation/SEW tolerances,,,,,,,,,,,,,,,oracle_inconclusive,,
426,transfer,high,0.8172535405,tiago_sew,NUMERICAL_FAILURE,tiago_semi_analytic,c96a32d,median-body-4344-torso015-J1-root-robot-zminus020-v5,wrist_center,gripper_grasping_frame,,241.3003999972716,no exact or boundary-refined wrist branch met strict wrist-center/orientation/SEW tolerances,,,,,,,,,,,,,,,oracle_inconclusive,,
427,transfer,high,0.8172003784999999,tiago_sew,NUMERICAL_FAILURE,tiago_semi_analytic,c96a32d,median-body-4344-torso015-J1-root-robot-zminus020-v5,wrist_center,gripper_grasping_frame,,239.54280000180006,no exact or boundary-refined wrist branch met strict wrist-center/orientation/SEW tolerances,,,,,,,,,,,,,,,oracle_inconclusive,,
428,transfer,high,0.8170500494999999,tiago_sew,NUMERICAL_FAILURE,tiago_semi_analytic,c96a32d,median-body-4344-torso015-J1-root-robot-zminus020-v5,wrist_center,gripper_grasping_frame,,238.57330007012933,no exact or boundary-refined wrist branch met strict wrist-center/orientation/SEW tolerances,,,,,,,,,,,,,,,oracle_inconclusive,,
429,transfer,high,0.8169959105,tiago_sew,NUMERICAL_FAILURE,tiago_semi_analytic,c96a32d,median-body-4344-torso015-J1-root-robot-zminus020-v5,wrist_center,gripper_grasping_frame,,246.616099961102,no exact or boundary-refined wrist branch met strict wrist-center/orientation/SEW tolerances,,,,,,,,,,,,,,,oracle_inconclusive,,
430,transfer,high,0.8169910895,tiago_sew,NUMERICAL_FAILURE,tiago_semi_analytic,c96a32d,median-body-4344-torso015-J1-root-robot-zminus020-v5,wrist_center,gripper_grasping_frame,,236.832799972035,no exact or boundary-refined wrist branch met strict wrist-center/orientation/SEW tolerances,,,,,,,,,,,,,,,oracle_inconclusive,,
431,transfer,high,0.8168885195,tiago_sew,NUMERICAL_FAILURE,tiago_semi_analytic,c96a32d,median-body-4344-torso015-J1-root-robot-zminus020-v5,wrist_center,gripper_grasping_frame,,250.76730002183467,no exact or boundary-refined wrist branch met strict wrist-center/orientation/SEW tolerances,,,,,,,,,,,,,,,oracle_inconclusive,,
432,transfer,high,0.8167609865000001,tiago_sew,NUMERICAL_FAILURE,tiago_semi_analytic,c96a32d,median-body-4344-torso015-J1-root-robot-zminus020-v5,wrist_center,gripper_grasping_frame,,262.5685000093654,no exact or boundary-refined wrist branch met strict wrist-center/orientation/SEW tolerances,,,,,,,,,,,,,,,oracle_inconclusive,,
433,transfer,high,0.8164384764999999,tiago_sew,NUMERICAL_FAILURE,tiago_semi_analytic,c96a32d,median-body-4344-torso015-J1-root-robot-zminus020-v5,wrist_center,gripper_grasping_frame,,243.83630009833723,no exact or boundary-refined wrist branch met strict wrist-center/orientation/SEW tolerances,,,,,,,,,,,,,,,oracle_inconclusive,,
434,withdrawal,high,0.8176042484999999,tiago_sew,NUMERICAL_FAILURE,tiago_semi_analytic,c96a32d,median-body-4344-torso015-J1-root-robot-zminus020-v5,wrist_center,gripper_grasping_frame,,250.81110000610352,no exact or boundary-refined wrist branch met strict wrist-center/orientation/SEW tolerances,,,,,,,,,,,,,,,oracle_inconclusive,,
435,withdrawal,high,0.8175350345,tiago_sew,NUMERICAL_FAILURE,tiago_semi_analytic,c96a32d,median-body-4344-torso015-J1-root-robot-zminus020-v5,wrist_center,gripper_grasping_frame,,265.5513999052346,no exact or boundary-refined wrist branch met strict wrist-center/orientation/SEW tolerances,,,,,,,,,,,,,,,oracle_inconclusive,,
436,withdrawal,high,0.8174158025,tiago_sew,NUMERICAL_FAILURE,tiago_semi_analytic,c96a32d,median-body-4344-torso015-J1-root-robot-zminus020-v5,wrist_center,gripper_grasping_frame,,242.19230003654957,no exact or boundary-refined wrist branch met strict wrist-center/orientation/SEW tolerances,,,,,,,,,,,,,,,oracle_inconclusive,,
437,withdrawal,high,0.8172959595,tiago_sew,NUMERICAL_FAILURE,tiago_semi_analytic,c96a32d,median-body-4344-torso015-J1-root-robot-zminus020-v5,wrist_center,gripper_grasping_frame,,240.4988999478519,no exact or boundary-refined wrist branch met strict wrist-center/orientation/SEW tolerances,,,,,,,,,,,,,,,oracle_inconclusive,,
438,withdrawal,high,0.8172320255000001,tiago_sew,NUMERICAL_FAILURE,tiago_semi_analytic,c96a32d,median-body-4344-torso015-J1-root-robot-zminus020-v5,wrist_center,gripper_grasping_frame,,273.8150000805035,no exact or boundary-refined wrist branch met strict wrist-center/orientation/SEW tolerances,,,,,,,,,,,,,,,oracle_inconclusive,,
439,withdrawal,high,0.8171201175,tiago_sew,NUMERICAL_FAILURE,tiago_semi_analytic,c96a32d,median-body-4344-torso015-J1-root-robot-zminus020-v5,wrist_center,gripper_grasping_frame,,235.26650003623217,no exact or boundary-refined wrist branch met strict wrist-center/orientation/SEW tolerances,,,,,,,,,,,,,,,oracle_inconclusive,,
440,withdrawal,high,0.8171036375,tiago_sew,NUMERICAL_FAILURE,tiago_semi_analytic,c96a32d,median-body-4344-torso015-J1-root-robot-zminus020-v5,wrist_center,gripper_grasping_frame,,263.2336999522522,no exact or boundary-refined wrist branch met strict wrist-center/orientation/SEW tolerances,,,,,,,,,,,,,,,oracle_inconclusive,,
441,withdrawal,high,0.8170548095,tiago_sew,NUMERICAL_FAILURE,tiago_semi_analytic,c96a32d,median-body-4344-torso015-J1-root-robot-zminus020-v5,wrist_center,gripper_grasping_frame,,235.99119996652007,no exact or boundary-refined wrist branch met strict wrist-center/orientation/SEW tolerances,,,,,,,,,,,,,,,oracle_inconclusive,,
442,withdrawal,high,0.8170563665,tiago_sew,NUMERICAL_FAILURE,tiago_semi_analytic,c96a32d,median-body-4344-torso015-J1-root-robot-zminus020-v5,wrist_center,gripper_grasping_frame,,240.344800055027,no exact or boundary-refined wrist branch met strict wrist-center/orientation/SEW tolerances,,,,,,,,,,,,,,,oracle_inconclusive,,
443,withdrawal,high,0.8169669195,tiago_sew,NUMERICAL_FAILURE,tiago_semi_analytic,c96a32d,median-body-4344-torso015-J1-root-robot-zminus020-v5,wrist_center,gripper_grasping_frame,,229.06189993955195,no exact or boundary-refined wrist branch met strict wrist-center/orientation/SEW tolerances,,,,,,,,,,,,,,,oracle_inconclusive,,
444,withdrawal,high,0.8168153385,tiago_sew,NUMERICAL_FAILURE,tiago_semi_analytic,c96a32d,median-body-4344-torso015-J1-root-robot-zminus020-v5,wrist_center,gripper_grasping_frame,,234.98980002477765,no exact or boundary-refined wrist branch met strict wrist-center/orientation/SEW tolerances,,,,,,,,,,,,,,,oracle_inconclusive,,
445,withdrawal,high,0.8165024415,tiago_sew,NUMERICAL_FAILURE,tiago_semi_analytic,c96a32d,median-body-4344-torso015-J1-root-robot-zminus020-v5,wrist_center,gripper_grasping_frame,,240.7123000593856,no exact or boundary-refined wrist branch met strict wrist-center/orientation/SEW tolerances,,,,,,,,,,,,,,,oracle_inconclusive,,
446,withdrawal,high,0.8162549445,tiago_sew,NUMERICAL_FAILURE,tiago_semi_analytic,c96a32d,median-body-4344-torso015-J1-root-robot-zminus020-v5,wrist_center,gripper_grasping_frame,,228.91669999808073,no exact or boundary-refined wrist branch met strict wrist-center/orientation/SEW tolerances,,,,,,,,,,,,,,,oracle_inconclusive,,
447,withdrawal,high,0.8160354925,tiago_sew,NUMERICAL_FAILURE,tiago_semi_analytic,c96a32d,median-body-4344-torso015-J1-root-robot-zminus020-v5,wrist_center,gripper_grasping_frame,,242.66320001333952,no exact or boundary-refined wrist branch met strict wrist-center/orientation/SEW tolerances,,,,,,,,,,,,,,,oracle_inconclusive,,
448,withdrawal,high,0.8159149175,tiago_sew,NUMERICAL_FAILURE,tiago_semi_analytic,c96a32d,median-body-4344-torso015-J1-root-robot-zminus020-v5,wrist_center,gripper_grasping_frame,,258.3618999924511,no exact or boundary-refined wrist branch met strict wrist-center/orientation/SEW tolerances,,,,,,,,,,,,,,,oracle_inconclusive,,
449,withdrawal,high,0.8157933045,tiago_sew,NUMERICAL_FAILURE,tiago_semi_analytic,c96a32d,median-body-4344-torso015-J1-root-robot-zminus020-v5,wrist_center,gripper_grasping_frame,,240.4928000178188,no exact or boundary-refined wrist branch met strict wrist-center/orientation/SEW tolerances,,,,,,,,,,,,,,,oracle_inconclusive,,
450,withdrawal,high,0.8155849915,tiago_sew,NUMERICAL_FAILURE,tiago_semi_analytic,c96a32d,median-body-4344-torso015-J1-root-robot-zminus020-v5,wrist_center,gripper_grasping_frame,,236.33510002400726,no exact or boundary-refined wrist branch met strict wrist-center/orientation/SEW tolerances,,,,,,,,,,,,,,,oracle_inconclusive,,
451,withdrawal,high,0.8150641175,tiago_sew,NUMERICAL_FAILURE,tiago_semi_analytic,c96a32d,median-body-4344-torso015-J1-root-robot-zminus020-v5,wrist_center,gripper_grasping_frame,,235.37020001094788,no exact or boundary-refined wrist branch met strict wrist-center/orientation/SEW tolerances,,,,,,,,,,,,,,,oracle_inconclusive,,
452,withdrawal,high,0.8146621095,tiago_sew,NUMERICAL_FAILURE,tiago_semi_analytic,c96a32d,median-body-4344-torso015-J1-root-robot-zminus020-v5,wrist_center,gripper_grasping_frame,,403.57520000543445,no exact or boundary-refined wrist branch met strict wrist-center/orientation/SEW tolerances,,,,,,,,,,,,,,,oracle_inconclusive,,
453,withdrawal,high,0.8142962345,tiago_sew,NUMERICAL_FAILURE,tiago_semi_analytic,c96a32d,median-body-4344-torso015-J1-root-robot-zminus020-v5,wrist_center,gripper_grasping_frame,,242.17240000143647,no exact or boundary-refined wrist branch met strict wrist-center/orientation/SEW tolerances,,,,,,,,,,,,,,,oracle_inconclusive,,
454,withdrawal,high,0.8137507635,tiago_sew,NUMERICAL_FAILURE,tiago_semi_analytic,c96a32d,median-body-4344-torso015-J1-root-robot-zminus020-v5,wrist_center,gripper_grasping_frame,,246.84570007957518,no exact or boundary-refined wrist branch met strict wrist-center/orientation/SEW tolerances,,,,,,,,,,,,,,,oracle_inconclusive,,
455,withdrawal,high,0.8132080385,tiago_sew,NUMERICAL_FAILURE,tiago_semi_analytic,c96a32d,median-body-4344-torso015-J1-root-robot-zminus020-v5,wrist_center,gripper_grasping_frame,,231.50050011463463,no exact or boundary-refined wrist branch met strict wrist-center/orientation/SEW tolerances,,,,,,,,,,,,,,,oracle_inconclusive,,
456,withdrawal,high,0.8123339235,tiago_sew,NUMERICAL_FAILURE,tiago_semi_analytic,c96a32d,median-body-4344-torso015-J1-root-robot-zminus020-v5,wrist_center,gripper_grasping_frame,,268.0411000037566,no exact or boundary-refined wrist branch met strict wrist-center/orientation/SEW tolerances,,,,,,,,,,,,,,,oracle_inconclusive,,
457,withdrawal,high,0.8117846074999999,tiago_sew,NUMERICAL_FAILURE,tiago_semi_analytic,c96a32d,median-body-4344-torso015-J1-root-robot-zminus020-v5,wrist_center,gripper_grasping_frame,,242.40280000958592,no exact or boundary-refined wrist branch met strict wrist-center/orientation/SEW tolerances,,,,,,,,,,,,,,,oracle_inconclusive,,
458,withdrawal,high,0.8106003415,tiago_sew,NUMERICAL_FAILURE,tiago_semi_analytic,c96a32d,median-body-4344-torso015-J1-root-robot-zminus020-v5,wrist_center,gripper_grasping_frame,,243.93610004335642,no exact or boundary-refined wrist branch met strict wrist-center/orientation/SEW tolerances,,,,,,,,,,,,,,,oracle_inconclusive,,
459,withdrawal,high,0.8098339545,tiago_sew,NUMERICAL_FAILURE,tiago_semi_analytic,c96a32d,median-body-4344-torso015-J1-root-robot-zminus020-v5,wrist_center,gripper_grasping_frame,,399.63890006765723,no exact or boundary-refined wrist branch met strict wrist-center/orientation/SEW tolerances,,,,,,,,,,,,,,,oracle_inconclusive,,
460,withdrawal,high,0.8086800235,tiago_sew,NUMERICAL_FAILURE,tiago_semi_analytic,c96a32d,median-body-4344-torso015-J1-root-robot-zminus020-v5,wrist_center,gripper_grasping_frame,,249.40049997530878,no exact or boundary-refined wrist branch met strict wrist-center/orientation/SEW tolerances,,,,,,,,,,,,,,,oracle_inconclusive,,
461,withdrawal,high,0.8075873105,tiago_sew,NUMERICAL_FAILURE,tiago_semi_analytic,c96a32d,median-body-4344-torso015-J1-root-robot-zminus020-v5,wrist_center,gripper_grasping_frame,,245.53600000217557,no exact or boundary-refined wrist branch met strict wrist-center/orientation/SEW tolerances,,,,,,,,,,,,,,,oracle_inconclusive,,
462,withdrawal,high,0.8063290405000001,tiago_sew,NUMERICAL_FAILURE,tiago_semi_analytic,c96a32d,median-body-4344-torso015-J1-root-robot-zminus020-v5,wrist_center,gripper_grasping_frame,,250.7114999461919,no exact or boundary-refined wrist branch met strict wrist-center/orientation/SEW tolerances,,,,,,,,,,,,,,,oracle_inconclusive,,
463,withdrawal,high,0.8050871584999999,tiago_sew,NUMERICAL_FAILURE,tiago_semi_analytic,c96a32d,median-body-4344-torso015-J1-root-robot-zminus020-v5,wrist_center,gripper_grasping_frame,,252.28090002201498,no exact or boundary-refined wrist branch met strict wrist-center/orientation/SEW tolerances,,,,,,,,,,,,,,,oracle_inconclusive,,
464,withdrawal,high,0.8037972105,tiago_sew,NUMERICAL_FAILURE,tiago_semi_analytic,c96a32d,median-body-4344-torso015-J1-root-robot-zminus020-v5,wrist_center,gripper_grasping_frame,,271.2756999535486,no exact or boundary-refined wrist branch met strict wrist-center/orientation/SEW tolerances,,,,,,,,,,,,,,,oracle_inconclusive,,
465,withdrawal,high,0.8022009585000001,tiago_sew,NUMERICAL_FAILURE,tiago_semi_analytic,c96a32d,median-body-4344-torso015-J1-root-robot-zminus020-v5,wrist_center,gripper_grasping_frame,,248.49710008129478,no exact or boundary-refined wrist branch met strict wrist-center/orientation/SEW tolerances,,,,,,,,,,,,,,,oracle_inconclusive,,
466,withdrawal,high,0.8006700135,tiago_sew,NUMERICAL_FAILURE,tiago_semi_analytic,c96a32d,median-body-4344-torso015-J1-root-robot-zminus020-v5,wrist_center,gripper_grasping_frame,,265.65949991345406,no exact or boundary-refined wrist branch met strict wrist-center/orientation/SEW tolerances,,,,,,,,,,,,,,,oracle_inconclusive,,
467,withdrawal,high,0.7991165465,tiago_sew,NUMERICAL_FAILURE,tiago_semi_analytic,c96a32d,median-body-4344-torso015-J1-root-robot-zminus020-v5,wrist_center,gripper_grasping_frame,,256.2885000370443,no exact or boundary-refined wrist branch met strict wrist-center/orientation/SEW tolerances,,,,,,,,,,,,,,,oracle_inconclusive,,
468,withdrawal,middle,0.7974333495,tiago_sew,NUMERICAL_FAILURE,tiago_semi_analytic,c96a32d,median-body-4344-torso015-J1-root-robot-zminus020-v5,wrist_center,gripper_grasping_frame,,267.59990002028644,no exact or boundary-refined wrist branch met strict wrist-center/orientation/SEW tolerances,,,,,,,,,,,,,,,oracle_inconclusive,,
469,withdrawal,middle,0.7956394655,tiago_sew,NUMERICAL_FAILURE,tiago_semi_analytic,c96a32d,median-body-4344-torso015-J1-root-robot-zminus020-v5,wrist_center,gripper_grasping_frame,,274.94489995297045,no exact or boundary-refined wrist branch met strict wrist-center/orientation/SEW tolerances,,,,,,,,,,,,,,,oracle_inconclusive,,
470,withdrawal,middle,0.7938693545,tiago_sew,NUMERICAL_FAILURE,tiago_semi_analytic,c96a32d,median-body-4344-torso015-J1-root-robot-zminus020-v5,wrist_center,gripper_grasping_frame,,295.003299950622,no exact or boundary-refined wrist branch met strict wrist-center/orientation/SEW tolerances,,,,,,,,,,,,,,,oracle_inconclusive,,
471,withdrawal,middle,0.7921180725,tiago_sew,NUMERICAL_FAILURE,tiago_semi_analytic,c96a32d,median-body-4344-torso015-J1-root-robot-zminus020-v5,wrist_center,gripper_grasping_frame,,371.45680002868176,no exact or boundary-refined wrist branch met strict wrist-center/orientation/SEW tolerances,,,,,,,,,,,,,,,oracle_inconclusive,,
472,withdrawal,middle,0.7903738714999999,tiago_sew,SUCCESS_EXACT,tiago_semi_analytic,c96a32d,median-body-4344-torso015-J1-root-robot-zminus020-v5,wrist_center,gripper_grasping_frame,seed-0-wrist-0,7.000899990089238,,2.401425109648658,0.32505670910062945,-1.002471912947587,0.38414517504753126,-1.190581071598162,0.7310923947196968,0.03306306389711189,4.5097472448829337e-13,0.43213291427358946,0.525579906962568,0.7715023412226127,1.756078209281629e-14,0.0,19.908271746107815,reachable_success,51.78501004146204,118.10590659312373
473,withdrawal,middle,0.7885017095,tiago_sew,SUCCESS_EXACT,tiago_semi_analytic,c96a32d,median-body-4344-torso015-J1-root-robot-zminus020-v5,wrist_center,gripper_grasping_frame,seed-0-wrist-0,5.959799978882074,,2.314414961384511,0.27249542416330214,-1.3964224936295984,0.5322756819416196,-1.6593978270633496,0.6347126740524915,0.14684059599704025,2.482534153247273e-13,0.42878465347511263,0.5179572359414146,0.7684610087361882,5.926412553628324e-14,0.0,24.893586016450985,reachable_success,24.923788588290016,111.5869342003836
474,withdrawal,middle,0.7865282284999999,tiago_sew,SUCCESS_EXACT,tiago_semi_analytic,c96a32d,median-body-4344-torso015-J1-root-robot-zminus020-v5,wrist_center,gripper_grasping_frame,seed-0-wrist-0,4.3978000758215785,,2.2625191336372437,0.23240664436139372,-1.5597587563911812,0.6414773255130114,-1.8994180809187,0.5861232653220951,0.23408071657220964,1.8631318757682684e-10,0.42550576316903377,0.5098614599775271,0.7654604418295838,3.996306826675054e-14,6.717331487250948e-11,11.171641044719813,reachable_success,11.171641044719813,106.58844348721396
475,withdrawal,middle,0.7847647405,tiago_sew,SUCCESS_EXACT,tiago_semi_analytic,c96a32d,median-body-4344-torso015-J1-root-robot-zminus020-v5,wrist_center,gripper_grasping_frame,seed-12-wrist-0-boundary,145.8054999820888,,2.2234529538289687,0.20016684562198123,-1.6546225132091998,0.7315234637616785,-2.0943999999999994,0.5597077712446168,0.3328814312559782,0.05368794095160408,0.42311896666038956,0.5016761785442342,0.7599039705029466,0.008997658375624966,0.008248867549791872,2.5444437451708134e-14,reachable_success,2.5444437451708134e-14,100.92757952295781
476,withdrawal,middle,0.7830656745,tiago_sew,NUMERICAL_FAILURE,tiago_semi_analytic,c96a32d,median-body-4344-torso015-J1-root-robot-zminus020-v5,wrist_center,gripper_grasping_frame,,147.55250001326203,no exact or boundary-refined wrist branch met strict wrist-center/orientation/SEW tolerances,,,,,,,,,,,,,,,oracle_inconclusive,,
477,withdrawal,middle,0.7812500305,tiago_sew,NUMERICAL_FAILURE,tiago_semi_analytic,c96a32d,median-body-4344-torso015-J1-root-robot-zminus020-v5,wrist_center,gripper_grasping_frame,,149.6238000690937,no exact or boundary-refined wrist branch met strict wrist-center/orientation/SEW tolerances,,,,,,,,,,,,,,,oracle_inconclusive,,
478,withdrawal,middle,0.7792753295,tiago_sew,NUMERICAL_FAILURE,tiago_semi_analytic,c96a32d,median-body-4344-torso015-J1-root-robot-zminus020-v5,wrist_center,gripper_grasping_frame,,152.93219999875873,no exact or boundary-refined wrist branch met strict wrist-center/orientation/SEW tolerances,,,,,,,,,,,,,,,oracle_inconclusive,,
479,withdrawal,middle,0.7774472965,tiago_sew,NUMERICAL_FAILURE,tiago_semi_analytic,c96a32d,median-body-4344-torso015-J1-root-robot-zminus020-v5,wrist_center,gripper_grasping_frame,,307.68590001389384,no exact or boundary-refined wrist branch met strict wrist-center/orientation/SEW tolerances,,,,,,,,,,,,,,,oracle_inconclusive,,
480,withdrawal,middle,0.7755496825,tiago_sew,NUMERICAL_FAILURE,tiago_semi_analytic,c96a32d,median-body-4344-torso015-J1-root-robot-zminus020-v5,wrist_center,gripper_grasping_frame,,295.112399966456,no exact or boundary-refined wrist branch met strict wrist-center/orientation/SEW tolerances,,,,,,,,,,,,,,,oracle_inconclusive,,
481,withdrawal,middle,0.7734488225,tiago_sew,NUMERICAL_FAILURE,tiago_semi_analytic,c96a32d,median-body-4344-torso015-J1-root-robot-zminus020-v5,wrist_center,gripper_grasping_frame,,289.5558000309393,no exact or boundary-refined wrist branch met strict wrist-center/orientation/SEW tolerances,,,,,,,,,,,,,,,oracle_inconclusive,,
482,withdrawal,middle,0.7716724245,tiago_sew,NUMERICAL_FAILURE,tiago_semi_analytic,c96a32d,median-body-4344-torso015-J1-root-robot-zminus020-v5,wrist_center,gripper_grasping_frame,,298.93629997968674,no exact or boundary-refined wrist branch met strict wrist-center/orientation/SEW tolerances,,,,,,,,,,,,,,,oracle_inconclusive,,
483,withdrawal,middle,0.7696868285,tiago_sew,NUMERICAL_FAILURE,tiago_semi_analytic,c96a32d,median-body-4344-torso015-J1-root-robot-zminus020-v5,wrist_center,gripper_grasping_frame,,342.4697000300512,no exact or boundary-refined wrist branch met strict wrist-center/orientation/SEW tolerances,,,,,,,,,,,,,,,oracle_inconclusive,,
484,withdrawal,middle,0.7676491395,tiago_sew,NUMERICAL_FAILURE,tiago_semi_analytic,c96a32d,median-body-4344-torso015-J1-root-robot-zminus020-v5,wrist_center,gripper_grasping_frame,,298.9586000330746,no exact or boundary-refined wrist branch met strict wrist-center/orientation/SEW tolerances,,,,,,,,,,,,,,,oracle_inconclusive,,
485,withdrawal,middle,0.7657666624999999,tiago_sew,SUCCESS_EXACT,tiago_semi_analytic,c96a32d,median-body-4344-torso015-J1-root-robot-zminus020-v5,wrist_center,gripper_grasping_frame,seed-0-wrist-1,4.682999919168651,,1.9883091695917194,-0.03414204635095177,-1.9635433374907276,1.3610946786710858,-0.05367904036845417,-0.620558463604123,-2.0786757383018992,2.9079662494874887e-09,0.40067910243985233,0.4128638405861855,0.7159686216204408,4.529720103415904e-14,6.970249195520926e-10,0.9009338312603771,reachable_success,116.92469815077482,0.9009338312603771
486,withdrawal,middle,0.7637472535000001,tiago_sew,SUCCESS_EXACT,tiago_semi_analytic,c96a32d,median-body-4344-torso015-J1-root-robot-zminus020-v5,wrist_center,gripper_grasping_frame,seed-0-wrist-0,3.2667999621480703,,1.9721615561861416,-0.05525955638227813,-1.9773888651643097,1.4112490774599178,-0.12328253685560497,-0.6525299403579536,-2.0323505427385884,5.607237633150137e-10,0.3987502412701043,0.40341060241382715,0.7103310135571144,1.4076539273689838e-13,4.503665428952339e-12,3.555172022156254,reachable_success,112.93671156270742,3.555172022156254
487,withdrawal,middle,0.7616421204999999,tiago_sew,SUCCESS_EXACT,tiago_semi_analytic,c96a32d,median-body-4344-torso015-J1-root-robot-zminus020-v5,wrist_center,gripper_grasping_frame,seed-0-wrist-0,3.2595000229775906,,1.9564245362171961,-0.07754299649157541,-1.9912160808732926,1.4614501589432294,-0.18885405134835764,-0.6863234530199569,-1.9954458799184467,9.82664602216811e-10,0.3970003093193784,0.3936831128034576,0.7049166760207678,8.828044917669793e-14,1.664066209341712e-11,5.66965344610374,reachable_success,109.17974052599178,5.66965344610374
488,withdrawal,middle,0.7595594784999999,tiago_sew,SUCCESS_EXACT,tiago_semi_analytic,c96a32d,median-body-4344-torso015-J1-root-robot-zminus020-v5,wrist_center,gripper_grasping_frame,seed-0-wrist-0,3.4397999988868833,,1.9416341966915522,-0.10027969226508143,-2.0046951125643697,1.5103090589199502,-0.2475022702284484,-0.7235145113043018,-1.968761916169469,1.5233557569995141e-09,0.3952836872248607,0.38380448130883493,0.699373021646432,9.382904240380455e-14,1.5597440157897087e-11,7.198531949600251,reachable_success,105.81944510820311,7.198531949600251
489,withdrawal,middle,0.7571787114999999,tiago_sew,SUCCESS_EXACT,tiago_semi_analytic,c96a32d,median-body-4344-torso015-J1-root-robot-zminus020-v5,wrist_center,gripper_grasping_frame,seed-0-wrist-0,3.4893000265583396,,1.9272146325896848,-0.12315032135041636,-2.016281138389729,1.558755882386992,-0.2974137190650268,-0.7608986740529748,-1.9489005907141568,2.461469848328002e-09,0.39299914669232816,0.3737048681367453,0.6936148346135105,1.2732053279695927e-13,3.211088006405567e-11,8.336502073725386,reachable_success,102.95972974048402,8.336502073725386
490,withdrawal,middle,0.7545257265,tiago_sew,SUCCESS_EXACT,tiago_semi_analytic,c96a32d,median-body-4344-torso015-J1-root-robot-zminus020-v5,wrist_center,gripper_grasping_frame,seed-0-wrist-0,2.9679000144824386,,1.913800305285468,-0.145524914615711,-2.0256177136509175,1.6054802818799423,-0.34437672882718395,-0.8015136511772343,-1.9236812163916834,3.4992657433800164e-09,0.39103647246220147,0.3637070814471107,0.6869997508021854,1.849398828810738e-14,4.470587660265119e-11,9.781465784363707,reachable_success,100.26894748788074,9.781465784363707
491,withdrawal,middle,0.7519035345,tiago_sew,SUCCESS_EXACT,tiago_semi_analytic,c96a32d,median-body-4344-torso015-J1-root-robot-zminus020-v5,wrist_center,gripper_grasping_frame,seed-0-wrist-0,2.753300010226667,,1.9019492149056403,-0.1691515103163815,-2.0358784604575484,1.650022939993794,-0.3881130026436921,-0.8386582177054,-1.899118027063051,4.30996838125695e-09,0.38914964257948015,0.3542631600799672,0.6815831598417451,9.367097469798271e-14,8.85211978944926e-11,11.18883286427513,reachable_success,97.76304358656628,11.18883286427513
492,withdrawal,middle,0.7492551275,tiago_sew,SUCCESS_EXACT,tiago_semi_analytic,c96a32d,median-body-4344-torso015-J1-root-robot-zminus020-v5,wrist_center,gripper_grasping_frame,seed-0-wrist-0,3.1377000268548727,,1.890608663797803,-0.19128158860800393,-2.0437791410247437,1.6927686015816947,-0.42951156999018814,-0.871633059604453,-1.868945796988914,5.6091852842587044e-09,0.387381300843078,0.3452841315519515,0.6768735303853404,7.171709507930498e-14,8.859753120684772e-11,12.917574306020871,reachable_success,95.39108039972396,12.917574306020871
493,withdrawal,middle,0.7462881775,tiago_sew,SUCCESS_EXACT,tiago_semi_analytic,c96a32d,median-body-4344-torso015-J1-root-robot-zminus020-v5,wrist_center,gripper_grasping_frame,seed-0-wrist-0,3.381800022907555,,1.8802589484822436,-0.21402660848856553,-2.0507029813779862,1.7338560200504265,-0.46320370995859683,-0.9078945769910312,-1.840815799128908,6.862924014820008e-09,0.38508359971052025,0.33620108626885936,0.6710830041965717,1.360318200002341e-14,1.4872273690523405e-10,14.529304461111254,reachable_success,93.46066297677011,14.529304461111254
494,withdrawal,middle,0.7431755675,tiago_sew,SUCCESS_EXACT,tiago_semi_analytic,c96a32d,median-body-4344-torso015-J1-root-robot-zminus020-v5,wrist_center,gripper_grasping_frame,seed-0-wrist-0,3.3263000659644604,,1.870286977570944,-0.23553832875094374,-2.0553477124524444,1.7729927568983714,-0.49934305314134875,-0.9508933765657579,-1.803828998934466,7.929817716440516e-09,0.3843261764236662,0.32703294076520456,0.6639589551535183,3.3451835551077084e-14,1.767879514144681e-10,16.648492009946434,reachable_success,91.39003113802355,16.648492009946434
495,withdrawal,middle,0.7400906375,tiago_sew,SUCCESS_EXACT,tiago_semi_analytic,c96a32d,median-body-4344-torso015-J1-root-robot-zminus020-v5,wrist_center,gripper_grasping_frame,seed-0-wrist-0,3.3192000119015574,,1.8608143169688134,-0.25771826572549517,-2.059985447761878,1.8122662771386444,-0.5298694297292723,-0.9861572130210896,-1.771626036553692,1.5337604792513103e-08,0.38215139755317357,0.31814070825792007,0.6583779839499925,8.981717908514249e-14,3.245183552590855e-10,18.493585842183347,reachable_success,89.64099859570855,18.493585842183347
496,withdrawal,middle,0.7367564245,tiago_sew,SUCCESS_EXACT,tiago_semi_analytic,c96a32d,median-body-4344-torso015-J1-root-robot-zminus020-v5,wrist_center,gripper_grasping_frame,seed-0-wrist-0,3.3996999263763428,,1.8522815609521142,-0.2815271581000585,-2.0647682150119473,1.8505614827412489,-0.5563913376377432,-1.0238804229083316,-1.7458107492083013,2.1160100285019808e-08,0.37969237309284676,0.30914357963384204,0.6521387485688979,7.163957809540716e-14,5.334935200499644e-10,19.972692853991717,reachable_success,88.12140520791853,19.972692853991717
497,withdrawal,middle,0.7334400335,tiago_sew,SUCCESS_EXACT,tiago_semi_analytic,c96a32d,median-body-4344-torso015-J1-root-robot-zminus020-v5,wrist_center,gripper_grasping_frame,seed-0-wrist-0,3.4748000325635076,,1.8445003152916832,-0.3058798899051774,-2.069307136213978,1.8888164973597656,-0.5793358716281887,-1.0674287730911791,-1.7205167670105297,2.0014830212433604e-13,0.37695556736660707,0.2996213996509369,0.6449404323866899,5.5450318148636994e-14,0.0,19.841025784282568,reachable_success,86.80678024737155,21.42193128100307
498,withdrawal,middle,0.7300328375,tiago_sew,SUCCESS_EXACT,tiago_semi_analytic,c96a32d,median-body-4344-torso015-J1-root-robot-zminus020-v5,wrist_center,gripper_grasping_frame,seed-0-wrist-0,3.418100066483021,,1.8367691577440628,-0.3286457137667257,-2.071579843518379,1.9246822125378482,-0.5977888553070656,-1.104662651997157,-1.7037520704233433,1.576213700060856e-13,0.37377722277790065,0.2906182496509885,0.6382600622792072,1.5066397563284692e-13,2.5444437451708134e-14,17.707681668068854,reachable_success,85.74950216314811,22.38247764026622
499,withdrawal,middle,0.7266297605,tiago_sew,SUCCESS_EXACT,tiago_semi_analytic,c96a32d,median-body-4344-torso015-J1-root-robot-zminus020-v5,wrist_center,gripper_grasping_frame,seed-0-wrist-0,3.7058000452816486,,1.8300364704479863,-0.3530726028832451,-2.074812362165954,1.9598242893338793,-0.6145610213592718,-1.1442697352300537,-1.6956803020959974,2.118352371637509e-13,0.3705511667845959,0.2815102956312116,0.6313663604512306,8.714938270832956e-14,0.0,15.438362960000502,reachable_success,84.78852783506409,22.844955898630513
500,withdrawal,middle,0.7230383455,tiago_sew,SUCCESS_EXACT,tiago_semi_analytic,c96a32d,median-body-4344-torso015-J1-root-robot-zminus020-v5,wrist_center,gripper_grasping_frame,seed-0-wrist-0,3.65359999705106,,1.8242193605307504,-0.3764607567220812,-2.076094189270101,1.992127802540939,-0.6335202899230303,-1.189019655028143,-1.690456977419272,3.287014905352939e-13,0.3685750464906072,0.2725695252548858,0.6233214443048015,8.792300280913923e-14,2.5444437451708134e-14,12.874381422021054,reachable_success,83.70224176370567,23.14423035763342
501,withdrawal,middle,0.7194678955,tiago_sew,SUCCESS_EXACT,tiago_semi_analytic,c96a32d,median-body-4344-torso015-J1-root-robot-zminus020-v5,wrist_center,gripper_grasping_frame,seed-0-wrist-0,3.351799910888076,,1.81856774484759,-0.3991733064826331,-2.0762622637280397,2.0232175511702817,-0.655782302232506,-1.229985750429566,-1.6863541898922323,1.4220500840710912e-13,0.3671850605794737,0.2641610518510325,0.6161624412316917,1.1406236704005877e-13,2.5444437451708134e-14,10.527197052389235,reachable_success,82.42672241490443,23.379302767171705
502,withdrawal,low,0.7157329715,tiago_sew,SUCCESS_EXACT,tiago_semi_analytic,c96a32d,median-body-4344-torso015-J1-root-robot-zminus020-v5,wrist_center,gripper_grasping_frame,seed-0-wrist-0,3.8612999487668276,,1.8130943493132445,-0.4224705239187537,-2.0758178480166527,2.052900084442767,-0.6783667305022156,-1.2710431210729807,-1.6851810940063228,6.206335383118183e-14,0.3662724882276622,0.25583175497607025,0.6088659288613367,5.6595185529980355e-14,2.5444437451708134e-14,8.174782996617246,reachable_success,81.13272999233412,23.44651621039848
503,withdrawal,low,0.7120044255,tiago_sew,SUCCESS_EXACT,tiago_semi_analytic,c96a32d,median-body-4344-torso015-J1-root-robot-zminus020-v5,wrist_center,gripper_grasping_frame,seed-0-wrist-0,3.400999936275184,,1.8080562357830978,-0.4457174364025583,-2.0748306391058122,2.0812033081733916,-0.700824840855752,-1.3081100342531307,-1.6822423826772708,1.576213700060856e-13,0.36522303799339934,0.24803230292842218,0.6022296542777837,2.2599049562806512e-14,2.5444437451708134e-14,6.051005311816807,reachable_success,79.84597505323742,23.614891966760442
504,withdrawal,low,0.7081760715000001,tiago_sew,SUCCESS_EXACT,tiago_semi_analytic,c96a32d,median-body-4344-torso015-J1-root-robot-zminus020-v5,wrist_center,gripper_grasping_frame,seed-0-wrist-0,3.7468000082299113,,1.8041296724314233,-0.4695105552352422,-2.0733839057657755,2.108221568279964,-0.7226998306981525,-1.3477262320489463,-1.6743426722827737,9.71445146547012e-14,0.36411423174740787,0.24027271978432888,0.5950543257054,9.602693290837272e-14,2.5444437451708134e-14,3.781164377761099,reachable_success,78.59263045837633,24.067512031740755
505,withdrawal,low,0.7047968145,tiago_sew,SUCCESS_EXACT,tiago_semi_analytic,c96a32d,median-body-4344-torso015-J1-root-robot-zminus020-v5,wrist_center,gripper_grasping_frame,seed-0-wrist-0,3.334700013510883,,1.8005422284861252,-0.4935312150310463,-2.0732179666108346,2.1351452075196518,-0.7410717709732779,-1.3856373080581652,-1.6602759799711642,3.2398021848425306e-13,0.3623901713889232,0.2324557205072535,0.5886692910921808,7.72958829080694e-14,2.5444437451708134e-14,1.609019725633185,reachable_success,77.53999581914523,24.873474132905102
506,withdrawal,low,0.7009085395,tiago_sew,SUCCESS_EXACT,tiago_semi_analytic,c96a32d,median-body-4344-torso015-J1-root-robot-zminus020-v5,wrist_center,gripper_grasping_frame,seed-13-wrist-0-boundary,155.789399985224,,1.794394282205875,-0.5136739217712499,-2.0669266906269312,2.15746514159824,-0.7578650338386639,-1.4137199999999999,-1.6419975677800314,0.6491785339710161,0.3612818672917102,0.22552652860851766,0.5819693224150039,0.45879733146458307,0.3197096801746461,1.2722218725854067e-14,reachable_success,76.57781273270484,25.92075000765748
507,withdrawal,low,0.6974098814999999,tiago_sew,NUMERICAL_FAILURE,tiago_semi_analytic,c96a32d,median-body-4344-torso015-J1-root-robot-zminus020-v5,wrist_center,gripper_grasping_frame,,159.18920002877712,no exact or boundary-refined wrist branch met strict wrist-center/orientation/SEW tolerances,,,,,,,,,,,,,,,oracle_inconclusive,,
508,withdrawal,low,0.6936666874999999,tiago_sew,NUMERICAL_FAILURE,tiago_semi_analytic,c96a32d,median-body-4344-torso015-J1-root-robot-zminus020-v5,wrist_center,gripper_grasping_frame,,162.14310005307198,no exact or boundary-refined wrist branch met strict wrist-center/orientation/SEW tolerances,,,,,,,,,,,,,,,oracle_inconclusive,,
509,withdrawal,low,0.6899167024999999,tiago_sew,NUMERICAL_FAILURE,tiago_semi_analytic,c96a32d,median-body-4344-torso015-J1-root-robot-zminus020-v5,wrist_center,gripper_grasping_frame,,168.97410003002733,no exact or boundary-refined wrist branch met strict wrist-center/orientation/SEW tolerances,,,,,,,,,,,,,,,oracle_inconclusive,,
510,withdrawal,low,0.6862464755,tiago_sew,NUMERICAL_FAILURE,tiago_semi_analytic,c96a32d,median-body-4344-torso015-J1-root-robot-zminus020-v5,wrist_center,gripper_grasping_frame,,170.37619999609888,no exact or boundary-refined wrist branch met strict wrist-center/orientation/SEW tolerances,,,,,,,,,,,,,,,oracle_inconclusive,,
511,withdrawal,low,0.6825678255000001,tiago_sew,NUMERICAL_FAILURE,tiago_semi_analytic,c96a32d,median-body-4344-torso015-J1-root-robot-zminus020-v5,wrist_center,gripper_grasping_frame,,174.50079997070134,no exact or boundary-refined wrist branch met strict wrist-center/orientation/SEW tolerances,,,,,,,,,,,,,,,oracle_inconclusive,,
512,withdrawal,low,0.6791035615,tiago_sew,NUMERICAL_FAILURE,tiago_semi_analytic,c96a32d,median-body-4344-torso015-J1-root-robot-zminus020-v5,wrist_center,gripper_grasping_frame,,194.8718000203371,no exact or boundary-refined wrist branch met strict wrist-center/orientation/SEW tolerances,,,,,,,,,,,,,,,oracle_inconclusive,,
513,withdrawal,low,0.6755286255,tiago_sew,NUMERICAL_FAILURE,tiago_semi_analytic,c96a32d,median-body-4344-torso015-J1-root-robot-zminus020-v5,wrist_center,gripper_grasping_frame,,201.81480003520846,no exact or boundary-refined wrist branch met strict wrist-center/orientation/SEW tolerances,,,,,,,,,,,,,,,oracle_inconclusive,,
514,withdrawal,low,0.6720131994999999,tiago_sew,NUMERICAL_FAILURE,tiago_semi_analytic,c96a32d,median-body-4344-torso015-J1-root-robot-zminus020-v5,wrist_center,gripper_grasping_frame,,241.47539993282408,no exact or boundary-refined wrist branch met strict wrist-center/orientation/SEW tolerances,,,,,,,,,,,,,,,oracle_inconclusive,,
515,withdrawal,low,0.6688006445,tiago_sew,NUMERICAL_FAILURE,tiago_semi_analytic,c96a32d,median-body-4344-torso015-J1-root-robot-zminus020-v5,wrist_center,gripper_grasping_frame,,208.47000007051975,no exact or boundary-refined wrist branch met strict wrist-center/orientation/SEW tolerances,,,,,,,,,,,,,,,oracle_inconclusive,,
516,withdrawal,low,0.6655952155,tiago_sew,NUMERICAL_FAILURE,tiago_semi_analytic,c96a32d,median-body-4344-torso015-J1-root-robot-zminus020-v5,wrist_center,gripper_grasping_frame,,205.33470006193966,no exact or boundary-refined wrist branch met strict wrist-center/orientation/SEW tolerances,,,,,,,,,,,,,,,oracle_inconclusive,,
517,withdrawal,low,0.6626894225,tiago_sew,NUMERICAL_FAILURE,tiago_semi_analytic,c96a32d,median-body-4344-torso015-J1-root-robot-zminus020-v5,wrist_center,gripper_grasping_frame,,201.83149992953986,no exact or boundary-refined wrist branch met strict wrist-center/orientation/SEW tolerances,,,,,,,,,,,,,,,oracle_inconclusive,,
518,withdrawal,low,0.6597145545,tiago_sew,NUMERICAL_FAILURE,tiago_semi_analytic,c96a32d,median-body-4344-torso015-J1-root-robot-zminus020-v5,wrist_center,gripper_grasping_frame,,203.6019000224769,no exact or boundary-refined wrist branch met strict wrist-center/orientation/SEW tolerances,,,,,,,,,,,,,,,oracle_inconclusive,,
519,withdrawal,low,0.6569936985,tiago_sew,NUMERICAL_FAILURE,tiago_semi_analytic,c96a32d,median-body-4344-torso015-J1-root-robot-zminus020-v5,wrist_center,gripper_grasping_frame,,212.71260001230985,no exact or boundary-refined wrist branch met strict wrist-center/orientation/SEW tolerances,,,,,,,,,,,,,,,oracle_inconclusive,,
520,withdrawal,low,0.6545324555,tiago_sew,NUMERICAL_FAILURE,tiago_semi_analytic,c96a32d,median-body-4344-torso015-J1-root-robot-zminus020-v5,wrist_center,gripper_grasping_frame,,233.08389994781464,no exact or boundary-refined wrist branch met strict wrist-center/orientation/SEW tolerances,,,,,,,,,,,,,,,oracle_inconclusive,,
521,withdrawal,low,0.6521990815,tiago_sew,NUMERICAL_FAILURE,tiago_semi_analytic,c96a32d,median-body-4344-torso015-J1-root-robot-zminus020-v5,wrist_center,gripper_grasping_frame,,230.5288000497967,no exact or boundary-refined wrist branch met strict wrist-center/orientation/SEW tolerances,,,,,,,,,,,,,,,oracle_inconclusive,,
522,withdrawal,low,0.6500365145,tiago_sew,NUMERICAL_FAILURE,tiago_semi_analytic,c96a32d,median-body-4344-torso015-J1-root-robot-zminus020-v5,wrist_center,gripper_grasping_frame,,256.3080000691116,no exact or boundary-refined wrist branch met strict wrist-center/orientation/SEW tolerances,,,,,,,,,,,,,,,oracle_inconclusive,,
523,withdrawal,low,0.6481962434999999,tiago_sew,NUMERICAL_FAILURE,tiago_semi_analytic,c96a32d,median-body-4344-torso015-J1-root-robot-zminus020-v5,wrist_center,gripper_grasping_frame,,234.64560008142143,no exact or boundary-refined wrist branch met strict wrist-center/orientation/SEW tolerances,,,,,,,,,,,,,,,oracle_inconclusive,,
524,withdrawal,low,0.6461966555,tiago_sew,NUMERICAL_FAILURE,tiago_semi_analytic,c96a32d,median-body-4344-torso015-J1-root-robot-zminus020-v5,wrist_center,gripper_grasping_frame,,249.87179995514452,no exact or boundary-refined wrist branch met strict wrist-center/orientation/SEW tolerances,,,,,,,,,,,,,,,oracle_inconclusive,,
525,withdrawal,low,0.6442877505,tiago_sew,NUMERICAL_FAILURE,tiago_semi_analytic,c96a32d,median-body-4344-torso015-J1-root-robot-zminus020-v5,wrist_center,gripper_grasping_frame,,236.95910000242293,no exact or boundary-refined wrist branch met strict wrist-center/orientation/SEW tolerances,,,,,,,,,,,,,,,oracle_inconclusive,,
526,withdrawal,low,0.6422313534999999,tiago_sew,NUMERICAL_FAILURE,tiago_semi_analytic,c96a32d,median-body-4344-torso015-J1-root-robot-zminus020-v5,wrist_center,gripper_grasping_frame,,232.50029992777854,no exact or boundary-refined wrist branch met strict wrist-center/orientation/SEW tolerances,,,,,,,,,,,,,,,oracle_inconclusive,,
527,withdrawal,low,0.6409184725,tiago_sew,NUMERICAL_FAILURE,tiago_semi_analytic,c96a32d,median-body-4344-torso015-J1-root-robot-zminus020-v5,wrist_center,gripper_grasping_frame,,184.47049998212606,no exact or boundary-refined wrist branch met strict wrist-center/orientation/SEW tolerances,,,,,,,,,,,,,,,oracle_inconclusive,,
528,withdrawal,low,0.6391824495,tiago_sew,NUMERICAL_FAILURE,tiago_semi_analytic,c96a32d,median-body-4344-torso015-J1-root-robot-zminus020-v5,wrist_center,gripper_grasping_frame,,179.80789998546243,no exact or boundary-refined wrist branch met strict wrist-center/orientation/SEW tolerances,,,,,,,,,,,,,,,oracle_inconclusive,,
529,withdrawal,low,0.6380029755,tiago_sew,NUMERICAL_FAILURE,tiago_semi_analytic,c96a32d,median-body-4344-torso015-J1-root-robot-zminus020-v5,wrist_center,gripper_grasping_frame,,181.65269994642586,no exact or boundary-refined wrist branch met strict wrist-center/orientation/SEW tolerances,,,,,,,,,,,,,,,oracle_inconclusive,,
530,withdrawal,low,0.6367430725000001,tiago_sew,NUMERICAL_FAILURE,tiago_semi_analytic,c96a32d,median-body-4344-torso015-J1-root-robot-zminus020-v5,wrist_center,gripper_grasping_frame,,174.80759997852147,no exact or boundary-refined wrist branch met strict wrist-center/orientation/SEW tolerances,,,,,,,,,,,,,,,oracle_inconclusive,,
531,withdrawal,low,0.6357197875,tiago_sew,NUMERICAL_FAILURE,tiago_semi_analytic,c96a32d,median-body-4344-torso015-J1-root-robot-zminus020-v5,wrist_center,gripper_grasping_frame,,174.2557999677956,no exact or boundary-refined wrist branch met strict wrist-center/orientation/SEW tolerances,,,,,,,,,,,,,,,oracle_inconclusive,,
532,withdrawal,low,0.6347793735,tiago_sew,NUMERICAL_FAILURE,tiago_semi_analytic,c96a32d,median-body-4344-torso015-J1-root-robot-zminus020-v5,wrist_center,gripper_grasping_frame,,171.9693000195548,no exact or boundary-refined wrist branch met strict wrist-center/orientation/SEW tolerances,,,,,,,,,,,,,,,oracle_inconclusive,,
533,withdrawal,low,0.6340029755,tiago_sew,NUMERICAL_FAILURE,tiago_semi_analytic,c96a32d,median-body-4344-torso015-J1-root-robot-zminus020-v5,wrist_center,gripper_grasping_frame,,177.2995999781415,no exact or boundary-refined wrist branch met strict wrist-center/orientation/SEW tolerances,,,,,,,,,,,,,,,oracle_inconclusive,,
534,withdrawal,low,0.6332664944999999,tiago_sew,NUMERICAL_FAILURE,tiago_semi_analytic,c96a32d,median-body-4344-torso015-J1-root-robot-zminus020-v5,wrist_center,gripper_grasping_frame,,195.83790004253387,no exact or boundary-refined wrist branch met strict wrist-center/orientation/SEW tolerances,,,,,,,,,,,,,,,oracle_inconclusive,,
535,withdrawal,low,0.6326483915,tiago_sew,NUMERICAL_FAILURE,tiago_semi_analytic,c96a32d,median-body-4344-torso015-J1-root-robot-zminus020-v5,wrist_center,gripper_grasping_frame,,186.11749995034188,no exact or boundary-refined wrist branch met strict wrist-center/orientation/SEW tolerances,,,,,,,,,,,,,,,oracle_inconclusive,,
536,withdrawal,low,0.6323486485,tiago_sew,NUMERICAL_FAILURE,tiago_semi_analytic,c96a32d,median-body-4344-torso015-J1-root-robot-zminus020-v5,wrist_center,gripper_grasping_frame,,176.62629997357726,no exact or boundary-refined wrist branch met strict wrist-center/orientation/SEW tolerances,,,,,,,,,,,,,,,oracle_inconclusive,,
537,withdrawal,low,0.6318393405,tiago_sew,NUMERICAL_FAILURE,tiago_semi_analytic,c96a32d,median-body-4344-torso015-J1-root-robot-zminus020-v5,wrist_center,gripper_grasping_frame,,179.42940001375973,no exact or boundary-refined wrist branch met strict wrist-center/orientation/SEW tolerances,,,,,,,,,,,,,,,oracle_inconclusive,,
538,withdrawal,low,0.6313863675,tiago_sew,NUMERICAL_FAILURE,tiago_semi_analytic,c96a32d,median-body-4344-torso015-J1-root-robot-zminus020-v5,wrist_center,gripper_grasping_frame,,178.57770004775375,no exact or boundary-refined wrist branch met strict wrist-center/orientation/SEW tolerances,,,,,,,,,,,,,,,oracle_inconclusive,,
539,withdrawal,low,0.6311635895,tiago_sew,NUMERICAL_FAILURE,tiago_semi_analytic,c96a32d,median-body-4344-torso015-J1-root-robot-zminus020-v5,wrist_center,gripper_grasping_frame,,177.1673000184819,no exact or boundary-refined wrist branch met strict wrist-center/orientation/SEW tolerances,,,,,,,,,,,,,,,oracle_inconclusive,,
540,withdrawal,low,0.6310594485,tiago_sew,NUMERICAL_FAILURE,tiago_semi_analytic,c96a32d,median-body-4344-torso015-J1-root-robot-zminus020-v5,wrist_center,gripper_grasping_frame,,178.2566000474617,no exact or boundary-refined wrist branch met strict wrist-center/orientation/SEW tolerances,,,,,,,,,,,,,,,oracle_inconclusive,,
541,withdrawal,low,0.6309295655,tiago_sew,NUMERICAL_FAILURE,tiago_semi_analytic,c96a32d,median-body-4344-torso015-J1-root-robot-zminus020-v5,wrist_center,gripper_grasping_frame,,180.25580001994967,no exact or boundary-refined wrist branch met strict wrist-center/orientation/SEW tolerances,,,,,,,,,,,,,,,oracle_inconclusive,,
542,withdrawal,low,0.6309302215,tiago_sew,NUMERICAL_FAILURE,tiago_semi_analytic,c96a32d,median-body-4344-torso015-J1-root-robot-zminus020-v5,wrist_center,gripper_grasping_frame,,183.38059994857758,no exact or boundary-refined wrist branch met strict wrist-center/orientation/SEW tolerances,,,,,,,,,,,,,,,oracle_inconclusive,,
543,withdrawal,low,0.6310173795,tiago_sew,NUMERICAL_FAILURE,tiago_semi_analytic,c96a32d,median-body-4344-torso015-J1-root-robot-zminus020-v5,wrist_center,gripper_grasping_frame,,250.01009996049106,no exact or boundary-refined wrist branch met strict wrist-center/orientation/SEW tolerances,,,,,,,,,,,,,,,oracle_inconclusive,,
544,withdrawal,low,0.6311520995,tiago_sew,NUMERICAL_FAILURE,tiago_semi_analytic,c96a32d,median-body-4344-torso015-J1-root-robot-zminus020-v5,wrist_center,gripper_grasping_frame,,252.2445999784395,no exact or boundary-refined wrist branch met strict wrist-center/orientation/SEW tolerances,,,,,,,,,,,,,,,oracle_inconclusive,,
545,withdrawal,low,0.6315720524999999,tiago_sew,NUMERICAL_FAILURE,tiago_semi_analytic,c96a32d,median-body-4344-torso015-J1-root-robot-zminus020-v5,wrist_center,gripper_grasping_frame,,274.1393999895081,no exact or boundary-refined wrist branch met strict wrist-center/orientation/SEW tolerances,,,,,,,,,,,,,,,oracle_inconclusive,,
546,withdrawal,low,0.6317978515,tiago_sew,NUMERICAL_FAILURE,tiago_semi_analytic,c96a32d,median-body-4344-torso015-J1-root-robot-zminus020-v5,wrist_center,gripper_grasping_frame,,262.8870999906212,no exact or boundary-refined wrist branch met strict wrist-center/orientation/SEW tolerances,,,,,,,,,,,,,,,oracle_inconclusive,,
