frame,event,wrist_height_phase,wrist_z_world_m,base_yaw_deg,joint_limit_aware,method,status,backend,model_revision,calibration_revision,position_target_frame,orientation_target_frame,branch_id,solve_time_ms,message,arm_1_joint,arm_2_joint,arm_3_joint,arm_4_joint,arm_5_joint,arm_6_joint,arm_7_joint,wrist_center_position_error_mm,ee_orientation_error_deg,sew_angle_error_deg,joint_limit_margin_deg,grasping_frame_position_x_m,grasping_frame_position_y_m,grasping_frame_position_z_m,classification,j5_limit_margin_deg,j7_limit_margin_deg
246,transfer,low,0.5391029055,-20.0,False,tiago_sew,NUMERICAL_FAILURE,tiago_semi_analytic,c96a32d,median-body-4344-torso015-J1-root-robot-zminus020-v5,wrist_center,gripper_grasping_frame,,173.19519992452115,no exact or boundary-refined wrist branch met strict wrist-center/orientation/SEW tolerances,,,,,,,,,,,,,,,oracle_inconclusive,,
247,transfer,low,0.5414948964999999,-20.0,False,tiago_sew,NUMERICAL_FAILURE,tiago_semi_analytic,c96a32d,median-body-4344-torso015-J1-root-robot-zminus020-v5,wrist_center,gripper_grasping_frame,,175.55320006795228,no exact or boundary-refined wrist branch met strict wrist-center/orientation/SEW tolerances,,,,,,,,,,,,,,,oracle_inconclusive,,
248,transfer,low,0.5440187955,-20.0,False,tiago_sew,NUMERICAL_FAILURE,tiago_semi_analytic,c96a32d,median-body-4344-torso015-J1-root-robot-zminus020-v5,wrist_center,gripper_grasping_frame,,179.3469999684021,no exact or boundary-refined wrist branch met strict wrist-center/orientation/SEW tolerances,,,,,,,,,,,,,,,oracle_inconclusive,,
249,transfer,low,0.5467581635,-20.0,False,tiago_sew,NUMERICAL_FAILURE,tiago_semi_analytic,c96a32d,median-body-4344-torso015-J1-root-robot-zminus020-v5,wrist_center,gripper_grasping_frame,,180.43179996311665,no exact or boundary-refined wrist branch met strict wrist-center/orientation/SEW tolerances,,,,,,,,,,,,,,,oracle_inconclusive,,
250,transfer,low,0.5497920995,-20.0,False,tiago_sew,NUMERICAL_FAILURE,tiago_semi_analytic,c96a32d,median-body-4344-torso015-J1-root-robot-zminus020-v5,wrist_center,gripper_grasping_frame,,190.4672000091523,no exact or boundary-refined wrist branch met strict wrist-center/orientation/SEW tolerances,,,,,,,,,,,,,,,oracle_inconclusive,,
251,transfer,low,0.5527286875,-20.0,False,tiago_sew,NUMERICAL_FAILURE,tiago_semi_analytic,c96a32d,median-body-4344-torso015-J1-root-robot-zminus020-v5,wrist_center,gripper_grasping_frame,,189.89280005916953,no exact or boundary-refined wrist branch met strict wrist-center/orientation/SEW tolerances,,,,,,,,,,,,,,,oracle_inconclusive,,
252,transfer,low,0.5561167455,-20.0,False,tiago_sew,NUMERICAL_FAILURE,tiago_semi_analytic,c96a32d,median-body-4344-torso015-J1-root-robot-zminus020-v5,wrist_center,gripper_grasping_frame,,190.03450009040534,no exact or boundary-refined wrist branch met strict wrist-center/orientation/SEW tolerances,,,,,,,,,,,,,,,oracle_inconclusive,,
253,transfer,low,0.5594463195,-20.0,False,tiago_sew,NUMERICAL_FAILURE,tiago_semi_analytic,c96a32d,median-body-4344-torso015-J1-root-robot-zminus020-v5,wrist_center,gripper_grasping_frame,,197.36809993628412,no exact or boundary-refined wrist branch met strict wrist-center/orientation/SEW tolerances,,,,,,,,,,,,,,,oracle_inconclusive,,
254,transfer,low,0.5634185415,-20.0,False,tiago_sew,NUMERICAL_FAILURE,tiago_semi_analytic,c96a32d,median-body-4344-torso015-J1-root-robot-zminus020-v5,wrist_center,gripper_grasping_frame,,212.25690003484488,no exact or boundary-refined wrist branch met strict wrist-center/orientation/SEW tolerances,,,,,,,,,,,,,,,oracle_inconclusive,,
255,transfer,low,0.5671762395,-20.0,False,tiago_sew,NUMERICAL_FAILURE,tiago_semi_analytic,c96a32d,median-body-4344-torso015-J1-root-robot-zminus020-v5,wrist_center,gripper_grasping_frame,,273.1830000411719,no exact or boundary-refined wrist branch met strict wrist-center/orientation/SEW tolerances,,,,,,,,,,,,,,,oracle_inconclusive,,
256,transfer,low,0.5715490114999999,-20.0,False,tiago_sew,NUMERICAL_FAILURE,tiago_semi_analytic,c96a32d,median-body-4344-torso015-J1-root-robot-zminus020-v5,wrist_center,gripper_grasping_frame,,271.9793999567628,no exact or boundary-refined wrist branch met strict wrist-center/orientation/SEW tolerances,,,,,,,,,,,,,,,oracle_inconclusive,,
257,transfer,low,0.5757935565,-20.0,False,tiago_sew,NUMERICAL_FAILURE,tiago_semi_analytic,c96a32d,median-body-4344-torso015-J1-root-robot-zminus020-v5,wrist_center,gripper_grasping_frame,,275.47620004042983,no exact or boundary-refined wrist branch met strict wrist-center/orientation/SEW tolerances,,,,,,,,,,,,,,,oracle_inconclusive,,
258,transfer,low,0.5799008405,-20.0,False,tiago_sew,NUMERICAL_FAILURE,tiago_semi_analytic,c96a32d,median-body-4344-torso015-J1-root-robot-zminus020-v5,wrist_center,gripper_grasping_frame,,320.1569999800995,no exact or boundary-refined wrist branch met strict wrist-center/orientation/SEW tolerances,,,,,,,,,,,,,,,oracle_inconclusive,,
259,transfer,low,0.5845581745,-20.0,False,tiago_sew,NUMERICAL_FAILURE,tiago_semi_analytic,c96a32d,median-body-4344-torso015-J1-root-robot-zminus020-v5,wrist_center,gripper_grasping_frame,,384.4834000337869,no exact or boundary-refined wrist branch met strict wrist-center/orientation/SEW tolerances,,,,,,,,,,,,,,,oracle_inconclusive,,
260,transfer,low,0.5893740775,-20.0,False,tiago_sew,NUMERICAL_FAILURE,tiago_semi_analytic,c96a32d,median-body-4344-torso015-J1-root-robot-zminus020-v5,wrist_center,gripper_grasping_frame,,491.72699998598546,no exact or boundary-refined wrist branch met strict wrist-center/orientation/SEW tolerances,,,,,,,,,,,,,,,oracle_inconclusive,,
261,transfer,low,0.5941267855,-20.0,False,tiago_sew,NUMERICAL_FAILURE,tiago_semi_analytic,c96a32d,median-body-4344-torso015-J1-root-robot-zminus020-v5,wrist_center,gripper_grasping_frame,,407.78909996151924,no exact or boundary-refined wrist branch met strict wrist-center/orientation/SEW tolerances,,,,,,,,,,,,,,,oracle_inconclusive,,
262,transfer,low,0.5992256855,-20.0,False,tiago_sew,NUMERICAL_FAILURE,tiago_semi_analytic,c96a32d,median-body-4344-torso015-J1-root-robot-zminus020-v5,wrist_center,gripper_grasping_frame,,385.2107999846339,no exact or boundary-refined wrist branch met strict wrist-center/orientation/SEW tolerances,,,,,,,,,,,,,,,oracle_inconclusive,,
263,transfer,low,0.6042907184999999,-20.0,False,tiago_sew,NUMERICAL_FAILURE,tiago_semi_analytic,c96a32d,median-body-4344-torso015-J1-root-robot-zminus020-v5,wrist_center,gripper_grasping_frame,,380.08180004544556,no exact or boundary-refined wrist branch met strict wrist-center/orientation/SEW tolerances,,,,,,,,,,,,,,,oracle_inconclusive,,
264,transfer,low,0.6095669555,-20.0,False,tiago_sew,NUMERICAL_FAILURE,tiago_semi_analytic,c96a32d,median-body-4344-torso015-J1-root-robot-zminus020-v5,wrist_center,gripper_grasping_frame,,422.33390000183135,no exact or boundary-refined wrist branch met strict wrist-center/orientation/SEW tolerances,,,,,,,,,,,,,,,oracle_inconclusive,,
265,transfer,low,0.6145818785,-20.0,False,tiago_sew,NUMERICAL_FAILURE,tiago_semi_analytic,c96a32d,median-body-4344-torso015-J1-root-robot-zminus020-v5,wrist_center,gripper_grasping_frame,,410.05929990205914,no exact or boundary-refined wrist branch met strict wrist-center/orientation/SEW tolerances,,,,,,,,,,,,,,,oracle_inconclusive,,
266,transfer,low,0.6199098515,-20.0,False,tiago_sew,NUMERICAL_FAILURE,tiago_semi_analytic,c96a32d,median-body-4344-torso015-J1-root-robot-zminus020-v5,wrist_center,gripper_grasping_frame,,391.984699992463,no exact or boundary-refined wrist branch met strict wrist-center/orientation/SEW tolerances,,,,,,,,,,,,,,,oracle_inconclusive,,
267,transfer,low,0.6249511114999999,-20.0,False,tiago_sew,NUMERICAL_FAILURE,tiago_semi_analytic,c96a32d,median-body-4344-torso015-J1-root-robot-zminus020-v5,wrist_center,gripper_grasping_frame,,391.2177999736741,no exact or boundary-refined wrist branch met strict wrist-center/orientation/SEW tolerances,,,,,,,,,,,,,,,oracle_inconclusive,,
268,transfer,low,0.6300454405,-20.0,False,tiago_sew,NUMERICAL_FAILURE,tiago_semi_analytic,c96a32d,median-body-4344-torso015-J1-root-robot-zminus020-v5,wrist_center,gripper_grasping_frame,,378.5577000817284,no exact or boundary-refined wrist branch met strict wrist-center/orientation/SEW tolerances,,,,,,,,,,,,,,,oracle_inconclusive,,
269,transfer,low,0.6349883574999999,-20.0,False,tiago_sew,NUMERICAL_FAILURE,tiago_semi_analytic,c96a32d,median-body-4344-torso015-J1-root-robot-zminus020-v5,wrist_center,gripper_grasping_frame,,328.05010001175106,no exact or boundary-refined wrist branch met strict wrist-center/orientation/SEW tolerances,,,,,,,,,,,,,,,oracle_inconclusive,,
270,transfer,low,0.6401263884999999,-20.0,False,tiago_sew,NUMERICAL_FAILURE,tiago_semi_analytic,c96a32d,median-body-4344-torso015-J1-root-robot-zminus020-v5,wrist_center,gripper_grasping_frame,,349.94920005556196,no exact or boundary-refined wrist branch met strict wrist-center/orientation/SEW tolerances,,,,,,,,,,,,,,,oracle_inconclusive,,
271,transfer,low,0.6449289855,-20.0,False,tiago_sew,NUMERICAL_FAILURE,tiago_semi_analytic,c96a32d,median-body-4344-torso015-J1-root-robot-zminus020-v5,wrist_center,gripper_grasping_frame,,321.03750004898757,no exact or boundary-refined wrist branch met strict wrist-center/orientation/SEW tolerances,,,,,,,,,,,,,,,oracle_inconclusive,,
272,transfer,low,0.6496673585,-20.0,False,tiago_sew,NUMERICAL_FAILURE,tiago_semi_analytic,c96a32d,median-body-4344-torso015-J1-root-robot-zminus020-v5,wrist_center,gripper_grasping_frame,,327.8053000103682,no exact or boundary-refined wrist branch met strict wrist-center/orientation/SEW tolerances,,,,,,,,,,,,,,,oracle_inconclusive,,
273,transfer,low,0.6542023925,-20.0,False,tiago_sew,NUMERICAL_FAILURE,tiago_semi_analytic,c96a32d,median-body-4344-torso015-J1-root-robot-zminus020-v5,wrist_center,gripper_grasping_frame,,322.51079997513443,no exact or boundary-refined wrist branch met strict wrist-center/orientation/SEW tolerances,,,,,,,,,,,,,,,oracle_inconclusive,,
274,transfer,low,0.6580980985,-20.0,False,tiago_sew,NUMERICAL_FAILURE,tiago_semi_analytic,c96a32d,median-body-4344-torso015-J1-root-robot-zminus020-v5,wrist_center,gripper_grasping_frame,,297.3952000029385,no exact or boundary-refined wrist branch met strict wrist-center/orientation/SEW tolerances,,,,,,,,,,,,,,,oracle_inconclusive,,
275,transfer,low,0.6620984195,-20.0,False,tiago_sew,NUMERICAL_FAILURE,tiago_semi_analytic,c96a32d,median-body-4344-torso015-J1-root-robot-zminus020-v5,wrist_center,gripper_grasping_frame,,279.2714999523014,no exact or boundary-refined wrist branch met strict wrist-center/orientation/SEW tolerances,,,,,,,,,,,,,,,oracle_inconclusive,,
276,transfer,low,0.6656996005,-20.0,False,tiago_sew,NUMERICAL_FAILURE,tiago_semi_analytic,c96a32d,median-body-4344-torso015-J1-root-robot-zminus020-v5,wrist_center,gripper_grasping_frame,,270.6857000011951,no exact or boundary-refined wrist branch met strict wrist-center/orientation/SEW tolerances,,,,,,,,,,,,,,,oracle_inconclusive,,
277,transfer,low,0.6692936094999999,-20.0,False,tiago_sew,NUMERICAL_FAILURE,tiago_semi_analytic,c96a32d,median-body-4344-torso015-J1-root-robot-zminus020-v5,wrist_center,gripper_grasping_frame,,253.58929997310042,no exact or boundary-refined wrist branch met strict wrist-center/orientation/SEW tolerances,,,,,,,,,,,,,,,oracle_inconclusive,,
278,transfer,low,0.6724705815,-20.0,False,tiago_sew,NUMERICAL_FAILURE,tiago_semi_analytic,c96a32d,median-body-4344-torso015-J1-root-robot-zminus020-v5,wrist_center,gripper_grasping_frame,,259.52459999825805,no exact or boundary-refined wrist branch met strict wrist-center/orientation/SEW tolerances,,,,,,,,,,,,,,,oracle_inconclusive,,
279,transfer,low,0.6756038515,-20.0,False,tiago_sew,NUMERICAL_FAILURE,tiago_semi_analytic,c96a32d,median-body-4344-torso015-J1-root-robot-zminus020-v5,wrist_center,gripper_grasping_frame,,282.98889996949583,no exact or boundary-refined wrist branch met strict wrist-center/orientation/SEW tolerances,,,,,,,,,,,,,,,oracle_inconclusive,,
280,transfer,low,0.6786935425,-20.0,False,tiago_sew,NUMERICAL_FAILURE,tiago_semi_analytic,c96a32d,median-body-4344-torso015-J1-root-robot-zminus020-v5,wrist_center,gripper_grasping_frame,,253.0824999557808,no exact or boundary-refined wrist branch met strict wrist-center/orientation/SEW tolerances,,,,,,,,,,,,,,,oracle_inconclusive,,
281,transfer,low,0.6813432615,-20.0,False,tiago_sew,NUMERICAL_FAILURE,tiago_semi_analytic,c96a32d,median-body-4344-torso015-J1-root-robot-zminus020-v5,wrist_center,gripper_grasping_frame,,210.27409995440394,no exact or boundary-refined wrist branch met strict wrist-center/orientation/SEW tolerances,,,,,,,,,,,,,,,oracle_inconclusive,,
282,transfer,low,0.6840066535,-20.0,False,tiago_sew,NUMERICAL_FAILURE,tiago_semi_analytic,c96a32d,median-body-4344-torso015-J1-root-robot-zminus020-v5,wrist_center,gripper_grasping_frame,,204.37729998957366,no exact or boundary-refined wrist branch met strict wrist-center/orientation/SEW tolerances,,,,,,,,,,,,,,,oracle_inconclusive,,
283,transfer,low,0.6863383945,-20.0,False,tiago_sew,NUMERICAL_FAILURE,tiago_semi_analytic,c96a32d,median-body-4344-torso015-J1-root-robot-zminus020-v5,wrist_center,gripper_grasping_frame,,203.1441000290215,no exact or boundary-refined wrist branch met strict wrist-center/orientation/SEW tolerances,,,,,,,,,,,,,,,oracle_inconclusive,,
284,transfer,low,0.6886425785,-20.0,False,tiago_sew,NUMERICAL_FAILURE,tiago_semi_analytic,c96a32d,median-body-4344-torso015-J1-root-robot-zminus020-v5,wrist_center,gripper_grasping_frame,,194.78799996431917,no exact or boundary-refined wrist branch met strict wrist-center/orientation/SEW tolerances,,,,,,,,,,,,,,,oracle_inconclusive,,
285,transfer,low,0.6909087225,-20.0,False,tiago_sew,NUMERICAL_FAILURE,tiago_semi_analytic,c96a32d,median-body-4344-torso015-J1-root-robot-zminus020-v5,wrist_center,gripper_grasping_frame,,195.50839997828007,no exact or boundary-refined wrist branch met strict wrist-center/orientation/SEW tolerances,,,,,,,,,,,,,,,oracle_inconclusive,,
286,transfer,low,0.6929632415,-20.0,False,tiago_sew,NUMERICAL_FAILURE,tiago_semi_analytic,c96a32d,median-body-4344-torso015-J1-root-robot-zminus020-v5,wrist_center,gripper_grasping_frame,,194.13720001466572,no exact or boundary-refined wrist branch met strict wrist-center/orientation/SEW tolerances,,,,,,,,,,,,,,,oracle_inconclusive,,
287,transfer,low,0.6949409485,-20.0,False,tiago_sew,NUMERICAL_FAILURE,tiago_semi_analytic,c96a32d,median-body-4344-torso015-J1-root-robot-zminus020-v5,wrist_center,gripper_grasping_frame,,171.2501000147313,no exact or boundary-refined wrist branch met strict wrist-center/orientation/SEW tolerances,,,,,,,,,,,,,,,oracle_inconclusive,,
288,transfer,low,0.6967947695,-20.0,False,tiago_sew,NUMERICAL_FAILURE,tiago_semi_analytic,c96a32d,median-body-4344-torso015-J1-root-robot-zminus020-v5,wrist_center,gripper_grasping_frame,,262.79059995431453,no exact or boundary-refined wrist branch met strict wrist-center/orientation/SEW tolerances,,,,,,,,,,,,,,,oracle_inconclusive,,
289,transfer,low,0.6984560705,-20.0,False,tiago_sew,NUMERICAL_FAILURE,tiago_semi_analytic,c96a32d,median-body-4344-torso015-J1-root-robot-zminus020-v5,wrist_center,gripper_grasping_frame,,204.2838999768719,no exact or boundary-refined wrist branch met strict wrist-center/orientation/SEW tolerances,,,,,,,,,,,,,,,oracle_inconclusive,,
290,transfer,low,0.7002297365,-20.0,False,tiago_sew,NUMERICAL_FAILURE,tiago_semi_analytic,c96a32d,median-body-4344-torso015-J1-root-robot-zminus020-v5,wrist_center,gripper_grasping_frame,,203.39080004487187,no exact or boundary-refined wrist branch met strict wrist-center/orientation/SEW tolerances,,,,,,,,,,,,,,,oracle_inconclusive,,
291,transfer,low,0.7019214025,-20.0,False,tiago_sew,NUMERICAL_FAILURE,tiago_semi_analytic,c96a32d,median-body-4344-torso015-J1-root-robot-zminus020-v5,wrist_center,gripper_grasping_frame,,192.91820004582405,no exact or boundary-refined wrist branch met strict wrist-center/orientation/SEW tolerances,,,,,,,,,,,,,,,oracle_inconclusive,,
292,transfer,low,0.7035164945,-20.0,False,tiago_sew,NUMERICAL_FAILURE,tiago_semi_analytic,c96a32d,median-body-4344-torso015-J1-root-robot-zminus020-v5,wrist_center,gripper_grasping_frame,,191.19500007946044,no exact or boundary-refined wrist branch met strict wrist-center/orientation/SEW tolerances,,,,,,,,,,,,,,,oracle_inconclusive,,
293,transfer,low,0.7051006475,-20.0,False,tiago_sew,NUMERICAL_FAILURE,tiago_semi_analytic,c96a32d,median-body-4344-torso015-J1-root-robot-zminus020-v5,wrist_center,gripper_grasping_frame,,189.71579999197274,no exact or boundary-refined wrist branch met strict wrist-center/orientation/SEW tolerances,,,,,,,,,,,,,,,oracle_inconclusive,,
294,transfer,low,0.7065601045,-20.0,False,tiago_sew,NUMERICAL_FAILURE,tiago_semi_analytic,c96a32d,median-body-4344-torso015-J1-root-robot-zminus020-v5,wrist_center,gripper_grasping_frame,,188.47190006636083,no exact or boundary-refined wrist branch met strict wrist-center/orientation/SEW tolerances,,,,,,,,,,,,,,,oracle_inconclusive,,
295,transfer,low,0.7079556585,-20.0,False,tiago_sew,NUMERICAL_FAILURE,tiago_semi_analytic,c96a32d,median-body-4344-torso015-J1-root-robot-zminus020-v5,wrist_center,gripper_grasping_frame,,181.54289992526174,no exact or boundary-refined wrist branch met strict wrist-center/orientation/SEW tolerances,,,,,,,,,,,,,,,oracle_inconclusive,,
296,transfer,low,0.7093632665,-20.0,False,tiago_sew,NUMERICAL_FAILURE,tiago_semi_analytic,c96a32d,median-body-4344-torso015-J1-root-robot-zminus020-v5,wrist_center,gripper_grasping_frame,,189.53099998179823,no exact or boundary-refined wrist branch met strict wrist-center/orientation/SEW tolerances,,,,,,,,,,,,,,,oracle_inconclusive,,
297,transfer,low,0.7106765445000001,-20.0,False,tiago_sew,NUMERICAL_FAILURE,tiago_semi_analytic,c96a32d,median-body-4344-torso015-J1-root-robot-zminus020-v5,wrist_center,gripper_grasping_frame,,182.6658999780193,no exact or boundary-refined wrist branch met strict wrist-center/orientation/SEW tolerances,,,,,,,,,,,,,,,oracle_inconclusive,,
298,transfer,low,0.7119821325,-20.0,False,tiago_sew,NUMERICAL_FAILURE,tiago_semi_analytic,c96a32d,median-body-4344-torso015-J1-root-robot-zminus020-v5,wrist_center,gripper_grasping_frame,,194.6248000022024,no exact or boundary-refined wrist branch met strict wrist-center/orientation/SEW tolerances,,,,,,,,,,,,,,,oracle_inconclusive,,
299,transfer,low,0.7133957365,-20.0,False,tiago_sew,NUMERICAL_FAILURE,tiago_semi_analytic,c96a32d,median-body-4344-torso015-J1-root-robot-zminus020-v5,wrist_center,gripper_grasping_frame,,179.6625000424683,no exact or boundary-refined wrist branch met strict wrist-center/orientation/SEW tolerances,,,,,,,,,,,,,,,oracle_inconclusive,,
300,transfer,low,0.7147060245,-20.0,False,tiago_sew,NUMERICAL_FAILURE,tiago_semi_analytic,c96a32d,median-body-4344-torso015-J1-root-robot-zminus020-v5,wrist_center,gripper_grasping_frame,,173.93739998806268,no exact or boundary-refined wrist branch met strict wrist-center/orientation/SEW tolerances,,,,,,,,,,,,,,,oracle_inconclusive,,
301,transfer,low,0.7161315155,-20.0,False,tiago_sew,NUMERICAL_FAILURE,tiago_semi_analytic,c96a32d,median-body-4344-torso015-J1-root-robot-zminus020-v5,wrist_center,gripper_grasping_frame,,195.84380008745939,no exact or boundary-refined wrist branch met strict wrist-center/orientation/SEW tolerances,,,,,,,,,,,,,,,oracle_inconclusive,,
302,transfer,middle,0.7174412695,-20.0,False,tiago_sew,NUMERICAL_FAILURE,tiago_semi_analytic,c96a32d,median-body-4344-torso015-J1-root-robot-zminus020-v5,wrist_center,gripper_grasping_frame,,177.56949993781745,no exact or boundary-refined wrist branch met strict wrist-center/orientation/SEW tolerances,,,,,,,,,,,,,,,oracle_inconclusive,,
303,transfer,middle,0.7186700595,-20.0,False,tiago_sew,NUMERICAL_FAILURE,tiago_semi_analytic,c96a32d,median-body-4344-torso015-J1-root-robot-zminus020-v5,wrist_center,gripper_grasping_frame,,173.47509996034205,no exact or boundary-refined wrist branch met strict wrist-center/orientation/SEW tolerances,,,,,,,,,,,,,,,oracle_inconclusive,,
304,transfer,middle,0.7200642855,-20.0,False,tiago_sew,NUMERICAL_FAILURE,tiago_semi_analytic,c96a32d,median-body-4344-torso015-J1-root-robot-zminus020-v5,wrist_center,gripper_grasping_frame,,172.81459993682802,no exact or boundary-refined wrist branch met strict wrist-center/orientation/SEW tolerances,,,,,,,,,,,,,,,oracle_inconclusive,,
305,transfer,middle,0.7211980445,-20.0,False,tiago_sew,NUMERICAL_FAILURE,tiago_semi_analytic,c96a32d,median-body-4344-torso015-J1-root-robot-zminus020-v5,wrist_center,gripper_grasping_frame,,190.04170002881438,no exact or boundary-refined wrist branch met strict wrist-center/orientation/SEW tolerances,,,,,,,,,,,,,,,oracle_inconclusive,,
306,transfer,middle,0.7224806675,-20.0,False,tiago_sew,NUMERICAL_FAILURE,tiago_semi_analytic,c96a32d,median-body-4344-torso015-J1-root-robot-zminus020-v5,wrist_center,gripper_grasping_frame,,218.61330000683665,no exact or boundary-refined wrist branch met strict wrist-center/orientation/SEW tolerances,,,,,,,,,,,,,,,oracle_inconclusive,,
307,transfer,middle,0.7238728025,-20.0,False,tiago_sew,NUMERICAL_FAILURE,tiago_semi_analytic,c96a32d,median-body-4344-torso015-J1-root-robot-zminus020-v5,wrist_center,gripper_grasping_frame,,226.50079999584705,no exact or boundary-refined wrist branch met strict wrist-center/orientation/SEW tolerances,,,,,,,,,,,,,,,oracle_inconclusive,,
308,transfer,middle,0.7250418095,-20.0,False,tiago_sew,SUCCESS_EXACT,tiago_semi_analytic,c96a32d,median-body-4344-torso015-J1-root-robot-zminus020-v5,wrist_center,gripper_grasping_frame,seed-0-wrist-1,9.701799950562418,,1.6772333689585333,-0.35930522991004704,-2.028857491017067,2.353197200955193,0.11219211087642078,-0.5490927984749923,-1.803751352293574,6.768449782307577e-07,4.859075337800286e-14,3.220431203837834e-08,0.17147475419820513,0.3088599399930119,0.34172254448002737,0.729988039727846,reachable_success,113.57214616431692,16.652940834762916
309,transfer,middle,0.7262054595,-20.0,False,tiago_sew,SUCCESS_EXACT,tiago_semi_analytic,c96a32d,median-body-4344-torso015-J1-root-robot-zminus020-v5,wrist_center,gripper_grasping_frame,seed-0-wrist-0,2.9709000373259187,,1.6829588141437533,-0.35205062582478874,-2.029453523481295,2.3445885510059994,0.12233762928234704,-0.5428241250687975,-1.8113051862940415,1.570092458683775e-13,3.9723600346333403e-14,2.5444437451708134e-14,0.6647140635925174,0.3092831511396201,0.3442619002750017,0.7316992966194951,reachable_success,112.99085077868504,16.220138027393705
310,transfer,middle,0.7274549865,-20.0,False,tiago_sew,SUCCESS_EXACT,tiago_semi_analytic,c96a32d,median-body-4344-torso015-J1-root-robot-zminus020-v5,wrist_center,gripper_grasping_frame,seed-0-wrist-0,3.4498999593779445,,1.6895211642541534,-0.3459358043829576,-2.0311077860543416,2.336267915745086,0.1270144942173146,-0.5419942513562535,-1.8129037829930361,2.482534153247273e-13,8.585424026135276e-14,0.0,1.1414513469105974,0.3098992814752954,0.3470799601792157,0.7326607365180792,reachable_success,112.72288615655869,16.128545183397765
311,transfer,middle,0.7286451414999999,-20.0,False,tiago_sew,SUCCESS_EXACT,tiago_semi_analytic,c96a32d,median-body-4344-torso015-J1-root-robot-zminus020-v5,wrist_center,gripper_grasping_frame,seed-0-wrist-0,3.252499969676137,,1.6958863690446349,-0.3392315892828357,-2.0320276294719744,2.32804216425553,0.13261120958343975,-0.536797086699238,-1.8151527469997113,1.2719202621569003e-13,4.9630700573286013e-14,2.5444437451708134e-14,1.6127521905855975,0.31037379477193006,0.3498826035670023,0.7342915555931605,reachable_success,112.4022179869437,15.999689037538447
312,transfer,middle,0.7296663365,-20.0,False,tiago_sew,SUCCESS_EXACT,tiago_semi_analytic,c96a32d,median-body-4344-torso015-J1-root-robot-zminus020-v5,wrist_center,gripper_grasping_frame,seed-0-wrist-0,3.277700045146048,,1.7020984564888069,-0.33318331892460223,-2.0325376444482637,2.319736478706422,0.13064317359729127,-0.5387541108630671,-1.812968292587147,3.152427400121712e-13,2.3404533420149377e-14,2.5444437451708134e-14,2.0886329185122925,0.31151924336152115,0.3530772550728404,0.7342690612922772,reachable_success,112.51497814287987,16.124849055917107
313,transfer,middle,0.7309205624999999,-20.0,False,tiago_sew,SUCCESS_EXACT,tiago_semi_analytic,c96a32d,median-body-4344-torso015-J1-root-robot-zminus020-v5,wrist_center,gripper_grasping_frame,seed-0-wrist-0,3.4311000490561128,,1.7082272900686777,-0.32492971281279787,-2.0325609995692044,2.310704133692555,0.1303026562964833,-0.5378378646729933,-1.8098386797135149,2.2377260456559047e-13,2.6746949105968783e-14,2.5444437451708134e-14,2.6061481669128894,0.31266770865754806,0.3564091656244895,0.7347314501238897,reachable_success,112.53448834706735,16.304162665086043
314,transfer,middle,0.7320657655,-20.0,False,tiago_sew,SUCCESS_EXACT,tiago_semi_analytic,c96a32d,median-body-4344-torso015-J1-root-robot-zminus020-v5,wrist_center,gripper_grasping_frame,seed-0-wrist-0,3.169699921272695,,1.7139582402871598,-0.31889339010905426,-2.0334822370051184,2.30189272365305,0.13706198532659464,-0.5293334249639168,-1.8179221243434256,3.295791996826257e-13,4.7339435584911095e-14,2.5444437451708134e-14,3.1110047737357363,0.31356311700716594,0.35913870382142965,0.7371370859935067,reachable_success,112.14720732130172,15.841015403864468
315,transfer,middle,0.7333646245,-20.0,False,tiago_sew,SUCCESS_EXACT,tiago_semi_analytic,c96a32d,median-body-4344-torso015-J1-root-robot-zminus020-v5,wrist_center,gripper_grasping_frame,seed-0-wrist-0,2.814000006765127,,1.720830559513891,-0.31159947484391126,-2.034156575956104,2.2923116128525387,0.14220008342212553,-0.528254292668934,-1.8186527655535727,1.6653345369377348e-13,3.001757272600827e-14,0.0,3.6599619856522416,0.31427137476158357,0.3623895012679244,0.7379736588267225,reachable_success,111.85281598570359,15.799152746184708
316,transfer,middle,0.7347269285,-20.0,False,tiago_sew,SUCCESS_EXACT,tiago_semi_analytic,c96a32d,median-body-4344-torso015-J1-root-robot-zminus020-v5,wrist_center,gripper_grasping_frame,seed-0-wrist-0,3.144299960695207,,1.727431929686667,-0.30612006017180216,-2.0362336296357686,2.2828164712196504,0.14425959233093755,-0.52403599063978,-1.8188368848485048,2.0014830212433604e-13,5.1747682016739964e-14,2.5444437451708134e-14,4.2039935270957,0.3156342587498989,0.3655499466972383,0.7399616119651266,reachable_success,111.73481481735907,15.788603487658174
317,transfer,middle,0.7359221045,-20.0,False,tiago_sew,SUCCESS_EXACT,tiago_semi_analytic,c96a32d,median-body-4344-torso015-J1-root-robot-zminus020-v5,wrist_center,gripper_grasping_frame,seed-0-wrist-0,4.022200009785593,,1.7329282684179192,-0.2970505893108648,-2.0350779036216005,2.2725052331598654,0.15407836082874393,-0.5256015614010185,-1.8224248217615555,1.3597399555105182e-13,1.8275516244910594e-14,2.5444437451708134e-14,4.794783949476042,0.3163558673491738,0.36862064008560874,0.7397132081449137,reachable_success,111.17224082241876,15.583029845381171
318,transfer,middle,0.7371822205,-20.0,False,tiago_sew,SUCCESS_EXACT,tiago_semi_analytic,c96a32d,median-body-4344-torso015-J1-root-robot-zminus020-v5,wrist_center,gripper_grasping_frame,seed-0-wrist-0,3.674300038255751,,1.7391617348677222,-0.2906885443607185,-2.0359397375243105,2.2623631592143356,0.1642857258890742,-0.5175160642959766,-1.8314889401843395,1.1443916996305594e-13,3.3686447968813433e-14,0.0,5.375881982064494,0.31725351057819606,0.3715872471282795,0.7421989708297363,reachable_success,110.58740188451253,15.063694114748872
319,transfer,middle,0.7384448855,-20.0,False,tiago_sew,SUCCESS_EXACT,tiago_semi_analytic,c96a32d,median-body-4344-torso015-J1-root-robot-zminus020-v5,wrist_center,gripper_grasping_frame,seed-0-wrist-0,3.3849000465124846,,1.7454791908114267,-0.2841027575753525,-2.0365831418172085,2.252164192772586,0.16947763085713152,-0.5189515344894713,-1.8364484581584124,1.2719202621569003e-13,3.744924472742783e-14,2.5444437451708134e-14,5.9602397145723085,0.3183657538389858,0.37481863139760135,0.7426369474128717,reachable_success,110.28992764220985,14.779534666415222
320,transfer,middle,0.7398752905,-20.0,False,tiago_sew,SUCCESS_EXACT,tiago_semi_analytic,c96a32d,median-body-4344-torso015-J1-root-robot-zminus020-v5,wrist_center,gripper_grasping_frame,seed-0-wrist-0,3.277899930253625,,1.7507112157808264,-0.2761246563848116,-2.036868283950109,2.240674853990133,0.17846154957230986,-0.5165642754867097,-1.8429165279635944,2.482534153247273e-13,4.03816105813029e-14,0.0,6.6185303362028325,0.3200460365731949,0.37794984167749957,0.7438679730188893,reachable_success,109.77518701634153,14.408941564982289
321,transfer,middle,0.7410793915,-20.0,False,tiago_sew,SUCCESS_EXACT,tiago_semi_analytic,c96a32d,median-body-4344-torso015-J1-root-robot-zminus020-v5,wrist_center,gripper_grasping_frame,seed-0-wrist-0,3.367600031197071,,1.7566465933187538,-0.26991104749932343,-2.03734152364756,2.229886616096781,0.18565991997256592,-0.512589906907785,-1.85072150998987,3.040470972244059e-13,4.9017584978823144e-14,2.5444437451708134e-14,7.236650835875004,0.32148037546814145,0.38115277328929364,0.7454417917325906,reachable_success,109.36275077303496,13.961749035701235
322,transfer,middle,0.7423973085,-20.0,False,tiago_sew,SUCCESS_EXACT,tiago_semi_analytic,c96a32d,median-body-4344-torso015-J1-root-robot-zminus020-v5,wrist_center,gripper_grasping_frame,seed-0-wrist-0,3.254299983382225,,1.762739566149644,-0.262177483308925,-2.037152734589177,2.2185863617192187,0.18997636122982797,-0.5096760906376221,-1.8531025659599205,2.0206364052201327e-13,1.3223021273147454e-14,0.0,7.8841077191335645,0.32310348007368167,0.38472296451349464,0.7466056752240321,reachable_success,109.1154369064777,13.825324577832909
323,transfer,middle,0.7437581175,-20.0,False,tiago_sew,SUCCESS_EXACT,tiago_semi_analytic,c96a32d,median-body-4344-torso015-J1-root-robot-zminus020-v5,wrist_center,gripper_grasping_frame,seed-0-wrist-0,3.153400029987097,,1.7680343691057547,-0.25360715679945117,-2.0364631574023213,2.207010350075988,0.19302657955262914,-0.5048180625546594,-1.8544205512175989,1.2719202621569003e-13,4.77890936888689e-14,0.0,8.547364329884982,0.3251904358499197,0.388302671893997,0.7480316785999924,reachable_success,108.94067226998773,13.749809585107478
324,transfer,middle,0.7451652525,-20.0,False,tiago_sew,SUCCESS_EXACT,tiago_semi_analytic,c96a32d,median-body-4344-torso015-J1-root-robot-zminus020-v5,wrist_center,gripper_grasping_frame,seed-0-wrist-0,2.8631999157369137,,1.7743128603411067,-0.24718873834863786,-2.0373741734310005,2.1957114639161768,0.19682449912206756,-0.5010694766958914,-1.8521988686735282,3.040470972244059e-13,3.923807120131714e-14,2.5444437451708134e-14,9.194742820040949,0.3269824584533234,0.3917948744766506,0.7498168790648432,reachable_success,108.72306750772876,13.877102618300611
325,transfer,middle,0.7467193305,-20.0,False,tiago_sew,SUCCESS_EXACT,tiago_semi_analytic,c96a32d,median-body-4344-torso015-J1-root-robot-zminus020-v5,wrist_center,gripper_grasping_frame,seed-0-wrist-0,2.9291000682860613,,1.7797804625099571,-0.2382088368231727,-2.0369699217423896,2.1835825837602267,0.20508775289199477,-0.49858829380069736,-1.852561395650092,1.570092458683775e-13,6.681500567078911e-14,2.5444437451708134e-14,9.889676463196862,0.3287014750305578,0.3952174225124705,0.7510436025136296,reachable_success,108.24961794166636,13.856331352583874
326,transfer,middle,0.7481452635,-20.0,False,tiago_sew,SUCCESS_EXACT,tiago_semi_analytic,c96a32d,median-body-4344-torso015-J1-root-robot-zminus020-v5,wrist_center,gripper_grasping_frame,seed-0-wrist-0,3.2869999995455146,,1.7859027595427113,-0.23052281641950856,-2.036845025995611,2.171136698584808,0.211864167313923,-0.49074709941315175,-1.854587686463466,0.0,2.875762334548487e-14,0.0,10.602773156052796,0.33068483314748304,0.3989142319111068,0.7534523614481338,reachable_success,107.8613579950583,13.740233440911405
327,transfer,middle,0.7494385375,-20.0,False,tiago_sew,SUCCESS_EXACT,tiago_semi_analytic,c96a32d,median-body-4344-torso015-J1-root-robot-zminus020-v5,wrist_center,gripper_grasping_frame,seed-0-wrist-0,3.2781000481918454,,1.7916213985735114,-0.22267436410885402,-2.03601910014503,2.1595713891173354,0.225850987667517,-0.48702382669078137,-1.8635027572061915,3.37661150723213e-13,4.229023775038904e-14,5.088887490341627e-14,11.265416577301668,0.33164581744317806,0.4020652689073584,0.7548415059762804,reachable_success,107.05997221998967,13.229437513292677
328,transfer,middle,0.7509701845000001,-20.0,False,tiago_sew,SUCCESS_EXACT,tiago_semi_analytic,c96a32d,median-body-4344-torso015-J1-root-robot-zminus020-v5,wrist_center,gripper_grasping_frame,seed-0-wrist-0,3.167900023981929,,1.7967797170161617,-0.21398083804981954,-2.0354110390046762,2.1471882927305823,0.24292370203976477,-0.4800487701217646,-1.878455768870543,2.7755575615628914e-14,9.379881361619292e-14,2.5444437451708134e-14,11.974915737566318,0.3329917109386572,0.40511275840031175,0.7571545316534702,reachable_success,106.08177774162753,12.372693053915446
329,transfer,middle,0.7525186765,-20.0,False,tiago_sew,SUCCESS_EXACT,tiago_semi_analytic,c96a32d,median-body-4344-torso015-J1-root-robot-zminus020-v5,wrist_center,gripper_grasping_frame,seed-0-wrist-0,2.9257999267429113,,1.8026146422682536,-0.2074157134196014,-2.0363076100841253,2.1352178098506815,0.25361819987332357,-0.4831409696344173,-1.8877409053771883,3.554447978966673e-13,1.677548356833536e-14,2.5444437451708134e-14,11.840693919881826,0.3344076506962239,0.40822298607547935,0.7578594930901751,reachable_success,105.46902815175281,11.840693919881826
330,transfer,middle,0.7539061895,-20.0,False,tiago_sew,SUCCESS_EXACT,tiago_semi_analytic,c96a32d,median-body-4344-torso015-J1-root-robot-zminus020-v5,wrist_center,gripper_grasping_frame,seed-0-wrist-0,3.2317000441253185,,1.8086477070811942,-0.19928473765956697,-2.035338335648734,2.122557637458302,0.26026482949651264,-0.4803659191806151,-1.8949841127082134,2.5438405243138007e-13,1.5641579629366385e-14,2.5444437451708134e-14,11.425688709675867,0.3362555202686755,0.4119957945558793,0.7590783392751786,reachable_success,105.08820432635746,11.425688709675867
331,transfer,middle,0.7553989875,-20.0,False,tiago_sew,SUCCESS_EXACT,tiago_semi_analytic,c96a32d,median-body-4344-torso015-J1-root-robot-zminus020-v5,wrist_center,gripper_grasping_frame,seed-0-wrist-0,2.925500040873885,,1.8148867768308963,-0.19057947265252093,-2.034250600769112,2.1096015338434206,0.27143211565910264,-0.4755405778496167,-1.9059338540442736,4.644396126208126e-13,6.44866106084311e-14,5.088887490341627e-14,10.79831474435968,0.33776746589945056,0.4157099596467744,0.760829949171808,reachable_success,104.4483659606262,10.79831474435968
332,transfer,middle,0.7570171514999999,-20.0,False,tiago_sew,SUCCESS_EXACT,tiago_semi_analytic,c96a32d,median-body-4344-torso015-J1-root-robot-zminus020-v5,wrist_center,gripper_grasping_frame,seed-0-wrist-0,3.2088999869301915,,1.8203674614356384,-0.18227447580258843,-2.0338505142144254,2.0971948510548963,0.27172432210801123,-0.47388527285653925,-1.9029574859602407,2.989366980140908e-13,4.212008574213476e-14,2.5444437451708134e-14,10.968848073852204,0.34021378782531986,0.41948426751772855,0.7620504336325696,reachable_success,104.43162376435724,10.968848073852204
333,transfer,middle,0.7586256714999999,-20.0,False,tiago_sew,SUCCESS_EXACT,tiago_semi_analytic,c96a32d,median-body-4344-torso015-J1-root-robot-zminus020-v5,wrist_center,gripper_grasping_frame,seed-0-wrist-0,3.237099968828261,,1.8260060757501453,-0.17511623781136945,-2.0341265189247513,2.0840391846340625,0.28131467273043853,-0.4760576455133929,-1.9071083538416582,3.7238012298709096e-13,2.9893055303905683e-14,2.5444437451708134e-14,10.731020862930572,0.3421909859712241,0.4228574842895292,0.7629199282725044,reachable_success,103.8821371496415,10.731020862930572
334,transfer,middle,0.7603572085,-20.0,False,tiago_sew,SUCCESS_EXACT,tiago_semi_analytic,c96a32d,median-body-4344-torso015-J1-root-robot-zminus020-v5,wrist_center,gripper_grasping_frame,seed-0-wrist-0,3.1498000025749207,,1.8324310622573163,-0.1658109132741322,-2.033144257398445,2.0702560016719667,0.28816988878609084,-0.4715627358676717,-1.9119610382068828,1.9229626863835638e-13,4.306058345165213e-14,0.0,10.452982529494083,0.3442388913582882,0.42691839706264445,0.7647980901110136,reachable_success,103.4893622020023,10.452982529494083
335,transfer,middle,0.7617933045,-20.0,False,tiago_sew,SUCCESS_EXACT,tiago_semi_analytic,c96a32d,median-body-4344-torso015-J1-root-robot-zminus020-v5,wrist_center,gripper_grasping_frame,seed-0-wrist-0,3.4007999347522855,,1.8383387508952316,-0.15811458581149565,-2.03219826509989,2.05757500472615,0.300347001574476,-0.46562930036895,-1.9190675478943806,1.570092458683775e-13,4.164005953286213e-14,2.5444437451708134e-14,10.045809517331625,0.3457990197537132,0.4304146544467794,0.7669470618523432,reachable_success,102.79166503257304,10.045809517331625
336,transfer,middle,0.7635580445,-20.0,False,tiago_sew,SUCCESS_EXACT,tiago_semi_analytic,c96a32d,median-body-4344-torso015-J1-root-robot-zminus020-v5,wrist_center,gripper_grasping_frame,seed-0-wrist-0,2.7432999340817332,,1.844534345004205,-0.15086963962880864,-2.032667955642103,2.0437676578748847,0.31069030738110825,-0.4611412706863933,-1.9276541397444866,1.2412670766236365e-13,5.899595562495197e-14,0.0,9.553834043919121,0.3479757265351422,0.43404672436022884,0.7694408991742354,reachable_success,102.19903726363985,9.553834043919121
337,transfer,middle,0.7653545225,-20.0,False,tiago_sew,SUCCESS_EXACT,tiago_semi_analytic,c96a32d,median-body-4344-torso015-J1-root-robot-zminus020-v5,wrist_center,gripper_grasping_frame,seed-0-wrist-0,3.1353000085800886,,1.8498577898097186,-0.14320988537858712,-2.0328595516715464,2.0304362127574724,0.3256466887795213,-0.45727337425543046,-1.9442345985311507,2.989366980140908e-13,6.220668667786378e-14,2.5444437451708134e-14,8.60384373305267,0.3498687386933954,0.4371958982503714,0.771848700053353,reachable_success,101.34209973272282,8.60384373305267
338,transfer,middle,0.7669615784999999,-20.0,False,tiago_sew,SUCCESS_EXACT,tiago_semi_analytic,c96a32d,median-body-4344-torso015-J1-root-robot-zminus020-v5,wrist_center,gripper_grasping_frame,seed-0-wrist-0,3.05929989553988,,1.855853264001206,-0.13536979358750298,-2.032104052570726,2.016744179167239,0.3323087668074862,-0.4547578182913665,-1.9489621242372248,2.0014830212433604e-13,1.9220047409891773e-14,0.0,8.332976462555017,0.35213555570830957,0.44102064990169487,0.7734776027100356,reachable_success,100.96039077893359,8.332976462555017
339,transfer,middle,0.7687329105,-20.0,False,tiago_sew,SUCCESS_EXACT,tiago_semi_analytic,c96a32d,median-body-4344-torso015-J1-root-robot-zminus020-v5,wrist_center,gripper_grasping_frame,seed-0-wrist-0,3.4674000926315784,,1.862381348887503,-0.12882631277897819,-2.032850427386793,2.0030069012030367,0.3404390971905764,-0.4568029534411986,-1.9585797557069338,1.7554167342883506e-13,4.31389072258927e-14,0.0,7.78192677042849,0.35407045089357403,0.4446286457162547,0.7748056868479359,reachable_success,100.49455716193553,7.78192677042849
340,transfer,middle,0.7704467475000001,-20.0,False,tiago_sew,SUCCESS_EXACT,tiago_semi_analytic,c96a32d,median-body-4344-torso015-J1-root-robot-zminus020-v5,wrist_center,gripper_grasping_frame,seed-0-wrist-0,3.4890000242739916,,1.8677573214928593,-0.1212183467649278,-2.032456529466292,1.9889778072561075,0.34500621789897057,-0.46155629576082946,-1.9633921556865142,2.989366980140908e-13,6.727141918554538e-14,2.5444437451708134e-14,7.5061965622696905,0.3566229362200793,0.4482176750989718,0.7751725689178448,reachable_success,100.23288042081775,7.5061965622696905
341,transfer,middle,0.7722958685,-20.0,False,tiago_sew,SUCCESS_EXACT,tiago_semi_analytic,c96a32d,median-body-4344-torso015-J1-root-robot-zminus020-v5,wrist_center,gripper_grasping_frame,seed-0-wrist-0,3.173799952492118,,1.8739634408813235,-0.11426102619379012,-2.032980760484175,1.9753310853099015,0.3545730610249156,-0.4599890829428164,-1.9754212903329194,3.3306690738754696e-13,8.596901440833012e-14,0.0,6.816977915836079,0.35860162675346996,0.45171698393592385,0.7772925816621361,reachable_success,99.68474068643737,6.816977915836079
342,transfer,middle,0.7738430175,-20.0,False,tiago_sew,SUCCESS_EXACT,tiago_semi_analytic,c96a32d,median-body-4344-torso015-J1-root-robot-zminus020-v5,wrist_center,gripper_grasping_frame,seed-0-wrist-0,2.9462999664247036,,1.880018790669272,-0.10702698164889592,-2.0321161863047323,1.9616464674603893,0.36583189740325217,-0.462125509029796,-1.9857742599672923,3.040470972244059e-13,3.6015389772346984e-14,0.0,6.22379645035941,0.36024059442485756,0.45521409367088206,0.7781561053195503,reachable_success,99.03965687973032,6.22379645035941
343,transfer,middle,0.7756531675,-20.0,False,tiago_sew,SUCCESS_EXACT,tiago_semi_analytic,c96a32d,median-body-4344-torso015-J1-root-robot-zminus020-v5,wrist_center,gripper_grasping_frame,seed-0-wrist-0,2.7781000826507807,,1.8856642650671531,-0.10041640209689753,-2.032560403489346,1.947092241120493,0.37282164402759443,-0.4619438696753062,-1.9944780799702144,3.040470972244059e-13,7.381195797788746e-14,2.5444437451708134e-14,5.725104298550428,0.36304319434404453,0.4587561281120194,0.7799907316570093,reachable_success,98.63917389828968,5.725104298550428
344,transfer,middle,0.7772374575000001,-20.0,False,tiago_sew,SUCCESS_EXACT,tiago_semi_analytic,c96a32d,median-body-4344-torso015-J1-root-robot-zminus020-v5,wrist_center,gripper_grasping_frame,seed-0-wrist-0,3.3357000211253762,,1.8922092028614341,-0.09496996191700816,-2.033146453186419,1.9341133362774385,0.3780931025758436,-0.4582646777198538,-2.003294147641224,1.1102230246251565e-13,3.426737638761998e-14,0.0,5.219980829099848,0.36511989512008525,0.46238532811949684,0.7823684758816778,reachable_success,98.33714157159686,5.219980829099848
345,transfer,middle,0.7786723935,-20.0,False,tiago_sew,SUCCESS_EXACT,tiago_semi_analytic,c96a32d,median-body-4344-torso015-J1-root-robot-zminus020-v5,wrist_center,gripper_grasping_frame,seed-0-wrist-0,3.383499919436872,,1.8978205375424018,-0.08705637246452955,-2.031086107704027,1.9203926194461902,0.39511762771877645,-0.4565053482434034,-2.0196149858280217,2.7194799110210365e-13,4.2973382500419364e-14,2.5444437451708134e-14,4.284865682880396,0.36654783658175,0.46573029677631916,0.7838224040159728,reachable_success,97.36170813269244,4.284865682880396
346,transfer,middle,0.7801612554999999,-20.0,False,tiago_sew,SUCCESS_EXACT,tiago_semi_analytic,c96a32d,median-body-4344-torso015-J1-root-robot-zminus020-v5,wrist_center,gripper_grasping_frame,seed-0-wrist-0,3.2772000413388014,,1.9033348216408377,-0.0816016095568954,-2.0311637943809226,1.9066292326609773,0.39931209265399303,-0.463370132272376,-2.0249883362238243,2.7755575615628914e-13,3.8425837826310214e-14,2.5444437451708134e-14,3.976995383355953,0.368961301827305,0.46904905509022554,0.7839460721448477,reachable_success,97.12138299458893,3.976995383355953
347,transfer,middle,0.7816918335,-20.0,False,tiago_sew,SUCCESS_EXACT,tiago_semi_analytic,c96a32d,median-body-4344-torso015-J1-root-robot-zminus020-v5,wrist_center,gripper_grasping_frame,seed-0-wrist-0,3.2900000223889947,,1.909341080261775,-0.07565652049857402,-2.030945142131404,1.8934283326498889,0.4006580955349399,-0.4709472847619063,-2.0264828568029216,3.764949453935611e-13,2.864070522133942e-14,2.5444437451708134e-14,3.8913656617782317,0.370962446526272,0.472522208197228,0.7837931900478635,reachable_success,97.04426271029821,3.8913656617782317
348,transfer,middle,0.7830406495,-20.0,False,tiago_sew,SUCCESS_EXACT,tiago_semi_analytic,c96a32d,median-body-4344-torso015-J1-root-robot-zminus020-v5,wrist_center,gripper_grasping_frame,seed-0-wrist-0,3.1117000617086887,,1.9144282815360465,-0.06858146411478439,-2.0290735399515776,1.8801517393264515,0.4034966918857066,-0.47014032666101535,-2.030720169098795,4.742874840267547e-13,4.8140292989242696e-14,5.088887490341627e-14,3.648585550745795,0.37356764971687495,0.47609392430360076,0.7847645505067563,reachable_success,96.88162311965804,3.648585550745795
349,transfer,middle,0.7844298405000001,-20.0,False,tiago_sew,SUCCESS_EXACT,tiago_semi_analytic,c96a32d,median-body-4344-torso015-J1-root-robot-zminus020-v5,wrist_center,gripper_grasping_frame,seed-0-wrist-0,2.7823999989777803,,1.9197593228795748,-0.06347865591573597,-2.028961588413408,1.8671443206574736,0.4094216389409846,-0.47337712055419434,-2.03758819263511,7.850462293418876e-14,4.0060062866972173e-14,2.5444437451708134e-14,3.2550767885184313,0.37575225638204973,0.4792030160714189,0.7855708715799334,reachable_success,96.54214865955215,3.2550767885184313
350,transfer,middle,0.7855509645000001,-20.0,False,tiago_sew,SUCCESS_EXACT,tiago_semi_analytic,c96a32d,median-body-4344-torso015-J1-root-robot-zminus020-v5,wrist_center,gripper_grasping_frame,seed-0-wrist-0,3.32759995944798,,1.9250279331554208,-0.057606413570608715,-2.0272030830177736,1.853768465085475,0.4163197161423704,-0.4753871708020121,-2.0453911668290896,1.2412670766236365e-13,5.1813887645477064e-14,0.0,2.8079992995539063,0.3779648111665736,0.4825440611505142,0.7860292182668336,reachable_success,96.14691794915733,2.8079992995539063
351,transfer,middle,0.7867948305,-20.0,False,tiago_sew,SUCCESS_EXACT,tiago_semi_analytic,c96a32d,median-body-4344-torso015-J1-root-robot-zminus020-v5,wrist_center,gripper_grasping_frame,seed-0-wrist-0,3.3407999435439706,,1.930950565514959,-0.051838007995855265,-2.025928653942935,1.8410241180060385,0.4133858421786534,-0.47579532330676333,-2.042279952146396,1.2412670766236365e-13,5.5259212916628124e-14,2.5444437451708134e-14,2.9862587700313767,0.38045441619563386,0.48631448888169837,0.7867399396688599,reachable_success,96.31501654490164,2.9862587700313767
352,transfer,middle,0.7879149785,-20.0,False,tiago_sew,SUCCESS_EXACT,tiago_semi_analytic,c96a32d,median-body-4344-torso015-J1-root-robot-zminus020-v5,wrist_center,gripper_grasping_frame,seed-0-wrist-0,3.3840000396594405,,1.9357002989569825,-0.045448386584443744,-2.0236240716239164,1.82808365724973,0.42418243807652667,-0.4765284034077242,-2.0518361479800333,2.077037090527612e-13,4.441032947346969e-14,2.5444437451708134e-14,2.4387290805634634,0.382371184344796,0.4893562486770821,0.7874256535437351,reachable_success,95.69641716684524,2.4387290805634634
353,transfer,middle,0.7889873654999999,-20.0,False,tiago_sew,SUCCESS_EXACT,tiago_semi_analytic,c96a32d,median-body-4344-torso015-J1-root-robot-zminus020-v5,wrist_center,gripper_grasping_frame,seed-0-wrist-0,3.3903999719768763,,1.941434805081572,-0.04042016977046317,-2.0222694442984537,1.8143618800264454,0.4352958594834906,-0.4764549708045429,-2.058854734965755,1.6653345369377348e-13,3.9375721028019127e-14,0.0,2.0365936681361596,0.3843720586651814,0.4926519759353437,0.788568474840227,reachable_success,95.05966502427586,2.0365936681361596
354,transfer,middle,0.7900637815,-20.0,False,tiago_sew,SUCCESS_EXACT,tiago_semi_analytic,c96a32d,median-body-4344-torso015-J1-root-robot-zminus020-v5,wrist_center,gripper_grasping_frame,seed-0-wrist-0,3.2443999079987407,,1.946518600017636,-0.035537325436733554,-2.0210930712653403,1.802480283509289,0.4306962935171441,-0.48013452976301885,-2.055632792662675,4.370952418903846e-13,4.1217464763488964e-14,5.088887490341627e-14,2.2211973639373,0.38690388171115364,0.4959501585805021,0.7885095602408573,reachable_success,95.32320074173953,2.2211973639373
355,transfer,middle,0.7909756164999999,-20.0,False,tiago_sew,SUCCESS_EXACT,tiago_semi_analytic,c96a32d,median-body-4344-torso015-J1-root-robot-zminus020-v5,wrist_center,gripper_grasping_frame,seed-0-wrist-0,3.448599949479103,,1.9515744514678284,-0.028244714016210103,-2.0170838295467193,1.7889925558679434,0.44419453040450163,-0.4776191348905412,-2.0675782877534044,5.147892387644517e-13,1.163861015353958e-13,2.5444437451708134e-14,1.5367709110442735,0.38871637512797513,0.499311248574106,0.7893746703300284,reachable_success,94.54980873722614,1.5367709110442735
356,transfer,middle,0.7918914795,-20.0,False,tiago_sew,SUCCESS_EXACT,tiago_semi_analytic,c96a32d,median-body-4344-torso015-J1-root-robot-zminus020-v5,wrist_center,gripper_grasping_frame,seed-0-wrist-0,2.6985000586137176,,1.956760175999843,-0.023263355300277396,-2.0151147681305117,1.7754400798543573,0.4563353445966154,-0.4773724558389931,-2.078638027703035,3.2368285245694687e-13,3.1143282699348836e-14,0.0,0.9030944894181974,0.3908144152826589,0.502412471579185,0.7903552109009037,reachable_success,93.85419132416548,0.9030944894181974
357,transfer,middle,0.7927408444999999,-20.0,False,tiago_sew,SUCCESS_EXACT,tiago_semi_analytic,c96a32d,median-body-4344-torso015-J1-root-robot-zminus020-v5,wrist_center,gripper_grasping_frame,seed-0-wrist-0,3.1970000127330422,,1.9611448868690422,-0.018017540540620474,-2.012701859193418,1.7634341039274595,0.4649508872945054,-0.4798195394501539,-2.0895165291355804,1.1102230246251565e-13,3.398394034113319e-14,5.088887490341627e-14,0.27980226990633694,0.39265922387731067,0.5051620067578674,0.790499562887755,reachable_success,93.36055708936163,0.27980226990633694
358,transfer,middle,0.7937191775,-20.0,False,tiago_sew,SUCCESS_EXACT,tiago_semi_analytic,c96a32d,median-body-4344-torso015-J1-root-robot-zminus020-v5,wrist_center,gripper_grasping_frame,seed-0-wrist-0,3.2577000092715025,,1.9668427214488498,-0.011837360084538324,-2.00975164345776,1.7498906575822832,0.46891587008340796,-0.4792590832320176,-2.0931802996981927,2.7194799110210365e-13,3.3394659864429985e-14,2.5444437451708134e-14,0.06988367956437783,0.39498427097931743,0.5088061474288517,0.7910860658487125,reachable_success,93.1333803097155,0.06988367956437783
359,transfer,middle,0.7944225165,-20.0,False,tiago_sew,SUCCESS_EXACT,tiago_semi_analytic,c96a32d,median-body-4344-torso015-J1-root-robot-zminus020-v5,wrist_center,gripper_grasping_frame,seed-9-wrist-0-boundary,162.09630004595965,,1.972378030415182,-0.0076585199370181305,-2.0077164616282652,1.73688465421284,0.47013642791105176,-0.4866213157957066,-2.0943999999999994,0.0480766172158008,0.0230141308027668,0.008933340436679451,2.5444437451708134e-14,0.3971141609549728,0.512036867370991,0.7900933349168685,reachable_success,93.06344749753985,2.5444437451708134e-14
360,transfer,middle,0.7950935975,-20.0,False,tiago_sew,SUCCESS_EXACT,tiago_semi_analytic,c96a32d,median-body-4344-torso015-J1-root-robot-zminus020-v5,wrist_center,gripper_grasping_frame,seed-9-wrist-0-boundary,156.75560000818223,,1.9772789168314484,-0.0030743967150702435,-2.0052348767117976,1.7256848398710776,0.4730068890944849,-0.4842294975416828,-2.0943999999999994,0.4518156179159055,0.21629051088115156,0.08411302334178432,2.5444437451708134e-14,0.39915137612705864,0.5151521034786153,0.7908452119253746,reachable_success,92.898982186473,2.5444437451708134e-14
361,transfer,middle,0.7957949835,-20.0,False,tiago_sew,SUCCESS_EXACT,tiago_semi_analytic,c96a32d,median-body-4344-torso015-J1-root-robot-zminus020-v5,wrist_center,gripper_grasping_frame,seed-9-wrist-0-boundary,167.40529995877296,,1.983097043341404,0.0011437546172835833,-2.003115127175379,1.7131867082838521,0.4721659263435031,-0.48302293020751097,-2.0943999999999994,0.6496119488605137,0.31050380935275573,0.11999612996904367,2.5444437451708134e-14,0.40159592568581615,0.5187267818825796,0.7914078045056676,reachable_success,92.94716580283198,2.5444437451708134e-14
362,transfer,middle,0.7963494265,-20.0,False,tiago_sew,SUCCESS_EXACT,tiago_semi_analytic,c96a32d,median-body-4344-torso015-J1-root-robot-zminus020-v5,wrist_center,gripper_grasping_frame,seed-9-wrist-0-boundary,152.04489999450743,,1.9889230924885564,0.005782190630599592,-2.0000655596537023,1.7004611804819403,0.4754009530424274,-0.48228849389071843,-2.0943999999999994,0.9065514747686061,0.4332184228214237,0.16772803521516558,2.5444437451708134e-14,0.4037051129391249,0.5222717063297281,0.7916726875669751,reachable_success,92.76181242637148,2.5444437451708134e-14
363,transfer,middle,0.7970233765,-20.0,False,tiago_sew,NUMERICAL_FAILURE,tiago_semi_analytic,c96a32d,median-body-4344-torso015-J1-root-robot-zminus020-v5,wrist_center,gripper_grasping_frame,,181.3279000343755,no exact or boundary-refined wrist branch met strict wrist-center/orientation/SEW tolerances,,,,,,,,,,,,,,,oracle_inconclusive,,
364,transfer,middle,0.7975969855,-20.0,False,tiago_sew,NUMERICAL_FAILURE,tiago_semi_analytic,c96a32d,median-body-4344-torso015-J1-root-robot-zminus020-v5,wrist_center,gripper_grasping_frame,,150.54390009026974,no exact or boundary-refined wrist branch met strict wrist-center/orientation/SEW tolerances,,,,,,,,,,,,,,,oracle_inconclusive,,
365,transfer,middle,0.7981401065,-20.0,False,tiago_sew,NUMERICAL_FAILURE,tiago_semi_analytic,c96a32d,median-body-4344-torso015-J1-root-robot-zminus020-v5,wrist_center,gripper_grasping_frame,,161.56410006806254,no exact or boundary-refined wrist branch met strict wrist-center/orientation/SEW tolerances,,,,,,,,,,,,,,,oracle_inconclusive,,
366,transfer,middle,0.7985071715,-20.0,False,tiago_sew,NUMERICAL_FAILURE,tiago_semi_analytic,c96a32d,median-body-4344-torso015-J1-root-robot-zminus020-v5,wrist_center,gripper_grasping_frame,,190.04709995351732,no exact or boundary-refined wrist branch met strict wrist-center/orientation/SEW tolerances,,,,,,,,,,,,,,,oracle_inconclusive,,
367,transfer,middle,0.7989514775,-20.0,False,tiago_sew,NUMERICAL_FAILURE,tiago_semi_analytic,c96a32d,median-body-4344-torso015-J1-root-robot-zminus020-v5,wrist_center,gripper_grasping_frame,,185.39490003604442,no exact or boundary-refined wrist branch met strict wrist-center/orientation/SEW tolerances,,,,,,,,,,,,,,,oracle_inconclusive,,
368,transfer,high,0.7993283695,-20.0,False,tiago_sew,NUMERICAL_FAILURE,tiago_semi_analytic,c96a32d,median-body-4344-torso015-J1-root-robot-zminus020-v5,wrist_center,gripper_grasping_frame,,151.2485999846831,no exact or boundary-refined wrist branch met strict wrist-center/orientation/SEW tolerances,,,,,,,,,,,,,,,oracle_inconclusive,,
369,transfer,high,0.7998353885,-20.0,False,tiago_sew,NUMERICAL_FAILURE,tiago_semi_analytic,c96a32d,median-body-4344-torso015-J1-root-robot-zminus020-v5,wrist_center,gripper_grasping_frame,,149.90279998164624,no exact or boundary-refined wrist branch met strict wrist-center/orientation/SEW tolerances,,,,,,,,,,,,,,,oracle_inconclusive,,
370,transfer,high,0.7999938665,-20.0,False,tiago_sew,NUMERICAL_FAILURE,tiago_semi_analytic,c96a32d,median-body-4344-torso015-J1-root-robot-zminus020-v5,wrist_center,gripper_grasping_frame,,136.1185999121517,no exact or boundary-refined wrist branch met strict wrist-center/orientation/SEW tolerances,,,,,,,,,,,,,,,oracle_inconclusive,,
371,transfer,high,0.8005650335,-20.0,False,tiago_sew,NUMERICAL_FAILURE,tiago_semi_analytic,c96a32d,median-body-4344-torso015-J1-root-robot-zminus020-v5,wrist_center,gripper_grasping_frame,,145.08399995975196,no exact or boundary-refined wrist branch met strict wrist-center/orientation/SEW tolerances,,,,,,,,,,,,,,,oracle_inconclusive,,
372,transfer,high,0.8010246585,-20.0,False,tiago_sew,NUMERICAL_FAILURE,tiago_semi_analytic,c96a32d,median-body-4344-torso015-J1-root-robot-zminus020-v5,wrist_center,gripper_grasping_frame,,143.61449994612485,no exact or boundary-refined wrist branch met strict wrist-center/orientation/SEW tolerances,,,,,,,,,,,,,,,oracle_inconclusive,,
373,transfer,high,0.8011165775,-20.0,False,tiago_sew,NUMERICAL_FAILURE,tiago_semi_analytic,c96a32d,median-body-4344-torso015-J1-root-robot-zminus020-v5,wrist_center,gripper_grasping_frame,,140.8666999777779,no exact or boundary-refined wrist branch met strict wrist-center/orientation/SEW tolerances,,,,,,,,,,,,,,,oracle_inconclusive,,
374,transfer,high,0.8015430914999999,-20.0,False,tiago_sew,NUMERICAL_FAILURE,tiago_semi_analytic,c96a32d,median-body-4344-torso015-J1-root-robot-zminus020-v5,wrist_center,gripper_grasping_frame,,135.00699994619936,no exact or boundary-refined wrist branch met strict wrist-center/orientation/SEW tolerances,,,,,,,,,,,,,,,oracle_inconclusive,,
375,transfer,high,0.8018908695,-20.0,False,tiago_sew,NUMERICAL_FAILURE,tiago_semi_analytic,c96a32d,median-body-4344-torso015-J1-root-robot-zminus020-v5,wrist_center,gripper_grasping_frame,,141.76440006121993,no exact or boundary-refined wrist branch met strict wrist-center/orientation/SEW tolerances,,,,,,,,,,,,,,,oracle_inconclusive,,
376,transfer,high,0.8020408325,-20.0,False,tiago_sew,NUMERICAL_FAILURE,tiago_semi_analytic,c96a32d,median-body-4344-torso015-J1-root-robot-zminus020-v5,wrist_center,gripper_grasping_frame,,153.46950001548976,no exact or boundary-refined wrist branch met strict wrist-center/orientation/SEW tolerances,,,,,,,,,,,,,,,oracle_inconclusive,,
377,transfer,high,0.8024731445,-20.0,False,tiago_sew,NUMERICAL_FAILURE,tiago_semi_analytic,c96a32d,median-body-4344-torso015-J1-root-robot-zminus020-v5,wrist_center,gripper_grasping_frame,,144.82940000016242,no exact or boundary-refined wrist branch met strict wrist-center/orientation/SEW tolerances,,,,,,,,,,,,,,,oracle_inconclusive,,
378,transfer,high,0.8027194824999999,-20.0,False,tiago_sew,NUMERICAL_FAILURE,tiago_semi_analytic,c96a32d,median-body-4344-torso015-J1-root-robot-zminus020-v5,wrist_center,gripper_grasping_frame,,140.7374000409618,no exact or boundary-refined wrist branch met strict wrist-center/orientation/SEW tolerances,,,,,,,,,,,,,,,oracle_inconclusive,,
379,transfer,high,0.8029448855,-20.0,False,tiago_sew,NUMERICAL_FAILURE,tiago_semi_analytic,c96a32d,median-body-4344-torso015-J1-root-robot-zminus020-v5,wrist_center,gripper_grasping_frame,,184.9555999506265,no exact or boundary-refined wrist branch met strict wrist-center/orientation/SEW tolerances,,,,,,,,,,,,,,,oracle_inconclusive,,
380,transfer,high,0.8032651975,-20.0,False,tiago_sew,NUMERICAL_FAILURE,tiago_semi_analytic,c96a32d,median-body-4344-torso015-J1-root-robot-zminus020-v5,wrist_center,gripper_grasping_frame,,177.99289990216494,no exact or boundary-refined wrist branch met strict wrist-center/orientation/SEW tolerances,,,,,,,,,,,,,,,oracle_inconclusive,,
381,transfer,high,0.8035154725,-20.0,False,tiago_sew,NUMERICAL_FAILURE,tiago_semi_analytic,c96a32d,median-body-4344-torso015-J1-root-robot-zminus020-v5,wrist_center,gripper_grasping_frame,,175.27210002299398,no exact or boundary-refined wrist branch met strict wrist-center/orientation/SEW tolerances,,,,,,,,,,,,,,,oracle_inconclusive,,
382,transfer,high,0.8036639105,-20.0,False,tiago_sew,NUMERICAL_FAILURE,tiago_semi_analytic,c96a32d,median-body-4344-torso015-J1-root-robot-zminus020-v5,wrist_center,gripper_grasping_frame,,225.8410999784246,no exact or boundary-refined wrist branch met strict wrist-center/orientation/SEW tolerances,,,,,,,,,,,,,,,oracle_inconclusive,,
383,transfer,high,0.8039724125000001,-20.0,False,tiago_sew,NUMERICAL_FAILURE,tiago_semi_analytic,c96a32d,median-body-4344-torso015-J1-root-robot-zminus020-v5,wrist_center,gripper_grasping_frame,,195.29039994813502,no exact or boundary-refined wrist branch met strict wrist-center/orientation/SEW tolerances,,,,,,,,,,,,,,,oracle_inconclusive,,
384,transfer,high,0.8044049375,-20.0,False,tiago_sew,NUMERICAL_FAILURE,tiago_semi_analytic,c96a32d,median-body-4344-torso015-J1-root-robot-zminus020-v5,wrist_center,gripper_grasping_frame,,191.44809991121292,no exact or boundary-refined wrist branch met strict wrist-center/orientation/SEW tolerances,,,,,,,,,,,,,,,oracle_inconclusive,,
385,transfer,high,0.8045001835,-20.0,False,tiago_sew,NUMERICAL_FAILURE,tiago_semi_analytic,c96a32d,median-body-4344-torso015-J1-root-robot-zminus020-v5,wrist_center,gripper_grasping_frame,,155.2864999976009,no exact or boundary-refined wrist branch met strict wrist-center/orientation/SEW tolerances,,,,,,,,,,,,,,,oracle_inconclusive,,
386,transfer,high,0.8048937995000001,-20.0,False,tiago_sew,NUMERICAL_FAILURE,tiago_semi_analytic,c96a32d,median-body-4344-torso015-J1-root-robot-zminus020-v5,wrist_center,gripper_grasping_frame,,153.8192000007257,no exact or boundary-refined wrist branch met strict wrist-center/orientation/SEW tolerances,,,,,,,,,,,,,,,oracle_inconclusive,,
387,transfer,high,0.8054254765,-20.0,False,tiago_sew,NUMERICAL_FAILURE,tiago_semi_analytic,c96a32d,median-body-4344-torso015-J1-root-robot-zminus020-v5,wrist_center,gripper_grasping_frame,,145.0702000875026,no exact or boundary-refined wrist branch met strict wrist-center/orientation/SEW tolerances,,,,,,,,,,,,,,,oracle_inconclusive,,
388,transfer,high,0.8055380255,-20.0,False,tiago_sew,NUMERICAL_FAILURE,tiago_semi_analytic,c96a32d,median-body-4344-torso015-J1-root-robot-zminus020-v5,wrist_center,gripper_grasping_frame,,148.38429994415492,no exact or boundary-refined wrist branch met strict wrist-center/orientation/SEW tolerances,,,,,,,,,,,,,,,oracle_inconclusive,,
389,transfer,high,0.8060549625,-20.0,False,tiago_sew,NUMERICAL_FAILURE,tiago_semi_analytic,c96a32d,median-body-4344-torso015-J1-root-robot-zminus020-v5,wrist_center,gripper_grasping_frame,,163.42959995381534,no exact or boundary-refined wrist branch met strict wrist-center/orientation/SEW tolerances,,,,,,,,,,,,,,,oracle_inconclusive,,
390,transfer,high,0.8067693485,-20.0,False,tiago_sew,NUMERICAL_FAILURE,tiago_semi_analytic,c96a32d,median-body-4344-torso015-J1-root-robot-zminus020-v5,wrist_center,gripper_grasping_frame,,141.55160007067025,no exact or boundary-refined wrist branch met strict wrist-center/orientation/SEW tolerances,,,,,,,,,,,,,,,oracle_inconclusive,,
391,transfer,high,0.8069861455,-20.0,False,tiago_sew,NUMERICAL_FAILURE,tiago_semi_analytic,c96a32d,median-body-4344-torso015-J1-root-robot-zminus020-v5,wrist_center,gripper_grasping_frame,,148.50229991134256,no exact or boundary-refined wrist branch met strict wrist-center/orientation/SEW tolerances,,,,,,,,,,,,,,,oracle_inconclusive,,
392,transfer,high,0.8075090635,-20.0,False,tiago_sew,NUMERICAL_FAILURE,tiago_semi_analytic,c96a32d,median-body-4344-torso015-J1-root-robot-zminus020-v5,wrist_center,gripper_grasping_frame,,147.1468999516219,no exact or boundary-refined wrist branch met strict wrist-center/orientation/SEW tolerances,,,,,,,,,,,,,,,oracle_inconclusive,,
393,transfer,high,0.8081081545,-20.0,False,tiago_sew,NUMERICAL_FAILURE,tiago_semi_analytic,c96a32d,median-body-4344-torso015-J1-root-robot-zminus020-v5,wrist_center,gripper_grasping_frame,,141.1569999763742,no exact or boundary-refined wrist branch met strict wrist-center/orientation/SEW tolerances,,,,,,,,,,,,,,,oracle_inconclusive,,
394,transfer,high,0.8085195615,-20.0,False,tiago_sew,NUMERICAL_FAILURE,tiago_semi_analytic,c96a32d,median-body-4344-torso015-J1-root-robot-zminus020-v5,wrist_center,gripper_grasping_frame,,140.63899999018759,no exact or boundary-refined wrist branch met strict wrist-center/orientation/SEW tolerances,,,,,,,,,,,,,,,oracle_inconclusive,,
395,transfer,high,0.8091150205,-20.0,False,tiago_sew,NUMERICAL_FAILURE,tiago_semi_analytic,c96a32d,median-body-4344-torso015-J1-root-robot-zminus020-v5,wrist_center,gripper_grasping_frame,,139.82240005861968,no exact or boundary-refined wrist branch met strict wrist-center/orientation/SEW tolerances,,,,,,,,,,,,,,,oracle_inconclusive,,
396,transfer,high,0.8096687315,-20.0,False,tiago_sew,NUMERICAL_FAILURE,tiago_semi_analytic,c96a32d,median-body-4344-torso015-J1-root-robot-zminus020-v5,wrist_center,gripper_grasping_frame,,139.52450000215322,no exact or boundary-refined wrist branch met strict wrist-center/orientation/SEW tolerances,,,,,,,,,,,,,,,oracle_inconclusive,,
397,transfer,high,0.8101795655,-20.0,False,tiago_sew,NUMERICAL_FAILURE,tiago_semi_analytic,c96a32d,median-body-4344-torso015-J1-root-robot-zminus020-v5,wrist_center,gripper_grasping_frame,,141.40019996557385,no exact or boundary-refined wrist branch met strict wrist-center/orientation/SEW tolerances,,,,,,,,,,,,,,,oracle_inconclusive,,
398,transfer,high,0.8108908085,-20.0,False,tiago_sew,NUMERICAL_FAILURE,tiago_semi_analytic,c96a32d,median-body-4344-torso015-J1-root-robot-zminus020-v5,wrist_center,gripper_grasping_frame,,144.21130006667227,no exact or boundary-refined wrist branch met strict wrist-center/orientation/SEW tolerances,,,,,,,,,,,,,,,oracle_inconclusive,,
399,transfer,high,0.8115256655,-20.0,False,tiago_sew,NUMERICAL_FAILURE,tiago_semi_analytic,c96a32d,median-body-4344-torso015-J1-root-robot-zminus020-v5,wrist_center,gripper_grasping_frame,,155.49959999043494,no exact or boundary-refined wrist branch met strict wrist-center/orientation/SEW tolerances,,,,,,,,,,,,,,,oracle_inconclusive,,
400,transfer,high,0.8117388915,-20.0,False,tiago_sew,NUMERICAL_FAILURE,tiago_semi_analytic,c96a32d,median-body-4344-torso015-J1-root-robot-zminus020-v5,wrist_center,gripper_grasping_frame,,157.9179000109434,no exact or boundary-refined wrist branch met strict wrist-center/orientation/SEW tolerances,,,,,,,,,,,,,,,oracle_inconclusive,,
401,transfer,high,0.8123942565,-20.0,False,tiago_sew,NUMERICAL_FAILURE,tiago_semi_analytic,c96a32d,median-body-4344-torso015-J1-root-robot-zminus020-v5,wrist_center,gripper_grasping_frame,,160.58969998266548,no exact or boundary-refined wrist branch met strict wrist-center/orientation/SEW tolerances,,,,,,,,,,,,,,,oracle_inconclusive,,
402,transfer,high,0.8131295475,-20.0,False,tiago_sew,NUMERICAL_FAILURE,tiago_semi_analytic,c96a32d,median-body-4344-torso015-J1-root-robot-zminus020-v5,wrist_center,gripper_grasping_frame,,162.31340006925166,no exact or boundary-refined wrist branch met strict wrist-center/orientation/SEW tolerances,,,,,,,,,,,,,,,oracle_inconclusive,,
403,transfer,high,0.8133850715,-20.0,False,tiago_sew,NUMERICAL_FAILURE,tiago_semi_analytic,c96a32d,median-body-4344-torso015-J1-root-robot-zminus020-v5,wrist_center,gripper_grasping_frame,,148.8694999134168,no exact or boundary-refined wrist branch met strict wrist-center/orientation/SEW tolerances,,,,,,,,,,,,,,,oracle_inconclusive,,
404,transfer,high,0.8138011475,-20.0,False,tiago_sew,NUMERICAL_FAILURE,tiago_semi_analytic,c96a32d,median-body-4344-torso015-J1-root-robot-zminus020-v5,wrist_center,gripper_grasping_frame,,207.9223000910133,no exact or boundary-refined wrist branch met strict wrist-center/orientation/SEW tolerances,,,,,,,,,,,,,,,oracle_inconclusive,,
405,transfer,high,0.8144683534999999,-20.0,False,tiago_sew,NUMERICAL_FAILURE,tiago_semi_analytic,c96a32d,median-body-4344-torso015-J1-root-robot-zminus020-v5,wrist_center,gripper_grasping_frame,,206.5156000899151,no exact or boundary-refined wrist branch met strict wrist-center/orientation/SEW tolerances,,,,,,,,,,,,,,,oracle_inconclusive,,
406,transfer,high,0.8149061285,-20.0,False,tiago_sew,NUMERICAL_FAILURE,tiago_semi_analytic,c96a32d,median-body-4344-torso015-J1-root-robot-zminus020-v5,wrist_center,gripper_grasping_frame,,169.47250009980053,no exact or boundary-refined wrist branch met strict wrist-center/orientation/SEW tolerances,,,,,,,,,,,,,,,oracle_inconclusive,,
407,transfer,high,0.8150993955,-20.0,False,tiago_sew,NUMERICAL_FAILURE,tiago_semi_analytic,c96a32d,median-body-4344-torso015-J1-root-robot-zminus020-v5,wrist_center,gripper_grasping_frame,,168.802100000903,no exact or boundary-refined wrist branch met strict wrist-center/orientation/SEW tolerances,,,,,,,,,,,,,,,oracle_inconclusive,,
408,transfer,high,0.8153463445,-20.0,False,tiago_sew,NUMERICAL_FAILURE,tiago_semi_analytic,c96a32d,median-body-4344-torso015-J1-root-robot-zminus020-v5,wrist_center,gripper_grasping_frame,,154.36569997109473,no exact or boundary-refined wrist branch met strict wrist-center/orientation/SEW tolerances,,,,,,,,,,,,,,,oracle_inconclusive,,
409,transfer,high,0.8155958555,-20.0,False,tiago_sew,NUMERICAL_FAILURE,tiago_semi_analytic,c96a32d,median-body-4344-torso015-J1-root-robot-zminus020-v5,wrist_center,gripper_grasping_frame,,153.3209999324754,no exact or boundary-refined wrist branch met strict wrist-center/orientation/SEW tolerances,,,,,,,,,,,,,,,oracle_inconclusive,,
410,transfer,high,0.8159253545,-20.0,False,tiago_sew,NUMERICAL_FAILURE,tiago_semi_analytic,c96a32d,median-body-4344-torso015-J1-root-robot-zminus020-v5,wrist_center,gripper_grasping_frame,,165.66930001135916,no exact or boundary-refined wrist branch met strict wrist-center/orientation/SEW tolerances,,,,,,,,,,,,,,,oracle_inconclusive,,
411,transfer,high,0.8162156675,-20.0,False,tiago_sew,NUMERICAL_FAILURE,tiago_semi_analytic,c96a32d,median-body-4344-torso015-J1-root-robot-zminus020-v5,wrist_center,gripper_grasping_frame,,153.1175000127405,no exact or boundary-refined wrist branch met strict wrist-center/orientation/SEW tolerances,,,,,,,,,,,,,,,oracle_inconclusive,,
412,transfer,high,0.8162750244999999,-20.0,False,tiago_sew,NUMERICAL_FAILURE,tiago_semi_analytic,c96a32d,median-body-4344-torso015-J1-root-robot-zminus020-v5,wrist_center,gripper_grasping_frame,,138.7133999960497,no exact or boundary-refined wrist branch met strict wrist-center/orientation/SEW tolerances,,,,,,,,,,,,,,,oracle_inconclusive,,
413,transfer,high,0.8164742125,-20.0,False,tiago_sew,NUMERICAL_FAILURE,tiago_semi_analytic,c96a32d,median-body-4344-torso015-J1-root-robot-zminus020-v5,wrist_center,gripper_grasping_frame,,141.62219990976155,no exact or boundary-refined wrist branch met strict wrist-center/orientation/SEW tolerances,,,,,,,,,,,,,,,oracle_inconclusive,,
414,transfer,high,0.8165259094999999,-20.0,False,tiago_sew,NUMERICAL_FAILURE,tiago_semi_analytic,c96a32d,median-body-4344-torso015-J1-root-robot-zminus020-v5,wrist_center,gripper_grasping_frame,,140.5522000277415,no exact or boundary-refined wrist branch met strict wrist-center/orientation/SEW tolerances,,,,,,,,,,,,,,,oracle_inconclusive,,
415,transfer,high,0.8166980285000001,-20.0,False,tiago_sew,NUMERICAL_FAILURE,tiago_semi_analytic,c96a32d,median-body-4344-torso015-J1-root-robot-zminus020-v5,wrist_center,gripper_grasping_frame,,147.24680001381785,no exact or boundary-refined wrist branch met strict wrist-center/orientation/SEW tolerances,,,,,,,,,,,,,,,oracle_inconclusive,,
416,transfer,high,0.8168557745,-20.0,False,tiago_sew,NUMERICAL_FAILURE,tiago_semi_analytic,c96a32d,median-body-4344-torso015-J1-root-robot-zminus020-v5,wrist_center,gripper_grasping_frame,,171.42220004461706,no exact or boundary-refined wrist branch met strict wrist-center/orientation/SEW tolerances,,,,,,,,,,,,,,,oracle_inconclusive,,
417,transfer,high,0.8168977055,-20.0,False,tiago_sew,NUMERICAL_FAILURE,tiago_semi_analytic,c96a32d,median-body-4344-torso015-J1-root-robot-zminus020-v5,wrist_center,gripper_grasping_frame,,147.78610004577786,no exact or boundary-refined wrist branch met strict wrist-center/orientation/SEW tolerances,,,,,,,,,,,,,,,oracle_inconclusive,,
418,transfer,high,0.8170822455,-20.0,False,tiago_sew,NUMERICAL_FAILURE,tiago_semi_analytic,c96a32d,median-body-4344-torso015-J1-root-robot-zminus020-v5,wrist_center,gripper_grasping_frame,,148.48960004746914,no exact or boundary-refined wrist branch met strict wrist-center/orientation/SEW tolerances,,,,,,,,,,,,,,,oracle_inconclusive,,
419,transfer,high,0.8170653685,-20.0,False,tiago_sew,NUMERICAL_FAILURE,tiago_semi_analytic,c96a32d,median-body-4344-torso015-J1-root-robot-zminus020-v5,wrist_center,gripper_grasping_frame,,144.23550001811236,no exact or boundary-refined wrist branch met strict wrist-center/orientation/SEW tolerances,,,,,,,,,,,,,,,oracle_inconclusive,,
420,transfer,high,0.8172015994999999,-20.0,False,tiago_sew,NUMERICAL_FAILURE,tiago_semi_analytic,c96a32d,median-body-4344-torso015-J1-root-robot-zminus020-v5,wrist_center,gripper_grasping_frame,,147.4879999877885,no exact or boundary-refined wrist branch met strict wrist-center/orientation/SEW tolerances,,,,,,,,,,,,,,,oracle_inconclusive,,
421,transfer,high,0.8173605344999999,-20.0,False,tiago_sew,NUMERICAL_FAILURE,tiago_semi_analytic,c96a32d,median-body-4344-torso015-J1-root-robot-zminus020-v5,wrist_center,gripper_grasping_frame,,144.59729997906834,no exact or boundary-refined wrist branch met strict wrist-center/orientation/SEW tolerances,,,,,,,,,,,,,,,oracle_inconclusive,,
422,transfer,high,0.8173518065,-20.0,False,tiago_sew,NUMERICAL_FAILURE,tiago_semi_analytic,c96a32d,median-body-4344-torso015-J1-root-robot-zminus020-v5,wrist_center,gripper_grasping_frame,,141.8891999637708,no exact or boundary-refined wrist branch met strict wrist-center/orientation/SEW tolerances,,,,,,,,,,,,,,,oracle_inconclusive,,
423,transfer,high,0.8173263555,-20.0,False,tiago_sew,NUMERICAL_FAILURE,tiago_semi_analytic,c96a32d,median-body-4344-torso015-J1-root-robot-zminus020-v5,wrist_center,gripper_grasping_frame,,146.05810004286468,no exact or boundary-refined wrist branch met strict wrist-center/orientation/SEW tolerances,,,,,,,,,,,,,,,oracle_inconclusive,,
424,transfer,high,0.8173349305,-20.0,False,tiago_sew,NUMERICAL_FAILURE,tiago_semi_analytic,c96a32d,median-body-4344-torso015-J1-root-robot-zminus020-v5,wrist_center,gripper_grasping_frame,,145.5381999257952,no exact or boundary-refined wrist branch met strict wrist-center/orientation/SEW tolerances,,,,,,,,,,,,,,,oracle_inconclusive,,
425,transfer,high,0.8172401734999999,-20.0,False,tiago_sew,NUMERICAL_FAILURE,tiago_semi_analytic,c96a32d,median-body-4344-torso015-J1-root-robot-zminus020-v5,wrist_center,gripper_grasping_frame,,147.69480004906654,no exact or boundary-refined wrist branch met strict wrist-center/orientation/SEW tolerances,,,,,,,,,,,,,,,oracle_inconclusive,,
426,transfer,high,0.8172535405,-20.0,False,tiago_sew,NUMERICAL_FAILURE,tiago_semi_analytic,c96a32d,median-body-4344-torso015-J1-root-robot-zminus020-v5,wrist_center,gripper_grasping_frame,,161.25949996057898,no exact or boundary-refined wrist branch met strict wrist-center/orientation/SEW tolerances,,,,,,,,,,,,,,,oracle_inconclusive,,
427,transfer,high,0.8172003784999999,-20.0,False,tiago_sew,NUMERICAL_FAILURE,tiago_semi_analytic,c96a32d,median-body-4344-torso015-J1-root-robot-zminus020-v5,wrist_center,gripper_grasping_frame,,139.51489992905408,no exact or boundary-refined wrist branch met strict wrist-center/orientation/SEW tolerances,,,,,,,,,,,,,,,oracle_inconclusive,,
428,transfer,high,0.8170500494999999,-20.0,False,tiago_sew,NUMERICAL_FAILURE,tiago_semi_analytic,c96a32d,median-body-4344-torso015-J1-root-robot-zminus020-v5,wrist_center,gripper_grasping_frame,,139.04909999109805,no exact or boundary-refined wrist branch met strict wrist-center/orientation/SEW tolerances,,,,,,,,,,,,,,,oracle_inconclusive,,
429,transfer,high,0.8169959105,-20.0,False,tiago_sew,NUMERICAL_FAILURE,tiago_semi_analytic,c96a32d,median-body-4344-torso015-J1-root-robot-zminus020-v5,wrist_center,gripper_grasping_frame,,203.2382000470534,no exact or boundary-refined wrist branch met strict wrist-center/orientation/SEW tolerances,,,,,,,,,,,,,,,oracle_inconclusive,,
430,transfer,high,0.8169910895,-20.0,False,tiago_sew,NUMERICAL_FAILURE,tiago_semi_analytic,c96a32d,median-body-4344-torso015-J1-root-robot-zminus020-v5,wrist_center,gripper_grasping_frame,,169.41100009717047,no exact or boundary-refined wrist branch met strict wrist-center/orientation/SEW tolerances,,,,,,,,,,,,,,,oracle_inconclusive,,
431,transfer,high,0.8168885195,-20.0,False,tiago_sew,NUMERICAL_FAILURE,tiago_semi_analytic,c96a32d,median-body-4344-torso015-J1-root-robot-zminus020-v5,wrist_center,gripper_grasping_frame,,161.77020000759512,no exact or boundary-refined wrist branch met strict wrist-center/orientation/SEW tolerances,,,,,,,,,,,,,,,oracle_inconclusive,,
432,transfer,high,0.8167609865000001,-20.0,False,tiago_sew,NUMERICAL_FAILURE,tiago_semi_analytic,c96a32d,median-body-4344-torso015-J1-root-robot-zminus020-v5,wrist_center,gripper_grasping_frame,,139.48899996466935,no exact or boundary-refined wrist branch met strict wrist-center/orientation/SEW tolerances,,,,,,,,,,,,,,,oracle_inconclusive,,
433,transfer,high,0.8164384764999999,-20.0,False,tiago_sew,NUMERICAL_FAILURE,tiago_semi_analytic,c96a32d,median-body-4344-torso015-J1-root-robot-zminus020-v5,wrist_center,gripper_grasping_frame,,145.14510007575154,no exact or boundary-refined wrist branch met strict wrist-center/orientation/SEW tolerances,,,,,,,,,,,,,,,oracle_inconclusive,,
434,withdrawal,high,0.8176042484999999,-20.0,False,tiago_sew,NUMERICAL_FAILURE,tiago_semi_analytic,c96a32d,median-body-4344-torso015-J1-root-robot-zminus020-v5,wrist_center,gripper_grasping_frame,,142.8825999610126,no exact or boundary-refined wrist branch met strict wrist-center/orientation/SEW tolerances,,,,,,,,,,,,,,,oracle_inconclusive,,
435,withdrawal,high,0.8175350345,-20.0,False,tiago_sew,NUMERICAL_FAILURE,tiago_semi_analytic,c96a32d,median-body-4344-torso015-J1-root-robot-zminus020-v5,wrist_center,gripper_grasping_frame,,146.07710007112473,no exact or boundary-refined wrist branch met strict wrist-center/orientation/SEW tolerances,,,,,,,,,,,,,,,oracle_inconclusive,,
436,withdrawal,high,0.8174158025,-20.0,False,tiago_sew,NUMERICAL_FAILURE,tiago_semi_analytic,c96a32d,median-body-4344-torso015-J1-root-robot-zminus020-v5,wrist_center,gripper_grasping_frame,,148.97059998475015,no exact or boundary-refined wrist branch met strict wrist-center/orientation/SEW tolerances,,,,,,,,,,,,,,,oracle_inconclusive,,
437,withdrawal,high,0.8172959595,-20.0,False,tiago_sew,NUMERICAL_FAILURE,tiago_semi_analytic,c96a32d,median-body-4344-torso015-J1-root-robot-zminus020-v5,wrist_center,gripper_grasping_frame,,149.98699992429465,no exact or boundary-refined wrist branch met strict wrist-center/orientation/SEW tolerances,,,,,,,,,,,,,,,oracle_inconclusive,,
438,withdrawal,high,0.8172320255000001,-20.0,False,tiago_sew,NUMERICAL_FAILURE,tiago_semi_analytic,c96a32d,median-body-4344-torso015-J1-root-robot-zminus020-v5,wrist_center,gripper_grasping_frame,,147.02580007724464,no exact or boundary-refined wrist branch met strict wrist-center/orientation/SEW tolerances,,,,,,,,,,,,,,,oracle_inconclusive,,
439,withdrawal,high,0.8171201175,-20.0,False,tiago_sew,NUMERICAL_FAILURE,tiago_semi_analytic,c96a32d,median-body-4344-torso015-J1-root-robot-zminus020-v5,wrist_center,gripper_grasping_frame,,155.14169994276017,no exact or boundary-refined wrist branch met strict wrist-center/orientation/SEW tolerances,,,,,,,,,,,,,,,oracle_inconclusive,,
440,withdrawal,high,0.8171036375,-20.0,False,tiago_sew,NUMERICAL_FAILURE,tiago_semi_analytic,c96a32d,median-body-4344-torso015-J1-root-robot-zminus020-v5,wrist_center,gripper_grasping_frame,,153.0528999865055,no exact or boundary-refined wrist branch met strict wrist-center/orientation/SEW tolerances,,,,,,,,,,,,,,,oracle_inconclusive,,
441,withdrawal,high,0.8170548095,-20.0,False,tiago_sew,NUMERICAL_FAILURE,tiago_semi_analytic,c96a32d,median-body-4344-torso015-J1-root-robot-zminus020-v5,wrist_center,gripper_grasping_frame,,151.26049995888025,no exact or boundary-refined wrist branch met strict wrist-center/orientation/SEW tolerances,,,,,,,,,,,,,,,oracle_inconclusive,,
442,withdrawal,high,0.8170563665,-20.0,False,tiago_sew,NUMERICAL_FAILURE,tiago_semi_analytic,c96a32d,median-body-4344-torso015-J1-root-robot-zminus020-v5,wrist_center,gripper_grasping_frame,,150.81800008192658,no exact or boundary-refined wrist branch met strict wrist-center/orientation/SEW tolerances,,,,,,,,,,,,,,,oracle_inconclusive,,
443,withdrawal,high,0.8169669195,-20.0,False,tiago_sew,NUMERICAL_FAILURE,tiago_semi_analytic,c96a32d,median-body-4344-torso015-J1-root-robot-zminus020-v5,wrist_center,gripper_grasping_frame,,163.37210009805858,no exact or boundary-refined wrist branch met strict wrist-center/orientation/SEW tolerances,,,,,,,,,,,,,,,oracle_inconclusive,,
444,withdrawal,high,0.8168153385,-20.0,False,tiago_sew,NUMERICAL_FAILURE,tiago_semi_analytic,c96a32d,median-body-4344-torso015-J1-root-robot-zminus020-v5,wrist_center,gripper_grasping_frame,,144.20169999357313,no exact or boundary-refined wrist branch met strict wrist-center/orientation/SEW tolerances,,,,,,,,,,,,,,,oracle_inconclusive,,
445,withdrawal,high,0.8165024415,-20.0,False,tiago_sew,NUMERICAL_FAILURE,tiago_semi_analytic,c96a32d,median-body-4344-torso015-J1-root-robot-zminus020-v5,wrist_center,gripper_grasping_frame,,137.28589995298535,no exact or boundary-refined wrist branch met strict wrist-center/orientation/SEW tolerances,,,,,,,,,,,,,,,oracle_inconclusive,,
446,withdrawal,high,0.8162549445,-20.0,False,tiago_sew,NUMERICAL_FAILURE,tiago_semi_analytic,c96a32d,median-body-4344-torso015-J1-root-robot-zminus020-v5,wrist_center,gripper_grasping_frame,,136.85739994980395,no exact or boundary-refined wrist branch met strict wrist-center/orientation/SEW tolerances,,,,,,,,,,,,,,,oracle_inconclusive,,
447,withdrawal,high,0.8160354925,-20.0,False,tiago_sew,NUMERICAL_FAILURE,tiago_semi_analytic,c96a32d,median-body-4344-torso015-J1-root-robot-zminus020-v5,wrist_center,gripper_grasping_frame,,140.09110000915825,no exact or boundary-refined wrist branch met strict wrist-center/orientation/SEW tolerances,,,,,,,,,,,,,,,oracle_inconclusive,,
448,withdrawal,high,0.8159149175,-20.0,False,tiago_sew,NUMERICAL_FAILURE,tiago_semi_analytic,c96a32d,median-body-4344-torso015-J1-root-robot-zminus020-v5,wrist_center,gripper_grasping_frame,,140.41370002087206,no exact or boundary-refined wrist branch met strict wrist-center/orientation/SEW tolerances,,,,,,,,,,,,,,,oracle_inconclusive,,
449,withdrawal,high,0.8157933045,-20.0,False,tiago_sew,NUMERICAL_FAILURE,tiago_semi_analytic,c96a32d,median-body-4344-torso015-J1-root-robot-zminus020-v5,wrist_center,gripper_grasping_frame,,146.26289997249842,no exact or boundary-refined wrist branch met strict wrist-center/orientation/SEW tolerances,,,,,,,,,,,,,,,oracle_inconclusive,,
450,withdrawal,high,0.8155849915,-20.0,False,tiago_sew,NUMERICAL_FAILURE,tiago_semi_analytic,c96a32d,median-body-4344-torso015-J1-root-robot-zminus020-v5,wrist_center,gripper_grasping_frame,,145.2046000631526,no exact or boundary-refined wrist branch met strict wrist-center/orientation/SEW tolerances,,,,,,,,,,,,,,,oracle_inconclusive,,
451,withdrawal,high,0.8150641175,-20.0,False,tiago_sew,NUMERICAL_FAILURE,tiago_semi_analytic,c96a32d,median-body-4344-torso015-J1-root-robot-zminus020-v5,wrist_center,gripper_grasping_frame,,145.5901999725029,no exact or boundary-refined wrist branch met strict wrist-center/orientation/SEW tolerances,,,,,,,,,,,,,,,oracle_inconclusive,,
452,withdrawal,high,0.8146621095,-20.0,False,tiago_sew,NUMERICAL_FAILURE,tiago_semi_analytic,c96a32d,median-body-4344-torso015-J1-root-robot-zminus020-v5,wrist_center,gripper_grasping_frame,,140.00759995542467,no exact or boundary-refined wrist branch met strict wrist-center/orientation/SEW tolerances,,,,,,,,,,,,,,,oracle_inconclusive,,
453,withdrawal,high,0.8142962345,-20.0,False,tiago_sew,NUMERICAL_FAILURE,tiago_semi_analytic,c96a32d,median-body-4344-torso015-J1-root-robot-zminus020-v5,wrist_center,gripper_grasping_frame,,146.2347999913618,no exact or boundary-refined wrist branch met strict wrist-center/orientation/SEW tolerances,,,,,,,,,,,,,,,oracle_inconclusive,,
454,withdrawal,high,0.8137507635,-20.0,False,tiago_sew,NUMERICAL_FAILURE,tiago_semi_analytic,c96a32d,median-body-4344-torso015-J1-root-robot-zminus020-v5,wrist_center,gripper_grasping_frame,,139.1744000138715,no exact or boundary-refined wrist branch met strict wrist-center/orientation/SEW tolerances,,,,,,,,,,,,,,,oracle_inconclusive,,
455,withdrawal,high,0.8132080385,-20.0,False,tiago_sew,NUMERICAL_FAILURE,tiago_semi_analytic,c96a32d,median-body-4344-torso015-J1-root-robot-zminus020-v5,wrist_center,gripper_grasping_frame,,143.78150005359203,no exact or boundary-refined wrist branch met strict wrist-center/orientation/SEW tolerances,,,,,,,,,,,,,,,oracle_inconclusive,,
456,withdrawal,high,0.8123339235,-20.0,False,tiago_sew,NUMERICAL_FAILURE,tiago_semi_analytic,c96a32d,median-body-4344-torso015-J1-root-robot-zminus020-v5,wrist_center,gripper_grasping_frame,,137.34519993886352,no exact or boundary-refined wrist branch met strict wrist-center/orientation/SEW tolerances,,,,,,,,,,,,,,,oracle_inconclusive,,
457,withdrawal,high,0.8117846074999999,-20.0,False,tiago_sew,SUCCESS_EXACT,tiago_semi_analytic,c96a32d,median-body-4344-torso015-J1-root-robot-zminus020-v5,wrist_center,gripper_grasping_frame,seed-11-wrist-0-boundary,148.91220000572503,,2.1488086800245276,0.11471033850168712,-1.9223278806460775,1.3413574625151299,0.4221283438538594,-0.5000335419266072,-2.0943999999999994,0.8142938286573664,0.34229619260832256,0.09987842306025446,2.5444437451708134e-14,0.4751316006034852,0.6109224704064914,0.7911940148897878,reachable_success,95.81410809652628,2.5444437451708134e-14
458,withdrawal,high,0.8106003415,-20.0,False,tiago_sew,SUCCESS_EXACT,tiago_semi_analytic,c96a32d,median-body-4344-torso015-J1-root-robot-zminus020-v5,wrist_center,gripper_grasping_frame,seed-10-wrist-0-boundary,145.90490004047751,,2.1404094081401634,0.11126870636997171,-1.9231324308142117,1.355494776953847,0.4236610422221905,-0.500309424824837,-2.0943999999999994,0.19411468723223207,0.08220797157027429,0.024267747444727077,2.5444437451708134e-14,0.4737066413246638,0.6073160509779388,0.7899201210316986,reachable_success,95.72629094875433,2.5444437451708134e-14
459,withdrawal,high,0.8098339545,-20.0,False,tiago_sew,SUCCESS_EXACT,tiago_semi_analytic,c96a32d,median-body-4344-torso015-J1-root-robot-zminus020-v5,wrist_center,gripper_grasping_frame,seed-0-wrist-0,3.3248000545427203,,2.1314151232330096,0.10707936407379706,-1.9261604080069092,1.3714783062818057,0.42595020014246554,-0.49412740404166966,-2.094394864431921,2.288783399261119e-13,2.2255195852641696e-14,2.5444437451708134e-14,0.0002942463763171006,0.47210016611604855,0.6033995594024668,0.7907195611292647,reachable_success,95.59513186128362,0.0002942463763171006
460,withdrawal,high,0.8086800235,-20.0,False,tiago_sew,SUCCESS_EXACT,tiago_semi_analytic,c96a32d,median-body-4344-torso015-J1-root-robot-zminus020-v5,wrist_center,gripper_grasping_frame,seed-0-wrist-0,3.060900024138391,,2.1212171193324183,0.10273099473456777,-1.9280502972621072,1.3909435244375832,0.4138734522667704,-0.4909571155430612,-2.081757557178504,3.8459253727671276e-13,6.3691702865454756e-15,0.0,0.7243586164071828,0.4706369116890382,0.5991314712732698,0.7897560279745618,reachable_success,96.28707854480453,0.7243586164071828
461,withdrawal,high,0.8075873105,-20.0,False,tiago_sew,SUCCESS_EXACT,tiago_semi_analytic,c96a32d,median-body-4344-torso015-J1-root-robot-zminus020-v5,wrist_center,gripper_grasping_frame,seed-0-wrist-0,2.907700021751225,,2.111190664955831,0.0973177730698854,-1.9314088919710357,1.4108336439367284,0.4038925317367865,-0.4884025707583106,-2.071558650037483,2.5438405243138007e-13,5.0688879676305174e-14,0.0,1.308712951233517,0.4686712692634156,0.5946839166144695,0.7891304534535103,reachable_success,96.85894316682808,1.308712951233517
462,withdrawal,high,0.8063290405000001,-20.0,False,tiago_sew,SUCCESS_EXACT,tiago_semi_analytic,c96a32d,median-body-4344-torso015-J1-root-robot-zminus020-v5,wrist_center,gripper_grasping_frame,seed-0-wrist-0,4.120600060559809,,2.099548786045196,0.09404946118270424,-1.9316185739606748,1.4325104647618971,0.3973189264366024,-0.48578368282210826,-2.0645609513650545,1.2412670766236365e-13,5.435491901406763e-14,5.088887490341627e-14,1.709651551467969,0.4662746832609891,0.589725196041772,0.7877831344114661,reachable_success,97.23558300671345,1.709651551467969
463,withdrawal,high,0.8050871584999999,-20.0,False,tiago_sew,SUCCESS_EXACT,tiago_semi_analytic,c96a32d,median-body-4344-torso015-J1-root-robot-zminus020-v5,wrist_center,gripper_grasping_frame,seed-0-wrist-0,2.9266999335959554,,2.0883595713801073,0.08815018759533369,-1.934991767024241,1.4544047045587136,0.3772651005456584,-0.48637493348095573,-2.047427070266738,1.2412670766236365e-13,3.8166539210667243e-14,2.5444437451708134e-14,2.6913506250804726,0.46470616841730994,0.5847447938632087,0.7861128054028768,reachable_success,98.38458259335472,2.6913506250804726
464,withdrawal,high,0.8037972105,-20.0,False,tiago_sew,SUCCESS_EXACT,tiago_semi_analytic,c96a32d,median-body-4344-torso015-J1-root-robot-zminus020-v5,wrist_center,gripper_grasping_frame,seed-0-wrist-0,3.9866999723017216,,2.0768426260010555,0.08306752689426034,-1.9371978154114347,1.47680878455139,0.3700569513846297,-0.48665261510650115,-2.042919969026701,1.570092458683775e-13,2.3661407052150553e-14,2.5444437451708134e-14,2.949588503972776,0.4618285275003558,0.5794414886929755,0.7846047750163163,reachable_success,98.79757911838244,2.949588503972776
465,withdrawal,high,0.8022009585000001,-20.0,False,tiago_sew,SUCCESS_EXACT,tiago_semi_analytic,c96a32d,median-body-4344-torso015-J1-root-robot-zminus020-v5,wrist_center,gripper_grasping_frame,seed-0-wrist-0,5.994300008751452,,2.06440072645586,0.07672474644888927,-1.9398537180928543,1.502098940562769,0.35099167521317964,-0.4900380425776998,-2.0275401576450456,3.3306690738754696e-13,4.633733790050379e-14,2.5444437451708134e-14,3.830786785848901,0.45909810920196503,0.5736951304711618,0.781929340254984,reachable_success,99.88993897825786,3.830786785848901
466,withdrawal,high,0.8006700135,-20.0,False,tiago_sew,SUCCESS_EXACT,tiago_semi_analytic,c96a32d,median-body-4344-torso015-J1-root-robot-zminus020-v5,wrist_center,gripper_grasping_frame,seed-0-wrist-0,3.437599982134998,,2.0519076653320982,0.06859808258192777,-1.9445990222051786,1.5277499846946132,0.3410452834913569,-0.485965759439412,-2.025881326292769,6.206335383118183e-13,9.404241097532193e-14,0.0,3.925830821258337,0.45588145736844066,0.567701545843761,0.7815369777123656,reachable_success,100.45982524530217,3.925830821258337
467,withdrawal,high,0.7991165465,-20.0,False,tiago_sew,SUCCESS_EXACT,tiago_semi_analytic,c96a32d,median-body-4344-torso015-J1-root-robot-zminus020-v5,wrist_center,gripper_grasping_frame,seed-0-wrist-0,4.327900009229779,,2.038347238663923,0.06264326484540034,-1.9468026173185813,1.5538942979658075,0.33748466883236095,-0.4845777620844993,-2.025820236691702,6.661338147750939e-13,4.093329278779887e-14,2.5444437451708134e-14,3.929330997571594,0.4520488273777297,0.5612224148029844,0.7802022614334123,reachable_success,100.66383343773505,3.929330997571594
468,withdrawal,middle,0.7974333495,-20.0,False,tiago_sew,SUCCESS_EXACT,tiago_semi_analytic,c96a32d,median-body-4344-torso015-J1-root-robot-zminus020-v5,wrist_center,gripper_grasping_frame,seed-0-wrist-0,3.9735999889671803,,2.025281947233647,0.05479885678320799,-1.9505170315454914,1.5803757048808518,0.330953617679409,-0.4818935102479651,-2.023631109700279,1.946059773656262e-12,2.902330165818073e-14,1.2722218725854067e-13,4.054758734998312,0.44821923928412327,0.5547764331548858,0.7793001782937997,reachable_success,101.03803510458324,4.054758734998312
469,withdrawal,middle,0.7956394655,-20.0,False,tiago_sew,SUCCESS_EXACT,tiago_semi_analytic,c96a32d,median-body-4344-torso015-J1-root-robot-zminus020-v5,wrist_center,gripper_grasping_frame,seed-0-wrist-0,3.94249998498708,,2.011434668592566,0.045905167180825435,-1.9548750403103412,1.6087353406253349,0.3211328172503669,-0.4855699777652447,-2.016162825559883,6.738148327319788e-12,6.313305192259322e-14,7.63333123551244e-14,4.482659896447486,0.44398356902640795,0.54764989643102,0.7771019985704346,reachable_success,101.60072552060763,4.482659896447486
470,withdrawal,middle,0.7938693545,-20.0,False,tiago_sew,SUCCESS_EXACT,tiago_semi_analytic,c96a32d,median-body-4344-torso015-J1-root-robot-zminus020-v5,wrist_center,gripper_grasping_frame,seed-0-wrist-0,3.7947000237181783,,1.9975729321670925,0.03681336625611512,-1.9593444818680372,1.637320086589819,0.30992244311344397,-0.4845920730858104,-2.0106436740435036,1.2835085711089648e-11,4.424294684734985e-14,1.526666247102488e-13,4.798883984829259,0.4399268291191532,0.54056207753872,0.7758964206944108,reachable_success,102.24303264541592,4.798883984829259
471,withdrawal,middle,0.7921180725,-20.0,False,tiago_sew,SUCCESS_EXACT,tiago_semi_analytic,c96a32d,median-body-4344-torso015-J1-root-robot-zminus020-v5,wrist_center,gripper_grasping_frame,seed-0-wrist-0,3.0132998945191503,,1.9831401678987495,0.028754807663099326,-1.9627186385544844,1.6663255193797901,0.29873366267636925,-0.48681545202517773,-2.0028251417402156,2.581411782862379e-11,6.14431638740962e-14,4.579998741307465e-13,5.246852887794359,0.435671494037955,0.5331623452274648,0.7738386553066986,reachable_success,102.88410254235885,5.246852887794359
472,withdrawal,middle,0.7903738714999999,-20.0,False,tiago_sew,SUCCESS_EXACT,tiago_semi_analytic,c96a32d,median-body-4344-torso015-J1-root-robot-zminus020-v5,wrist_center,gripper_grasping_frame,seed-0-wrist-0,2.992199966683984,,1.9688740406461653,0.017804978796683312,-1.9687864517235811,1.6963663310087809,0.27475764723152185,-0.4927061457973476,-1.9891280537004397,6.067602449320028e-11,2.6712197393201795e-14,8.905553108097847e-13,6.031638224092641,0.4321329142736233,0.5255799069625906,0.7715023412226573,reachable_success,104.25782703688908,6.031638224092641
473,withdrawal,middle,0.7885017095,-20.0,False,tiago_sew,SUCCESS_EXACT,tiago_semi_analytic,c96a32d,median-body-4344-torso015-J1-root-robot-zminus020-v5,wrist_center,gripper_grasping_frame,seed-0-wrist-0,2.7655999874696136,,1.954427492833752,0.007023910064623421,-1.974072825043984,1.7269475407928663,0.2461687060334956,-0.5006592342321579,-1.9751697888863369,1.488226736672789e-10,4.262018744353625e-14,1.5775551220059043e-12,6.83138788726669,0.4287846534752055,0.5179572359414726,0.7684610087362892,reachable_success,105.89585270828367,6.83138788726669
474,withdrawal,middle,0.7865282284999999,-20.0,False,tiago_sew,SUCCESS_EXACT,tiago_semi_analytic,c96a32d,median-body-4344-torso015-J1-root-robot-zminus020-v5,wrist_center,gripper_grasping_frame,seed-0-wrist-0,3.178899991326034,,1.939234518984874,-0.00485030151014715,-1.979844521180495,1.7584701483445329,0.21765159959223546,-0.5091365906242249,-1.966577358181988,2.5961024793437556e-10,6.923286519043816e-14,4.707220928566005e-12,7.323697902384496,0.4255057631691458,0.509861459977703,0.7654604418299031,reachable_success,107.5297625512932,7.323697902384496
475,withdrawal,middle,0.7847647405,-20.0,False,tiago_sew,SUCCESS_EXACT,tiago_semi_analytic,c96a32d,median-body-4344-torso015-J1-root-robot-zminus020-v5,wrist_center,gripper_grasping_frame,seed-0-wrist-0,3.5290999803692102,,1.924218708667291,-0.016629197348595207,-1.9859738931410047,1.7897582689511968,0.17876301123545613,-0.531773327190205,-1.947861308670909,4.841660716467813e-10,4.4589179145786814e-14,5.216109677600168e-12,8.396048548527222,0.4231059035371761,0.5016377674052345,0.7598633186838623,reachable_success,109.75791453535825,8.396048548527222
476,withdrawal,middle,0.7830656745,-20.0,False,tiago_sew,SUCCESS_EXACT,tiago_semi_analytic,c96a32d,median-body-4344-torso015-J1-root-robot-zminus020-v5,wrist_center,gripper_grasping_frame,seed-0-wrist-0,3.29220003914088,,1.9096821657977814,-0.029570955162629472,-1.993088362990374,1.8207007361565193,0.13608913016062818,-0.5527038065295535,-1.9320834700550185,7.554836334983749e-10,2.3474037115425543e-14,1.4070773910794598e-11,9.300052111056276,0.42144083583846464,0.4936205242111484,0.7551070742052896,reachable_success,112.2029478163891,9.300052111056276
477,withdrawal,middle,0.7812500305,-20.0,False,tiago_sew,SUCCESS_EXACT,tiago_semi_analytic,c96a32d,median-body-4344-torso015-J1-root-robot-zminus020-v5,wrist_center,gripper_grasping_frame,seed-0-wrist-0,3.251100075431168,,1.894098344909664,-0.04189889711907648,-1.9991128467204964,1.8529081169118722,0.0905820440884435,-0.5680395567235128,-1.9159123790317896,1.936600475586315e-09,3.469769642776109e-14,3.450265718451623e-11,10.226587376809183,0.42018333882620085,0.4854692408595132,0.7513370022163944,reachable_success,114.81031178626384,10.226587376809183
478,withdrawal,middle,0.7792753295,-20.0,False,tiago_sew,SUCCESS_EXACT,tiago_semi_analytic,c96a32d,median-body-4344-torso015-J1-root-robot-zminus020-v5,wrist_center,gripper_grasping_frame,seed-0-wrist-0,2.985800034366548,,1.8782243010098623,-0.0555238734142438,-2.0054308415465347,1.8845620992776193,0.050435519288497765,-0.584443474461545,-1.9040473788276424,2.2452636216646995e-09,6.159581237092744e-14,4.610532066249514e-11,10.906401812428676,0.4190644573912172,0.4770325020248508,0.7475952008069516,reachable_success,117.11053821941803,10.906401812428676
479,withdrawal,middle,0.7774472965,-20.0,False,tiago_sew,SUCCESS_EXACT,tiago_semi_analytic,c96a32d,median-body-4344-torso015-J1-root-robot-zminus020-v5,wrist_center,gripper_grasping_frame,seed-0-wrist-0,2.7457999531179667,,1.8622540859780887,-0.0678347162880975,-2.011030826348746,1.9176668266042467,0.03964462343076525,-0.6010374434727774,-1.9165823766019958,9.577814117672893e-09,8.411786921452398e-14,2.095858312897199e-10,10.188199343752345,0.41402711412897736,0.46756122682130274,0.7437688672398609,reachable_success,117.72881100923131,10.188199343752345
480,withdrawal,middle,0.7755496825,-20.0,False,tiago_sew,SUCCESS_EXACT,tiago_semi_analytic,c96a32d,median-body-4344-torso015-J1-root-robot-zminus020-v5,wrist_center,gripper_grasping_frame,seed-0-wrist-0,3.2680999720469117,,1.8455505276832245,-0.08048591832245697,-2.0164700483983804,1.9503547338633862,0.017036268120866893,-0.6166032668614605,-1.9130536704231051,1.3525117914180028e-08,6.35853680763599e-14,3.400394621046275e-10,10.390379314944516,0.4109005452435101,0.45826144807507874,0.7402355207147933,reachable_success,119.02417435022066,10.390379314944516
481,withdrawal,middle,0.7734488225,-20.0,False,tiago_sew,SUCCESS_EXACT,tiago_semi_analytic,c96a32d,median-body-4344-torso015-J1-root-robot-zminus020-v5,wrist_center,gripper_grasping_frame,seed-0-wrist-0,3.2648000633344054,,1.8296648719141009,-0.09412690929681014,-2.021814397505145,1.9834587968173019,-0.0124871134233846,-0.6355422729245639,-1.893637848080921,3.6219675144154177e-08,5.411511100737697e-14,9.578558478695527e-10,11.502823990927473,0.4082183005919372,0.4492758227340039,0.7360681858363524,reachable_success,119.28482171473851,11.502823990927473
482,withdrawal,middle,0.7716724245,-20.0,False,tiago_sew,SUCCESS_EXACT,tiago_semi_analytic,c96a32d,median-body-4344-torso015-J1-root-robot-zminus020-v5,wrist_center,gripper_grasping_frame,seed-0-wrist-0,3.194799995981157,,1.8137330696919851,-0.10711621654856343,-2.027554500578355,2.015310913215512,-0.038957835669696905,-0.6609957202723722,-1.86985854910895,5.179248235802391e-08,6.896344667814274e-14,1.5008146986515527e-09,12.865277461801186,0.40608323318131556,0.44006020404742674,0.7311031640414091,reachable_success,117.76816104936177,12.865277461801186
483,withdrawal,middle,0.7696868285,-20.0,False,tiago_sew,SUCCESS_EXACT,tiago_semi_analytic,c96a32d,median-body-4344-torso015-J1-root-robot-zminus020-v5,wrist_center,gripper_grasping_frame,seed-0-wrist-0,3.76029999461025,,1.7982405127336232,-0.12074387855297165,-2.0328532548057323,2.0469673602009903,-0.06546572332741718,-0.6898331227567462,-1.8423286559861989,1.1102230246251565e-13,6.47552452723173e-14,2.5444437451708134e-14,14.442624148181062,0.40418650431007636,0.43090318553510853,0.7254067544981466,reachable_success,116.24937096276746,14.442624148181062
484,withdrawal,middle,0.7676491395,-20.0,False,tiago_sew,SUCCESS_EXACT,tiago_semi_analytic,c96a32d,median-body-4344-torso015-J1-root-robot-zminus020-v5,wrist_center,gripper_grasping_frame,seed-0-wrist-0,3.9671999402344227,,1.7830034939145283,-0.13445281275820586,-2.037824488999968,2.078204792068752,-0.09279285559348338,-0.7130026636382683,-1.816366958148719,1.570092458683775e-13,8.825569050851078e-14,2.5444437451708134e-14,15.927379181527124,0.4023978241170884,0.42210768251510455,0.7209576851839554,reachable_success,114.6836416177261,15.930119863262577
485,withdrawal,middle,0.7657666624999999,-20.0,False,tiago_sew,SUCCESS_EXACT,tiago_semi_analytic,c96a32d,median-body-4344-torso015-J1-root-robot-zminus020-v5,wrist_center,gripper_grasping_frame,seed-0-wrist-0,3.8647999754175544,,1.7678883958533045,-0.14958779090268873,-2.0441924306302828,2.108786268134477,-0.11424642694326792,-0.7417948273518196,-1.803003971533082,4.5097472448829337e-13,4.55758925629531e-14,2.5444437451708134e-14,14.175189671680727,0.4006791024406908,0.4128638405860986,0.7159686216176581,reachable_success,113.45444252390067,16.695762598028388
486,withdrawal,middle,0.7637472535000001,-20.0,False,tiago_sew,SUCCESS_EXACT,tiago_semi_analytic,c96a32d,median-body-4344-torso015-J1-root-robot-zminus020-v5,wrist_center,gripper_grasping_frame,seed-0-wrist-0,3.6467999452725053,,1.7527229212261977,-0.1644974698880507,-2.0498088344523318,2.1403604045734017,-0.13539262688118825,-0.7732777265681681,-1.7940975431022181,2.077037090527612e-13,5.346549639268288e-14,0.0,12.366124911960124,0.398750241269936,0.4034106024136992,0.7103310135565952,reachable_success,112.24285451471802,17.206063357652205
487,withdrawal,middle,0.7616421204999999,-20.0,False,tiago_sew,SUCCESS_EXACT,tiago_semi_analytic,c96a32d,median-body-4344-torso015-J1-root-robot-zminus020-v5,wrist_center,gripper_grasping_frame,seed-0-wrist-0,3.657099907286465,,1.7372497945641479,-0.18083383588382113,-2.0559912752153586,2.1725213728575383,-0.15651918145753996,-0.8052650354668849,-1.7907506630188603,5.578801654593729e-13,7.488263800849041e-14,2.5444437451708134e-14,10.523437164225,0.3970003093190405,0.3936831128031494,0.7049166760198987,reachable_success,111.03239210184027,17.397825460965002
488,withdrawal,middle,0.7595594784999999,-20.0,False,tiago_sew,SUCCESS_EXACT,tiago_semi_analytic,c96a32d,median-body-4344-torso015-J1-root-robot-zminus020-v5,wrist_center,gripper_grasping_frame,seed-0-wrist-0,3.804599982686341,,1.7220108018600961,-0.19795090890369188,-2.062609302904262,2.204340051444402,-0.1749197842190462,-0.8393034993901765,-1.793370979202333,5.131404700436547e-12,4.871404363073862e-14,2.2899993706537323e-13,8.700361171514436,0.39528368722426144,0.3838044813082888,0.6993730216451473,reachable_success,109.9781152231092,17.247692402662196
489,withdrawal,middle,0.7571787114999999,-20.0,False,tiago_sew,SUCCESS_EXACT,tiago_semi_analytic,c96a32d,median-body-4344-torso015-J1-root-robot-zminus020-v5,wrist_center,gripper_grasping_frame,seed-0-wrist-0,4.013500059954822,,1.7062388057307822,-0.21517017825262902,-2.067946271186365,2.2364927887999433,-0.18929032660698653,-0.8718390792030393,-1.7987762738149922,1.2435464636785554e-10,7.097909246394463e-14,5.114331927793335e-12,6.858145021249285,0.39299914669132596,0.37370486813576587,0.6936148346116146,reachable_success,109.15474379496636,16.93799183433202
490,withdrawal,middle,0.7545257265,-20.0,False,tiago_sew,SUCCESS_EXACT,tiago_semi_analytic,c96a32d,median-body-4344-torso015-J1-root-robot-zminus020-v5,wrist_center,gripper_grasping_frame,seed-0-wrist-0,3.7755999946966767,,1.6906984177618412,-0.23200690806075877,-2.071641422857088,2.2683000527508335,-0.20450207827862954,-0.9069684828414717,-1.7958817053755762,4.781674456663506e-09,8.34899684938212e-14,2.158451629028401e-10,5.03572303900467,0.39103647246442375,0.36370708144765496,0.6869997508012284,reachable_success,108.28317462518015,17.10383838942232
491,withdrawal,middle,0.7519035345,-20.0,False,tiago_sew,SUCCESS_EXACT,tiago_semi_analytic,c96a32d,median-body-4344-torso015-J1-root-robot-zminus020-v5,wrist_center,gripper_grasping_frame,seed-0-wrist-0,3.929700003936887,,1.6762782918549057,-0.2507196956449574,-2.076338371375796,2.299050669553337,-0.22021964732272536,-0.9386522085345632,-1.7898473173485296,3.0832457115405185e-07,3.661220028094431e-14,1.447686713252386e-08,3.2738424787971407,0.3891496428330568,0.35426316021626925,0.6815831599411336,reachable_success,107.38262425474798,17.449583355316367
492,withdrawal,middle,0.7492551275,-20.0,False,tiago_sew,SUCCESS_EXACT,tiago_semi_analytic,c96a32d,median-body-4344-torso015-J1-root-robot-zminus020-v5,wrist_center,gripper_grasping_frame,seed-0-wrist-0,4.474199959076941,,1.661659320091457,-0.26783965684904,-2.0795251655663196,2.3289231893123747,-0.23695425940316817,-0.9655018646748212,-1.7759530614391812,2.287192936707712e-09,9.431330652827122e-14,1.1075963622728551e-10,1.562273173183121,0.3873813008418517,0.34528413154995574,0.6768735303825428,reachable_success,106.42380161074998,18.245665578396736
493,withdrawal,middle,0.7462881775,-20.0,False,tiago_sew,SUCCESS_EXACT,tiago_semi_analytic,c96a32d,median-body-4344-torso015-J1-root-robot-zminus020-v5,wrist_center,gripper_grasping_frame,seed-0-wrist-0,6.447599967941642,,1.6475310317396903,-0.2849775161691276,-2.0814813579385048,2.3561899999925973,-0.247236080270115,-0.9941949095672706,-1.7632275991809276,0.5812991478465318,7.530083718743823e-14,0.029079008483374053,4.241333278825229e-10,0.3855709492422301,0.3364593173162253,0.6712666229651133,reachable_success,105.83469666936438,18.974780858147682
494,withdrawal,middle,0.7431755675,-20.0,False,tiago_sew,NUMERICAL_FAILURE,tiago_semi_analytic,c96a32d,median-body-4344-torso015-J1-root-robot-zminus020-v5,wrist_center,gripper_grasping_frame,,191.25949998851866,no exact or boundary-refined wrist branch met strict wrist-center/orientation/SEW tolerances,,,,,,,,,,,,,,,oracle_inconclusive,,
495,withdrawal,middle,0.7400906375,-20.0,False,tiago_sew,NUMERICAL_FAILURE,tiago_semi_analytic,c96a32d,median-body-4344-torso015-J1-root-robot-zminus020-v5,wrist_center,gripper_grasping_frame,,206.59650000743568,no exact or boundary-refined wrist branch met strict wrist-center/orientation/SEW tolerances,,,,,,,,,,,,,,,oracle_inconclusive,,
496,withdrawal,middle,0.7367564245,-20.0,False,tiago_sew,NUMERICAL_FAILURE,tiago_semi_analytic,c96a32d,median-body-4344-torso015-J1-root-robot-zminus020-v5,wrist_center,gripper_grasping_frame,,198.29179998487234,no exact or boundary-refined wrist branch met strict wrist-center/orientation/SEW tolerances,,,,,,,,,,,,,,,oracle_inconclusive,,
497,withdrawal,middle,0.7334400335,-20.0,False,tiago_sew,NUMERICAL_FAILURE,tiago_semi_analytic,c96a32d,median-body-4344-torso015-J1-root-robot-zminus020-v5,wrist_center,gripper_grasping_frame,,196.99940003920346,no exact or boundary-refined wrist branch met strict wrist-center/orientation/SEW tolerances,,,,,,,,,,,,,,,oracle_inconclusive,,
498,withdrawal,middle,0.7300328375,-20.0,False,tiago_sew,NUMERICAL_FAILURE,tiago_semi_analytic,c96a32d,median-body-4344-torso015-J1-root-robot-zminus020-v5,wrist_center,gripper_grasping_frame,,197.13820004835725,no exact or boundary-refined wrist branch met strict wrist-center/orientation/SEW tolerances,,,,,,,,,,,,,,,oracle_inconclusive,,
499,withdrawal,middle,0.7266297605,-20.0,False,tiago_sew,NUMERICAL_FAILURE,tiago_semi_analytic,c96a32d,median-body-4344-torso015-J1-root-robot-zminus020-v5,wrist_center,gripper_grasping_frame,,221.31609998177737,no exact or boundary-refined wrist branch met strict wrist-center/orientation/SEW tolerances,,,,,,,,,,,,,,,oracle_inconclusive,,
500,withdrawal,middle,0.7230383455,-20.0,False,tiago_sew,NUMERICAL_FAILURE,tiago_semi_analytic,c96a32d,median-body-4344-torso015-J1-root-robot-zminus020-v5,wrist_center,gripper_grasping_frame,,389.0384000260383,no exact or boundary-refined wrist branch met strict wrist-center/orientation/SEW tolerances,,,,,,,,,,,,,,,oracle_inconclusive,,
501,withdrawal,middle,0.7194678955,-20.0,False,tiago_sew,NUMERICAL_FAILURE,tiago_semi_analytic,c96a32d,median-body-4344-torso015-J1-root-robot-zminus020-v5,wrist_center,gripper_grasping_frame,,403.6484000971541,no exact or boundary-refined wrist branch met strict wrist-center/orientation/SEW tolerances,,,,,,,,,,,,,,,oracle_inconclusive,,
502,withdrawal,low,0.7157329715,-20.0,False,tiago_sew,NUMERICAL_FAILURE,tiago_semi_analytic,c96a32d,median-body-4344-torso015-J1-root-robot-zminus020-v5,wrist_center,gripper_grasping_frame,,388.95050005521625,no exact or boundary-refined wrist branch met strict wrist-center/orientation/SEW tolerances,,,,,,,,,,,,,,,oracle_inconclusive,,
503,withdrawal,low,0.7120044255,-20.0,False,tiago_sew,NUMERICAL_FAILURE,tiago_semi_analytic,c96a32d,median-body-4344-torso015-J1-root-robot-zminus020-v5,wrist_center,gripper_grasping_frame,,405.58219992090017,no exact or boundary-refined wrist branch met strict wrist-center/orientation/SEW tolerances,,,,,,,,,,,,,,,oracle_inconclusive,,
504,withdrawal,low,0.7081760715000001,-20.0,False,tiago_sew,NUMERICAL_FAILURE,tiago_semi_analytic,c96a32d,median-body-4344-torso015-J1-root-robot-zminus020-v5,wrist_center,gripper_grasping_frame,,356.54449998401105,no exact or boundary-refined wrist branch met strict wrist-center/orientation/SEW tolerances,,,,,,,,,,,,,,,oracle_inconclusive,,
505,withdrawal,low,0.7047968145,-20.0,False,tiago_sew,NUMERICAL_FAILURE,tiago_semi_analytic,c96a32d,median-body-4344-torso015-J1-root-robot-zminus020-v5,wrist_center,gripper_grasping_frame,,450.03509998787194,no exact or boundary-refined wrist branch met strict wrist-center/orientation/SEW tolerances,,,,,,,,,,,,,,,oracle_inconclusive,,
506,withdrawal,low,0.7009085395,-20.0,False,tiago_sew,NUMERICAL_FAILURE,tiago_semi_analytic,c96a32d,median-body-4344-torso015-J1-root-robot-zminus020-v5,wrist_center,gripper_grasping_frame,,317.62899993918836,no exact or boundary-refined wrist branch met strict wrist-center/orientation/SEW tolerances,,,,,,,,,,,,,,,oracle_inconclusive,,
507,withdrawal,low,0.6974098814999999,-20.0,False,tiago_sew,NUMERICAL_FAILURE,tiago_semi_analytic,c96a32d,median-body-4344-torso015-J1-root-robot-zminus020-v5,wrist_center,gripper_grasping_frame,,311.117900069803,no exact or boundary-refined wrist branch met strict wrist-center/orientation/SEW tolerances,,,,,,,,,,,,,,,oracle_inconclusive,,
508,withdrawal,low,0.6936666874999999,-20.0,False,tiago_sew,NUMERICAL_FAILURE,tiago_semi_analytic,c96a32d,median-body-4344-torso015-J1-root-robot-zminus020-v5,wrist_center,gripper_grasping_frame,,309.08909998834133,no exact or boundary-refined wrist branch met strict wrist-center/orientation/SEW tolerances,,,,,,,,,,,,,,,oracle_inconclusive,,
509,withdrawal,low,0.6899167024999999,-20.0,False,tiago_sew,NUMERICAL_FAILURE,tiago_semi_analytic,c96a32d,median-body-4344-torso015-J1-root-robot-zminus020-v5,wrist_center,gripper_grasping_frame,,331.048300024122,no exact or boundary-refined wrist branch met strict wrist-center/orientation/SEW tolerances,,,,,,,,,,,,,,,oracle_inconclusive,,
510,withdrawal,low,0.6862464755,-20.0,False,tiago_sew,NUMERICAL_FAILURE,tiago_semi_analytic,c96a32d,median-body-4344-torso015-J1-root-robot-zminus020-v5,wrist_center,gripper_grasping_frame,,340.5026999535039,no exact or boundary-refined wrist branch met strict wrist-center/orientation/SEW tolerances,,,,,,,,,,,,,,,oracle_inconclusive,,
511,withdrawal,low,0.6825678255000001,-20.0,False,tiago_sew,NUMERICAL_FAILURE,tiago_semi_analytic,c96a32d,median-body-4344-torso015-J1-root-robot-zminus020-v5,wrist_center,gripper_grasping_frame,,364.1690999502316,no exact or boundary-refined wrist branch met strict wrist-center/orientation/SEW tolerances,,,,,,,,,,,,,,,oracle_inconclusive,,
512,withdrawal,low,0.6791035615,-20.0,False,tiago_sew,NUMERICAL_FAILURE,tiago_semi_analytic,c96a32d,median-body-4344-torso015-J1-root-robot-zminus020-v5,wrist_center,gripper_grasping_frame,,395.33199998550117,no exact or boundary-refined wrist branch met strict wrist-center/orientation/SEW tolerances,,,,,,,,,,,,,,,oracle_inconclusive,,
513,withdrawal,low,0.6755286255,-20.0,False,tiago_sew,NUMERICAL_FAILURE,tiago_semi_analytic,c96a32d,median-body-4344-torso015-J1-root-robot-zminus020-v5,wrist_center,gripper_grasping_frame,,413.5458000237122,no exact or boundary-refined wrist branch met strict wrist-center/orientation/SEW tolerances,,,,,,,,,,,,,,,oracle_inconclusive,,
514,withdrawal,low,0.6720131994999999,-20.0,False,tiago_sew,NUMERICAL_FAILURE,tiago_semi_analytic,c96a32d,median-body-4344-torso015-J1-root-robot-zminus020-v5,wrist_center,gripper_grasping_frame,,432.92030005250126,no exact or boundary-refined wrist branch met strict wrist-center/orientation/SEW tolerances,,,,,,,,,,,,,,,oracle_inconclusive,,
515,withdrawal,low,0.6688006445,-20.0,False,tiago_sew,NUMERICAL_FAILURE,tiago_semi_analytic,c96a32d,median-body-4344-torso015-J1-root-robot-zminus020-v5,wrist_center,gripper_grasping_frame,,603.9668000303209,no exact or boundary-refined wrist branch met strict wrist-center/orientation/SEW tolerances,,,,,,,,,,,,,,,oracle_inconclusive,,
516,withdrawal,low,0.6655952155,-20.0,False,tiago_sew,NUMERICAL_FAILURE,tiago_semi_analytic,c96a32d,median-body-4344-torso015-J1-root-robot-zminus020-v5,wrist_center,gripper_grasping_frame,,653.612400055863,no exact or boundary-refined wrist branch met strict wrist-center/orientation/SEW tolerances,,,,,,,,,,,,,,,oracle_inconclusive,,
517,withdrawal,low,0.6626894225,-20.0,False,tiago_sew,NUMERICAL_FAILURE,tiago_semi_analytic,c96a32d,median-body-4344-torso015-J1-root-robot-zminus020-v5,wrist_center,gripper_grasping_frame,,741.6180999716744,no exact or boundary-refined wrist branch met strict wrist-center/orientation/SEW tolerances,,,,,,,,,,,,,,,oracle_inconclusive,,
518,withdrawal,low,0.6597145545,-20.0,False,tiago_sew,NUMERICAL_FAILURE,tiago_semi_analytic,c96a32d,median-body-4344-torso015-J1-root-robot-zminus020-v5,wrist_center,gripper_grasping_frame,,1140.2713999850675,no exact or boundary-refined wrist branch met strict wrist-center/orientation/SEW tolerances,,,,,,,,,,,,,,,oracle_inconclusive,,
519,withdrawal,low,0.6569936985,-20.0,False,tiago_sew,NUMERICAL_FAILURE,tiago_semi_analytic,c96a32d,median-body-4344-torso015-J1-root-robot-zminus020-v5,wrist_center,gripper_grasping_frame,,722.5091999862343,no exact or boundary-refined wrist branch met strict wrist-center/orientation/SEW tolerances,,,,,,,,,,,,,,,oracle_inconclusive,,
520,withdrawal,low,0.6545324555,-20.0,False,tiago_sew,NUMERICAL_FAILURE,tiago_semi_analytic,c96a32d,median-body-4344-torso015-J1-root-robot-zminus020-v5,wrist_center,gripper_grasping_frame,,552.2665999596938,no exact or boundary-refined wrist branch met strict wrist-center/orientation/SEW tolerances,,,,,,,,,,,,,,,oracle_inconclusive,,
521,withdrawal,low,0.6521990815,-20.0,False,tiago_sew,NUMERICAL_FAILURE,tiago_semi_analytic,c96a32d,median-body-4344-torso015-J1-root-robot-zminus020-v5,wrist_center,gripper_grasping_frame,,548.2533999020234,no exact or boundary-refined wrist branch met strict wrist-center/orientation/SEW tolerances,,,,,,,,,,,,,,,oracle_inconclusive,,
522,withdrawal,low,0.6500365145,-20.0,False,tiago_sew,NUMERICAL_FAILURE,tiago_semi_analytic,c96a32d,median-body-4344-torso015-J1-root-robot-zminus020-v5,wrist_center,gripper_grasping_frame,,530.1434999564663,no exact or boundary-refined wrist branch met strict wrist-center/orientation/SEW tolerances,,,,,,,,,,,,,,,oracle_inconclusive,,
523,withdrawal,low,0.6481962434999999,-20.0,False,tiago_sew,NUMERICAL_FAILURE,tiago_semi_analytic,c96a32d,median-body-4344-torso015-J1-root-robot-zminus020-v5,wrist_center,gripper_grasping_frame,,541.91690008156,no exact or boundary-refined wrist branch met strict wrist-center/orientation/SEW tolerances,,,,,,,,,,,,,,,oracle_inconclusive,,
524,withdrawal,low,0.6461966555,-20.0,False,tiago_sew,NUMERICAL_FAILURE,tiago_semi_analytic,c96a32d,median-body-4344-torso015-J1-root-robot-zminus020-v5,wrist_center,gripper_grasping_frame,,493.3105999371037,no exact or boundary-refined wrist branch met strict wrist-center/orientation/SEW tolerances,,,,,,,,,,,,,,,oracle_inconclusive,,
525,withdrawal,low,0.6442877505,-20.0,False,tiago_sew,NUMERICAL_FAILURE,tiago_semi_analytic,c96a32d,median-body-4344-torso015-J1-root-robot-zminus020-v5,wrist_center,gripper_grasping_frame,,484.6432999474928,no exact or boundary-refined wrist branch met strict wrist-center/orientation/SEW tolerances,,,,,,,,,,,,,,,oracle_inconclusive,,
526,withdrawal,low,0.6422313534999999,-20.0,False,tiago_sew,NUMERICAL_FAILURE,tiago_semi_analytic,c96a32d,median-body-4344-torso015-J1-root-robot-zminus020-v5,wrist_center,gripper_grasping_frame,,405.59980005491525,no exact or boundary-refined wrist branch met strict wrist-center/orientation/SEW tolerances,,,,,,,,,,,,,,,oracle_inconclusive,,
527,withdrawal,low,0.6409184725,-20.0,False,tiago_sew,NUMERICAL_FAILURE,tiago_semi_analytic,c96a32d,median-body-4344-torso015-J1-root-robot-zminus020-v5,wrist_center,gripper_grasping_frame,,475.20410001743585,no exact or boundary-refined wrist branch met strict wrist-center/orientation/SEW tolerances,,,,,,,,,,,,,,,oracle_inconclusive,,
528,withdrawal,low,0.6391824495,-20.0,False,tiago_sew,NUMERICAL_FAILURE,tiago_semi_analytic,c96a32d,median-body-4344-torso015-J1-root-robot-zminus020-v5,wrist_center,gripper_grasping_frame,,399.4811999145895,no exact or boundary-refined wrist branch met strict wrist-center/orientation/SEW tolerances,,,,,,,,,,,,,,,oracle_inconclusive,,
529,withdrawal,low,0.6380029755,-20.0,False,tiago_sew,NUMERICAL_FAILURE,tiago_semi_analytic,c96a32d,median-body-4344-torso015-J1-root-robot-zminus020-v5,wrist_center,gripper_grasping_frame,,465.44910001102835,no exact or boundary-refined wrist branch met strict wrist-center/orientation/SEW tolerances,,,,,,,,,,,,,,,oracle_inconclusive,,
530,withdrawal,low,0.6367430725000001,-20.0,False,tiago_sew,NUMERICAL_FAILURE,tiago_semi_analytic,c96a32d,median-body-4344-torso015-J1-root-robot-zminus020-v5,wrist_center,gripper_grasping_frame,,527.3152999579906,no exact or boundary-refined wrist branch met strict wrist-center/orientation/SEW tolerances,,,,,,,,,,,,,,,oracle_inconclusive,,
531,withdrawal,low,0.6357197875,-20.0,False,tiago_sew,NUMERICAL_FAILURE,tiago_semi_analytic,c96a32d,median-body-4344-torso015-J1-root-robot-zminus020-v5,wrist_center,gripper_grasping_frame,,555.812600068748,no exact or boundary-refined wrist branch met strict wrist-center/orientation/SEW tolerances,,,,,,,,,,,,,,,oracle_inconclusive,,
532,withdrawal,low,0.6347793735,-20.0,False,tiago_sew,NUMERICAL_FAILURE,tiago_semi_analytic,c96a32d,median-body-4344-torso015-J1-root-robot-zminus020-v5,wrist_center,gripper_grasping_frame,,493.43149992637336,no exact or boundary-refined wrist branch met strict wrist-center/orientation/SEW tolerances,,,,,,,,,,,,,,,oracle_inconclusive,,
533,withdrawal,low,0.6340029755,-20.0,False,tiago_sew,NUMERICAL_FAILURE,tiago_semi_analytic,c96a32d,median-body-4344-torso015-J1-root-robot-zminus020-v5,wrist_center,gripper_grasping_frame,,396.6253000544384,no exact or boundary-refined wrist branch met strict wrist-center/orientation/SEW tolerances,,,,,,,,,,,,,,,oracle_inconclusive,,
534,withdrawal,low,0.6332664944999999,-20.0,False,tiago_sew,NUMERICAL_FAILURE,tiago_semi_analytic,c96a32d,median-body-4344-torso015-J1-root-robot-zminus020-v5,wrist_center,gripper_grasping_frame,,534.8359000636265,no exact or boundary-refined wrist branch met strict wrist-center/orientation/SEW tolerances,,,,,,,,,,,,,,,oracle_inconclusive,,
535,withdrawal,low,0.6326483915,-20.0,False,tiago_sew,NUMERICAL_FAILURE,tiago_semi_analytic,c96a32d,median-body-4344-torso015-J1-root-robot-zminus020-v5,wrist_center,gripper_grasping_frame,,595.8569999784231,no exact or boundary-refined wrist branch met strict wrist-center/orientation/SEW tolerances,,,,,,,,,,,,,,,oracle_inconclusive,,
536,withdrawal,low,0.6323486485,-20.0,False,tiago_sew,NUMERICAL_FAILURE,tiago_semi_analytic,c96a32d,median-body-4344-torso015-J1-root-robot-zminus020-v5,wrist_center,gripper_grasping_frame,,412.9560999572277,no exact or boundary-refined wrist branch met strict wrist-center/orientation/SEW tolerances,,,,,,,,,,,,,,,oracle_inconclusive,,
537,withdrawal,low,0.6318393405,-20.0,False,tiago_sew,NUMERICAL_FAILURE,tiago_semi_analytic,c96a32d,median-body-4344-torso015-J1-root-robot-zminus020-v5,wrist_center,gripper_grasping_frame,,467.96540007926524,no exact or boundary-refined wrist branch met strict wrist-center/orientation/SEW tolerances,,,,,,,,,,,,,,,oracle_inconclusive,,
538,withdrawal,low,0.6313863675,-20.0,False,tiago_sew,NUMERICAL_FAILURE,tiago_semi_analytic,c96a32d,median-body-4344-torso015-J1-root-robot-zminus020-v5,wrist_center,gripper_grasping_frame,,493.89160005375743,no exact or boundary-refined wrist branch met strict wrist-center/orientation/SEW tolerances,,,,,,,,,,,,,,,oracle_inconclusive,,
539,withdrawal,low,0.6311635895,-20.0,False,tiago_sew,NUMERICAL_FAILURE,tiago_semi_analytic,c96a32d,median-body-4344-torso015-J1-root-robot-zminus020-v5,wrist_center,gripper_grasping_frame,,438.55349998921156,no exact or boundary-refined wrist branch met strict wrist-center/orientation/SEW tolerances,,,,,,,,,,,,,,,oracle_inconclusive,,
540,withdrawal,low,0.6310594485,-20.0,False,tiago_sew,NUMERICAL_FAILURE,tiago_semi_analytic,c96a32d,median-body-4344-torso015-J1-root-robot-zminus020-v5,wrist_center,gripper_grasping_frame,,467.74270001333207,no exact or boundary-refined wrist branch met strict wrist-center/orientation/SEW tolerances,,,,,,,,,,,,,,,oracle_inconclusive,,
541,withdrawal,low,0.6309295655,-20.0,False,tiago_sew,NUMERICAL_FAILURE,tiago_semi_analytic,c96a32d,median-body-4344-torso015-J1-root-robot-zminus020-v5,wrist_center,gripper_grasping_frame,,426.74010002519935,no exact or boundary-refined wrist branch met strict wrist-center/orientation/SEW tolerances,,,,,,,,,,,,,,,oracle_inconclusive,,
542,withdrawal,low,0.6309302215,-20.0,False,tiago_sew,NUMERICAL_FAILURE,tiago_semi_analytic,c96a32d,median-body-4344-torso015-J1-root-robot-zminus020-v5,wrist_center,gripper_grasping_frame,,428.084300016053,no exact or boundary-refined wrist branch met strict wrist-center/orientation/SEW tolerances,,,,,,,,,,,,,,,oracle_inconclusive,,
543,withdrawal,low,0.6310173795,-20.0,False,tiago_sew,NUMERICAL_FAILURE,tiago_semi_analytic,c96a32d,median-body-4344-torso015-J1-root-robot-zminus020-v5,wrist_center,gripper_grasping_frame,,415.1288999710232,no exact or boundary-refined wrist branch met strict wrist-center/orientation/SEW tolerances,,,,,,,,,,,,,,,oracle_inconclusive,,
544,withdrawal,low,0.6311520995,-20.0,False,tiago_sew,NUMERICAL_FAILURE,tiago_semi_analytic,c96a32d,median-body-4344-torso015-J1-root-robot-zminus020-v5,wrist_center,gripper_grasping_frame,,406.4306999789551,no exact or boundary-refined wrist branch met strict wrist-center/orientation/SEW tolerances,,,,,,,,,,,,,,,oracle_inconclusive,,
545,withdrawal,low,0.6315720524999999,-20.0,False,tiago_sew,NUMERICAL_FAILURE,tiago_semi_analytic,c96a32d,median-body-4344-torso015-J1-root-robot-zminus020-v5,wrist_center,gripper_grasping_frame,,407.4533999664709,no exact or boundary-refined wrist branch met strict wrist-center/orientation/SEW tolerances,,,,,,,,,,,,,,,oracle_inconclusive,,
546,withdrawal,low,0.6317978515,-20.0,False,tiago_sew,NUMERICAL_FAILURE,tiago_semi_analytic,c96a32d,median-body-4344-torso015-J1-root-robot-zminus020-v5,wrist_center,gripper_grasping_frame,,397.50459999777377,no exact or boundary-refined wrist branch met strict wrist-center/orientation/SEW tolerances,,,,,,,,,,,,,,,oracle_inconclusive,,
